0.0252533674,0.1671300764,0.0035881805
0.3361802228,0.2344324768,0.0662145819
0.2937038476,0.1190012404,0.1326878077
0.2828557295,0.6749051646,0.9929385782
0.5335193868,0.3283603074,0.2087893854
0.3251903005,0.0823765191,0.0801804026
0.8133267182,0.9447154596,0.9222203104
0.1166012867,0.0295050585,0.3561925429
0.0582759730,0.4028692004,0.7438029762
0.3045871539,0.2336257356,0.5398060394
0.3067414651,0.8008140532,0.0882137690
0.4824177624,0.6815782813,0.5078187863
0.3328313566,0.6441030162,0.2260462450
0.1183928796,0.6382149802,0.6704112890
0.0088081007,0.1372156678,0.5440001475
0.3109004599,0.3511847747,0.3819478102
0.3335667913,0.0922091617,0.0157938862
0.1677514554,0.9556973238,0.0077898392
0.0914898715,0.2405167451,0.3276052087
0.3846718868,0.9136935513,0.3301492091
0.8274943996,0.8499271501,0.7816219938
0.0599832745,0.2307663195,0.2980086412
0.3105741205,0.1979167122,0.0436184498
0.6388345444,0.4719067521,0.9269758286
0.3065715271,0.5585215131,0.1836314619
0.3184549070,0.9461950061,0.0853148343
0.4719877683,0.8673923076,0.4230779171
0.9432170009,0.4819214037,0.7787519186
0.0203754840,0.4985323515,0.2648887363
0.6500305964,0.9122375693,0.6763930820
0.5199370153,0.2749349202,0.1232283217
0.6153907738,0.4531098722,0.3272943524
0.6751562023,0.9171640261,0.7021823046
0.9914829549,0.8877405988,0.7491378643
0.1383326446,0.9473149755,0.1726101635
0.2374466470,0.0466982359,0.1001049826
0.0154506892,0.2684980166,0.0035906678
0.2795409513,0.7657153129,0.6393664101
0.8744906152,0.7747040086,0.8398720616
0.6763018452,0.5663544367,0.2195492167
0.4062928695,0.0353503551,0.4113806342
0.6079836344,0.7565590896,0.1960137512
0.4844120200,0.6446491336,0.8560606257
0.0104377805,0.3293852579,0.4670168445
0.6411204976,0.3500016345,0.4738032431
0.8809244184,0.8567413185,0.8807294163
0.7819419145,0.6182475645,0.8366306636
0.6760302507,0.6080283875,0.8330487907
0.1826258264,0.4071908627,0.1015779595
0.9415314187,0.7975545958,0.7595256521
0.7906728635,0.1627709261,0.3900728907
0.9236861155,0.7356694834,0.8044201893
0.5293981812,0.9144820523,0.7218071082
0.3475834479,0.0908151263,0.1555804711
0.7764294540,0.0201767083,0.4579190288
0.0302541113,0.6719660571,0.2272550768
0.3774214563,0.8160520264,0.8085210502
0.1438621411,0.0526093249,0.0307622172
0.6275142541,0.5440537113,0.3994843010
0.4573334679,0.7783399787,0.6651238438
0.6763894618,0.5774025066,0.3204575504
0.8993519137,0.0038647169,0.0062506949
0.5905487701,0.8846976856,0.4692532089
0.4354160877,0.5810011895,0.7920315504
0.8464038780,0.0199343942,0.1349196352
0.8148493597,0.8345532644,0.6128147515
0.6039424704,0.9656639553,0.4696843938
0.4950617153,0.7027775938,0.9631734276
0.9763179427,0.5725718482,0.4743552881
0.9287297373,0.9290613899,0.9576305856
0.2440458995,0.0067700305,0.6089755263
0.0811792606,0.4849133893,0.3000601638
0.5462391608,0.3034420756,0.8945052946
0.7971419683,0.1256631507,0.2053766726
0.4059086040,0.1598469249,0.1680324139
0.5067380840,0.6830912321,0.2548080045
0.7621087756,0.1535370421,0.8669984502
0.2862758763,0.7642201199,0.8865960319
0.0085522641,0.4541890756,0.0661072006
0.1250756301,0.8499725693,0.7756077310
0.7343044227,0.8281189552,0.7876856306
0.3571313389,0.8128304699,0.9551908735
0.6936419576,0.8291302434,0.7534008659
0.9155316398,0.9755919407,0.2001472445
0.1852529559,0.5951791405,0.4851017798
0.7583358885,0.9753748322,0.8823542720
0.7093125899,0.5726928416,0.8018567132
0.9801435166,0.5842122468,0.0476295547
0.2476728080,0.4634332675,0.5666465811
0.0685403976,0.0618944310,0.1486938310
0.8041418610,0.2481191262,0.2817900266
0.7379864454,0.6618118492,0.5811445518
0.8611323560,0.7742025122,0.7718571449
0.0406659107,0.0570492421,0.0698282381
0.1881864151,0.4862269294,0.1481280202
0.2905696310,0.1230787877,0.4571882645
0.3771818539,0.7737977034,0.5512524490
0.8029623207,0.7205868590,0.0591336548
0.3117962874,0.6334767983,0.1543260026
0.5070331349,0.1549330961,0.1650666596
0.0891225132,0.5600732122,0.3208007388
0.7337316637,0.1652388657,0.6599220817
0.8856450652,0.9231633485,0.5652390558
0.9857381623,0.9089492613,0.5321335413
0.7011896266,0.5832834316,0.3697135145
0.2271717398,0.9886933403,0.9295230104
0.1515077787,0.0483185907,0.1656193809
0.6384209274,0.1816187217,0.9461889646
0.2293867842,0.0301556363,0.8960377561
0.3207087826,0.6641318681,0.9702173654
0.1619138599,0.1695002312,0.0609406825
0.1933363556,0.1539083478,0.8874079184
0.7376295841,0.6662110760,0.6133311272
0.1526866323,0.2574159149,0.4004444801
0.8264063032,0.7705215904,0.2089314257
0.9863686373,0.4611193802,0.6987557284
0.6526127181,0.8153462370,0.7224249950
0.1152795932,0.2188753237,0.2348532319
0.7984974814,0.4072588324,0.8004960672
0.4432732952,0.1507892571,0.8522970030
0.0991310161,0.8367862936,0.0772812010
0.9208909547,0.1428849932,0.5171395008
0.2694574656,0.8220891471,0.0380778338
0.6608480582,0.5091776737,0.4690972116
0.6917417193,0.2162864745,0.2129282249
0.3423921782,0.6516584993,0.6059723132
0.6057373578,0.2216149159,0.3730741400
0.0225519026,0.0468789009,0.7017857682
0.2033931178,0.4876664260,0.2783008712
0.5752675192,0.1342898883,0.4192831859
0.9416487803,0.9436667939,0.5518083156
0.6157754002,0.2627797991,0.4208138990
0.3166733772,0.0903150774,0.4444055312
0.0462510254,0.1174444212,0.0309397059
0.4555342109,0.7612970476,0.5243795869
0.6213707499,0.3125886463,0.6767024199
0.6071491230,0.7287105832,0.7926372639
0.7552074063,0.4973042477,0.6044491634
0.4178009075,0.3184983409,0.3144960844
0.7533689108,0.9119609541,0.8069742888
0.5871629720,0.9033008800,0.7397707671
0.4049195231,0.8503744185,0.5700706360
0.2439822713,0.7286814711,0.7213807932
0.0192493128,0.1958238702,0.2308265199
0.7004069807,0.8252685610,0.7275231313
0.4944741997,0.0552249508,0.1938666395
0.7784407760,0.0290903565,0.8711251521
0.0884805421,0.2839732894,0.0021225263
0.5960056823,0.6908079298,0.5539909571
0.9623557449,0.8596478751,0.7838796827
0.4686025084,0.4886291552,0.8977081195
0.4431929865,0.0229679987,0.3628201127
0.8864039708,0.9789402757,0.7228020635
0.4419493895,0.2412594636,0.7983779904
0.6824279320,0.7388501232,0.8983982002
0.4859125686,0.1985548268,0.6064501309
0.5513617786,0.1780048793,0.3418952954
0.5347539782,0.5130781721,0.8750643592
0.2252509257,0.6749543693,0.3064375425
0.8591516697,0.1781098938,0.2168740884
0.3232501325,0.8340643828,0.8412203788
0.5047252557,0.7279507320,0.6019889993
0.4771422725,0.6355940533,0.5772202827
0.1456246434,0.6987040226,0.3238038875
0.3303746428,0.7293608372,0.4364338988
0.3650305462,0.4880759543,0.8081594104
0.4614495717,0.9135532872,0.8576034100
0.1694447071,0.4947183318,0.0425023618
0.8501038697,0.1805579452,0.7460120652
0.6603065101,0.9956571142,0.8042103873
0.0418571864,0.0215420678,0.1308541313
0.3618532389,0.6106463045,0.1338273410
0.2712434931,0.4510910140,0.8838235140
0.8473077582,0.8158056482,0.9718244137
0.1001004371,0.0464939011,0.5968685586
0.4073982062,0.6006328250,0.7507009145
0.5714704249,0.5862200252,0.7165731374
0.7935590805,0.6549673424,0.2984443673
0.9940087431,0.6603922038,0.9496731383
0.6374150454,0.6436459253,0.2492866004
0.0344199282,0.2158652289,0.8563131702
0.8742093720,0.6010720834,0.6381734182
0.4621090781,0.9341905115,0.3417526834
0.1035683092,0.6659994649,0.5342406002
0.1236671956,0.1838254565,0.2405532192
0.4675781452,0.0633069557,0.8268140586
0.6146991854,0.8041158029,0.6579977933
0.5285496564,0.3610336303,0.0492466506
0.2701921745,0.3518528057,0.9925697418
0.5763523931,0.7447576762,0.1074097691
0.6279972239,0.5476678439,0.1837190191
0.4876220104,0.9820556715,0.6389284754
0.7555662052,0.3713618484,0.0333508517
0.9652025479,0.4728753782,0.9733772317
0.8018480092,0.8080866614,0.9327584530
0.3872470202,0.5036569843,0.9097972115
0.6935612723,0.5680920778,0.5481481806
0.7977349793,0.6005675687,0.5513230340
0.0627162484,0.9041566777,0.4301362318
0.0530739444,0.0978073106,0.9125925937
0.9991676282,0.1321910005,0.4338592100
0.8597672430,0.2918096842,0.3107367284
0.7204453702,0.6782399346,0.3682517596
0.6607567008,0.7388289603,0.8445406076
0.1239012321,0.4396052517,0.4362580399
0.9812175687,0.9104445451,0.2153820788
0.8948690699,0.7271961830,0.3861212479
0.0362711973,0.4079450406,0.5417504449
0.2475694474,0.0886096066,0.1805302870
0.0771500783,0.3465525622,0.0816114508
0.0458173574,0.2521280735,0.8936439916
0.8748762606,0.0583379484,0.2227958937
0.0448070530,0.1735266048,0.6497408121
0.0681515255,0.5231910551,0.1007330337
0.3383130702,0.8082292024,0.4954073082
0.3530155883,0.2842873684,0.2964197758
0.5460697760,0.2143255714,0.1937399893
0.3214327570,0.0684613746,0.3736276179
0.0642496518,0.2161960239,0.2950691648
0.0768244776,0.0257983955,0.3211490035
0.3840192198,0.5800311058,0.8419819582
0.9265658746,0.5305150468,0.9835820160
0.2442023363,0.4809875708,0.5708876176
0.5022801465,0.8590734607,0.1987024331
0.3813229714,0.2255416236,0.3664827354
0.9904017098,0.3853390924,0.8553240377
0.1133158952,0.0709670627,0.0297766103
0.5823693994,0.5558838283,0.1595202987
0.9846458171,0.7901709112,0.5410089714
0.2007606940,0.3017783176,0.2727356389
0.6311911976,0.6222446750,0.9766655298
0.7328026463,0.7648108800,0.6896685991
0.2137817047,0.1549711023,0.3997875722
0.9422866985,0.5693666162,0.4906154715
0.7577857365,0.9120356888,0.9559053834
0.0741226934,0.2406550734,0.6765811504
0.4097504555,0.5234383616,0.2325453053
0.8275892796,0.9324740181,0.4235736690
0.4822136978,0.8733307246,0.8887094887
0.4706067677,0.8167134432,0.9080633672
0.0434796145,0.2992167610,0.6806394954
0.0158674064,0.5693686596,0.8691073040
0.4284024466,0.9815451994,0.4647734992
0.6212200648,0.4320464667,0.5473779367
0.5650658785,0.7425076409,0.9629956089
0.7268197683,0.2433662447,0.3173437222
0.1773460949,0.2062158428,0.1557077571
0.8612115315,0.9456094352,0.4848129735
0.1353478849,0.3498803566,0.9063765981
0.1222922504,0.0381868748,0.3268393419
0.2389012170,0.2456776836,0.0359780233
0.3712770644,0.6944120992,0.9470780589
0.8746392632,0.8536905104,0.2380396589
0.4232298251,0.7775143176,0.8728555021
0.7449107815,0.5765587794,0.7168433618
0.6747395739,0.3909555197,0.6597492076
0.9588856455,0.3412282604,0.4564001216
0.2283710702,0.1330912641,0.1372768491
0.4575570490,0.1132572868,0.8140309472
0.8371581046,0.5243948561,0.8735723243
0.0836280525,0.9590015297,0.4434253985
0.0292328339,0.0287910958,0.4737905633
0.7572383812,0.3726820194,0.6321461259
0.0104297421,0.1557163152,0.3080039085
0.4692014354,0.6904501333,0.8561174311
0.9403614812,0.9804223947,0.7025489149
0.0866460139,0.0546158770,0.0152252764
0.7814249509,0.9899696732,0.7169482591
0.5942023236,0.9132955877,0.6632677307
0.8558549782,0.5658159437,0.2595597091
0.1046565131,0.1068437448,0.1167446415
0.0439582623,0.7410419700,0.5848695649
0.8904453391,0.9361057115,0.5423436584
0.0681925147,0.4425455024,0.7718169852
0.8874868404,0.4270212535,0.3399965899
0.7775799113,0.7355072255,0.6398330554
0.5387009925,0.5171682747,0.9479195564
0.3499475991,0.4472948520,0.5173766067
0.2433898367,0.6346634774,0.4766065529
0.8480095893,0.9101764159,0.5687487515
0.1726301765,0.0081704602,0.0979229202
0.0521369604,0.6000375975,0.3674751649
0.6868069147,0.2762317553,0.9992172595
0.4310154568,0.8689975614,0.8008675672
0.8897943335,0.7862636409,0.5732962614
0.7357672498,0.6260019129,0.6495109199
0.2802326378,0.8612327792,0.7659464970
0.6608523986,0.3369410758,0.1662885765
0.1684291842,0.6833652402,0.9581452573
0.4682119634,0.9453757582,0.8425873665
0.9195376742,0.8675263774,0.4167380044
0.0346139655,0.3088747655,0.2865457895
0.6452281573,0.4523120828,0.1900875636
0.4343060776,0.4694248545,0.9676451197
0.7010095220,0.6815312365,0.5347472902
0.7965725286,0.9421642927,0.3106920636
0.8596572556,0.8469084352,0.3602848887
0.1196099977,0.8765653718,0.5259321141
0.5302782762,0.8621689868,0.5104317288
0.7494434786,0.9452506663,0.2425318894
0.1927325728,0.0802778893,0.4787007770
0.5512260331,0.6612760925,0.9598561000
0.5903074874,0.9781971192,0.5584086800
0.9646734453,0.6311663102,0.8122811693
0.2773666716,0.7247349995,0.3757300469
0.3286848903,0.2499581403,0.0564394646
0.7572978763,0.6799097035,0.2365989419
0.2329489392,0.3479261904,0.4505135992
0.6162398326,0.4207668779,0.8619327495
0.9647903668,0.7883301870,0.7223635633
0.8255035093,0.9329951899,0.2342703715
0.1591763250,0.6347374536,0.3611401254
0.1268712296,0.9695152174,0.4546304195
0.2478211379,0.3218158761,0.1867650092
0.8684558060,0.7469294704,0.2018244131
0.9619424772,0.6617204081,0.7060796534
0.5945260102,0.9214497574,0.7623917828
0.0685780020,0.7382873400,0.2222146171
0.0079597415,0.3365450934,0.0305961939
0.4648195445,0.3782223176,0.5941772770
0.4667348567,0.3282278706,0.2200311093
0.6621409461,0.6153945657,0.2145084073
0.9786035402,0.9999011373,0.3718608044
0.8905833909,0.9981488408,0.9878615969
0.9838414171,0.4660412064,0.9831643951
0.7158676676,0.8296648996,0.4120497939
0.3799861689,0.9966805556,0.0151806724
0.6520957460,0.2633436961,0.6096464978
0.0649934360,0.5689936218,0.7088404569
0.9364003118,0.8925676613,0.1770527153
0.3130638516,0.4502064808,0.8228395219
0.1786688114,0.1740869423,0.7410336164
0.4278930913,0.0330359140,0.0236300893
0.0648524034,0.3621130256,0.3498495851
0.6985351090,0.8624443440,0.8932481997
0.5763792220,0.2269264540,0.2099643481
0.5280573360,0.2522032743,0.9908252557
0.7095513838,0.3783060006,0.6096894869
0.1766065233,0.2542599131,0.4306411183
0.6043864914,0.2254959562,0.0378642048
0.1508241872,0.0141151537,0.0050142038
0.3268649160,0.0690840866,0.2025003767
0.3421849314,0.1302853460,0.6881949614
0.3530983620,0.8515112651,0.6520691832
0.7025268228,0.7748951812,0.4256488303
0.6055516826,0.4667456065,0.4167665000
0.1262335303,0.5023778776,0.2131117850
0.9954903776,0.9829788455,0.8214980633
0.7194111637,0.0727180512,0.0198893158
0.9865530871,0.0774728225,0.1024341893
0.5817669372,0.3082040096,0.6518067204
0.2889738260,0.6927960284,0.6221696266
0.6584212542,0.8050630873,0.5661759160
0.5724175565,0.9941329020,0.4627721426
0.5353000716,0.6479986085,0.6500759293
0.3418819197,0.5110340863,0.5889295887
0.1303238813,0.2085642701,0.1428218153
0.8611444596,0.2135733651,0.4874598549
0.3471264981,0.5716412518,0.1772112613
0.5022466776,0.8169348917,0.5724108816
0.2088566456,0.4316967403,0.3456258037
0.2721124246,0.8796487061,0.9405292006
0.9061263716,0.1826730006,0.6782752941
0.2720606227,0.6200248633,0.3281058125
0.4188936404,0.1015950786,0.3145659160
0.6367287408,0.6117056650,0.3571700396
0.2817975615,0.1673449575,0.6219760161
0.5080673678,0.3834369999,0.4625464320
0.0265666266,0.7846946815,0.1646812906
0.5616764052,0.0997628961,0.9176805269
0.6031751125,0.9820957054,0.1820227510
0.3562920634,0.2085594182,0.6071036097
0.0106958797,0.0162507515,0.1933082815
0.2570680856,0.5241283223,0.4744167173
0.0397358935,0.1510103827,0.9377134740
0.7635014507,0.0135833716,0.1304996343
0.9950543406,0.6139794347,0.8505224034
0.8029523439,0.8915188136,0.9964343166
0.3166605251,0.1066582627,0.1823357525
0.8729795205,0.9745337088,0.9036993210
0.8076861316,0.9526174208,0.9528280958
0.5858061413,0.7853808769,0.9761097749
0.4627972018,0.4874479232,0.4177532794
0.6401208670,0.3026687978,0.9836350157
0.3532094319,0.2733299718,0.7819968037
0.1780729407,0.9377620706,0.6095153203
0.5480030757,0.2228397562,0.1954729280
0.2726184535,0.7323849380,0.3733805194
0.9831665578,0.7081512594,0.9312282741
0.0885557167,0.6587408595,0.4124564786
0.2242687433,0.0205651577,0.0267188164
0.2109132244,0.5806887587,0.1698880630
0.1878155498,0.9115459095,0.4758685892
0.0185509737,0.8891238738,0.6755219118
0.0658307978,0.2357130146,0.4233686248
0.9730114318,0.5819471095,0.6681144981
0.7887961550,0.8687320940,0.9328737260
0.9729995482,0.3059497860,0.7958413549
0.5811410549,0.7252901574,0.3100650788
0.4169728803,0.0489022339,0.0720997168
0.5145810364,0.1097480656,0.7267246808
0.8366622498,0.7801265307,0.3870503704
0.4466077073,0.3535625075,0.4622749855
0.8845091467,0.6920668999,0.7448072236
0.5638753940,0.1545961274,0.5721578192
0.4983608233,0.1754191238,0.0107402450
0.7471307693,0.9935644968,0.6421894532
0.1234451122,0.5332004542,0.6813779186
0.4373499704,0.6251629930,0.2434606308
0.5832034085,0.1250674429,0.1002877722
0.3512525705,0.4000450589,0.2730993158
0.7959284940,0.5210286772,0.9816278660
0.8011513648,0.0579349793,0.4177255645
0.9367187077,0.2612238758,0.9238000273
0.1505961303,0.7663641948,0.4653631149
0.0217227669,0.0605659581,0.1887634948
0.6627096187,0.5774574376,0.3043976705
0.4257945373,0.1319969161,0.0417723808
0.8615181239,0.6836041257,0.6656924814
0.6492953192,0.4333800484,0.0675358845
0.3184544637,0.1638585173,0.3837965122
0.8364139225,0.9960411533,0.9711601754
0.2486224220,0.0891530453,0.0122426378
0.2472168638,0.9651736909,0.1460916808
0.5389699270,0.3459335476,0.2846452201
0.9398949559,0.3793417775,0.7318309946
0.7339005725,0.4316465076,0.1359110680
0.8135465066,0.1173894404,0.7622834964
0.9054542805,0.8715439908,0.6918437555
0.2700113303,0.0678352843,0.0401590193
0.2384273789,0.2305488069,0.1709199365
0.5887182478,0.7795046550,0.3593518946
0.4884697349,0.0806656705,0.3554003990
0.0885816301,0.1343791457,0.3030078426
0.6717579924,0.9076145248,0.6558716201
0.5156316779,0.9027578963,0.5265698250
0.4606766874,0.9539463446,0.5062803017
0.2272682565,0.5970288353,0.7196499008
0.9166274244,0.7199408508,0.6806562879
0.4812654748,0.8727877701,0.3389886961
0.6047001533,0.3486325389,0.7256493644
0.3141924438,0.0435791859,0.2893653446
0.4516907153,0.0649146672,0.6143557359
0.1013318211,0.7028817668,0.0951657500
0.6248075741,0.2040060198,0.8596023407
0.3759857664,0.8949028004,0.4596059556
0.2316534187,0.9967208611,0.5949924811
0.9202618399,0.4589054846,0.3892924750
0.2071612647,0.2464602799,0.0430524420
0.7117577876,0.8340601078,0.7513421438
0.5555705527,0.5770198447,0.9029876368
0.9081956702,0.3014601015,0.6338820894
0.6658261637,0.5784760653,0.6270843412
0.1502542355,0.4310158856,0.9265646279
0.1011470216,0.7126805560,0.4920246844
0.3854375417,0.0685799016,0.2859017097
0.9840225345,0.5173361903,0.9899841544
0.1107991028,0.3890647954,0.5235740467
0.1630406013,0.8909800406,0.4332978428
0.8990339308,0.6223883723,0.8424934992
0.3735318013,0.5797687565,0.6769247949
0.5077855039,0.5413967578,0.4997888517
0.4783564151,0.3992309811,0.6787805713
0.7887480438,0.6956453426,0.6938914486
0.5427627378,0.7690987650,0.9601372554
0.3300449334,0.7125145592,0.3358779517
0.7932447895,0.8790521745,0.5534917951
0.8703428152,0.4728329523,0.6296625513
0.0484878634,0.1448688760,0.1929518426
0.2382332649,0.0563819402,0.8660110825
0.4067481739,0.7048103679,0.4038226241
0.0695157836,0.1082575459,0.2438632766
0.2560282985,0.8786604389,0.8928429248
0.7904175079,0.2499075099,0.4020036201
0.1652692507,0.0178786097,0.5055598982
0.9888277501,0.8704510189,0.8538179643
0.8163393883,0.3402166122,0.7196322728
0.1871291534,0.6409966137,0.4597700133
0.0249014315,0.0981032992,0.3252963405
0.8873959762,0.8378874861,0.9352667986
0.8016963995,0.7422235962,0.8037763529
0.4098049466,0.7231917855,0.1060484923
0.7821398513,0.3147950533,0.8282662378
0.9118510531,0.4705355257,0.3063162200
0.1762660821,0.4197853661,0.1637719136
0.2604104818,0.2162982175,0.0061903349
0.6217413672,0.9827970307,0.9488625480
0.0136682202,0.0965411526,0.7214309907
0.7474237787,0.4248113799,0.5751937365
0.7697111327,0.7417973440,0.7483492969
0.0980919138,0.9630621218,0.2168627658
0.3981079259,0.6229455047,0.1333513927
0.7046391180,0.5881659946,0.5620912711
0.5484260840,0.1323059996,0.2575552898
0.1222166448,0.6974705653,0.6717830485
0.4373958958,0.2109319930,0.5190705059
0.1418151283,0.3329588297,0.0463308913
0.0422155417,0.0011664381,0.2318494806
0.2834392298,0.2994219510,0.3620046499
0.7998929137,0.1874831194,0.0516349647
0.8971947453,0.5808828446,0.4498726960
0.1964615539,0.2128162739,0.0886557979
0.9748969572,0.6597952677,0.6318989288
0.9017890784,0.9668987668,0.3295404946
0.5386655313,0.0975096419,0.2479428592
0.9551285840,0.9224413576,0.7076758438
0.9819322661,0.8751042183,0.6476491506
0.3450282646,0.5180041240,0.7576991819
0.5671457725,0.7965591270,0.3586811787
0.4916639089,0.4689809228,0.4577878517
0.3966256978,0.2297857826,0.1960024174
0.9273039468,0.1073983779,0.0735576157
0.8335600567,0.6295350637,0.6532880805
0.7655028094,0.7230759841,0.4750372867
0.9507321412,0.3682276684,0.3824151305
0.7789704710,0.5322397081,0.6357700860
0.7117098372,0.7403569378,0.4945745067
0.3719716406,0.5124685922,0.7525647873
0.2709288066,0.0925412382,0.5502872216
0.4176517661,0.8786857491,0.3840161816
0.2486803252,0.6444914433,0.1910128481
0.7783107315,0.8467338072,0.8159042770
0.7743494151,0.4799522529,0.8437195704
0.9183842026,0.3827868882,0.8256035892
0.7364848360,0.7141829621,0.4366588350
0.8407047740,0.9494839467,0.9554047133
0.8577035009,0.6409570200,0.9959298543
0.8289441488,0.6240626842,0.9911476831
0.3082015354,0.1845042259,0.5683295170
0.1827063249,0.8940504933,0.4539907216
0.1166954241,0.4180279408,0.0354416939
0.7221169375,0.8680818930,0.2338689809
0.5805439057,0.1507985665,0.4084142410
0.2752565309,0.6603241259,0.1019305538
0.8394661111,0.7144494345,0.7102250329
0.5163333587,0.9678253120,0.8350570315
0.5425074364,0.5209712575,0.3474294338
0.6114256192,0.2872261885,0.7325197357
0.4752418015,0.5397321226,0.7664739217
0.6685451823,0.6645346741,0.0437177441
0.4238339249,0.3719442402,0.4466837288
0.9252372362,0.2942001745,0.1755264361
0.0884999790,0.3405187084,0.0852326656
0.3037744137,0.6712925539,0.5784317706
0.6668059243,0.9235868630,0.4034602451
0.6955054738,0.0118241268,0.0277593459
0.9211255937,0.0503144623,0.0469687117
0.4323173865,0.0703370261,0.4939752176
0.1922602034,0.7074286148,0.5125816356
0.0181105678,0.0349661515,0.2127593636
0.7986046344,0.6323670666,0.9939727547
0.7525689947,0.9370571012,0.8070277818
0.4592497496,0.7825062313,0.6671380609
0.8335174796,0.1730944667,0.6405663886
0.0966598312,0.2175318032,0.1628814820
0.0093370114,0.2889783011,0.1535894125
0.5972138918,0.6604378155,0.9212418610
0.2709828338,0.3124098506,0.2610097039
0.7601566347,0.3373107155,0.9490656152
0.1880519626,0.0658147140,0.4406365537
0.3088070192,0.2048582227,0.1265355631
0.7984850431,0.1833963367,0.7677527879
0.8976197805,0.8000179264,0.7702884892
0.9798229895,0.6654503288,0.8597594979
0.0127512743,0.1837160901,0.0408210108
0.6567803882,0.8496577972,0.8356755672
0.6318590924,0.7637545367,0.9559499365
0.7052663850,0.9811713009,0.5841230005
0.4581849998,0.8088325141,0.2703026127
0.8128451089,0.7929261714,0.4122175533
0.7310517866,0.6483142159,0.8963534868
0.8527329187,0.5866653791,0.6684224179
0.7445949686,0.9916389765,0.5469457904
0.1881114565,0.7397744730,0.2130048514
0.5888343780,0.7566106255,0.4878141625
0.0314095150,0.1323541287,0.0607315121
0.6105942766,0.8416004811,0.3825448006
0.0011678778,0.5120098576,0.2250562883
0.7237594804,0.7602526852,0.4340108661
0.8674784601,0.9771100904,0.6481858891
0.9186424303,0.3697733602,0.7329666877
0.1464364690,0.2950536028,0.9462110905
0.9407675083,0.4249565642,0.3686183319
0.4732443176,0.7426511428,0.5436319417
0.9214258577,0.9585007955,0.6917243997
0.3224226562,0.7964608981,0.4306424576
0.2007184078,0.1881141915,0.0952307648
0.4989209134,0.3130114380,0.7664139921
0.6166672033,0.5130774403,0.1884068208
0.1227744133,0.2152110017,0.2823875510
0.3047357501,0.9952103570,0.7507387935
0.0588777293,0.5910992339,0.1113736736
0.8296414335,0.3325186430,0.8560992271
0.7135210986,0.5704932190,0.5306733877
0.4353905856,0.2763801485,0.1264738998
0.1581130813,0.2660958509,0.1099085172
0.8234398399,0.4098314620,0.4852911813
0.0000943601,0.2139095995,0.1725502309
0.9617995969,0.3336833751,0.6770170090
0.2950932047,0.5234469088,0.3363340469
0.6953912757,0.8175083043,0.9834639448
0.3485976987,0.5686414002,0.3698166829
0.7883712970,0.5448306607,0.5771733535
0.2870326584,0.4369399303,0.4620243767
0.2279752191,0.8535351012,0.5074952870
0.8176005960,0.4590113928,0.3247612118
0.0181226355,0.0391974073,0.1627775351
0.1134649294,0.0470774926,0.6182065205
0.4581001617,0.7212877883,0.3926613400
0.3440346991,0.4014620844,0.0930387188
0.3215451602,0.1154615736,0.1640553464
0.4678414841,0.5551066002,0.6227922338
0.2549573342,0.5560515154,0.8970725969
0.4174630775,0.0954126723,0.0248603101
0.4377291013,0.2632773799,0.7972435756
0.6327768038,0.5074424116,0.9080843350
0.8061842794,0.2812229181,0.3657216914
0.6895242711,0.1799198494,0.4692005134
0.8457678677,0.6027462490,0.2608373894
0.1104602366,0.4535840860,0.2709473328
0.1625914162,0.4497394000,0.4803939713
0.0379946171,0.1207044308,0.3694700268
0.0467805548,0.5739661309,0.6093544527
0.7953061698,0.7176438521,0.2040448464
0.4117886543,0.0219617326,0.2438366570
0.5272890182,0.7942189247,0.5338352154
0.5674560075,0.5060754167,0.3396772800
0.2745312228,0.3305071123,0.2629970871
0.1407227126,0.7251955662,0.1650890776
0.7158472590,0.5794249024,0.3939119707
0.8621523027,0.9811001225,0.8480073990
0.0812595726,0.4893695613,0.7815644036
0.7309820528,0.9341111501,0.6813486268
0.5617199132,0.3571118561,0.7477518480
0.6752406641,0.4822687995,0.5899199900
0.6701771963,0.2852764104,0.3990916454
0.6770983920,0.5414104494,0.1317357485
0.2911138572,0.5298400849,0.8270150938
0.1726278921,0.2713864759,0.3548529177
0.7589823038,0.2112589660,0.6341178440
0.6557208347,0.4478202607,0.3035301711
0.5612696467,0.5378163508,0.1257488911
0.4642882520,0.5296994483,0.6271952778
0.8747640632,0.7086812916,0.7634789677
0.5133396445,0.9055792582,0.5833577050
0.9333004119,0.5676229407,0.6466062174
0.3760910233,0.4218790061,0.0623774646
0.0718638532,0.1037600937,0.9121852237
0.1896775465,0.5662326658,0.7594905749
0.2993169298,0.4938191325,0.8941357432
0.0170346527,0.3560763070,0.1095460066
0.9906620487,0.9704943905,0.9827577207
0.6619222342,0.6947638983,0.8486373534
0.8911826939,0.7223115361,0.7607162958
0.4426044278,0.9926001993,0.5922175808
0.8113455980,0.6422317628,0.8977517516
0.0254700073,0.1440604710,0.1446767484
0.6459186017,0.8002508017,0.7872621087
0.3993802511,0.4115732355,0.9887656595
0.6629061800,0.4822833512,0.4880973153
0.5450649977,0.4864431378,0.7357895460
0.0630566040,0.0733381308,0.4819769926
0.2795771100,0.9426580330,0.9198411578
0.3474871130,0.7410045476,0.4540284096
0.4945653035,0.7766731313,0.9234715980
0.1561759582,0.1046763218,0.3682269506
0.4109951755,0.8887131047,0.7866680590
0.2926083602,0.8644231318,0.4369228293
0.4395995858,0.7013291182,0.3174593690
0.5022305974,0.1141973386,0.4241382375
0.0115046864,0.1740594733,0.1019733131
0.9339014739,0.5420464927,0.9091799271
0.0198000166,0.1363738640,0.0066140715
0.9143092922,0.6749973508,0.9788874645
0.0625435600,0.1515139533,0.5078157818
0.8341369260,0.2579117708,0.9241879805
0.1891574573,0.2902087486,0.1535688988
0.3110084809,0.3364507805,0.4971398230
0.1264790497,0.1889009337,0.3125888143
0.1809136671,0.0835532273,0.1871662795
0.3441749060,0.4354360996,0.4873685770
0.2156845743,0.6762231044,0.8047995662
0.0938473653,0.0891936322,0.2402445739
0.0643692386,0.7753542324,0.2857545340
0.8615252414,0.6902988347,0.3637991531
0.8043923259,0.0041441952,0.6295694426
0.7863002652,0.9697997076,0.7535696372
0.0224067032,0.1854853275,0.0200281782
0.2263093400,0.2130592759,0.3071307172
0.8696979497,0.7019669436,0.4778941835
0.7190607133,0.6139454426,0.2780496779
0.0332402852,0.2359550203,0.1081407903
0.6993973495,0.6033303305,0.8609696876
0.8514537708,0.9377917014,0.7468647660
0.2321537329,0.0365998096,0.0632406821
0.1268079978,0.6142971831,0.3771609881
0.4967555682,0.5667548969,0.4825146125
0.4631867730,0.2229392392,0.4587189689
0.0886707736,0.0906461908,0.1332963043
0.3303770728,0.7273883313,0.6488343466
0.2566016956,0.2391827744,0.0857964882
0.8176778616,0.7766238623,0.7018117297
0.7523104163,0.9564371682,0.2363930212
0.4851138700,0.9012247874,0.6191236388
0.3073835992,0.6556970042,0.9832682116
0.5577832495,0.8486272959,0.8992109931
0.0976687893,0.1178853553,0.4009136692
0.3549582523,0.3491768978,0.0862468112
0.5690235302,0.3090202779,0.7309663571
0.2288847755,0.1917733118,0.2446847501
0.5227883235,0.6289911108,0.7241702662
0.2746476690,0.8493421877,0.2208272175
0.0224537371,0.7237310690,0.1289559591
0.7574212365,0.5119113058,0.9868117748
0.8934165782,0.9850135358,0.3928791637
0.7734394741,0.3365687210,0.9885175560
0.6263861122,0.0197659135,0.1430276712
0.8508809623,0.5598502280,0.6110590795
0.4172549194,0.4716110074,0.2241172552
0.8215358049,0.1812906038,0.6560801837
0.5177472651,0.6795418304,0.9118200630
0.5062676714,0.5611723975,0.2040720340
0.9034120853,0.6963929807,0.5781801861
0.9017831602,0.9765166058,0.9744416634
0.7888392864,0.8849088099,0.6257318456
0.6935906796,0.9282198570,0.2827394508
0.3668320034,0.6489586928,0.5085326589
0.9090755600,0.2853461099,0.2606606341
0.4529998067,0.4876798214,0.7002690169
0.1392537873,0.7827899359,0.9568855902
0.3601835156,0.8029613276,0.8866697503
0.2922735528,0.7889919714,0.3860468991
0.7561760978,0.2673963082,0.7357583325
0.7786510367,0.7771722287,0.7371558889
0.3820058879,0.1239988473,0.2048941675
0.6859328202,0.8726745983,0.7373281206
0.2533942774,0.2497977426,0.0758261210
0.5883378484,0.3725705599,0.3320678272
0.1337162632,0.8112436734,0.8327173215
0.4621628305,0.5947254591,0.7689770319
0.4049376440,0.2087822573,0.7001496586
0.8272717187,0.2053213606,0.2999480028
0.4360351294,0.6851849907,0.4469119746
0.0505278066,0.1949520875,0.4075060460
0.9439859135,0.7445799332,0.4005765749
0.9937037088,0.9344564607,0.8477365453
0.8494033926,0.1604029343,0.0927013084
0.2525455669,0.7905260708,0.5495824074
0.7095913463,0.2076926074,0.9945013031
0.1624178038,0.5975385054,0.4441780964
0.5474423244,0.9284164873,0.3315882123
0.8559759677,0.7474446355,0.5507404526
0.2301164058,0.6575286244,0.6660923977
0.2069852738,0.9639970712,0.2998042308
0.3083639199,0.9393566631,0.9287671611
0.7695427925,0.9754913762,0.6768999349
0.8464779867,0.9225597275,0.4836544172
0.3826192553,0.9201655399,0.6151489803
0.0843572085,0.4121610519,0.1900445411
0.3014433872,0.4301864889,0.2383790437
0.3384460040,0.6640351238,0.2495168878
0.8076069194,0.6466276679,0.7887168749
0.8145767458,0.1559747817,0.8427068753
0.6108748450,0.6821231924,0.9069714048
0.8128629448,0.7957758751,0.9750739626
0.5479356214,0.2599255834,0.5766434018
0.6273324688,0.2822009657,0.9464128868
0.9487882759,0.7336189063,0.9335402944
0.7015082135,0.3326209370,0.7032785229
0.5235342100,0.4605262176,0.2411300294
0.8431042665,0.4076169500,0.8587226782
0.7224966639,0.2990199679,0.6267182296
0.6140980009,0.3766372516,0.5773707954
0.5397346758,0.4550506632,0.3971759332
0.2071626728,0.8480535798,0.1855666540
0.5596429636,0.9592472471,0.8301108738
0.1860259387,0.1964804536,0.9000823600
0.6495437473,0.6132822812,0.9181577174
0.0274230539,0.3771947381,0.0199542332
0.3861081157,0.4261955452,0.7896979449
0.2074053638,0.4328761754,0.3480701124
0.0634529034,0.2113266196,0.0178310908
0.0609829612,0.2137425474,0.0952377839
0.5841130310,0.6657675869,0.8440962749
0.0370564205,0.1558204030,0.1224185030
0.9685291105,0.7059822084,0.4220673925
0.3755479962,0.4584350031,0.6164180098
0.6044561950,0.4121672420,0.2905554291
0.5534894448,0.5448911626,0.7579482306
0.8951390195,0.6654601530,0.6099783388
0.7159985390,0.0630497165,0.0556315977
0.1323457425,0.1139377335,0.2436597105
0.8281427629,0.5843911862,0.6476172288
0.9916604865,0.6546480505,0.8821721791
0.8498107304,0.8492492215,0.7965892944
0.1194150669,0.4046841546,0.9160654910
0.6381429352,0.2510005597,0.0416237377
0.1484889216,0.3327217318,0.1882136586
0.5544183705,0.6689471666,0.1474385220
0.7244862288,0.5563772117,0.6207475409
0.3020279598,0.9543816513,0.9763057919
0.9350261195,0.4591292562,0.7925961846
0.1445356261,0.0325862562,0.0157306750
0.2506273543,0.2637603655,0.0994610983
0.0052524910,0.1577033519,0.0747753642
0.3077592136,0.1608301852,0.3609060377
0.2656416892,0.2106911814,0.4617679264
0.3511523751,0.5758056862,0.7533781346
0.9688492282,0.8785266310,0.9931573895
0.6303319342,0.3935397183,0.4231775437
0.6620400251,0.7784070815,0.4065277265
0.1647491160,0.5863917871,0.9775374714
0.4512292194,0.0506139489,0.2866825581
0.7033868037,0.3025822608,0.3093001965
0.4088310340,0.9423895555,0.2473193352
0.4145769794,0.1001380676,0.8384601429
0.2641204640,0.5354562839,0.9576098248
0.6514260108,0.3793101394,0.5984918824
0.1698048263,0.3019013977,0.5153120865
0.4184836770,0.3482777763,0.0326363841
0.4515313848,0.5543520527,0.7743061749
0.2124136833,0.3303215017,0.2897784759
0.5926213941,0.1747695018,0.4305157419
0.7320226682,0.7322544536,0.7879604605
0.6891972953,0.9302766966,0.9865142016
0.4665509411,0.2563226658,0.6613015302
0.4650360220,0.2994745403,0.2327310756
0.9449904678,0.4079468285,0.1684291661
0.2219537782,0.8948580094,0.4518813438
0.1558477734,0.4991907002,0.1319190246
0.9399100555,0.7149667983,0.7095695262
0.4776465321,0.1061902621,0.2708822972
0.1832087621,0.3501852022,0.6192176323
0.9829699905,0.6908136864,0.6802066248
0.9786250529,0.3143669751,0.5881383822
0.0435971212,0.3006702224,0.4272227306
0.6238612238,0.3264969906,0.3010665589
0.0643239186,0.5014099575,0.0719888712
0.6823366551,0.9128181548,0.8833478657
0.0646598786,0.2899957322,0.1658958159
0.8924912262,0.6783996298,0.8051129671
0.6714620193,0.7486094324,0.6185536551
0.8517705400,0.6782649011,0.4313433975
0.9220759919,0.0876117743,0.3370476294
0.0832776769,0.2072893762,0.7976159213
0.9009084290,0.9223338271,0.4607224612
0.4842398225,0.8046031969,0.6436566240
0.6924187456,0.5616166874,0.4906048094
0.4299130358,0.1104799879,0.7232915513
0.1523319313,0.6273925095,0.1544832571
0.3046572412,0.6348762402,0.9904487920
0.7876458744,0.5517709172,0.9718621950
0.4278607837,0.7364944941,0.8592778747
0.8195358889,0.0372988467,0.6503078454
0.6742461632,0.5564405364,0.1817829575
0.6942583495,0.0295246039,0.8469181704
0.4320253299,0.1334471949,0.2576794287
0.0837501224,0.0539586348,0.0410697367
0.4975776942,0.0214373550,0.1090822841
0.6711729557,0.3866147991,0.9535673115
0.6404042613,0.5770810712,0.3493680582
0.6714210718,0.9839831191,0.3995515244
0.5210395256,0.3175739070,0.9990479627
0.3279073368,0.0085371408,0.1142841883
0.6779880143,0.0965753136,0.4438118365
0.7478488431,0.3495656056,0.5147219760
0.5445437538,0.6629745216,0.7965753319
0.5302767958,0.3594864605,0.6704434232
0.8590315374,0.6369023966,0.7246571429
0.0089564436,0.0932944911,0.3684439543
0.3011809521,0.9661902808,0.4273349865
0.8115136772,0.7013865861,0.6037200928
0.6675960740,0.2122510014,0.5682673933
0.6819017894,0.8032560874,0.9629044402
0.0629920142,0.2992089414,0.3014361816
0.6304054980,0.7215576776,0.6130957531
0.5300941100,0.4325674191,0.3256065856
0.2520389375,0.2094616823,0.0764251371
0.2959416265,0.2533853592,0.2649960337
0.4039908609,0.7405244985,0.6494837050
0.6449569498,0.6102704309,0.9211077909
0.8465566538,0.5874712561,0.9216092923
0.0414785165,0.0348172076,0.6752227711
0.0117625806,0.7249962966,0.0355259729
0.6410141861,0.8635812431,0.7084835826
0.7004659177,0.9204115466,0.4756107815
0.4149683508,0.5741827795,0.7788420308
0.8799344070,0.6595236650,0.5497501137
0.5450154465,0.3017094103,0.4741330531
0.9016825253,0.9854128766,0.9068088867
0.7606556091,0.4590377694,0.5907330176
0.8706766699,0.6635527255,0.9654743717
0.7229940654,0.5758402972,0.4930291219
0.1488347461,0.2492424956,0.1674095209
0.4335404197,0.0598635320,0.1243855456
0.8005734081,0.7391113750,0.1359877862
0.8585824447,0.8656049308,0.9118812669
0.2928342633,0.8362140896,0.2693780053
0.2196781016,0.5136444202,0.4475301266
0.7910589542,0.6161939339,0.1861697956
0.8358994716,0.6339051732,0.5847334836
0.8419101108,0.9286944100,0.9219404949
0.9817312170,0.5182461041,0.8762963187
0.9828328615,0.9003036013,0.9422079728
0.0425983940,0.0242693534,0.9997463277
0.4307198459,0.2628404776,0.8311947255
0.7287829670,0.9509362399,0.9606081311
0.8579952795,0.6657208233,0.0328478253
0.4102028428,0.1675201709,0.1340796431
0.9302271671,0.6174485177,0.5081907744
0.0983862708,0.1442793535,0.1273061479
0.7999060320,0.3894801543,0.9867854941
0.6468970877,0.5141532229,0.6094156113
0.6924440267,0.4091134960,0.6001988068
0.2617832215,0.9845615723,0.5037996222
0.8214999004,0.7017808800,0.2858952665
0.8017916078,0.6532617373,0.5729764758
0.4959368149,0.3219415927,0.6128238382
0.0810390604,0.1680635501,0.4386068637
0.7012973519,0.7376523511,0.6193239695
0.3354025610,0.1333916257,0.7419069860
0.6137983206,0.3293468486,0.9410442028
0.9598209651,0.8527048989,0.3969896129
0.8291682893,0.1240916282,0.9252142650
0.7984867122,0.7322223220,0.6260535208
0.7818021670,0.7776634579,0.9600349393
0.9311683371,0.6267356096,0.9759839508
0.2670307873,0.2965106906,0.6622215519
0.9403591740,0.8218423322,0.5723188321
0.3779888283,0.7259013500,0.5876468550
0.4593579662,0.1685025547,0.4318328693
0.4483266814,0.6837391962,0.9362498293
0.9030473617,0.8629270909,0.4452905323
0.2544177939,0.5212082715,0.7988484368
0.1919787818,0.4882633804,0.2606236436
0.7650996734,0.4268014502,0.2450510989
0.2412786464,0.3670241983,0.6069050740
0.5027431710,0.3851429460,0.6036809019
0.4094731513,0.6650790226,0.5104504136
0.8082986922,0.6124140725,0.5823264875
0.3391907456,0.2709215966,0.5313384840
0.9021147688,0.2360493811,0.1782943699
0.4327208069,0.4263939120,0.1712289632
0.7714503138,0.8760633422,0.6793795376
0.4941081552,0.0538676472,0.4891226674
0.6123875428,0.6858758221,0.9753203946
0.4867431698,0.5479318642,0.9346511298
0.3640952459,0.5707557316,0.0705567175
0.9392373779,0.9664212991,0.5933901443
0.6231948792,0.5653204926,0.0712332919
0.3488114144,0.4498944231,0.0880768922
0.7624281476,0.3528701355,0.3851994297
0.6254572298,0.1700250342,0.3288318941
0.7960049455,0.3736505969,0.6527979417
0.7980380039,0.9931833607,0.8406269081
0.5919081764,0.5502771286,0.2639684284
0.3513918908,0.5881785002,0.0202375540
0.4577511595,0.0620014217,0.5720629204
0.4585479870,0.4189330412,0.1468556732
0.7235278134,0.8002187039,0.2261538273
0.4494220580,0.7373251318,0.5864982835
0.6406950173,0.2029169747,0.1972918415
0.9548216269,0.9973650581,0.8654291276
0.5693309649,0.6665967748,0.3194854108
0.7370514367,0.7175884362,0.8596860318
0.5430472215,0.5966737687,0.4782581740
0.8175676256,0.9871872183,0.5192409637
0.6260058303,0.3668578472,0.1196308172
0.5778222547,0.7695436529,0.3926199683
0.6736054999,0.3288125817,0.5533374324
0.9314677685,0.8298112564,0.8495235755
0.8728478685,0.7389102355,0.1579176367
0.9385797675,0.9220715790,0.7069804952
0.4117124487,0.2635359298,0.7777084028
0.4112727487,0.2580997392,0.2415797824
0.6248519856,0.8138065397,0.9648093661
0.6618809231,0.7041584010,0.6725304079
0.3293560221,0.4159270278,0.2176959230
0.5558351096,0.4841761175,0.5442521485
0.8618253556,0.3388856071,0.8725340823
0.6111313735,0.6795814681,0.3650571375
0.5338567258,0.1116017526,0.3201511604
0.2672912070,0.6980261825,0.6442247369
0.7079127857,0.1630608231,0.6139136176
0.2511145773,0.2392737588,0.3440666248
0.2150373436,0.6095810155,0.5363754192
0.8905916763,0.3262040241,0.7141955995
0.3720078915,0.5284047313,0.1571259940
0.4966719360,0.1114685776,0.7760779101
0.7760669385,0.8954417039,0.9788338982
0.6501527748,0.7885059997,0.5387635808
0.5838672203,0.0689910487,0.3895635412
0.3217577257,0.0262883614,0.3058372502
0.1062874340,0.0079482860,0.3864925358
0.1771080335,0.1020338575,0.1282919016
0.5239369869,0.0454023113,0.3040861840
0.1647059207,0.9720633546,0.4382731544
0.9239516203,0.9011005506,0.5384659343
0.1880821729,0.4130835709,0.6204566845
0.9851575448,0.7641274312,0.2031242497
0.3854619123,0.8313579447,0.8423438126
0.1802335984,0.0854354134,0.2540892526
0.8157701392,0.9225052426,0.9046734262
0.5648767692,0.6743942167,0.8683914231
0.3939739860,0.7014845879,0.6939096785
0.7486321142,0.4383585873,0.6135469148
0.3249584527,0.2604044522,0.0019250631
0.8752893697,0.6150396441,0.5721660989
0.1566982949,0.2109396641,0.6301746753
0.5999563244,0.4988804649,0.9684734418
0.2311733214,0.7689332417,0.5142705357
0.2174977636,0.0058506402,0.2227605619
0.1185538094,0.6184569915,0.5148034849
0.5264856843,0.6307359077,0.4708668854
0.3459584922,0.0813352352,0.5978868101
0.7994391681,0.9364895681,0.8272135478
0.5256765963,0.6581950805,0.3660602582
0.3947343657,0.4735905778,0.4564614307
0.0371393134,0.6618019305,0.1913609595
0.2273477290,0.3564784169,0.0960500401
0.4993209965,0.5452385297,0.0111952460
0.5580608448,0.1404238498,0.2185138165
0.8898274354,0.5452139252,0.9816063026
0.9560505224,0.1400084013,0.2069522631
0.9884315442,0.9813572431,0.6251368804
0.8471540917,0.6530585854,0.2598811570
0.1725305872,0.4755801350,0.0627368291
0.2514644001,0.0500755961,0.7088279614
0.8733075809,0.3597223809,0.3504825276
0.0097596494,0.7023643941,0.0412996440
0.8085314567,0.8759436227,0.9472155573
0.3601158273,0.4539007369,0.7228958471
0.4482760348,0.9664537230,0.3446419810
0.6593731319,0.0907611546,0.3878940670
0.7282745929,0.8875837042,0.5978147985
0.5418818594,0.6990178403,0.7646322822
0.4924261641,0.7663472922,0.2598037299
0.3435056029,0.9340400997,0.7984788990
0.0725875594,0.7377593127,0.1418268940
0.1454273923,0.1109527518,0.1303517691
0.5379896615,0.6633891532,0.6036956043
0.6167713431,0.2823715898,0.8027674160
0.9635944223,0.7655936102,0.7778515344
0.5677453525,0.4945625381,0.9016877716
0.0261680299,0.7608618178,0.0395783057
0.8338006003,0.6511775618,0.9237008545
0.7450859700,0.2591066384,0.1506616939
0.3251294385,0.0992948867,0.3248926444
0.2534649890,0.8626167431,0.0867436095
0.9974555432,0.8347350088,0.4200886957
0.3502634382,0.9969096939,0.6685446271
0.3055281755,0.9343005884,0.1785250663
0.8219554384,0.3490997093,0.5105826169
0.9619682263,0.9031031472,0.5209643422
0.1148238220,0.8025402455,0.0984955527
0.5130087144,0.7555937610,0.4282607633
0.9138294505,0.8629857561,0.8763877681
0.3190941279,0.3394684124,0.4220082542
0.1791666630,0.2447047448,0.8458220220
0.5038152209,0.7617557873,0.9108694651
0.4541546091,0.2808739805,0.0630073420
0.2226897647,0.6321234735,0.0259263569
0.5469759080,0.6432272757,0.3879077540
0.0172508286,0.5715056398,0.6033528478
0.0722883231,0.8137791674,0.5519289220
0.9591684250,0.9628085265,0.9943976442
0.4539333559,0.5828664851,0.9410426422
0.0991273637,0.9388059668,0.7730047517
0.5265494155,0.3135092109,0.0223662998
0.9043679318,0.4133369359,0.7673035085
0.9752221909,0.3478805402,0.3099866825
0.4983847535,0.8606826223,0.9999644238
0.7265211166,0.5228243939,0.5225066377
0.2037951814,0.0125787130,0.0937111015
0.6496334872,0.2221951450,0.3983599098
0.4668804496,0.2227362321,0.1327276541
0.7125572600,0.9415702291,0.3952701262
0.0271753445,0.8921977917,0.1548073175
0.9924859108,0.9821889806,0.3156472154
0.7172622472,0.9274996740,0.1549086551
0.6949810286,0.8781521572,0.7710162930
0.0099624960,0.4685307908,0.1539695992
0.6685888042,0.6078157380,0.8607459915
0.0890853824,0.0094183293,0.3011996228
0.2290131687,0.3322583611,0.8497505089
0.5303033691,0.6754193041,0.3442475274
0.0160888997,0.4316131847,0.1989460341
0.3513226454,0.1835060470,0.1203635374
0.5041958333,0.8746219741,0.8471989351
0.8483899410,0.9366741822,0.5582654017
0.2403477984,0.4419117655,0.4880807103
0.1983744577,0.2343132428,0.0602802818
0.4612964941,0.6756730062,0.5327081003
0.5562613315,0.2868502348,0.5948875549
0.9324597332,0.4472155991,0.3230645727
0.2281904808,0.5502508015,0.5504080129
0.2377630657,0.8951669943,0.5364500618
0.2219913695,0.0228956205,0.4436820717
0.0272374866,0.2116723569,0.0491539586
0.3076181496,0.0115372541,0.0956279587
0.5572726369,0.5945429326,0.7014260420
0.1531039842,0.6961018936,0.8348188725
0.8960409617,0.6128761057,0.3306612029
0.2109220729,0.4430390016,0.1750005269
0.1571353361,0.4027406287,0.2946546907
0.5086839092,0.5903546565,0.1177517246
0.5646083450,0.7184623041,0.0439570582
0.3779001093,0.1577578235,0.7237847371
0.2930513479,0.9106642533,0.8048520207
0.8648596787,0.6589003834,0.9975819699
0.5968294840,0.6474746946,0.4568332451
0.6999815101,0.4287120287,0.8407035000
0.5245779366,0.6634992823,0.2473675456
0.8764342251,0.2500318145,0.3388182721
0.4220796180,0.6164830204,0.4865180122
0.7857641121,0.4908898820,0.4670557671
0.3639261373,0.4450271598,0.8202139300
0.9537246987,0.6103873999,0.5577769943
0.6369590129,0.1791762861,0.2751493236
0.0108837585,0.1710542751,0.1451835118
0.1932821379,0.5418841873,0.4689841024
0.1437760500,0.5124981852,0.2232115661
0.4392553821,0.3245436665,0.1540547564
0.8309942937,0.7652855615,0.9937041014
0.7249662148,0.5063695210,0.4476035997
0.3088970685,0.0823465880,0.2239705217
0.4052482512,0.0981070304,0.7846706848
0.0527665925,0.1698338530,0.6805214432
0.9410061757,0.3618626585,0.6062181887
0.5173386007,0.1386309126,0.5807486465
0.5844276933,0.6467278102,0.7877350082
0.3237764779,0.2954095523,0.0482014870
0.8072853892,0.9981526449,0.4163187575
0.7038826687,0.8231830155,0.4842856817
0.2695176645,0.3603104560,0.1836858435
0.7344046987,0.9508735155,0.8347516373
0.9596938368,0.8060221648,0.8751016374
0.5396190685,0.3384825166,0.5293629728
0.5273533332,0.0525669509,0.1970855024
0.5019148909,0.9700575416,0.3724064437
0.6945785513,0.3174556689,0.6343489175
0.0687646767,0.5178181176,0.4749003486
0.6496263697,0.4724202493,0.4300645014
0.8945081118,0.3671570391,0.3172784938
0.0053848309,0.5963824277,0.0235504756
0.5174199937,0.9739299679,0.6765080985
0.1549836309,0.1605577492,0.2836644409
0.1174515884,0.3696939993,0.0797388555
0.8440807974,0.6776026022,0.2706672392
0.0444244200,0.5098625893,0.7658004976
0.8748175468,0.6010476995,0.6526800427
0.0788252972,0.8884378763,0.8182555001
0.3112495331,0.9298305402,0.7157291510
0.7582087903,0.1177777502,0.1311606309
0.7323203657,0.8005917280,0.7905659715
0.5132466733,0.2406900919,0.6520471099
0.2335960864,0.0785645308,0.1154048421
0.8736086613,0.3164133077,0.8501751093
0.7193093956,0.5504153311,0.0510657226
0.4837520693,0.9251861006,0.9030547888
0.3779557702,0.9009038586,0.7503208724
0.7790112447,0.2870984171,0.9021782355
0.5069518698,0.4235929385,0.8615009811
0.5512254281,0.6247061257,0.5856287478
0.2817326669,0.9716872231,0.7570313277
0.8910185602,0.3364867947,0.5064911181
0.5769864442,0.4507811048,0.1200553667
0.0016393122,0.0481190993,0.1299851121
0.2638962267,0.1024343208,0.8752941840
0.2062367273,0.4321700581,0.6066207006
0.1799004784,0.1272891323,0.0495933468
0.3725721779,0.5138918597,0.7078312732
0.0750869502,0.2025019130,0.2334561928
0.8051844476,0.0223794584,0.2505061429
0.6939724887,0.9172795349,0.9833634262
0.9775538995,0.8645443007,0.4479186797
0.3187771769,0.3985107304,0.2221882310
0.2406544831,0.3739168685,0.6185278469
0.2155556678,0.2016499134,0.4101062287
0.8474220336,0.9839937513,0.7279808255
0.7968661396,0.7849668289,0.9999620274
0.7167429909,0.9810915214,0.8667211455
0.0508258006,0.5647291669,0.0806800609
0.4698963766,0.8557511157,0.9296791742
0.2951126484,0.2935440735,0.1338315404
0.8903529374,0.3967866964,0.8374859017
0.5593845475,0.5192276513,0.2532405493
0.6086276387,0.3510568480,0.1644438727
0.6053378107,0.3345644120,0.2276489714
0.6108256036,0.6796675204,0.7170233137
0.1392819782,0.0281325618,0.8307704065
0.4220531617,0.7616949463,0.5616366492
0.8451636207,0.7029537855,0.1722708365
0.9290710829,0.6850632885,0.9534369707
0.0245743331,0.3140498493,0.0018340177
0.5928620189,0.2762388534,0.6516191242
0.1230188825,0.4028472816,0.6945674675
0.8393522720,0.9909383307,0.9509423955
0.3520275064,0.5545688281,0.6152220256
0.3351820338,0.8417241263,0.1082812454
0.8976261963,0.1037794300,0.2628834068
0.7825416218,0.9735786206,0.9414699182
0.7191884993,0.5388041068,0.2314397960
0.3057101346,0.7093507159,0.5078817115
0.5250464692,0.9512342835,0.9642760940
0.9458778246,0.3527703055,0.0408877864
0.7552672500,0.6161693761,0.4303839539
0.8434121724,0.2822214683,0.6055622994
0.1164615145,0.0015450149,0.0057464322
0.7502672307,0.5041903831,0.7099268561
0.2865502718,0.3663420304,0.7110592932
0.2812837633,0.9774662840,0.8097838289
0.6138494303,0.6904943160,0.7802944282
0.1372379385,0.3289941388,0.4234227780
0.5415422312,0.2678219899,0.1563421692
0.3777085235,0.3671490794,0.3938432710
0.0389741033,0.5563098527,0.6142626208
0.9771160280,0.8988983975,0.9290652622
0.1447565891,0.6245796909,0.2775339882
0.2509773585,0.2685580871,0.1284462971
0.3265908209,0.8191929869,0.6041902794
0.0368381653,0.2235269691,0.2216691560
0.8549829619,0.9424384647,0.8305097996
0.2583431757,0.9583255754,0.2576321644
0.9826552354,0.2399792158,0.1471068902
0.1444017912,0.3881443499,0.3319494761
0.6048648418,0.9123099249,0.6344587780
0.4211506013,0.9816097723,0.5998830730
0.2746680163,0.4844469087,0.4551082697
0.8321090287,0.2708599452,0.3891302624
0.7585324704,0.8216593825,0.9442445593
0.1655669068,0.4151214134,0.0284139681
0.7154274442,0.5590660740,0.5301036207
0.5297028211,0.4812705999,0.9857333414
0.2128809540,0.5633468766,0.3013913326
0.6330866497,0.1869502087,0.9747439410
0.9850961578,0.9548304548,0.5646879186
0.0413104307,0.4191887533,0.1964515328
0.1282785466,0.1582281914,0.0252959413
0.4646422519,0.6013775320,0.4275027927
0.1529977139,0.8186577312,0.6993682298
0.3681426296,0.1471122629,0.1783710524
0.2405583641,0.5930578379,0.7768378511
0.2683819275,0.3313168743,0.0447642183
0.7170461588,0.7374775483,0.1005657495
0.9248432660,0.5369028222,0.7025357070
0.8590008527,0.2007104965,0.1953661508
0.7280224128,0.5200292025,0.7761553184
0.4515967535,0.8094254786,0.7277485111
0.7554674336,0.7545775098,0.6353913542
0.3960732212,0.1913236216,0.2390322651
0.0073443431,0.8469929706,0.9782752136
0.2478308756,0.2232069600,0.8990890670
0.8593919483,0.1346623336,0.1475639390
0.9117788654,0.9865491922,0.6659787864
0.0256206838,0.3224045261,0.2954629224
0.1121144852,0.0244616371,0.0602393626
0.9151311221,0.4858037568,0.9735145021
0.8842882396,0.8187782519,0.6610691914
0.0258415902,0.5225490969,0.0853341990
0.4357588434,0.2595457100,0.1915381139
0.4206769737,0.3484757249,0.7103035816
0.4438230695,0.4468497008,0.8325455831
0.0943185777,0.1120406545,0.0319567064
0.1050324213,0.1311772207,0.0601787999
0.3985807105,0.1219543140,0.7780762188
0.2700312374,0.4420724092,0.3784839913
0.3028234710,0.9719852678,0.6453208566
0.0089460928,0.5372493961,0.0725111369
0.4295345753,0.4824024265,0.4312762909
0.0193697359,0.0236016347,0.2753643671
0.0102756322,0.3526191750,0.0204767068
0.9817722892,0.2586185200,0.3918913204
0.8671883927,0.3958510210,0.4608484437
0.7798851714,0.8657013718,0.9274205805
0.7336737623,0.8203183332,0.6703664329
0.7389204484,0.9832177667,0.9375696848
0.3487366459,0.1962445306,0.2614424495
0.6141013896,0.4318822045,0.3579066412
0.3421547420,0.2134859797,0.5402732816
0.7842650009,0.1935908483,0.1729619711
0.9223439762,0.5624502851,0.4938908808
0.1498766576,0.0402764734,0.7302620187
0.8692640181,0.6248327502,0.7442000574
0.0772188026,0.3823271306,0.0867212122
0.8237668177,0.5260714984,0.9726181487
0.5710963667,0.3259377532,0.1769200125
0.1397186160,0.0512294546,0.4993110981
0.5529559940,0.9023974858,0.4844054727
0.4615510713,0.7787240110,0.9229496138
0.6858371672,0.3778861474,0.5630069786
0.7360242657,0.5374431213,0.8957748458
0.0466640366,0.0835950073,0.3910926194
0.1503165876,0.4574917914,0.6667090402
0.6265184554,0.8638984648,0.2968902123
0.6473666907,0.4765129090,0.8951078885
0.0827455067,0.0361345479,0.1690299655
0.1362459771,0.1762278260,0.2191893590
0.1746906721,0.3452263223,0.2197232074
0.9238789687,0.7901720400,0.7148337607
0.7920807336,0.1527295595,0.4826159698
0.2972178464,0.5926549262,0.6770406839
0.1803946770,0.6537701893,0.0843747321
0.9996728966,0.6647540173,0.6732961606
0.1664914718,0.9504198769,0.3658239512
0.8934925138,0.7604380366,0.6748579208
0.7638084175,0.8496707297,0.6319086760
0.9689266006,0.8799638705,0.5458085277
0.3569338121,0.6829009561,0.2900625924
0.1812188698,0.1308620437,0.2561747941
0.1183431637,0.0401420243,0.4156808043
0.6354647020,0.5640030594,0.9684201573
0.9172610914,0.6195494613,0.1716715853
0.3104205618,0.9213311362,0.1605239205
0.4855968705,0.3770685514,0.7698615129
0.5494512890,0.4886845737,0.3385180617
0.1021528655,0.8650272611,0.0682847569
0.1246807417,0.3719199539,0.0484653418
0.9218045139,0.5182206476,0.8569989052
0.2321184313,0.3564499063,0.8489522389
0.1521611867,0.2534084405,0.1656722239
0.0603124011,0.1289754837,0.0323991239
0.0886810474,0.1586621266,0.2099078942
0.3388306319,0.2097628839,0.5276883423
0.1576763082,0.1264326643,0.2056425519
0.9263835602,0.8947291673,0.6029757176
0.5361127722,0.7823147155,0.1634135935
0.2877626974,0.1567578679,0.6096099579
0.2117604603,0.1828612234,0.0817640229
0.8950669730,0.3873950900,0.5928404742
0.1241843907,0.1300303880,0.8328904715
0.5094424726,0.6058634964,0.7986745259
0.8332020978,0.6740584182,0.9796678919
0.7226460867,0.4578067263,0.6620789234
0.7850852828,0.2179069128,0.8230122261
0.3636342444,0.7297641233,0.6769046576
0.4162530132,0.3945601751,0.4647875783
0.1100135722,0.2780588515,0.2993084929
0.9411980676,0.9690150904,0.7410271259
0.9715989109,0.9302513713,0.9756800282
0.3305345730,0.8487955372,0.9562147991
0.8183762893,0.7105927690,0.7577136828
0.1458899148,0.3254825972,0.3976876977
0.9116224493,0.6247663181,0.7323239094
0.8094909068,0.3734960002,0.3448867008
0.5699215419,0.7028677805,0.8634721086
0.0694007969,0.2971929258,0.4875804823
0.7788570651,0.8455589591,0.8256720807
0.5633895442,0.5978869659,0.3251812528
0.1499064079,0.2604088958,0.2746314333
0.3392557653,0.3397174662,0.4629883723
0.9985843214,0.9169940220,0.4078472656
0.8547700496,0.7850845130,0.8566397058
0.3539593128,0.8981485679,0.1072236173
0.5446821822,0.3526672513,0.9412029432
0.1707665985,0.3980645428,0.2704032322
0.0649169831,0.6027589807,0.0238096431
0.6965170455,0.2735077201,0.8341117342
0.9320326111,0.2862580612,0.8727539140
0.1392756369,0.4380864147,0.3105901470
0.8426490174,0.1488810505,0.7220553352
0.6918141952,0.4356319909,0.7141907821
0.1270156800,0.4892082493,0.5656816155
0.3048426195,0.0684255736,0.6067408283
0.9161591213,0.3872188591,0.9543186176
0.1847088762,0.3286011340,0.2214055701
0.3049093713,0.6725620122,0.5776519294
0.3747361065,0.5614902356,0.5750645179
0.3556208936,0.8652050228,0.2585040722
0.6388370548,0.8517906838,0.5062553979
0.5222832210,0.7067087855,0.4809584681
0.0076971936,0.9743832465,0.3776948483
0.6934940466,0.4153222339,0.7104830739
0.5867407259,0.5114944498,0.7437233914
0.5127100959,0.3751499993,0.4160291862
0.2673821131,0.4331156369,0.0826421537
0.2431584769,0.7138270407,0.9191450772
0.9452213245,0.4016912528,0.3916463270
0.6305507444,0.3915100389,0.7166284881
0.0569876117,0.2260320227,0.5680748484
0.3200044793,0.4681995007,0.0416267043
0.4277645932,0.7766951601,0.6579368813
0.1185966377,0.4924782426,0.1383067574
0.9487684727,0.6704820902,0.8690091920
0.2346272842,0.7392457992,0.3257032048
0.8217710213,0.6452631970,0.9378669228
0.9113640081,0.4691866832,0.6142500355
0.7548626308,0.1995335558,0.1976347476
0.0131791023,0.7056755313,0.0417493450
0.3719193323,0.4917543907,0.6335887525
0.8619931519,0.0879223953,0.3303540899
0.6929907956,0.5428217918,0.9768603594
0.9119973167,0.9319794285,0.6310413464
0.5048754081,0.8727915002,0.0660421598
0.9492881783,0.6956243041,0.5814715116
0.4161368315,0.5755780202,0.2442356533
0.6889568142,0.5829322965,0.2045487895
0.2057033098,0.3774579067,0.3400651900
0.9714019374,0.9896106346,0.4969925729
0.5536686940,0.7085798302,0.3217504194
0.7898861276,0.9817923000,0.3120871499
0.5447460063,0.9601688370,0.8801652466
0.8803931776,0.9842957661,0.5675879489
0.5872543722,0.5227877754,0.9138080623
0.2755709896,0.2329959301,0.4199314700
0.3561160097,0.4216011379,0.9932311131
0.0137447985,0.0303871195,0.2452343016
0.5182499058,0.6607892483,0.1153717260
0.7439107183,0.8445626047,0.6799724321
0.1283593592,0.9739925528,0.1392272309
0.0748399978,0.1540765783,0.9165136823
0.3192605548,0.3598375026,0.7091314544
0.8844305108,0.8672604790,0.9509698711
0.6300781555,0.3887151808,0.6588758057
0.5947043010,0.0814458105,0.3625368356
0.7427625208,0.8723744983,0.9333625241
0.1488857144,0.7380875370,0.0772082445
0.8392772668,0.8820086749,0.2834620436
0.6344002813,0.7464075609,0.9940821350
0.6836149899,0.9858243424,0.4134824280
0.6994628345,0.9935385827,0.9165175187
0.9145010570,0.7402817941,0.4726228824
0.9978245450,0.8750078822,0.5846124768
0.3256244919,0.9487627637,0.5745233835
0.8551371723,0.8318273900,0.9389794631
0.3354656586,0.7326041420,0.6469938324
0.7674746256,0.5416769226,0.1909311197
0.1506418793,0.2424649042,0.4210050407
0.3907593141,0.1720513980,0.3998401004
0.3064747779,0.3013880648,0.2115570104
0.2600573129,0.4371676909,0.9417272337
0.4997332673,0.4621346236,0.2266312219
0.9410794132,0.7079460808,0.2862216252
0.2394113857,0.2492086073,0.1966898521
0.3663627262,0.7956663724,0.8198770090
0.3769005858,0.0906813163,0.2448032529
0.3285499890,0.2890256205,0.3488985158
0.9910682864,0.6384449818,0.9868852496
0.1757051645,0.4058699381,0.5387795731
0.9727711896,0.9304133187,0.9804231620
0.4045206595,0.4276639913,0.3258171787
0.0108981836,0.3822905843,0.3760721436
0.3090535641,0.4146376285,0.7783595171
0.4051892320,0.3125668449,0.1559480217
0.8989146191,0.9990764063,0.4409306709
0.9296369031,0.2115521193,0.0242278539
0.1057518497,0.1461987681,0.0470442290
0.7838987112,0.7015573593,0.2963157423
0.1953553048,0.6685398987,0.0733247207
0.3630960139,0.8065467907,0.9406060153
0.2964487023,0.5761102700,0.7675152005
0.2704901334,0.3285178168,0.3770305801
0.5276647926,0.0371932846,0.1571864277
0.2986441171,0.5443187448,0.5229009704
0.2059256730,0.1195222903,0.0751925554
0.7981837207,0.7008635631,0.7454051254
0.8221280591,0.5748514127,0.3493534748
0.6914156250,0.9730208876,0.3289759025
0.0469886045,0.3995468331,0.1066853204
0.1566300818,0.0652911640,0.4018195796
0.6599857799,0.2198709413,0.7338913819
0.9709193129,0.3788053441,0.9811556659
0.3979316242,0.4658290744,0.6679969853
0.3478547241,0.5703236277,0.6465152180
0.1748814895,0.9758666234,0.4742779901
0.9215604600,0.4077236929,0.2269430592
0.3574020477,0.9852775013,0.8962048892
0.7999267393,0.7902563522,0.9219090159
0.7630255943,0.7729032487,0.6793276639
0.0420223845,0.3931637102,0.1030779479
0.9210514966,0.4188232177,0.4090715613
0.1629910001,0.1485082102,0.2345221114
0.3858588365,0.4393828330,0.4891602963
0.4633197316,0.1223159670,0.7472940866
0.0867831874,0.9887754180,0.0636634080
0.0401859816,0.1879500663,0.3759896218
0.0421699639,0.4319170993,0.0950528902
0.1541813289,0.0304822945,0.1600497543
0.1030647466,0.4350312917,0.5549979422
0.4779915450,0.4138231882,0.9175918715
0.8933979397,0.7365053052,0.8807561354
0.9302961113,0.6919918897,0.9845219075
0.7732311654,0.5888762085,0.9461935824
0.9894017626,0.7911469948,0.1109269030
0.5433819189,0.4388051091,0.0567698989
0.8998990649,0.7592928758,0.9952340481
0.2800454705,0.5267818655,0.0340481275
0.4456212594,0.4317512344,0.7222308098
0.6273195219,0.6839010976,0.6972784816
0.0111778967,0.0166457844,0.2030655589
0.5372473211,0.2137882218,0.5718426709
0.5678008743,0.8324018116,0.9595327257
0.5407447084,0.9522531551,0.5568809038
0.3545479785,0.7292043488,0.6467666532
0.8512181754,0.6016729353,0.4148397266
0.0163792598,0.3213697017,0.5591637919
0.6111448881,0.1226132245,0.3405817104
0.3346009377,0.8985276921,0.8257411878
0.6996161167,0.5933906820,0.6971207948
0.6749219559,0.7641937759,0.4824832398
0.9496722002,0.9470690265,0.8992310651
0.2516195337,0.7754712890,0.8593570015
0.2340395199,0.1148206210,0.1426860253
0.1325637732,0.4429400034,0.4356398877
0.6900172397,0.5669536834,0.7795252582
0.0195820362,0.3375916687,0.3424354120
0.1615956409,0.5126928603,0.4527153620
0.7866255216,0.8969022638,0.8455913687
0.3778824292,0.7369801245,0.9463748871
0.7501653295,0.9091249834,0.6810193317
0.8506290209,0.6288974402,0.2093986959
0.7649023621,0.3784361268,0.4097206152
0.8682495825,0.9548896142,0.9288811077
0.0178467873,0.0265240691,0.3926673814
0.7469160845,0.6856094652,0.1894358338
0.7234590703,0.2955048708,0.7852320720
0.9248711962,0.6769407426,0.9107995593
0.1379726334,0.8305914880,0.5120537727
0.5220420275,0.8315988960,0.9009652721
0.1299738132,0.5623333616,0.5671298993
0.4037049147,0.4061356359,0.3218745623
0.0263137300,0.0034859731,0.1552439459
0.8559784433,0.4244656321,0.9945429041
0.7267022602,0.6978544727,0.6505871443
0.5748373889,0.3763779633,0.2861253580
0.1890370847,0.3759924930,0.7682517731
0.7234418941,0.2278874075,0.5698935983
0.2282917591,0.2169180124,0.0460035438
0.8876219663,0.8794245930,0.6372898091
0.8887336574,0.7603727518,0.7726181720
0.6063361707,0.0469653681,0.2747979164
0.3082868813,0.7064829139,0.2169825425
0.7499695174,0.8505424921,0.6890863326
0.5008805619,0.8740673742,0.4236907330
0.8567846015,0.1690961954,0.1386561032
0.9904126800,0.2717789117,0.8086052683
0.6874122915,0.4501652002,0.6971846951
0.2707260573,0.1341366898,0.0700923524
0.3111921252,0.2900946374,0.6785679300
0.3634900537,0.2483070955,0.5037778553
0.6421432613,0.9192075672,0.5874680869
0.2655706308,0.0092973549,0.2283320162
0.3010976718,0.8470881011,0.4581848845
0.6134974496,0.7756409923,0.4606346981
0.0615178713,0.1187437207,0.1161057576
0.4151471037,0.8079530097,0.3873503368
0.3143467326,0.3448893143,0.3901585946
0.9304838741,0.8832869826,0.5413507661
0.8981796691,0.8370479425,0.8173890645
0.4512628994,0.6602828267,0.8456203216
0.1529080976,0.2099578769,0.0585090983
0.1609474639,0.5224718145,0.7145909738
0.3705659338,0.4793310831,0.5741796191
0.2597178279,0.3478962830,0.3466737722
0.9471634345,0.9843200562,0.5896875252
0.9088084800,0.8109792097,0.7962870536
0.5309668906,0.6651675464,0.6947240476
0.5136489306,0.4341768677,0.8757386041
0.8594001018,0.7314358080,0.7524132990
0.6362655618,0.1799965984,0.3744131461
0.4663899188,0.6102546556,0.9349737823
0.4718565954,0.9624409708,0.6214115283
0.2328871811,0.4850455137,0.2900898234
0.7519313469,0.8965156211,0.7931026717
0.2562847028,0.3449052343,0.1285472819
0.7609573906,0.4154415943,0.4830129425
0.7247180364,0.5663843488,0.5348548764
0.7428765035,0.4250231621,0.5852967216
0.7235849458,0.2202981575,0.6703332473
0.9784277701,0.5444843936,0.9808798582
0.2268879630,0.2846927972,0.7176398077
0.5605292100,0.2426680954,0.8916795159
0.1244899346,0.8566647154,0.5240886750
0.9114907519,0.9192718401,0.6457004304
0.6312237398,0.3908375960,0.3994362924
0.8235299886,0.6779636179,0.7513054890
0.4045716810,0.3313068240,0.2228037005
0.5410124955,0.7176709400,0.6028228211
0.9719875962,0.6908069947,0.5438047976
0.3377003544,0.3013099536,0.0884563306
0.7387728525,0.0935482541,0.2773507031
0.9117208841,0.6030019999,0.9432331845
0.3985943006,0.5752440569,0.4460419585
0.5931358029,0.9490209845,0.3878502056
0.5736775630,0.3917878495,0.1978614597
0.4820043134,0.0395012166,0.3170132614
0.1218949899,0.5119818473,0.9435355837
0.5982352774,0.0231058606,0.1317799894
0.9117573379,0.3864731074,0.8027411165
0.0867239270,0.1385547736,0.0740568028
0.6683543715,0.7864972254,0.6578370022
0.1993645166,0.0630688954,0.2373010225
0.2731855453,0.7949438194,0.0264815874
0.5479545205,0.6783218781,0.8609944795
0.3923819096,0.2023859668,0.0495230422
0.1765629718,0.1159320895,0.7425016958
0.4112314745,0.9294797934,0.2066967474
0.0436631214,0.3150199285,0.3105584262
0.6725645459,0.9724786257,0.9426135889
0.5442774943,0.6094525336,0.8689791845
0.8760870237,0.3686163249,0.3307229231
0.5390576415,0.6135354097,0.2896202665
0.8824359890,0.9657126712,0.8875732804
0.8591219802,0.9603858497,0.7946879334
0.1327978506,0.8464587142,0.0741855444
0.4507641433,0.2891994989,0.2084441011
0.8864167181,0.4747435980,0.8826726539
0.0001136292,0.2914073486,0.0059386796
0.5542629857,0.8819521220,0.8429713216
0.3776435669,0.5756478832,0.9211523788
0.2769904098,0.0635584659,0.1979647621
0.6484526127,0.8265209294,0.2143755176
0.8787050928,0.8259432253,0.1774741778
0.0383994927,0.1855719074,0.2173221894
0.3683667547,0.5985542046,0.3834406564
0.0254133599,0.2597950516,0.5694608607
0.3184842335,0.0191400047,0.3971600730
0.9546555320,0.4771622840,0.0972615463
0.0722813448,0.1062318677,0.0677145426
0.9823040152,0.8785498780,0.8122586434
0.5612379641,0.4606754112,0.2720528281
0.9514784086,0.3404204967,0.4714019299
0.1412453464,0.0906058361,0.0170023585
0.8853985676,0.4579649300,0.8160909351
0.2057289838,0.4654878314,0.0461624892
0.4625271987,0.6264118759,0.4048794753
0.7785345804,0.5187540083,0.1635865921
0.5394775926,0.5738189117,0.7580165618
0.0736040922,0.2676822843,0.3808182718
0.1610603864,0.0343185600,0.3563065472
0.6706209148,0.9824099433,0.4852924538
0.7721661972,0.1495803507,0.5456690150
0.3033068753,0.4181127347,0.5565005428
0.0829148894,0.3274279794,0.9342841651
0.1576463747,0.4468587755,0.0506873361
0.9583469101,0.0090118333,0.4933389617
0.6205176637,0.3588571632,0.6401998833
0.5687522024,0.5864389095,0.8030944280
0.9725790784,0.9082913867,0.3691017526
0.6151202755,0.2881061579,0.5172001696
0.2074401157,0.1008929190,0.2779552367
0.0544015505,0.2899629687,0.6172800410
0.0123581258,0.6529138772,0.1155501474
0.3187433924,0.0823010887,0.1055871834
0.8398567031,0.9272166773,0.3060749241
0.4732507755,0.1089595821,0.2134026727
0.6272879304,0.6142857652,0.7390789223
0.0192877593,0.5151554947,0.3169186828
0.2400677446,0.2585559438,0.5225384153
0.0797856088,0.4031410586,0.0694618798
0.7881373943,0.1063365783,0.3704786089
0.9492983882,0.7848907716,0.3255359127
0.9703110782,0.0824518122,0.2286923527
0.5796214297,0.7831392451,0.3698172643
0.3775321008,0.5838124095,0.5960022412
0.5745983922,0.1960917902,0.5510087118
0.8164050969,0.4917555597,0.0422832467
0.7479441205,0.8223071446,0.1508481039
0.7241937796,0.9828909369,0.8889835572
0.1400946599,0.2645022714,0.3473550711
0.5342105910,0.3463832384,0.2650266769
0.4061250754,0.1157023112,0.0468416347
0.1548560457,0.2112951719,0.1907378764
0.0375682703,0.3925802221,0.3466153386
0.6444297703,0.2574413018,0.6044349527
0.6277490770,0.7260559085,0.7933884862
0.2869922558,0.3798711976,0.6016020478
0.3273785631,0.0161528416,0.6887043045
0.9244643007,0.5035622098,0.6621137852
0.9072537488,0.4278505399,0.7554531652
0.6131211447,0.7726149351,0.5362219779
0.3928986619,0.6695413163,0.4747928299
0.5952176516,0.9045230421,0.5896533665
0.4374582117,0.1548702396,0.3818516020
0.7744191641,0.8787566150,0.3717630618
0.5215965737,0.8303902615,0.9898840956
0.7337545812,0.5048582327,0.6645265579
0.5082811397,0.5978630594,0.4426772745
0.6408475392,0.8702562565,0.9532439096
0.1452746128,0.9741937861,0.1005412021
0.0222697704,0.2178183833,0.6970185316
0.3720915035,0.1896347670,0.7478646005
0.6145912774,0.0982606445,0.2381787269
0.9024261589,0.9018615186,0.6786199500
0.6864246305,0.7459646769,0.6619478558
0.2810910553,0.1533308215,0.6252509158
0.9294857872,0.1135054241,0.6200373171
0.4621199768,0.8499446641,0.4362586183
0.0940189254,0.2569766392,0.5166292685
0.5266303853,0.6778444303,0.8226634938
0.6383180293,0.8856902922,0.9534253313
0.3366184446,0.6704269822,0.6798835186
0.8867369806,0.3293039341,0.9972768737
0.7163294726,0.9932631500,0.6932066889
0.9440576561,0.0638809034,0.3185085996
0.6125993586,0.3816824215,0.0678893215
0.0607546472,0.1486529439,0.1963284266
0.5163068437,0.2293720784,0.0463288524
0.3551952248,0.2161517475,0.8974382582
0.5930930534,0.3302006525,0.2914376739
0.6155257354,0.3681217142,0.6247014660
0.0945346031,0.2381886465,0.1624835574
0.3081105624,0.9887239649,0.9787823054
0.8530555722,0.4681241897,0.5112707950
0.9179307427,0.7188655784,0.2806538841
0.1701537590,0.1111448834,0.6151299857
0.4952092354,0.5444750895,0.5981918776
0.1505308120,0.3505910116,0.1238824155
0.0330987816,0.6891028954,0.7429956607
0.0802845256,0.6338175615,0.4531804111
0.0434239067,0.2578364957,0.2318442528
0.9017779963,0.6310332417,0.9082257773
0.9359034461,0.0089032419,0.0665467492
0.3346503269,0.3431547935,0.2139137921
0.7453680707,0.5017566721,0.4254808465
0.3558707213,0.3377145821,0.0347089997
0.0105422595,0.4140664388,0.0187418042
0.0474156004,0.8599657223,0.3741140775
0.4405687402,0.9134262988,0.9433690768
0.5724609953,0.6179426304,0.5996451070
0.6500702412,0.7975313423,0.9261190364
0.6904104275,0.6877179279,0.9569542689
0.9245446174,0.4051321794,0.7980908138
0.1238311310,0.6929565132,0.5493392451
0.2709021313,0.3361413329,0.1919941591
0.0237677553,0.2369487029,0.0052149207
0.4509691873,0.7640275504,0.3913022433
0.8461543289,0.7565869187,0.0140702503
0.9869404603,0.3466097136,0.1762011329
0.3756872182,0.1386637617,0.7988113690
0.4159054360,0.7269717107,0.9635355466
0.1299451395,0.1249359282,0.0165317254
0.0423226775,0.4996847184,0.3734624205
0.8477579095,0.5634122241,0.9784358616
0.3009793098,0.2694126683,0.3204335184
0.3491679307,0.7313661812,0.5599004552
0.5725421352,0.8488745975,0.9634130264
0.2986727796,0.1544331442,0.1173540296
0.1087604340,0.3063533474,0.3327223580
0.1915420170,0.1154716011,0.9734371163
0.8691598189,0.6402562256,0.9939159813
0.8339948925,0.8614485690,0.4201804627
0.9432927886,0.6263369330,0.4001694399
0.5014262761,0.7497898550,0.9541876301
0.6214107440,0.2469752620,0.7541580120
0.9362095495,0.1344865516,0.3781272623
0.6517933158,0.3618914575,0.4180845214
0.9914100896,0.0788921118,0.0410655669
0.7921947093,0.9337729593,0.3369000611
0.8315376892,0.7010769201,0.9133723572
0.6042355317,0.4099671217,0.7879003652
0.2306897803,0.0972670197,0.4685346541
0.7200650917,0.4438768242,0.5152704494
0.4364252286,0.6208150811,0.2370253889
0.8607711632,0.2657222208,0.8718151251
0.2026611585,0.5487210191,0.5735778473
0.4196542927,0.8407579254,0.4434244209
0.7901778013,0.8315726223,0.8280547263
0.2007724880,0.5093491982,0.3270678869
0.6898855422,0.2851201624,0.8331244753
0.8542227390,0.7405418734,0.5034061828
0.7412670962,0.4271593133,0.9636302013
0.8791083703,0.7957364926,0.7412618798
0.5421845908,0.6502896362,0.9301869412
0.1705395617,0.2475141089,0.7603637251
0.2825009286,0.5288216127,0.1357524914
0.3235716638,0.0697700430,0.9540608672
0.9124226619,0.9911550202,0.9188133965
0.3439862980,0.5075258768,0.3398059490
0.0832815060,0.9626339141,0.7770368790
0.7917909263,0.5381620583,0.7158023264
0.2669035597,0.8998766947,0.6116567765
0.0533288713,0.2255155437,0.2015079475
0.7333297658,0.2232768866,0.0616662820
0.0836072292,0.2243164183,0.9706846547
0.1331589002,0.1670192012,0.4015679152
0.1038146685,0.1205868145,0.2915223277
0.1732699646,0.1205723884,0.4337629110
0.8940797524,0.2026597767,0.3678330687
0.8239463906,0.9174665873,0.8544422913
0.6977948003,0.3821360848,0.4523350301
0.7549671106,0.8871334917,0.3857640762
0.9925534968,0.6937953873,0.8986349548
0.5814835583,0.8673886239,0.9807508481
0.5301046618,0.8316238815,0.9657359255
0.1226221903,0.4511075466,0.5370964497
0.0661309250,0.2156522681,0.3584553957
0.5403853997,0.5707927206,0.5938604383
0.5758852099,0.8316289123,0.5407880327
0.1618743465,0.4368816299,0.1932575689
0.2773288002,0.7914657622,0.8735140526
0.0027092367,0.4980183344,0.1905302750
0.9061973732,0.5719811307,0.8569757607
0.7712342495,0.5787919288,0.8059025345
0.3634763627,0.4799609023,0.1678148989
0.8312134435,0.3402067898,0.5454249441
0.3348505974,0.4452827693,0.5679420215
0.5016277800,0.7980775159,0.5187690581
0.8387556360,0.2448190031,0.8040871792
0.0742867612,0.2612971946,0.4214001290
0.6717137265,0.6632484205,0.7552060005
0.0834032325,0.3430490509,0.0242880287
0.9734522779,0.2006395065,0.9264215599
0.8035017403,0.3767350656,0.4015445995
0.8674749785,0.8290031851,0.8478216854
0.7171442895,0.9260275801,0.3225153472
0.8203202913,0.8846449169,0.5727569664
0.3849411207,0.5630004199,0.8088136114
0.0201230402,0.1634047565,0.3443831028
0.6422853476,0.9640685013,0.7100896193
0.5571934415,0.5016412819,0.4728805498
0.3654858205,0.2114806848,0.6967757267
0.8036776922,0.9272840006,0.9271127760
0.5049102118,0.7492689175,0.2110588339
0.5166074803,0.5851945541,0.3741405930
0.7274176635,0.4317616995,0.7544521699
0.4680344240,0.7125058652,0.9632200191
0.6474378308,0.0147754434,0.2711573231
0.5802737073,0.1277598553,0.4366332338
0.7486800233,0.9333562155,0.4690541856
0.1077545958,0.1274935500,0.8303135703
0.4379108967,0.2834543640,0.4430227507
0.6439684231,0.8750976048,0.3538460500
0.1128766783,0.6790858317,0.5671396313
0.7660146033,0.1403935712,0.1315429275
0.2491387174,0.0377925014,0.9073342060
0.6213766371,0.3425398210,0.5984717202
0.9869998418,0.9327609040,0.5475208440
0.3541291061,0.7441314998,0.9243573939
0.0339582510,0.9064857176,0.2222376242
0.1315586087,0.2991175577,0.1028584092
0.7426944693,0.8897416789,0.8292801935
0.3071858129,0.3454196527,0.6998175893
0.4209040983,0.3084655018,0.8069931356
0.8288874437,0.9815303190,0.9255115791
0.7299998236,0.8505958681,0.8434567119
0.9296672369,0.4234158003,0.6886723530
0.8127413068,0.7485761469,0.5820165966
0.4269175533,0.5456938890,0.3015827905
0.1437939486,0.1767118440,0.5192879840
0.1426067959,0.2010494323,0.3063640536
0.6036132743,0.2392296278,0.6493980431
0.7911818115,0.9262008144,0.9026074126
0.2250414158,0.3029161488,0.0910817861
0.8964920907,0.5924485573,0.7385849246
0.4859894530,0.7066339750,0.7033327147
0.4512280404,0.7085944705,0.7780534659
0.7628944788,0.4294408712,0.3461927774
0.2128442480,0.1235872342,0.5439355061
0.5539073782,0.0235888015,0.3024749651
0.1309992239,0.1269076345,0.6588916595
0.9092217250,0.4221862523,0.5151485100
0.3335174209,0.0670931833,0.4820059370
0.0826579178,0.4542838443,0.3892097360
0.0601452281,0.6589306585,0.3306209386
0.0267388628,0.8468729847,0.3100103206
0.1473991196,0.1257591233,0.2953679239
0.4076294348,0.7617789366,0.9462873818
0.7365973193,0.6359421786,0.5384884539
0.3725048290,0.1918352299,0.2166863979
0.5946526028,0.9144691068,0.9994359082
0.1502913161,0.1745450004,0.1450776866
0.1092221968,0.1161374942,0.0388774063
0.2678219426,0.9107045373,0.3991137890
0.2047552987,0.7424813423,0.3804841208
0.4387931576,0.5153863021,0.4014051668
0.0652229824,0.3535508759,0.0235147850
0.5669180606,0.6541209947,0.1269346735
0.5645079279,0.5441405296,0.5903686105
0.0404455709,0.4544969894,0.6338816523
0.3968101858,0.3752092355,0.5573388951
0.6001960921,0.4769126438,0.9385494958
0.5890981749,0.5505399751,0.5243915480
0.5610109109,0.4265685297,0.8926681459
0.1807287652,0.8781021217,0.2540677216
0.4691839411,0.5617804593,0.0772754696
0.8515331917,0.8323060169,0.6274913653
0.1110999769,0.3916931237,0.2807804086
0.1330026536,0.3689521536,0.2537376338
0.1258282448,0.0937500276,0.3471347040
0.8148644460,0.5306417505,0.3963614673
0.8542292833,0.1650721703,0.0546397975
0.7429996150,0.4435396967,0.3764855155
0.4062329683,0.6334629393,0.9169698778
0.4339269028,0.6790024348,0.3558840374
0.6697604905,0.5240338286,0.4978041721
0.7605773913,0.8589957695,0.3936915004
0.8052045790,0.5618461608,0.6672179347
0.3590215128,0.4690041732,0.1431753684
0.2823767282,0.7797195961,0.4260169212
0.6562382064,0.5285327114,0.4630049831
0.6603553074,0.8932433747,0.6494747667
0.6685883995,0.4080439451,0.3018950491
0.4478493984,0.3081756341,0.7897156805
0.4451451300,0.9266478262,0.7507674004
0.4336852805,0.2364476764,0.7789054954
0.5844266947,0.3872387578,0.5259380938
0.7760480450,0.3311633068,0.7428949949
0.9743114469,0.3856597529,0.7415959346
0.0942995916,0.0536516155,0.3675627097
0.1723355868,0.2416619256,0.1070614959
0.6608257312,0.1026953342,0.0545385982
0.5718573179,0.4071089759,0.9551860846
0.2025868767,0.3699714856,0.1729295678
0.7800220811,0.6054183397,0.8487402573
0.2462668808,0.4263594259,0.3536291441
0.7682868693,0.8452798206,0.5220208186
0.9576470177,0.7409371942,0.4985123091
0.2214655899,0.4910584441,0.3087735816
0.6659798088,0.9675623554,0.9856319563
0.8615212723,0.0618140501,0.1874084264
0.1472899752,0.1213630749,0.2841939476
0.7018643994,0.1179269230,0.2820139838
0.5269014034,0.6740128026,0.3475334452
0.8754815112,0.5487892503,0.5166945911
0.8387812666,0.7562670061,0.4668552360
0.4252584999,0.2030300153,0.4731914337
0.2263102684,0.7180696217,0.7638729115
0.7275567878,0.1688548916,0.5327693322
0.7445328814,0.4222235765,0.9840764149
0.7706472927,0.5726701342,0.3848033541
0.6921786072,0.2389574764,0.0765581218
0.3120246164,0.7786882696,0.6194007804
0.6506065731,0.4273134194,0.7380310489
0.4625457881,0.1374720526,0.4860754009
0.9994132608,0.9897191893,0.9697344581
0.8644220866,0.6741240305,0.8026851317
0.3008610778,0.1808910150,0.0993264962
0.3125295361,0.6913628496,0.3016010826
0.5142030130,0.5853160374,0.9308183823
0.1775302588,0.5779631503,0.5890556573
0.7771933855,0.8910536462,0.6903496579
0.0948724522,0.5365645047,0.0726664926
0.2086546027,0.4458266217,0.0080717584
0.6598735053,0.3747277243,0.4009296570
0.4876389921,0.4334283658,0.5875694434
0.7790275131,0.5780239206,0.0701095051
0.3567734758,0.7102404220,0.6545979632
0.9322198560,0.5334303784,0.4858408036
0.6770958696,0.8942425039,0.9414521306
0.5735434124,0.1103463316,0.5520747552
0.1998041592,0.5242617416,0.6407971382
0.2103164007,0.0597255610,0.1156711057
0.7903337818,0.3651917212,0.3216563602
0.7924885948,0.4389061286,0.4721366948
0.1584104173,0.2989955170,0.0505265067
0.7849084877,0.4076262187,0.3816881006
0.7174251714,0.8047354094,0.8374189607
0.1582072104,0.0856672731,0.5065371618
0.0219399115,0.0984846440,0.4459281529
0.5554530981,0.0239522566,0.5970550603
0.8186608429,0.6382096872,0.3784395188
0.7029497890,0.3048539474,0.9319549073
0.3488453492,0.5525421353,0.2019369613
0.3284528579,0.6057483654,0.7174711713
0.2498135914,0.1196208121,0.2704960946
0.3168223432,0.2148614533,0.2593962355
0.4546986006,0.9871969199,0.8629379664
0.5092664494,0.6071008854,0.1476217347
0.3424665998,0.0988402211,0.2238723008
0.4559842137,0.5959371460,0.0897111841
0.8600774956,0.7799619692,0.3072992509
0.5076603300,0.6295696935,0.2742430133
0.5529086134,0.7352014755,0.1283421571
0.6814657000,0.7586568155,0.6610788419
0.2712390192,0.1315923266,0.1534877916
0.6111491552,0.7885940859,0.7201303766
0.4603569959,0.5534786128,0.5851601585
0.4332242761,0.7065097011,0.3910824053
0.2802820145,0.2505828614,0.2727708695
0.4218801910,0.5420673790,0.6368167105
0.7779726243,0.6660119943,0.6793362823
0.8426887725,0.7760286624,0.1366829746
0.1823852169,0.1306036717,0.0029353097
0.0032269344,0.0861037752,0.4766067735
0.8989977168,0.7822651216,0.9131601738
0.0061038484,0.2071254928,0.1189354440
0.4935298152,0.4092288426,0.9531269943
0.0533784086,0.6225119419,0.4166656505
0.4561876582,0.9512042632,0.3546818891
0.4199019853,0.3183689614,0.3998537861
0.1466961194,0.7272984179,0.7732226671
0.4686667296,0.8745853950,0.6506148092
0.4864436509,0.3777550533,0.2279623885
0.3141307180,0.7307595353,0.2176893062
0.2378670144,0.8067787444,0.7900902669
0.6530590618,0.5487763603,0.7087670142
0.4789607491,0.1813095413,0.9400876170
0.0445105770,0.0126200109,0.0156331228
0.5134310963,0.1408783835,0.1851437188
0.1539232691,0.4223117883,0.5086042901
0.7758682433,0.2314928270,0.5229099409
0.5362662654,0.6197008650,0.7976982906
0.1895233886,0.5075184804,0.5578034654
0.4150888939,0.4384128968,0.3564134310
0.5576640276,0.9680627336,0.5403479611
0.7833118218,0.7700017829,0.9864357510
0.4489499640,0.4105849163,0.6219110039
0.6514426888,0.8405218813,0.9803260625
0.8001030104,0.7571647672,0.8537825228
0.1080989262,0.3828755246,0.2095848093
0.4966554463,0.6537936475,0.1708614763
0.4540631828,0.4496595388,0.6860932281
0.6537338499,0.4249337407,0.5243764736
0.7788268187,0.4115049926,0.5595315995
0.1107134977,0.0162208772,0.4307284263
0.0698317748,0.2382167376,0.4646440401
0.1117030274,0.7906313206,0.0295528224
0.8679267307,0.4451029561,0.1388210948
0.3295571274,0.6355762378,0.6564394546
0.2678954775,0.2759311451,0.1924959608
0.1938743311,0.8105544770,0.5016226340
0.7920721053,0.9713742229,0.3421720332
0.9883318463,0.7948785422,0.6599231943
0.9943044285,0.9622077846,0.9663327710
0.1611729608,0.1331318211,0.3572377620
0.7181930320,0.7217539558,0.5722525014
0.8231098019,0.2449197626,0.7499986953
0.6559654296,0.4608946504,0.4410833377
0.4880332047,0.2980980551,0.8997420623
0.1905681194,0.3946634803,0.5902957077
0.6063485048,0.5720525211,0.3166231196
0.1031258930,0.2654220737,0.0292797774
0.8140466858,0.4752865776,0.8577028212
0.0445598739,0.3960420634,0.3216829372
0.6274722005,0.5092990957,0.5185867186
0.0496289633,0.3289727045,0.1457677164
0.1127168734,0.0354141952,0.1871537261
0.4143969264,0.7402744210,0.5497256538
0.1430751415,0.2147237396,0.6018259580
0.0689849403,0.4348292583,0.3172692286
0.1675916144,0.0872482425,0.1368571353
0.3194773904,0.1257912001,0.2244446089
0.2552319616,0.8478153826,0.3465698692
0.2060414384,0.6877912753,0.9389895620
0.9397383107,0.6543905345,0.7753738140
0.7501446897,0.3570580757,0.6958228453
0.6981929338,0.3726298213,0.3043406352
0.4692759732,0.1579895608,0.1342859772
0.0907938694,0.1175283021,0.3036743053
0.4570523506,0.6325888155,0.6067355847
0.0711019070,0.0183584017,0.9552794397
0.2126988355,0.1307580987,0.1195419504
0.8056719962,0.3674200654,0.7380367102
0.2772379828,0.6116015418,0.0825984885
0.5445713551,0.7949592098,0.3944129187
0.2993958577,0.5129723320,0.4768372356
0.5584948762,0.9301025769,0.7942212786
0.2760929516,0.9013013783,0.3847805240
0.9032259565,0.8566009582,0.3968176372
0.2201315484,0.5819345239,0.3607143300
0.9564045513,0.4780039114,0.1090474158
0.5011881386,0.6523653567,0.6488144542
0.0254969073,0.2925433884,0.0171301286
0.8294130731,0.1261361000,0.1022897564
0.8632041840,0.4557867590,0.2488838984
0.8393843642,0.6177268061,0.5081498404
0.0077893172,0.3081282296,0.1601573978
0.1665322584,0.2721862281,0.4853255968
0.7818014011,0.8349681615,0.5087306648
0.4882060651,0.1573348265,0.6522166039
0.0164674563,0.4731062638,0.4765947636
0.4467449585,0.1911044248,0.7175831421
0.2138422739,0.1307061083,0.3642508137
0.6906617267,0.2757155969,0.3587128060
0.0459947550,0.1940215501,0.0408010255
0.6650073353,0.8694235279,0.6246084005
0.1767678703,0.0823223783,0.3695647750
0.2286727087,0.0985250284,0.1564956765
0.4512944395,0.6877597936,0.2684633200
0.4506657149,0.1091640240,0.4310962160
0.6538634959,0.5674246710,0.9864773503
0.9565749458,0.9658412863,0.7334750397
0.8136245666,0.8101996035,0.1149652925
0.2235044667,0.1559210592,0.3860354424
0.6887366263,0.9513716575,0.3672966311
0.4513851485,0.6522027560,0.9931991509
0.2784724112,0.9110262485,0.6567827985
0.5076709880,0.6357121401,0.4080549863
0.6753121256,0.8270403131,0.4199675086
0.2149211625,0.9192855676,0.9562393002
0.3853557063,0.0821192000,0.4572168675
0.3026295462,0.7578938222,0.7913104828
0.2547621446,0.0377415952,0.7537607584
0.9706752088,0.8551560336,0.6480604481
0.8184713117,0.9528524865,0.6390852694
0.4537961257,0.9600926147,0.9959327472
0.1462464749,0.5339054141,0.1066875440
0.6962385764,0.7303723744,0.9320506882
0.0552595521,0.9138084179,0.0198522542
0.0225517299,0.8294028534,0.4317927566
0.7837595265,0.9026186502,0.8143910574
0.9730952335,0.5728339948,0.6977266600
0.6329231774,0.8589266928,0.6577517972
0.8862830835,0.0988486288,0.7344248386
0.8459404810,0.5550208256,0.5831762044
0.9183769969,0.2375547141,0.6331533074
0.6120053855,0.4853352028,0.5106671525
0.5687354116,0.9280616711,0.2953098940
0.4305734967,0.4729262284,0.8029969788
0.7231231394,0.9754554867,0.6798159836
0.3321383351,0.0671623330,0.1291612136
0.5386694531,0.5474058586,0.6064502160
0.1228087963,0.3492395497,0.5135777846
0.9002089497,0.7546265583,0.9151921786
0.2873493029,0.5499574723,0.3247660595
0.4504757446,0.0050553909,0.7491025214
0.6302735620,0.7088337298,0.8586693561
0.2103763968,0.5004553272,0.3873044712
0.0356857090,0.1169667972,0.9823293495
0.8404764283,0.8206115119,0.9016821360
0.4805268487,0.7933858453,0.2794722764
0.7685751865,0.5438148373,0.2882226187
0.8504928257,0.7268928876,0.8965616682
0.0148611050,0.1115761316,0.0094392914
0.5499177225,0.4985648084,0.3623502508
0.3158350714,0.0239334771,0.3542517706
0.7299313786,0.4279284024,0.8586333402
0.8146310964,0.9725544644,0.2513586394
0.3183895972,0.9111701879,0.7609419232
0.6312230263,0.6398631571,0.9595705869
0.0775013221,0.7896618155,0.3289682653
0.1611961989,0.2821252964,0.5438791413
0.9052247823,0.4646185925,0.2655662697
0.2372798289,0.5123080044,0.2907653293
0.9558265072,0.5494061959,0.6027281341
0.2527978499,0.5355555869,0.1691109488
0.3570780248,0.8682913363,0.7008025924
0.8180834801,0.6130213736,0.6552028079
0.8347146636,0.3405397413,0.2759888159
0.3495936747,0.0779386327,0.1807736702
0.6244752977,0.5228083763,0.4153531867
0.8370609821,0.7788751716,0.4194322008
0.7894779586,0.8904569049,0.8300665060
0.0684453540,0.6048205137,0.5561233842
0.5654779993,0.9080931398,0.8573980560
0.9185974179,0.5239842540,0.6216065791
0.2788828251,0.2179223571,0.1218365636
0.4882837840,0.2488383508,0.9117257884
0.4132352065,0.3206893721,0.8844172224
0.4607853899,0.2404968229,0.5537482056
0.8095767091,0.0601034995,0.4310727761
0.9160199578,0.6435901447,0.1378476266
0.5436390474,0.5940033492,0.8032805745
0.8510953621,0.6559861962,0.9718172778
0.4947316986,0.9519713722,0.7183474151
0.2590986371,0.1883811101,0.2855851460
0.9563302771,0.7198360075,0.4894582558
0.1483143578,0.1537685326,0.0405632465
0.8332093283,0.7273637092,0.0424598845
0.0096814483,0.9496885768,0.6759761289
0.2584375262,0.6085980487,0.8934455943
0.3827855346,0.6678839096,0.6147377073
0.6923363303,0.2626670799,0.5634462348
0.7758064011,0.6994439945,0.8960228482
0.2558923774,0.6301722890,0.3966450844
0.7656234708,0.2687532948,0.4498072348
0.5962128402,0.7375325589,0.1509990464
0.3939394681,0.1721208839,0.2888330516
0.9540891039,0.2510854699,0.0536104574
0.7460523007,0.6832276596,0.7511004293
0.1795042390,0.0579132521,0.4672312058
0.2074259717,0.0230075056,0.3586030028
0.9538726626,0.5959074925,0.5585860123
0.7506506604,0.4581742654,0.4633460765
0.0956976190,0.1031482652,0.7541782529
0.5762905794,0.4053940459,0.3595431588
0.3033019235,0.3235425841,0.0792619019
0.9348162555,0.5420389401,0.7012603220
0.2794863474,0.8821968827,0.8831319340
0.1557685431,0.3771583880,0.0332173634
0.6697179081,0.3767512390,0.1066235610
0.5939558843,0.4839740425,0.2898642215
0.4427116644,0.8192384294,0.4133186785
0.8662042192,0.7636887608,0.9389779111
0.3763527313,0.8135444027,0.8521602114
0.8158831503,0.6887153145,0.7736391315
0.2873417163,0.3704499592,0.4757225449
0.9889026706,0.6185220536,0.0359734960
0.0037261974,0.0551342573,0.8122661119
0.4151433470,0.2758249027,0.1216108085
0.6693292045,0.0978364579,0.4828676639
0.0294514065,0.4017334370,0.2319973587
0.5773373138,0.8265109878,0.3484883066
0.2394922263,0.7342719238,0.3154554771
0.1941134385,0.1690025301,0.7075430501
0.9568969726,0.0473346124,0.6331660912
0.7280792053,0.9993637644,0.7203730572
0.7257984639,0.4413676923,0.3304647756
0.8916834657,0.8151891990,0.7536564819
0.5088513863,0.6976390774,0.8586235265
0.1007746724,0.0927586775,0.0879980705
0.0901977406,0.7500507798,0.8147562146
0.0327674647,0.1155813150,0.1293732913
0.3984181257,0.7526075190,0.4911292054
0.6197362390,0.9070030841,0.2854612105
0.6784606269,0.0328103424,0.2148994474
0.7643322909,0.8991531263,0.6004285423
0.5710372159,0.5894573863,0.4830580239
0.9509182065,0.9056683129,0.6470244155
0.5411768295,0.5619375441,0.6418190597
0.9771598271,0.9886459843,0.9277524511
0.1071185339,0.1129676835,0.0431250851
0.5130929965,0.4073450687,0.3964425294
0.5122302833,0.5720162859,0.8032991397
0.7730251022,0.6058549375,0.2863897566
0.0340884857,0.4176364697,0.5449818827
0.1674214998,0.6809067629,0.1331273312
0.1053596586,0.1796491504,0.2658419553
0.1728878821,0.0609645058,0.2522695990
0.3832762285,0.5705361345,0.2893966374
0.6323552099,0.3677499780,0.6327428223
0.9767618493,0.5263412821,0.3083652931
0.2561133034,0.5588985055,0.0881790119
0.8834147926,0.5213610117,0.9549356945
0.8063388789,0.1210180846,0.0970274591
0.5075696503,0.4690709067,0.7427199686
0.2585472529,0.1822474070,0.2373229665
0.4502895576,0.4785204202,0.3181845316
0.0499835353,0.2617404181,0.3216568882
0.8200006700,0.7995706124,0.8663809322
0.1661380999,0.4696111098,0.4458047893
0.0258562721,0.5202226054,0.3534555857
0.7815712593,0.7553960106,0.8264448779
0.5798446986,0.3488110547,0.4227336836
0.7987835846,0.1799713080,0.0221524288
0.6491018980,0.7025725767,0.6006928705
0.5849604398,0.0947267418,0.4700548447
0.8458303192,0.9700296989,0.5569497379
0.4739188144,0.3369995959,0.3691857984
0.1514069872,0.0223168753,0.0810676457
0.1226523075,0.0067079552,0.2719007967
0.0334371797,0.3161266103,0.0904117603
0.0866948018,0.7793545237,0.9649777423
0.2498810707,0.2371767005,0.0019847573
0.7822376823,0.8681436302,0.9786178907
0.2071488973,0.1497197004,0.2108810973
0.2977121224,0.3000369659,0.7965450952
0.3229553561,0.8807875258,0.9336367604
0.2123700873,0.7124985522,0.7571953241
0.4538383584,0.0005289978,0.0532608322
0.2146255704,0.0196428425,0.0944603632
0.7319980184,0.5935072547,0.9795322477
0.5196935899,0.5886159086,0.1336072878
0.0721071300,0.4448841583,0.7166990583
0.1244877110,0.5772166226,0.6624519033
0.7887667873,0.3242162536,0.0347634968
0.2966117611,0.7260010255,0.1942460565
0.8427503722,0.3848805798,0.9127327886
0.7802525168,0.8206751842,0.6984018924
0.9184207921,0.6560963502,0.8283475787
0.9615531698,0.9735310443,0.8147709992
0.6221782668,0.9700592581,0.8653738756
0.1749498098,0.2093493531,0.1251979835
0.1011671071,0.0571286584,0.4476862615
0.9695178513,0.6867797944,0.9897614175
0.1488069242,0.5201487574,0.7151641403
0.9262582808,0.6187299132,0.9406876388
0.8889863455,0.5753208269,0.6754958820
0.5668704201,0.6477055059,0.3619121268
0.5812363733,0.8857513475,0.6801515284
0.3276547377,0.3994354633,0.5894658487
0.3329397561,0.5440725170,0.8924801833
0.2496081589,0.8795024060,0.6095145348
0.1115891449,0.0778974486,0.3753170918
0.5687081116,0.9520506971,0.1545145619
0.4367268313,0.2682474554,0.3550469650
0.5720587941,0.9581444306,0.4599455758
0.9650703461,0.3260604043,0.7024425696
0.9977350058,0.9399230947,0.5041615230
0.5688521333,0.9353557027,0.3567769280
0.7366556910,0.8285189968,0.8179516023
0.5545189278,0.3368764611,0.6884171421
0.0102409750,0.4552011686,0.3439558565
0.1595083727,0.9091618858,0.1310168200
0.9447961035,0.5477202914,0.5152254618
0.7541428548,0.4080503288,0.5374586776
0.2657536705,0.7003601327,0.9531913779
0.0383188940,0.1414063821,0.3945295096
0.5737020195,0.5119031813,0.5150175272
0.5225362729,0.6090341424,0.4561692402
0.8322636618,0.8359473506,0.9429315057
0.9080866025,0.9996469142,0.6291962144
0.4362425576,0.3924868503,0.8990672544
0.1264365148,0.1224156094,0.1092199801
0.1054130770,0.4701513869,0.7862833661
0.0227884258,0.2639167672,0.0125071630
0.3258476256,0.0250922844,0.5647994593
0.4296689910,0.3788204642,0.7925764150
0.8632865507,0.4556055044,0.7098869150
0.7556147176,0.1913220808,0.5908621896
0.7083178150,0.5702607368,0.9646884099
0.4042433269,0.1200488832,0.4507478409
0.4255929628,0.5222771584,0.1159638524
0.2970976026,0.3864374608,0.2119269485
0.3809387465,0.9508574712,0.7940095008
0.1925934952,0.4808733924,0.5677932140
0.0058211031,0.1764457209,0.0927427529
0.1490347086,0.3410453321,0.1564261035
0.9538661993,0.9336930784,0.5757488637
0.0237255671,0.2649762256,0.8210833523
0.8171967441,0.9618088640,0.8627067385
0.1049902193,0.0024234430,0.3007514266
0.3615883522,0.7406074098,0.8976690871
0.4080519864,0.4574479061,0.1860090734
0.1033797863,0.6368567406,0.2000569741
0.3065746884,0.2080430258,0.2913893999
0.8044206313,0.6842865056,0.5947579152
0.1554847768,0.2570807558,0.2547134540
0.7713357298,0.3444089377,0.6401567339
0.5022287092,0.6556655914,0.2202417133
0.7799859577,0.7942268963,0.9241736705
0.1981768797,0.8805917301,0.5852324947
0.0496013578,0.3820011193,0.4251773833
0.1529870449,0.5220535939,0.2639904653
0.2822034767,0.3656551899,0.1825353817
0.9289240325,0.9290392726,0.9693500402
0.0246208109,0.1726211973,0.5549769414
0.8056750183,0.8560482404,0.3317125839
0.0135724868,0.1564743646,0.7275697121
0.3520842330,0.3365113594,0.6389824674
0.4509023281,0.8022636732,0.0699573659
0.7557864961,0.1038089848,0.6114751867
0.0002425756,0.0445531457,0.2750842285
0.0486983578,0.4206469297,0.9068528959
0.9847065206,0.5797271684,0.2312075942
0.0047763070,0.0297948507,0.2527435563
0.4695900148,0.8418230412,0.3791747519
0.1982836101,0.4130955946,0.7960188193
0.0611999791,0.6351604386,0.2027332383
0.6589866770,0.9071200862,0.8286065109
0.3769188724,0.4914694906,0.7274045992
0.7570881365,0.3200182415,0.7545249961
0.0674955637,0.7927789238,0.1311112693
0.7950722719,0.5182038671,0.9191342453
0.0316621879,0.0538966522,0.9066080407
0.7516598450,0.6911731081,0.7441206199
0.7428288936,0.6345430422,0.8383778345
0.4933507551,0.3921118088,0.5392210230
0.7932711014,0.3227894137,0.0574898978
0.4714660975,0.2212043684,0.1172199222
0.3529496228,0.7402227702,0.4496496210
0.5489306812,0.6810018965,0.6600592846
0.3640233101,0.3612282303,0.5124621149
0.9627247403,0.3116122410,0.9241220305
0.8354981764,0.9706216443,0.7475214223
0.8746436335,0.4947071224,0.5684337137
0.4096818026,0.8491564026,0.9003553418
0.8419169399,0.9316148339,0.4192010360
0.5627524477,0.7746545701,0.3506545561
0.7204726364,0.7294874221,0.6489864118
0.6800660482,0.6722128503,0.7379124286
0.9453193723,0.6296290636,0.2451009121
0.7517444018,0.9210240632,0.3062311366
0.5130614996,0.4416787032,0.1022499623
0.6897575909,0.8829841435,0.4996722293
0.6655138274,0.6823166946,0.6964246334
0.2750244791,0.0322912746,0.9274749803
0.4540435002,0.4310781916,0.2230314779
0.8939741001,0.7642816286,0.5895016211
0.8132284378,0.2399747407,0.6155303496
0.4449416199,0.5784684416,0.2910120597
0.1189859870,0.4870325818,0.1696130279
0.3991369291,0.7325222520,0.4144310841
0.4421452817,0.5806894337,0.6294151707
0.3695998322,0.6941608359,0.9494711416
0.4881255295,0.8390454343,0.7722689138
0.5020176544,0.1845643594,0.7966257939
0.4185349109,0.3277429577,0.7731894980
0.0409785068,0.4762207765,0.1212601176
0.5943817961,0.9579637943,0.5911102602
0.2585555949,0.4620096582,0.8916907225
0.9501556600,0.7899581326,0.2755122153
0.1410802460,0.8378349353,0.3756638812
0.0806230010,0.0130412656,0.1611665165
0.5487703195,0.0529007706,0.7522547877
0.3577472970,0.1762186700,0.0549386968
0.4538591477,0.6358841407,0.4780056458
0.6005591545,0.1613513352,0.1876192839
0.5181875855,0.2838180937,0.6982757531
0.7465605410,0.7000058212,0.5637946707
0.5497172280,0.3805027785,0.2232960601
0.4731893081,0.9626487421,0.5993905672
0.3857043451,0.2563886043,0.3665637625
0.7680331582,0.5312897408,0.8965178195
0.5220132743,0.4062977232,0.6052056454
0.3110875036,0.6244839741,0.0834214122
0.0481987856,0.0462218673,0.1485441975
0.2507848570,0.3895129708,0.6984687686
0.6475548661,0.0260205568,0.0290161974
0.1956021161,0.1033984154,0.0028692572
0.3144801494,0.3257651562,0.0740617007
0.7650161305,0.7785323598,0.9823644146
0.4223312764,0.2695222894,0.5925140177
0.2643589453,0.1151789859,0.0075957614
0.9477636215,0.8094178425,0.6630277791
0.2708742691,0.4040236089,0.0239245955
0.8151151047,0.5990674749,0.5693372320
0.9939319746,0.9689413503,0.6194980513
0.8723921076,0.7138349047,0.6463714580
0.3159639564,0.6879800969,0.3439706108
0.7552789406,0.5633507157,0.6867619844
0.4760021851,0.1621966800,0.6978195508
0.8547466587,0.4683725640,0.8170510734
0.7060722571,0.0533543235,0.8596667524
0.0714965491,0.5892377160,0.5026251566
0.4762454035,0.5665772533,0.6300786567
0.5996895723,0.2944159907,0.8969877338
0.2239809116,0.1419564336,0.3101266802
0.8662926247,0.6943986269,0.4806309440
0.5689010228,0.6356039598,0.7329604820
0.5753435518,0.9672207379,0.9288031198
0.6479562271,0.2005344903,0.5950812579
0.4977080599,0.9015953458,0.3247228918
0.3298080249,0.0713190451,0.3831545726
0.7071201548,0.1868758628,0.8030583263
0.4115506723,0.4400737727,0.1532569018
0.7531589798,0.7648757902,0.6920965462
0.9204527554,0.8668673451,0.9451485232
0.9264554288,0.1990288436,0.4240891302
0.6070703359,0.4255933989,0.2101515772
0.1944201644,0.6813361468,0.0586818046
0.7475573604,0.9737491932,0.2527701876
0.3373132157,0.5835197752,0.4959300746
0.5147446046,0.8932115196,0.3300495777
0.9237411655,0.4678444452,0.9821418511
0.2352261069,0.5213487194,0.8227991480
0.5650641558,0.1791104315,0.3273455261
0.4585803971,0.3462631874,0.7467760455
0.6105319687,0.5895166454,0.8003703527
0.2613582228,0.6223790263,0.4361074581
0.9832513504,0.8503796949,0.7605574455
0.4492121955,0.9872314420,0.8041378936
0.8162890110,0.7598557866,0.9373834495
0.2344290089,0.2098282124,0.5305988613
0.5320978998,0.8224399594,0.6055817579
0.7555916190,0.9110020084,0.9388130057
0.1358451256,0.1680756255,0.0987672972
0.9436687530,0.9040295351,0.4542281549
0.1127917921,0.0482323547,0.1797244278
0.4834377256,0.9775665800,0.9929451251
0.5343582609,0.4606546092,0.2053720365
0.9812183981,0.6458144555,0.7727144028
0.2193029218,0.0748379325,0.4978886326
0.1055641131,0.0558956731,0.2101216778
0.7623272428,0.8378691741,0.5682949622
0.1953160783,0.1633698859,0.6307241598
0.6420219525,0.3782339316,0.4546127557
0.4381404646,0.5945811355,0.5306474487
0.9575841986,0.8981885351,0.9455932027
0.7350274441,0.9225370236,0.5946856249
0.2148311751,0.5415804549,0.4811742996
0.3153600525,0.0824810461,0.5006493662
0.5433201931,0.0312051326,0.4397097850
0.1417535313,0.6139862611,0.1134075307
0.9767148408,0.0313575960,0.0557779326
0.6317502439,0.7045650625,0.2941359177
0.8232545478,0.7108607343,0.8397525547
0.0360447269,0.3589178295,0.9707739965
0.9176951955,0.7605978230,0.7779573368
0.5402663400,0.9906597755,0.8810252895
0.7257603168,0.5295827440,0.8360626490
0.9026624333,0.3343493168,0.6484306860
0.8068125142,0.7087953333,0.5500949901
0.6116942732,0.2271353217,0.5772957794
0.9429037997,0.9706355970,0.6055335746
0.4562784529,0.7785885987,0.4331124193
0.9471905010,0.7148378594,0.8757189854
0.0725259099,0.0437247970,0.6326563205
0.8412910635,0.9602001094,0.9216043085
0.2874052938,0.6279984012,0.5217597416
0.5898307498,0.2125266095,0.1967628890
0.1108849448,0.4608912048,0.8004138721
0.6647527882,0.7367301652,0.9492075928
0.0397719849,0.2300600025,0.1680159174
0.2875019836,0.1594118484,0.4363836407
0.1555118091,0.1314129578,0.0658101293
0.4407951004,0.0861634942,0.0751959650
0.7797584537,0.8731254508,0.7239603543
0.2556344250,0.5840944864,0.3133916069
0.5658577124,0.5887851781,0.4989583613
0.8222085280,0.5320087159,0.8042422465
0.6634456021,0.1289271621,0.1236574776
0.1403388700,0.3746005279,0.7804784174
0.5662214886,0.5751053990,0.4518288668
0.8767282900,0.9989626017,0.5625266543
0.9535532041,0.7018710045,0.5837693529
0.8642333940,0.8800640251,0.5600932803
0.0978347042,0.0940500965,0.7775126790
0.5889029300,0.0975900255,0.2577935947
0.3517453037,0.0639262732,0.4003126078
0.5710180394,0.7328809323,0.7849291118
0.3834583835,0.2231782131,0.2013583286
0.3579437772,0.6730643939,0.0295731752
0.4331959658,0.0302525899,0.0830798814
0.7913454279,0.6321021818,0.1263559865
0.1488008352,0.1582133566,0.7962548449
0.3193026787,0.2280242258,0.2247378313
0.3986740614,0.3115530472,0.3688995149
0.4489433193,0.6286741587,0.6636216442
0.7521065444,0.5692879902,0.9458788416
0.2933963679,0.4086244140,0.2935940817
0.6356941708,0.2658305329,0.2008903598
0.5645478360,0.1739034354,0.9107712091
0.7566945090,0.8114868365,0.3286343022
0.7090730074,0.9304893087,0.6578209300
0.2153934258,0.2639899763,0.7099039507
0.2119155617,0.1451211220,0.2184965255
0.6810587378,0.8278043335,0.8121904479
0.4533045046,0.8016500596,0.3860290151
0.0026919027,0.4915929529,0.3188113803
0.2780894129,0.4748693030,0.5538928142
0.3490901624,0.9980074147,0.0363439354
0.7123717123,0.5868274134,0.4519263138
0.5483708688,0.9638405393,0.9245670751
0.2710695917,0.0777799811,0.0324748739
0.6347831472,0.8283932229,0.8243391744
0.8199428539,0.3403306812,0.6026873922
0.7299259127,0.7730123113,0.7803900752
0.3911890945,0.2989460644,0.4393444716
0.5322902669,0.9629767623,0.4975230088
0.6976771830,0.6713877067,0.0532037780
0.9917889008,0.7319069273,0.8377087871
0.1325095636,0.1934834948,0.1464166607
0.3377732013,0.4486415882,0.6552451931
0.9357626437,0.1274371410,0.1572111755
0.6761781757,0.8084575841,0.7312595841
0.8233024222,0.6087991456,0.5125947823
0.8481344656,0.9260266423,0.8907171204
0.7305065459,0.7615630236,0.5791161272
0.0742611012,0.9675763287,0.7553473804
0.8104370004,0.9218531109,0.8814350100
0.6284719527,0.4156651401,0.6452016997
0.2059880887,0.4689362837,0.4110487469
0.9120980222,0.8624740200,0.9290212059
0.7693492786,0.4256951989,0.2341562995
0.5411591220,0.9599456676,0.6682519974
0.6728731043,0.3475849623,0.3053918604
0.1026610640,0.3758271880,0.6751670711
0.2991069277,0.5277991451,0.1075232503
0.2223981402,0.1436578755,0.1260194285
0.3598041790,0.3328613552,0.3713552368
0.6135873918,0.5569730713,0.5774817736
0.7672416729,0.9303982060,0.9530727042
0.8671752946,0.6149964621,0.8533465918
0.5970305320,0.6368599050,0.0720235895
0.2711943764,0.3022875922,0.2808542009
0.1082295581,0.9393085539,0.4274686807
0.1733766872,0.3694735181,0.2637104924
0.8342102388,0.4479013849,0.7699111903
0.8781078766,0.7702605829,0.9245606172
0.4231542785,0.4279232832,0.2155521324
0.0252429929,0.0061241860,0.2629045750
0.5397507580,0.2564089818,0.2752732356
0.7757265812,0.7742763245,0.5301359148
0.0715219834,0.3118415253,0.3237498798
0.1703814581,0.1966008160,0.4804675242
0.3401189712,0.0117480609,0.2807160856
0.0472932468,0.7058328824,0.0605017551
0.8771220959,0.0736098313,0.7750642861
0.7739164910,0.4693980320,0.7508218262
0.0609083502,0.0849142543,0.0317264902
0.7059398977,0.2851658664,0.9497340143
0.4719604785,0.9662761472,0.8871057964
0.9911255256,0.8902328618,0.9272958466
0.5296585178,0.6782429392,0.5532153944
0.5069441479,0.8889555854,0.3990692893
0.1951865751,0.3792912895,0.1479587741
0.7706949796,0.1460906317,0.8077462322
0.3581490810,0.3681693214,0.5096386608
0.2201494259,0.7795669295,0.7715752121
0.3359769994,0.1224230441,0.9819351057
0.8768868833,0.6770453500,0.7242425975
0.7432990691,0.4342657269,0.4908725079
0.4443267887,0.1542236123,0.2631469897
0.9756254797,0.8290655424,0.3281368723
0.5707935983,0.7863267146,0.8150986483
0.9998030633,0.8487284576,0.5040618672
0.5601734842,0.7821763186,0.2845487843
0.2421431248,0.2254055741,0.1212740240
0.5136372592,0.0150503525,0.9578932777
0.3344860786,0.7416178914,0.7545877081
0.4206643253,0.2838075685,0.9903971778
0.1927572851,0.5751809097,0.7274993824
0.6034228161,0.9578530994,0.7853846501
0.9678543036,0.3633136233,0.0497308203
0.1215361504,0.5622384613,0.8069567719
0.6330078566,0.3909689093,0.6221298282
0.4483921854,0.8363405967,0.6904528890
0.9288987493,0.4440468341,0.4073038697
0.1523087265,0.1435521045,0.3896803888
0.2615111173,0.1432943716,0.0092300295
0.6483062449,0.6384093594,0.8428857814
0.9615746303,0.3482059057,0.2491174397
0.5095155932,0.2225251561,0.1855849913
0.7726039173,0.5297836034,0.7944929426
0.9153530405,0.9394646814,0.7726251475
0.4265563776,0.5114546352,0.5510522899
0.5626294737,0.3813882833,0.2055412289
0.0464520145,0.0119365482,0.1469432239
0.2683660386,0.2324797209,0.1841717410
0.3808199437,0.2300364008,0.0554144492
0.2003842228,0.4114771912,0.2142215987
0.9933538773,0.2946904457,0.1473288173
0.7553604580,0.5057691287,0.9247099535
0.3665551034,0.0507631566,0.0493494703
0.8251666122,0.5054478846,0.6550251210
0.8399016305,0.8834649835,0.9176052348
0.5006949451,0.3125653349,0.8092449359
0.6836702934,0.2920986732,0.8569424583
0.0011993135,0.2599817801,0.2224087142
0.4993314422,0.3753781471,0.3552158075
0.4606981084,0.3805005132,0.4197602968
0.3886378604,0.0456291175,0.1817096398
0.6240974730,0.6567573141,0.6768557207
0.1092093531,0.0957247828,0.6370649367
0.8556905447,0.9109884090,0.9649544746
0.0437106113,0.0564843747,0.2667493752
0.2180793226,0.8163877457,0.1224580119
0.4719196609,0.1488625911,0.2791091913
0.9019076154,0.7972907315,0.8221504676
0.7346664981,0.6216182534,0.6752641693
0.3303262507,0.6677332617,0.8517605387
0.8258552300,0.8124687592,0.9590944780
0.3664201632,0.7635010386,0.6047213236
0.3927056886,0.0256067752,0.9512659537
0.1868842699,0.6041424286,0.4254463881
0.1896131963,0.4837144948,0.5837479049
0.9343110206,0.6044800192,0.8653641649
0.7000261241,0.6200588091,0.5550359754
0.1608369391,0.6364769679,0.4442052572
0.4452877043,0.7752569403,0.8059251203
0.8465023211,0.9349244291,0.6937977941
0.5930034969,0.4426690024,0.4628383625
0.8862336926,0.1244511303,0.7036751371
0.5657451835,0.0197855180,0.0535430761
0.0687401137,0.2145755831,0.8295503015
0.1237291915,0.0097999627,0.0075639377
0.6699667315,0.9356095470,0.9247487868
0.5051020859,0.5919505806,0.2070007714
0.5927911294,0.3450408468,0.3334405401
0.8857659377,0.1955794803,0.4785462658
0.6162146828,0.5266263210,0.5816180795
0.4080567260,0.0568381667,0.6335717163
0.6462274482,0.8933413714,0.5316030712
0.0470523645,0.3576408180,0.2015976463
0.1525242733,0.0744262351,0.1617123756
0.0387688771,0.2772491786,0.3618551453
0.8811379546,0.2117382195,0.0681371412
0.0259661354,0.2500859517,0.5232344086
0.0652771959,0.6982785605,0.6219067081
0.3689098766,0.2194130022,0.6902997030
0.9682879353,0.3097040934,0.2384978776
0.7571609045,0.7909290982,0.8614675899
0.4784429944,0.0780184199,0.0774232990
0.0015097786,0.2096058683,0.0024404166
0.4808320706,0.5333149704,0.6066205874
0.6549145217,0.5320746697,0.8373904848
0.8332432906,0.5522679852,0.9925271901
0.6871783686,0.5020835708,0.8834413412
0.2179180328,0.9024224820,0.7458058309
0.8648744385,0.9917946372,0.9608901395
0.1044369959,0.7609914414,0.3986082111
0.4835481761,0.3034654109,0.3428997701
0.3442604141,0.3911894836,0.3604806208
0.8710147361,0.4450633482,0.3328431167
0.2910760119,0.4037728875,0.6690165896
0.0394763116,0.5918300401,0.6371801866
0.6430350756,0.6330508164,0.4483468349
0.3952241944,0.4531445665,0.3788631608
0.6212187245,0.3686704402,0.5771202947
0.6939013872,0.6120604567,0.3235765054
0.0604926985,0.4701003745,0.1468974948
0.0547955742,0.1177536635,0.3378467446
0.2613102433,0.1512724255,0.2227948374
0.9386881488,0.9630450463,0.7857496606
0.5779524061,0.1708764483,0.0961439035
0.3205920402,0.2104183585,0.2136391055
0.0882230593,0.7929349897,0.9084744844
0.6720910691,0.4772987042,0.9304375206
0.3098915939,0.8187110854,0.0810401875
0.0951415276,0.1726495859,0.2418574006
0.4016941999,0.2031241516,0.5162458055
0.3259816715,0.8525734900,0.3372511304
0.6588707002,0.7730781756,0.7842672938
0.1185925393,0.5772255653,0.7354766434
0.9217264339,0.8402698729,0.6086513635
0.9534569012,0.9694271872,0.9216703655
0.8256488388,0.8894478038,0.6508965155
0.4522801664,0.8428023641,0.2050034963
0.1104715798,0.0870112437,0.4549395230
0.1822147740,0.1023038565,0.8561858454
0.5080865665,0.2116356103,0.3877628017
0.2511298804,0.6049498186,0.9613000288
0.5230260015,0.9408328157,0.5869490613
0.1217784568,0.3360401021,0.0224143261
0.5755672501,0.9277293009,0.0716424537
0.9824296106,0.8822609385,0.8286971265
0.3311440298,0.1518116913,0.5170104155
0.3330901334,0.3649742870,0.8576265655
0.1364758023,0.8160533778,0.1467049084
0.2396216052,0.4593315443,0.6633902060
0.4088111987,0.3990789586,0.4191708683
0.2125029569,0.0294748763,0.0164318119
0.3980750195,0.5725604500,0.2860509874
0.9474463060,0.9807563872,0.9517292082
0.7288924881,0.1801226404,0.4303539046
0.1366823855,0.0698727375,0.2382716275
0.6094830126,0.8813314587,0.9172306144
0.7699464811,0.7553098815,0.1974881111
0.3163642464,0.5176830823,0.5156191133
0.3390247049,0.3976062379,0.1157957291
0.2447839739,0.4693884374,0.8437258553
0.1362694877,0.3405584702,0.8909457989
0.1601175300,0.2730437785,0.0583310247
0.7695345930,0.2360203723,0.0692036219
0.3265097666,0.7052683570,0.6655958570
0.3003326045,0.5678261484,0.1976182725
0.3273146465,0.4926460536,0.5262265689
0.8745417544,0.8690162218,0.9652369140
0.2943356286,0.8099808769,0.8888193836
0.9631374739,0.7125532758,0.9164294727
0.4915624968,0.2910851446,0.3129795583
0.0146182654,0.1520781170,0.0683374051
0.9114729975,0.4208787857,0.9910812635
0.0431976666,0.4835782374,0.0233013731
0.5949290293,0.3285106862,0.5225918746
0.3326711863,0.3246305225,0.5268996691
0.6806413695,0.5965310043,0.6566798603
0.0891270864,0.4161972643,0.4505257881
0.8660789827,0.5473533926,0.3893379916
0.6869435966,0.8665754915,0.8475064722
0.8628217237,0.2654313767,0.6316373977
0.1636440514,0.8178615268,0.3134382380
0.6864684539,0.5972118215,0.5946122447
0.3211151462,0.3947104278,0.2631403313
0.6085478884,0.1244771459,0.3791188528
0.4708293079,0.5735270867,0.2333291225
0.9356732724,0.9851165852,0.8115867722
0.9269979219,0.5951564151,0.3242914808
0.3479290510,0.8370784526,0.1006353208
0.1953144976,0.3399717487,0.2512964954
0.0574541727,0.7116534390,0.1797048657
0.8675648848,0.2506908983,0.2813833652
0.2992315292,0.1624591936,0.0584745734
0.2634178365,0.7199454600,0.1943965860
0.7638944700,0.3270012413,0.0246720528
0.9776948796,0.9079319196,0.9209405228
0.3325421685,0.4800261157,0.5168305080
0.2189444997,0.3156713193,0.0232135224
0.3899096751,0.3799414673,0.9176779225
0.4740221993,0.0299825329,0.0309041043
0.5035424916,0.4705041957,0.4770425061
0.8981202324,0.2516967397,0.7376205320
0.6179341027,0.8392375306,0.3884610304
0.4205882416,0.5867879207,0.4360417733
0.9515017330,0.4307478761,0.6969449993
0.6650892764,0.7772275184,0.8741661924
0.1265770340,0.0177053258,0.0116439486
0.3724671027,0.0804031650,0.3639728431
0.8090068757,0.6529520618,0.7147096914
0.5358286194,0.5685097211,0.5275871399
0.3855510671,0.7591990703,0.8055552989
0.9857900896,0.9816403605,0.9440043592
0.1491560237,0.9949958824,0.9087523898
0.0785562988,0.4322472283,0.1040356333
0.0630113654,0.3773505235,0.0357684774
0.8199096528,0.4515992597,0.3782889037
0.1311952634,0.0006823838,0.3768015084
0.4616850230,0.4302023569,0.6386339431
0.9377350673,0.8033446936,0.5124290482
0.2477729203,0.2026958581,0.2634985560
0.9520209234,0.2527764871,0.5089302778
0.5351445621,0.8371544708,0.5263116897
0.2216037626,0.9655091367,0.3814357193
0.9991111526,0.4557752709,0.9070143563
0.5623656079,0.8600780929,0.4193076254
0.6291051845,0.9923246356,0.6876516751
0.9804854327,0.5017634070,0.6870145270
0.8483615545,0.7706885951,0.6878373596
0.7109269402,0.4436958866,0.2410781742
0.6310414479,0.2310977434,0.4854828852
0.3415532346,0.0701828891,0.3966268222
0.5415343853,0.9817218631,0.8855043870
0.4995924823,0.7350484660,0.9908024857
0.5435593110,0.6491795031,0.6364835288
0.0972163158,0.6654903617,0.2778787716
0.1624552752,0.2416704542,0.4785515110
0.9054116273,0.9209645491,0.2920912249
0.2800602947,0.7159280557,0.0161567491
0.8966638566,0.2587504380,0.0338939480
0.8683210614,0.6299968782,0.9113509525
0.0839353065,0.0296276941,0.0467596719
0.1610320652,0.5788236684,0.8692447438
0.5118936971,0.4109476171,0.3664775964
0.9566196891,0.9706044126,0.4636569674
0.4280213638,0.6761434505,0.2997427917
0.6861517637,0.3245558970,0.7819628566
0.6221853067,0.8873969510,0.6981806678
0.7918249615,0.7974101634,0.8457407712
0.6640054856,0.9190846697,0.8622750508
0.2621022432,0.8866666897,0.7794771761
0.5801288899,0.2697073419,0.9603184870
0.1512322553,0.2464624616,0.5128308449
0.6275546523,0.5084672940,0.4367365406
0.3902084727,0.5583770928,0.9952975502
0.0937350029,0.0816001599,0.0959836916
0.3989376025,0.4230840986,0.7798739987
0.6000464214,0.4832888849,0.4940711169
0.4187451680,0.7451591950,0.8038681332
0.1402837247,0.1549967209,0.0590869531
0.5428835169,0.6213465142,0.4431401852
0.7230532096,0.5849403573,0.4255999513
0.6407977846,0.1316500372,0.5336991925
0.7199133256,0.7399433080,0.8396992449
0.3179848176,0.0118231642,0.2090804042
0.2502398767,0.0317472398,0.0914115064
0.1487714522,0.6019024675,0.4720959987
0.8108055094,0.8453570027,0.9362660870
0.2787006118,0.4171882461,0.5575179537
0.0012315594,0.0614623421,0.2815676780
0.2082435206,0.7241373958,0.6686092384
0.3635649371,0.6663970220,0.8454308673
0.8081495081,0.1100029450,0.8482980822
0.8249890776,0.6223877232,0.7247716644
0.6638088179,0.5230121887,0.6303540561
0.7132259042,0.1297586434,0.0394130776
0.3529687079,0.3462953781,0.1411907860
0.7210978517,0.2153248634,0.7841155050
0.0697710618,0.0438711831,0.0877034228
0.3001307637,0.7047034633,0.4125560735
0.5013042079,0.2679970284,0.6235380975
0.8498493849,0.8263686901,0.9081455994
0.8268669846,0.8262118573,0.3523597825
0.5316739211,0.9954812549,0.6392598118
0.0253385908,0.0637271395,0.2856048722
0.4656834092,0.2751419632,0.3637021097
0.2357651943,0.1245716846,0.8653271728
0.3078239411,0.4648323090,0.6167333251
0.3720455522,0.8017658876,0.4895816161
0.3537984429,0.7811727358,0.8815841873
0.8785471912,0.1661202276,0.9418949176
0.6978141141,0.1135293754,0.3975199655
0.5032518961,0.2021735670,0.3749490421
0.3975569514,0.9314772055,0.5659839359
0.9701905582,0.8427522572,0.5065216321
0.8922178935,0.8039090699,0.8836331431
0.4595898698,0.5338208583,0.4231953418
0.7327302945,0.1364224141,0.6507706804
0.0043258584,0.1271720450,0.1749004632
0.2844853107,0.2030506762,0.4032904465
0.7561360172,0.8859390359,0.3041572161
0.2366514529,0.2807215428,0.9973380657
0.9362566532,0.6351495764,0.4620611105
0.3977623873,0.7572090303,0.1832211072
0.5886101859,0.4253774610,0.1949219934
0.8851958932,0.3955758802,0.7706607062
0.4419827378,0.3005123284,0.7449195660
0.2830341390,0.4374651775,0.6381664929
0.1243326357,0.1030965807,0.0534153124
0.3287611671,0.5398676969,0.5682320120
0.2241794801,0.9288932429,0.5744026452
0.3193604519,0.9831924333,0.4814558539
0.6940023907,0.8147372100,0.3913311310
0.8562438371,0.4918419430,0.9161297047
0.1416838376,0.0991792106,0.1394473899
0.7176664862,0.0737444157,0.6238492796
0.7182942974,0.4534731154,0.2741374826
0.2518103251,0.6074897844,0.9783258443
0.2012494997,0.2344709734,0.2856819007
0.0549733204,0.1057380492,0.4696112614
0.0708877613,0.0801632388,0.5823440808
0.8111978899,0.6173068822,0.9049716506
0.4760004238,0.3942954805,0.9571117143
0.9962410071,0.5248245212,0.4684081061
0.6531998134,0.7402391968,0.7176063144
0.4204102355,0.2852346231,0.9036353477
0.5975890584,0.2794917673,0.5426948248
0.9788418584,0.3766482645,0.9646697238
0.1959028669,0.1404213867,0.1180428881
0.8990364194,0.6998672185,0.1690245211
0.6530939302,0.0041239051,0.3318568202
0.2508032920,0.9426917715,0.9220702845
0.7976024395,0.4891284494,0.2909163519
0.7197286962,0.1913683480,0.5401889589
0.4806937559,0.2281370049,0.1757647638
0.0335770360,0.3466020593,0.0948507934
0.5297306338,0.6035465692,0.6922473439
0.1122513471,0.0092060145,0.3326710390
0.4576979933,0.7413381714,0.4368273030
0.2156881440,0.3140139442,0.8922866745
0.7069910385,0.2095107383,0.4865053512
0.9521122354,0.5251246838,0.2077301412
0.0558516711,0.5381297118,0.4386654607
0.4109358729,0.3301566576,0.9147328296
0.7795548237,0.2329013429,0.5889144686
0.9559249154,0.2919824194,0.6766982305
0.3456168734,0.7176668161,0.7065025442
0.7498314431,0.6525971226,0.6262965315
0.4275696326,0.4690008685,0.2235185154
0.8192777364,0.2592953844,0.3395257030
0.6199985476,0.5589538753,0.4189015324
0.3754199186,0.1513854337,0.7745124285
0.9499694602,0.9728521253,0.9749054751
0.3432539766,0.2568052913,0.7209181822
0.1382024569,0.1513214581,0.8056453515
0.2538353854,0.5152724144,0.0982538395
0.1992028865,0.1233514438,0.0543798423
0.0413231341,0.2410551829,0.4966131101
0.8628331863,0.7955808718,0.2580533856
0.8238779344,0.5668078291,0.3471812279
0.1165041120,0.1039731147,0.1711680721
0.8664257818,0.7853468791,0.9315773326
0.7383939238,0.2567244470,0.1831060209
0.1634629312,0.2095487708,0.7774306410
0.3011427673,0.7604287230,0.3572373899
0.4422307301,0.2285558143,0.5046661244
0.4553659341,0.5562695344,0.5485762283
0.1226259355,0.1744388127,0.3732616309
0.6965214041,0.7161363446,0.3626555691
0.8010822411,0.7678666121,0.0654474042
0.3055717840,0.3120857285,0.5223217406
0.0510410775,0.2859183490,0.7688338294
0.9007248460,0.4194526308,0.9172348026
0.5844213314,0.3619178560,0.5071508553
0.9029993481,0.8227987569,0.8256701555
0.9879957984,0.0067534985,0.1931369610
0.4749921899,0.8848821300,0.2707330101
0.8242751040,0.9318347080,0.7128895457
0.9776603349,0.3671343471,0.7561072859
0.8741807189,0.9708325777,0.5816489778
0.7223663112,0.3977412512,0.4306648655
0.1935486771,0.0777880650,0.0029483154
0.3888041113,0.7217283581,0.6837182866
0.3971064902,0.1835154337,0.0574380631
0.5643363033,0.6150514336,0.5180110518
0.6426273450,0.5975678888,0.7775125064
0.1191983114,0.2012787355,0.0424720400
0.0145894788,0.0143956195,0.4210216649
0.8223136085,0.6585543502,0.3330956539
0.0725695356,0.0603254482,0.3638426704
0.3479840429,0.7112144112,0.4153509030
0.0507414520,0.8376580992,0.4485302323
0.9768133105,0.3115623195,0.0834242118
0.2275335585,0.2357512516,0.5657679096
0.8996561503,0.7508143413,0.4998503061
0.2029887523,0.4111160848,0.5319586979
0.7006919208,0.5690415111,0.6837130838
0.5730884147,0.1164291650,0.1834504049
0.5085878771,0.1585316117,0.7237343782
0.8371407410,0.7086767052,0.6767451372
0.3214901664,0.5670216103,0.3351690576
0.5506616385,0.4130192721,0.2317503632
0.9544717299,0.2230928208,0.7633415844
0.8572844754,0.8388762997,0.9736998202
0.7358508987,0.4175507014,0.3525838082
0.8932219675,0.8990052083,0.8066525612
0.0373369572,0.5421645075,0.1052954181
0.5342686974,0.8727590095,0.4454285734
0.0489230518,0.1884039660,0.1904209145
0.9637760253,0.5975180591,0.9178435820
0.0603566636,0.5904635302,0.1443531613
0.1440036554,0.8779368905,0.7405053418
0.0777651310,0.4118653940,0.4357795446
0.4417885245,0.8023814409,0.6288482578
0.6053908431,0.8777817826,0.0990419510
0.5625864329,0.9609988693,0.7988296474
0.5380914261,0.7018564483,0.8541891676
0.8222212168,0.7859283797,0.6512618210
0.7546638478,0.3939657251,0.1160624111
0.7366635582,0.8485224971,0.7841798740
0.6590141444,0.9132159741,0.6576309587
0.7022117827,0.5636205996,0.7753874662
0.7326492697,0.8725829431,0.7192966254
0.2370363831,0.1317108146,0.9617380667
0.1633887270,0.1669298066,0.7321223780
0.4332612084,0.4559332211,0.7677339259
0.2308010323,0.7880259417,0.7559409774
0.6338991626,0.5243098695,0.0837813670
0.6216684198,0.5259853094,0.0059916664
0.9328093032,0.6363378843,0.9554237690
0.0144925352,0.0508747534,0.5171685639
0.5951917158,0.6351100697,0.2490636760
0.1176594846,0.0002500706,0.0316913850
0.5651578528,0.8281559388,0.2823588757
0.9476578855,0.2719198740,0.6408472118
0.8542506251,0.5055950718,0.8437342725
0.6032842273,0.6198855340,0.4728975809
0.9091819496,0.2192484762,0.9318602236
0.9312330095,0.4015035227,0.7105735855
0.2153725251,0.0553742768,0.4908656626
0.0975366700,0.4354276989,0.4903223808
0.9354649698,0.9279446399,0.6629034916
0.1803877044,0.5182745935,0.7594498539
0.5347999192,0.4436303742,0.5306400410
0.7879114904,0.8971915307,0.8432379817
0.8061509485,0.8881997954,0.9700251780
0.6198377715,0.7964013286,0.6867234943
0.2139430816,0.1578483150,0.0829256141
0.9085717627,0.8814016603,0.3957594435
0.1896823483,0.8471898753,0.5879106693
0.5418380508,0.7267543859,0.8902293772
0.9220833658,0.0605447926,0.3855057778
0.7646386832,0.0560992735,0.7417971853
0.7430497535,0.7928536336,0.9185078461
0.1574258586,0.3334925898,0.3859138071
0.3612336192,0.4924071065,0.8034006262
0.7331204085,0.8616875095,0.5060320790
0.1637103576,0.7516682023,0.3098032097
0.2251090318,0.3011496153,0.0783764406
0.6091987644,0.7901911875,0.8010205511
0.7512231363,0.6878485570,0.2327114490
0.1604085619,0.1639038535,0.9709990388
0.4099579396,0.5397553339,0.2566137474
0.1074851459,0.1323074678,0.6826792353
0.5731956227,0.0041641719,0.1371106423
0.2625106210,0.1081982509,0.6694637111
0.9098302155,0.6388162348,0.2175221451
0.9411732099,0.9153463671,0.9727107860
0.4694513013,0.3778971245,0.9891844604
0.3316303079,0.7155200728,0.4305713408
0.6385402564,0.2657120432,0.0932456995
0.6229952989,0.3195128240,0.4692835437
0.6720825382,0.6246867406,0.3924216528
0.2836151281,0.2804426675,0.2564840031
0.7297598382,0.4701662864,0.2702915693
0.3839968906,0.5116354186,0.5772388551
0.4200812371,0.5431119212,0.1009184351
0.7950616188,0.9416595070,0.5988848922
0.5051855094,0.8723154215,0.6293680692
0.8366686768,0.3035555970,0.5683248560
0.8537834691,0.8434753386,0.8676876525
0.9394759863,0.7932007029,0.4330677353
0.6434059844,0.5729607275,0.9332371999
0.5306606599,0.0182600206,0.4074326399
0.3398904723,0.7976085722,0.0881204483
0.9056922032,0.5920284803,0.0324154341
0.3041678601,0.3524452762,0.2668645088
0.0232423076,0.2096592952,0.2724333623
0.5676608783,0.3220832136,0.5160262367
0.6162849405,0.3114341010,0.4001528101
0.9478148568,0.1770432754,0.2030739062
0.2927726881,0.1240732589,0.9584894570
0.2749555961,0.9397261409,0.0981855408
0.8531166894,0.7857598726,0.3417068005
0.0288158014,0.5694643277,0.3890130104
0.9334246035,0.7406919623,0.5757606386
0.4560887389,0.9608002399,0.6859696262
0.6487356097,0.3327888801,0.5362139514
0.7568545389,0.2736989023,0.5678017606
0.3588053116,0.8011335603,0.8624836023
0.0543468855,0.8391811788,0.4628290546
0.1536483464,0.0729170774,0.4722063909
0.1070411518,0.2079122892,0.1176838420
0.5426769274,0.2592971324,0.6486747323
0.6932260014,0.8538682573,0.5564642539
0.7358260244,0.2373111391,0.0753242312
0.2288416482,0.1599067772,0.7784158680
0.8112496315,0.9767263997,0.6430178985
0.0370856617,0.5206067885,0.6546136541
0.7774591109,0.9448974582,0.7642371097
0.1351349207,0.0611142973,0.7195696775
0.2250329916,0.2785820768,0.0617772573
0.5029413264,0.7970903462,0.4867714858
0.5418607494,0.0660408083,0.5475782085
0.0297370653,0.8835289343,0.2756233854
0.5296515968,0.9818666513,0.8236152300
0.6794376880,0.4927421245,0.6946305092
0.7330718154,0.9250650238,0.0631791973
0.7858281443,0.5811916465,0.8938784534
0.0199011500,0.4214979472,0.0072137752
0.3296503873,0.7026540712,0.2304123313
0.9385477413,0.8617436282,0.9030300869
0.7266815619,0.9357330388,0.4687469808
0.5658424952,0.4260504520,0.5795464978
0.0730624788,0.4260591401,0.3920291380
0.9501784208,0.8318065714,0.4432218056
0.8357698611,0.2679816086,0.3751120556
0.2090805637,0.2528277662,0.1048816254
0.7709237494,0.4413919866,0.1770158723
0.4136665310,0.8689562585,0.9836019581
0.4857969960,0.7824925628,0.7701568289
0.0625617049,0.7931757076,0.2369044417
0.5870630524,0.5837574162,0.1410083509
0.7062977931,0.4360800304,0.9393581825
0.2936135184,0.0796654625,0.3386100099
0.6369049302,0.9429429635,0.2876744244
0.0562517690,0.3537868759,0.0548605178
0.3294065688,0.4211265424,0.4196230828
0.4317345195,0.0005911142,0.1562190210
0.6059244891,0.8489830792,0.2175131605
0.7262056082,0.7101752117,0.8308168340
0.7453236495,0.7428365106,0.5166240971
0.8331978888,0.7911320866,0.6101936626
0.4683077845,0.2746147202,0.1867561120
0.6882079079,0.1056238632,0.6898564933
0.4218995113,0.4006206715,0.8179663091
0.8411923638,0.5353375985,0.2766815622
0.1999170675,0.7488101102,0.4743737000
0.0367255352,0.3470181030,0.2478455544
0.3414390006,0.6897954071,0.9582829601
0.6040319471,0.8311627536,0.8095162693
0.2261662518,0.3535218480,0.6029397391
0.9195401387,0.6946159262,0.8155945374
0.4158774901,0.3768770200,0.2595078720
0.2257548924,0.0943297201,0.4339054031
0.3548866688,0.3307454679,0.5407098180
0.5486581967,0.3156137964,0.9848136634
0.6089856257,0.3990680219,0.4168973193
0.0021070364,0.3259660670,0.0370425928
0.9790101026,0.9017412616,0.9562661289
0.9731658922,0.8883490994,0.8343580812
0.7035437370,0.6589636947,0.6397501134
0.8067425792,0.5565457818,0.3441369681
0.2789134189,0.1258977773,0.6759578891
0.6698224724,0.9604320938,0.8029084905
0.6634907039,0.2597099912,0.5146115596
0.3460923996,0.3125433788,0.2142977157
0.5558759215,0.3091369237,0.6380022066
0.0698751750,0.6214096468,0.6946423506
0.3408192851,0.3910807810,0.8010671178
0.6432243467,0.1748419690,0.7702507453
0.0955854652,0.8275914434,0.9312326585
0.3375920262,0.7479767513,0.8107856360
0.0393968938,0.0482664949,0.1277101358
0.9074883275,0.4796407674,0.2837144726
0.8182843888,0.9188464550,0.6943500288
0.9524535994,0.8028675832,0.8554808421
0.3413980069,0.2890505974,0.1295071958
0.4212075615,0.6467016290,0.5015795588
0.6388088944,0.7735709313,0.2235331757
0.8977881558,0.5328688813,0.8479721059
0.5061365239,0.3489683894,0.1167913522
0.9812181716,0.8354576860,0.6968741936
0.3308212434,0.1123436903,0.1540150825
0.5273156203,0.7450635350,0.2824059764
0.6228302098,0.1607445361,0.7997231856
0.0891181421,0.3041570414,0.0243575463
0.5252036076,0.5396371368,0.2965570244
0.9462584085,0.5133036028,0.6507758505
0.3445067825,0.9337245649,0.3388979669
0.6950377557,0.4052047298,0.7833792701
0.1658216870,0.6435563404,0.6522146143
0.7449752153,0.5144789923,0.5517982292
0.6246678251,0.3424175410,0.0238725781
0.8208696848,0.5925324990,0.6545816377
0.5074719322,0.9914308049,0.5767561619
0.4544382832,0.7323897550,0.3133715036
0.2947732087,0.6925059034,0.8966690367
0.3275182716,0.8117511090,0.3063969537
0.8609895036,0.7275060487,0.3552778839
0.8332892925,0.3735105217,0.4403269199
0.7959390192,0.4096930264,0.1770934521
0.0693275825,0.2591031304,0.0818231232
0.0628944719,0.3865077811,0.1523460425
0.4291732955,0.5555691983,0.8471248147
0.3184606904,0.6308432861,0.2057981947
0.4428615791,0.7701976930,0.5261953934
0.2150132320,0.8756269345,0.6777870340
0.5830681863,0.0608476834,0.3516816625
0.1773484467,0.1479404666,0.1897836003
0.8904963904,0.4071433119,0.2407865565
0.8304794428,0.5386273896,0.9727430071
0.5511507942,0.0735600482,0.3433963631
0.3006535568,0.5237748552,0.2338914730
0.3027376148,0.7699970626,0.2943274174
0.9156591438,0.3656013946,0.2839769125
0.5140162437,0.1721262277,0.4056452722
0.8814808610,0.4882213281,0.2969914162
0.7288979344,0.1753744351,0.8516343626
0.0233983823,0.0087556749,0.0779622172
0.8876428643,0.2368259250,0.3073918153
0.1734983106,0.1508062288,0.1654288777
0.6415321274,0.6992179452,0.8160595507
0.8004096916,0.3373103761,0.6965878957
0.9665675267,0.0021685284,0.0572732796
0.3513320738,0.4589527992,0.4214633696
0.9395106539,0.9835106857,0.7480625985
0.8513501294,0.8555390444,0.8948165641
0.9485504494,0.6363442578,0.2441870258
0.2195043126,0.1313669692,0.4329195027
0.5073754283,0.2894463232,0.4764113772
0.7622903455,0.8006055456,0.7701871457
0.8373811898,0.2996603434,0.5398421939
0.8687960929,0.2033525921,0.5705928750
0.5788752542,0.6551795252,0.6939886142
0.3920779261,0.8448134331,0.5956571639
0.3171880832,0.8093416326,0.5471336045
0.3701588025,0.3543632907,0.3479170036
0.8033381785,0.4454706434,0.5031414872
0.1515731176,0.2703802535,0.1851973691
0.9144218954,0.6893967631,0.9177613595
0.2113502746,0.1237955805,0.2004609695
0.4324441732,0.7874886352,0.8975515621
0.1503154770,0.1906536434,0.3286215015
0.6492082304,0.6815764146,0.5279607537
0.2062123656,0.8667062046,0.4380729972
0.8078499575,0.8954416601,0.9833546088
0.2095955887,0.6489674072,0.5814873634
0.1391536416,0.7850530496,0.2662287380
0.7548471987,0.0727522358,0.1504349200
0.5609640178,0.7387365688,0.1339930485
0.7894666665,0.1864830443,0.6040133146
0.5424685031,0.4128587202,0.1981799289
0.5752587104,0.2824972829,0.9660431031
0.9206616706,0.1825838169,0.4529751285
0.6976072969,0.1335723337,0.6339222488
0.2354866387,0.9647774679,0.1962902235
0.5945609099,0.9090531750,0.7024393839
0.5192867842,0.4009843295,0.1167202261
0.1168229335,0.2595696880,0.1420118756
0.8719555898,0.8614658461,0.5945322851
0.1770475962,0.7019839361,0.2860114561
0.0718982538,0.1662877241,0.4464651567
0.5063812105,0.2872478278,0.2937147667
0.5161950505,0.0987190914,0.2842411280
0.9462790962,0.9260549667,0.6581082671
0.8634627709,0.9476832750,0.6525897738
0.2213521554,0.4039520257,0.9644087950
0.1298216935,0.4605842621,0.0779022262
0.2901198790,0.1257912963,0.2535407075
0.2079367448,0.2802059010,0.2372131188
0.5035672542,0.7374105431,0.3050608874
0.7115857542,0.5313192945,0.6810062016
0.5005092184,0.4630132558,0.5954093061
0.4716610362,0.5535526084,0.2501749634
0.0132194969,0.5768386628,0.0269482619
0.9767369575,0.7691356572,0.5645966395
0.9599630554,0.6403330743,0.9145058006
0.5898769154,0.7339337977,0.7405248827
0.0090199047,0.5278240266,0.0306345457
0.2279444949,0.0026235627,0.0602273024
0.8544301944,0.9865223019,0.8267924954
0.4029664601,0.7673973384,0.0356671048
0.7893342530,0.9172810176,0.3352610175
0.5351242304,0.0623024212,0.0207538441
0.3868750862,0.0576104707,0.8740482069
0.6319422405,0.4061767693,0.0074548316
0.3743526540,0.4692046500,0.6146841672
0.3521187379,0.8144434320,0.0882935922
0.0075125616,0.0849252459,0.6952507351
0.3638825694,0.6937319861,0.8137348663
0.9765486461,0.6163047661,0.8568656129
0.6891872704,0.8203511981,0.2527087327
0.7229338730,0.5541848190,0.4954576470
0.9991267639,0.1184137628,0.3565700806
0.4200711711,0.6474765447,0.8044218077
0.1589492355,0.9804780477,0.0260601411
0.5111041823,0.7552354866,0.4605284083
0.8143765807,0.8362595207,0.9856945791
0.9579034471,0.2826590990,0.8638700263
0.4486725879,0.6376712757,0.6151643336
0.0984575208,0.7013340126,0.0457494225
0.9440474131,0.5522842852,0.7913305575
0.8869278194,0.4792890266,0.7851438490
0.9825349566,0.9200286866,0.7449780967
0.5832201766,0.4726733367,0.2488127707
0.0798008922,0.2982915747,0.8529221699
0.5891259802,0.1549796738,0.0581265210
0.6383257229,0.1998059992,0.9864522358
0.0135175058,0.1400651127,0.1345769526
0.1140364517,0.1253501129,0.3828743673
0.7103500104,0.2103300965,0.3827807702
0.5552408603,0.4276317570,0.6981373987
0.5187420123,0.8926041166,0.7776144688
0.5878101107,0.7413300294,0.9137739540
0.2333032619,0.5095951917,0.1677175171
0.0717803750,0.9137078003,0.3930828018
0.4825876896,0.2210085298,0.5221896539
0.4026746966,0.3298480480,0.4224667989
0.1623696982,0.2411354264,0.1741528843
0.7588094323,0.9844264712,0.4528093520
0.7825959870,0.2029314392,0.7277713764
0.5672007489,0.9065368727,0.8700259977
0.9581357484,0.5422807206,0.9332515866
0.6494600805,0.5419880895,0.8042083512
0.3706901469,0.0846919643,0.7056826677
0.3494345646,0.2721864121,0.9676712037
0.0430161973,0.3005958937,0.2516680717
0.8873870142,0.5412691958,0.3821455980
0.1492738387,0.9008964863,0.6914725973
0.7531862253,0.9970873388,0.4861976723
0.7992056433,0.8933906322,0.9603528253
0.6305977762,0.9197444762,0.6727279600
0.9217352778,0.6362677643,0.6775112325
0.6652061518,0.4914612914,0.7098198942
0.3230399458,0.2197949583,0.3302814190
0.5474216022,0.7570949387,0.7102064366
0.0743438722,0.3434645263,0.5794966330
0.3211056797,0.1862382012,0.4090341572
0.7322639539,0.4323910189,0.5859632999
0.4107228494,0.6245206659,0.3838797841
0.8021439033,0.5629483509,0.5839428577
0.9394746189,0.7671706112,0.2976610994
0.7806650673,0.4311425646,0.9075349113
0.8428375581,0.1689334663,0.1439943902
0.7353464657,0.6781186291,0.9707822960
0.4518936991,0.0621312208,0.4728628256
0.3366202028,0.1843338862,0.7307255926
0.3178563856,0.0045983129,0.0313922641
0.5084519972,0.6836883338,0.2689168684
0.3805124924,0.2573080888,0.5262213796
0.7134936950,0.4124956399,0.3905850592
0.7913438626,0.2196249525,0.3677242447
0.1656118883,0.1974348570,0.6531570303
0.1322128179,0.9077225841,0.7272555628
0.4813913630,0.3892652573,0.9142607626
0.7321736083,0.9032346830,0.7030608290
0.7289220043,0.7426057425,0.7684203845
0.3774131524,0.2569988419,0.1072485420
0.5931530018,0.3570728910,0.9476839388
0.1109512184,0.0745604367,0.0384215684
0.6229553700,0.6665156837,0.7313024954
0.7312294292,0.3392651615,0.6909726454
0.7655463527,0.0686617001,0.6875767938
0.6382758951,0.8185873452,0.0392666735
0.3016763618,0.7236022246,0.7728740415
0.2146914673,0.0982320397,0.1890666591
0.9662684290,0.5226061705,0.0698156066
0.5451751810,0.3179924525,0.4970686610
0.0868195397,0.3539579275,0.0830615506
0.2134798667,0.0273836204,0.0533042885
0.6523423391,0.8185365637,0.3446075873
0.9047803300,0.7269771694,0.6311735909
0.2663872005,0.5793877180,0.1492499896
0.4115089308,0.8818749113,0.1565656034
0.5611717738,0.1916950786,0.3551537071
0.5963290334,0.9806568523,0.2792475025
0.1009702349,0.7799913519,0.5548764940
0.5980521071,0.8785292781,0.7068161350
0.1426951039,0.6649149606,0.2117465089
0.2080458971,0.0332042763,0.3317434626
0.2808221209,0.0783169821,0.1138625610
0.9075769660,0.3483893289,0.6363003032
0.9708996592,0.9162180163,0.5152812759
0.4689948024,0.4444375105,0.5544893620
0.9073863424,0.9258292466,0.6971384348
0.3946885033,0.1589355766,0.8593022062
0.7974160190,0.8463780233,0.1315628069
0.3073243496,0.6231027969,0.0851524344
0.7627512983,0.9663646543,0.6449609762
0.9983424192,0.7656144167,0.9631082625
0.9234252949,0.3118999296,0.5934542917
0.1211916366,0.7698380741,0.6281300235
0.4139269642,0.4678900677,0.2420799061
0.9377384939,0.1498102035,0.2492539521
0.1421775474,0.0756793865,0.1516994181
0.3976643972,0.5992906091,0.2039013989
0.9347039991,0.9490581605,0.9286958405
0.8106193190,0.1141612023,0.3212878779
0.8399854363,0.9927121756,0.8065425203
0.5429029256,0.0591661164,0.5873593956
0.6241419009,0.8622914562,0.3645358042
0.7381153496,0.1379883516,0.2377374139
0.0948519566,0.3040013326,0.6087117871
0.0695920904,0.4265258469,0.1437125589
0.7587940709,0.3791328101,0.1170345499
0.2483134100,0.4053149472,0.3042749060
0.2106705789,0.3077268433,0.3263572668
0.0221157767,0.4010849359,0.8263861633
0.6770083114,0.0993139892,0.1076562404
0.6632468846,0.8130906911,0.5558677882
0.6333547962,0.7173858657,0.6334378753
0.4609232167,0.2799127948,0.0649285088
0.6823592790,0.4442065924,0.5574139552
0.8174858041,0.4589714182,0.3886311896
0.5269684208,0.4447049331,0.5678103467
0.2613830830,0.5429998404,0.9409511424
0.9086261859,0.1412773665,0.4815190894
0.4170483240,0.3100927481,0.3956609149
0.0038112948,0.0959850944,0.0073266263
0.0039632506,0.2650095573,0.1494099521
0.4405481060,0.1557651309,0.3920932549
0.0328657645,0.1174336954,0.2329973802
0.9923381875,0.7796124931,0.8853498805
0.7454307529,0.7446676700,0.9701802912
0.9808752871,0.7833199217,0.2346863830
0.9962958398,0.4584976329,0.3576038733
0.1635147942,0.7813357270,0.3933618292
0.9820771757,0.6013383131,0.9459378002
0.0086735704,0.1077510013,0.1902912491
0.5531916038,0.3881980051,0.8743472382
0.6295549329,0.8281842507,0.6870934444
0.8211896165,0.3769966711,0.2970485705
0.2848588141,0.8956648030,0.6382102923
0.8707843921,0.8530250030,0.5745113055
0.1881761463,0.2070577621,0.1228024495
0.0202570888,0.0670572373,0.8346909502
0.6557307677,0.4444572959,0.8877064405
0.5391538266,0.4320735706,0.5952652510
0.6226607042,0.5504643380,0.2774427013
0.4921105460,0.5893081934,0.4765255346
0.7763512005,0.7892677996,0.3020550771
0.3605672856,0.6488309602,0.3418909387
0.3208383995,0.8832274066,0.3313566859
0.0879220931,0.5116430716,0.5477472676
0.6975276736,0.9061712755,0.4757695137
0.6703298846,0.7613100549,0.7229291224
0.8188799214,0.1243497184,0.1799772125
0.5102947197,0.5937273359,0.9316627780
0.1111006119,0.3851995470,0.0152980825
0.1211736607,0.0307326568,0.6983531473
0.8270612760,0.3445956618,0.1601105526
0.2522378161,0.3372794395,0.1238077583
0.0438982152,0.0534624193,0.5588048088
0.0270329516,0.1714727137,0.8826822186
0.6656131608,0.2113788503,0.6986144907
0.5222850826,0.9198734775,0.6905533677
0.5571689514,0.8526549407,0.0698493487
0.2238769757,0.7269059331,0.8486026602
0.2667510687,0.7726075381,0.1805962287
0.7268733658,0.9569763193,0.3508332672
0.8645270985,0.4774851327,0.5208882599
0.0918629212,0.0728961508,0.3955402985
0.1252686353,0.3251299279,0.5979145043
0.2723591668,0.7784889424,0.3221652288
0.3896158793,0.3996956376,0.4636762847
0.1536510065,0.1483570223,0.0996497808
0.4827584111,0.5815713916,0.0323481811
0.7985894929,0.3861822683,0.2567403085
0.3896159498,0.6338489068,0.9661077102
0.7551034626,0.9433102110,0.6061162478
0.8213779470,0.8711253752,0.7004261917
0.1975674115,0.7612206035,0.8293315935
0.0932957464,0.0315899350,0.5158704796
0.4991240752,0.9740017279,0.8607773778
0.3293898596,0.8392594563,0.8630059042
0.4241821718,0.2357120415,0.1687126795
0.8789579091,0.6029034018,0.5763083665
0.1730367719,0.8082153372,0.9742577872
0.2802362886,0.8359778950,0.7308815093
0.4946828721,0.0758071981,0.1299713030
0.5300260631,0.5332944501,0.6583711807
0.4267573877,0.3377205701,0.7105896273
0.8512583466,0.6989591122,0.9001243026
0.4360108419,0.9928954620,0.9912580042
0.2887661503,0.3772403320,0.6402877658
0.1744672815,0.6995240795,0.6243162124
0.9300182304,0.8869763155,0.7255678086
0.7540913592,0.3783884381,0.8750654251
0.8972086379,0.4101254477,0.5250438064
0.2322752250,0.0019570370,0.0611609339
0.6166355297,0.9931187201,0.1470247065
0.4365181610,0.0244095151,0.0247075061
0.6438746366,0.0152182841,0.5930694792
0.3641896542,0.7733821433,0.8209842004
0.1642949966,0.3707851273,0.1840015346
0.4392392600,0.4665808349,0.4086688695
0.6273481285,0.9374263382,0.5862486758
0.4737256659,0.2954209787,0.4171845189
0.9238276911,0.8631543169,0.7807602782
0.4115030350,0.4082718314,0.1778754405
0.6344253101,0.6421809274,0.6790289631
0.7579394657,0.6831793383,0.6327978424
0.6953205793,0.7441528381,0.7741570374
0.3619243016,0.7668738768,0.4283062235
0.0347229970,0.0789607391,0.0111362868
0.2706292129,0.1552733856,0.5032852692
0.4146921245,0.1201705896,0.1760476298
0.1355615674,0.3285050282,0.1781967784
0.5748267192,0.9512847093,0.4580091255
0.4108272419,0.3992171068,0.0096971173
0.4253619152,0.6452310652,0.9130296411
0.1463510306,0.7907060290,0.0097133278
0.9589471497,0.0829331342,0.3631974723
0.3625606809,0.3858657275,0.4469307498
0.6938441402,0.3921256480,0.8754291319
0.6214940910,0.4665755064,0.4941905093
0.2496833289,0.0213303005,0.2539218604
0.2822269267,0.2375682236,0.1037748514
0.7039969822,0.8424929641,0.9330256010
0.5189018087,0.9707162310,0.5363999190
0.3377607844,0.0884620224,0.6760346271
0.0366752791,0.0894561074,0.0709786881
0.9055984918,0.5314945475,0.3995659330
0.5083928818,0.4067718950,0.1474094270
0.2022368970,0.4293218149,0.3702255444
0.3713746121,0.7964880570,0.6081552091
0.6615990606,0.2713196143,0.6325588415
0.6493721469,0.5800278716,0.2983974055
0.9329979797,0.6908543580,0.7923213844
0.9568367973,0.5694757270,0.7742449083
0.1307008555,0.1442620658,0.0615609223
0.5598001543,0.1400121973,0.8713762458
0.8541595233,0.2248818127,0.3835482682
0.8413906097,0.9999179246,0.9475948158
0.2927633179,0.2647969922,0.3099242720
0.4916422957,0.2598460116,0.4845246335
0.4773303619,0.8560199208,0.2325515578
0.7808731817,0.4812775711,0.5242721917
0.6672264107,0.6908791455,0.9771767672
0.5721970570,0.3022780380,0.2544959102
0.5623568028,0.2251411893,0.5131995064
0.4686050115,0.0518040674,0.0429914580
0.6192812112,0.8589653459,0.0174780248
0.4984138753,0.7223960883,0.4618986572
0.3503172746,0.1966473998,0.5989483268
0.4895039959,0.7891249730,0.4618499914
0.8427443513,0.5116913856,0.7167458938
0.5763136975,0.1522335548,0.5367188296
0.6563368685,0.5604352493,0.4237198524
0.0223158584,0.6193313614,0.4110438591
0.5679631977,0.6511563070,0.7420607113
0.0516353445,0.0422148732,0.0089579920
0.0649718456,0.5222408943,0.8133894263
0.9513825724,0.3935560516,0.5832299124
0.6054122613,0.6653580130,0.6342088660
0.2298551880,0.2334979335,0.6039728337
0.1186631318,0.0842308528,0.9460035166
0.8616201585,0.4615998671,0.9538920708
0.1724505938,0.0790460944,0.0440172897
0.4815582500,0.5728533773,0.9735191627
0.1024808334,0.0185840858,0.1220154958
0.1721919462,0.0078447821,0.0341246422
0.7013313645,0.7405072023,0.7736405451
0.0008672142,0.0103938378,0.2670602392
0.9508021917,0.5973929668,0.4362711610
0.6152283594,0.9412471866,0.3890033565
0.8072782404,0.4817315004,0.8906247379
0.5166051959,0.4869243065,0.7227584370
0.2082020368,0.4972980901,0.4384009974
0.8721771173,0.7721278723,0.9614086421
0.5564230688,0.8791115892,0.3877437173
0.4327525551,0.9535249760,0.9452380598
0.8153239810,0.9085428366,0.3491668800
0.2052292565,0.8717409066,0.7195014827
0.6365488377,0.2924599310,0.6265266297
0.2634295577,0.5547008420,0.5440484570
0.5514071217,0.9566249562,0.9653246327
0.3681131480,0.2816192773,0.2301403776
0.1333196881,0.1590789766,0.0880133246
0.4286280706,0.1785480334,0.6694530688
0.5225228746,0.6583640283,0.1737475117
0.1452665605,0.8966482227,0.6846693045
0.8496247189,0.9255976577,0.6275082919
0.3634388934,0.6839993683,0.3351749543
0.3788529827,0.0460772543,0.0781568913
0.8428523290,0.7748252080,0.7314659309
0.2936571177,0.5102270274,0.8985676519
0.1024319655,0.3226609223,0.4288848604
0.7741031760,0.3439633009,0.5714809177
0.0737970897,0.2006217877,0.1218255453
0.9501372154,0.5858541069,0.7829068434
0.0223879204,0.5701415767,0.4801070869
0.1903879097,0.8689143299,0.7227393229
0.5546087024,0.8428899582,0.7375604266
0.7488631327,0.4519698812,0.4377840893
0.6790639124,0.2371804884,0.0378088249
0.3273037086,0.8944533974,0.6658268776
0.2446215783,0.6261938806,0.6780245850
0.2331544663,0.1096519890,0.0540232406
0.3189424487,0.2677771159,0.1963070268
0.3650533177,0.6004119784,0.6279070151
0.3453950166,0.0601921663,0.6146143535
0.4465470837,0.5641248212,0.4262119761
0.1871006926,0.5390240176,0.1687229529
0.8078223982,0.1683933424,0.4747721985
0.2943732940,0.2840867564,0.1482482668
0.2221171805,0.5206391703,0.3278058540
0.2293850043,0.3804856375,0.6576900517
0.6503161036,0.9722804036,0.3638031448
0.2635599166,0.4921225378,0.2255141852
0.6739997572,0.2563713205,0.7028033597
0.0497436065,0.3033164164,0.1620730445
0.3940268028,0.2411971843,0.1712967069
0.4140939939,0.8001291827,0.1234720370
0.2702936387,0.7443324237,0.0470398906
0.1649578402,0.5717738478,0.8343279487
0.5530368294,0.9007847646,0.6216628635
0.0678280285,0.0072681755,0.0149968631
0.1787100057,0.5715040431,0.4078382307
0.8262586175,0.4999540147,0.4041822165
0.5943794439,0.2997379882,0.8501939097
0.0057599421,0.6066733575,0.9333825589
0.3248951920,0.2525165351,0.0846084605
0.6668287163,0.3085735388,0.6778676322
0.8545468601,0.5424784781,0.3869912535
0.9749885990,0.3104862316,0.1842113531
0.0096026215,0.1693304014,0.1251421616
0.2272705096,0.2535373643,0.6026725537
0.3654777075,0.8349200846,0.9677859337
0.6532901381,0.4818716903,0.6148987549
0.7406190224,0.1690823363,0.5309894265
0.0385428514,0.1112619074,0.2511898593
0.3283825254,0.4348676292,0.7905609016
0.4805448391,0.6018785085,0.5632965534
0.7666333653,0.9849705602,0.3879586053
0.4533805467,0.9447957915,0.9856881118
0.3128263279,0.3135278607,0.3355550419
0.6353121710,0.2128763760,0.0386384514
0.4536736762,0.2796746960,0.5171127928
0.8299781220,0.4863790187,0.9145509879
0.6335393428,0.8473008879,0.4014057244
0.7473204505,0.6273928114,0.4612829741
0.7939944538,0.1161861663,0.6177498148
0.4660008524,0.8716392520,0.3991340662
0.4411586489,0.7848568237,0.2849002363
0.3205328575,0.2386992492,0.6346332441
0.0574412391,0.3137527287,0.0417987199
0.0717765380,0.8046344720,0.7404148728
0.3904507502,0.7195435029,0.5763687848
0.7305935950,0.8921086677,0.3828028905
0.2129885347,0.6634188297,0.5657956535
0.6217573762,0.3989063523,0.8691167066
0.7968150521,0.0722472599,0.0356022256
0.1082930054,0.1731812497,0.8191014229
0.5842249524,0.2242311617,0.2579335742
0.4620500026,0.2659216811,0.1527766294
0.2826725339,0.1522015343,0.8496693814
0.0700275465,0.0156911364,0.4412968429
0.6277028278,0.2876108839,0.4339430010
0.5253865619,0.2623946384,0.3483017018
0.6707310426,0.5929963336,0.2935470605
0.6373276913,0.6229943268,0.1761104352
0.1316639574,0.1275343383,0.4382832477
0.9128034448,0.5528945211,0.4552924297
0.3096600532,0.2554321803,0.2988566473
0.7786307420,0.0010728259,0.0854293236
0.2482278096,0.2889653785,0.2790170820
0.9168664163,0.4167079641,0.4675891733
0.5510829658,0.6726151712,0.2156294029
0.8947604464,0.9622221127,0.7086218240
0.4287739523,0.8596698693,0.3355184761
0.2941579790,0.2122797229,0.0034029815
0.1104106097,0.1971238013,0.7643609804
0.1651226571,0.4303483420,0.4798072427
0.8254849459,0.7467705478,0.6866570829
0.2090778369,0.4175163936,0.9380073453
0.0984705161,0.4792126313,0.3779874810
0.0600346712,0.6427353959,0.0370368358
0.2776879517,0.4335901673,0.5507198834
0.8517377508,0.7374717148,0.5519610065
0.9162270590,0.0311200467,0.2314341792
0.3251254466,0.0399930251,0.4637815397
0.0209320573,0.4086131658,0.0601435127
0.7133152858,0.0623128416,0.1583110329
0.6344980898,0.1302664291,0.0399102777
0.0469153941,0.8452106332,0.9452753326
0.5182098836,0.8242041953,0.2660173046
0.9700682578,0.3681420475,0.9669484498
0.5107285568,0.0861496361,0.3686472274
0.9719189349,0.9906392102,0.6604419443
0.1018138803,0.0788726016,0.2511612023
0.0174006289,0.0498620422,0.1418474222
0.0937382931,0.3911065637,0.6669235388
0.7689178107,0.3867527174,0.7462028680
0.1753770377,0.9742561253,0.5184686127
0.2143175206,0.5794255748,0.0728195683
0.5806094240,0.1969914567,0.4617724801
0.6100599313,0.4362630594,0.5977757027
0.8481122526,0.0995767725,0.2332676770
0.9477017896,0.0338065294,0.1743233981
0.5215086715,0.6394167775,0.8222180270
0.0291519019,0.0568624084,0.2510942207
0.9388358726,0.9231743506,0.3342328587
0.2073004053,0.6776845599,0.1588759784
0.6409041966,0.4544392501,0.1788827515
0.1702178634,0.1007551518,0.2890142157
0.5482250690,0.7213470336,0.4710127072
0.0414605457,0.0902048380,0.0869182949
0.7499455357,0.2536300546,0.3949048386
0.0606367117,0.0620396570,0.2215081480
0.2045081340,0.0576525578,0.5567998543
0.0921637019,0.3860015256,0.0182847446
0.2535527111,0.1046566712,0.0789847291
0.5810605307,0.9823112197,0.8498838422
0.6919571995,0.4934470387,0.3346598640
0.2527969544,0.6239044407,0.9112262524
0.1572660489,0.2013421584,0.1733430620
0.0121898273,0.0115424336,0.4988997754
0.7154920994,0.7325084744,0.6856419172
0.3946981178,0.9060492903,0.3143931513
0.3592339850,0.3166077691,0.6142139506
0.2545406964,0.4403952009,0.4805503553
0.7597781459,0.6903592303,0.3746435791
0.1606953239,0.0629841415,0.5148960636
0.0946798030,0.2352888688,0.0589491190
0.2519075704,0.3294397195,0.3543283285
0.3888450467,0.9793580985,0.6370162853
0.1863237575,0.6865381053,0.0945502124
0.4559352265,0.4368893506,0.3827340519
0.5502001539,0.9550064368,0.9799519926
0.3411488910,0.0318859693,0.2891383978
0.6726298781,0.5847243100,0.3490213727
0.5176763260,0.2454214414,0.1227700513
0.6923291045,0.8916479912,0.9655691699
0.4026865419,0.1539348702,0.6705239864
0.5384488641,0.5829987043,0.1791289973
0.7675964553,0.5992627966,0.6754373099
0.5163944303,0.8827493366,0.3214161737
0.8153163395,0.3247518911,0.4693059139
0.3034369577,0.7252885751,0.1289555715
0.2726079095,0.5120291048,0.5442001420
0.4678918501,0.5321336490,0.7902564145
0.8425567519,0.3334500111,0.5030709192
0.9347865461,0.7872211840,0.8810501996
0.7192316206,0.9225003641,0.4699197282
0.4150424713,0.2790515480,0.0162405058
0.9022144716,0.0479603097,0.8980396102
0.1780984673,0.2707175355,0.1012786453
0.3960986778,0.5235822312,0.9515495367
0.7764843994,0.6050575320,0.7015141256
0.2819746623,0.3510580674,0.2127983883
0.6269394726,0.6270322156,0.8117163012
0.5885287270,0.9134694417,0.3577388747
0.2630801580,0.0276653321,0.1134083830
0.5885448189,0.3084050734,0.0166580027
0.6548367750,0.3821253760,0.5847471023
0.8481916973,0.5324724369,0.6319707425
0.0685129135,0.3715557767,0.1536145888
0.9778684127,0.4640748189,0.1126267904
0.6188059168,0.2486817024,0.5717050445
0.1847829187,0.8100129193,0.5620951205
0.4775799855,0.2326071167,0.1862116607
0.0474646315,0.7527870937,0.0917103948
0.0935610609,0.0244856590,0.1147360550
0.1103745184,0.5489564544,0.5467351732
0.6675253035,0.4653278276,0.4146645477
0.1864471832,0.3589512017,0.2182366230
0.2204287739,0.0581166377,0.2916347668
0.2134565250,0.8501500432,0.2533475093
0.6619162917,0.6965419872,0.5943740861
0.9200886011,0.9402878320,0.9445301259
0.0947878617,0.0344184440,0.2803965572
0.0627110479,0.2260434454,0.5014042586
0.7561738462,0.3245575365,0.1979261169
0.3240981209,0.2896563200,0.3512449351
0.3080696387,0.2934357410,0.6762953422
0.3062231255,0.0941968469,0.0885159564
0.2196222517,0.0199573129,0.4852667306
0.5497130921,0.7331583396,0.9867957506
0.3865574571,0.8836365593,0.9058001794
0.2517938551,0.8847189629,0.5411373101
0.0838801241,0.2242030283,0.2025636790
0.8416536903,0.8875204356,0.4367300977
0.1055561729,0.2442922950,0.1668650894
0.8232686225,0.9896178703,0.8888675964
0.0110968042,0.2004218149,0.7459526155
0.1561922123,0.1622874611,0.0346866508
0.3669527983,0.1267320359,0.9493684688
0.0266537089,0.0565847397,0.5955838759
0.3245940465,0.8638002393,0.3804509553
0.7989362630,0.3348484534,0.4797403524
0.9277391868,0.3357886646,0.6830579321
0.4419189948,0.2301974885,0.8401821536
0.2435164510,0.3641318148,0.5842909653
0.5136885802,0.4426480794,0.3654248267
0.7801617442,0.6101564179,0.8122769973
0.4828573370,0.9783294882,0.9359001960
0.2494965295,0.9909744917,0.0508872025
0.5087595765,0.4500887555,0.1322604441
0.9944325738,0.9691751022,0.9418817061
0.6206017917,0.6330521483,0.7291461723
0.0351956663,0.0137841732,0.2910650822
0.0692746485,0.1578153560,0.6376652771
0.4750014644,0.3530359575,0.5497133090
0.6849979076,0.1859748966,0.1499041313
0.9124464669,0.5258958971,0.6055470972
0.2165312893,0.5858982354,0.8637894457
0.2191716789,0.2638731914,0.0648753647
0.3145449614,0.5613971954,0.3852596392
0.1317450905,0.8708881975,0.6067524870
0.5830103258,0.3396581967,0.4972749620
0.1211280169,0.4513774863,0.5045615852
0.5184137273,0.7734809796,0.5048671305
0.8371762054,0.9884683171,0.5561911264
0.8025846357,0.5307496564,0.5019495752
0.9394308553,0.6979291507,0.7443978820
0.5151236266,0.1229267052,0.2470057026
0.8312852078,0.9710018191,0.5845723658
0.1722046091,0.0041384415,0.0458962593
0.0225189483,0.5392270113,0.0966116316
0.9750943006,0.6069174232,0.8880055605
0.8114068302,0.2399062674,0.3643366498
0.1957342229,0.4787906505,0.2870020953
0.5784906397,0.1810626687,0.4166920488
0.6613983104,0.8037295018,0.3593159997
0.4886852769,0.1992776551,0.0099894426
0.9097058697,0.5998441260,0.7306728895
0.6228294845,0.2183326121,0.2791292589
0.9326796474,0.4183340425,0.2339343956
0.9207753648,0.7783812469,0.3065678460
0.6842781985,0.9390610520,0.8196386312
0.7197938277,0.6886202467,0.7298726451
0.0397356375,0.3239019406,0.3713237087
0.8616630307,0.4122516401,0.7693044374
0.0445823809,0.1817921217,0.1769928041
0.3905611792,0.4273385437,0.2282537118
0.2451561427,0.2191327400,0.9456904367
0.2687438383,0.6495942577,0.4562758685
0.8300825786,0.4958127676,0.6730886306
0.2696703064,0.6897337156,0.5088282982
0.5899297677,0.8959970688,0.7605963136
0.3853080426,0.7762869798,0.7978309798
0.5083697874,0.6096220981,0.4574200638
0.1316417681,0.9308313424,0.0877643018
0.5634823136,0.1814394244,0.4863931727
0.0402501166,0.1445880101,0.0303924025
0.5621718587,0.3214318682,0.2426607663
0.3110575910,0.4681911505,0.1583698917
0.7964086336,0.9322009801,0.8089880340
0.8740798354,0.5443277497,0.9110501324
0.3872080238,0.8157978544,0.8243886824
0.0048369863,0.1689791565,0.7164936811
0.5974569720,0.5182555007,0.5212056572
0.6959164118,0.5988715653,0.2202556418
0.0338042979,0.9630598727,0.3251426147
0.1610439289,0.2493722876,0.2807594338
0.7218181187,0.3849869638,0.9427160931
0.9119701685,0.9784022637,0.3056758843
0.7880417089,0.6492594486,0.8316978143
0.1428659911,0.2725684217,0.0836582729
0.5386152567,0.1835892879,0.4195414331
0.1828605070,0.7877235499,0.0757058946
0.3164721908,0.2914512890,0.2638801869
0.5994853277,0.8990073211,0.8730414686
0.7988275174,0.5183665190,0.2712759128
0.5508595485,0.6893695156,0.5902401992
0.4605151263,0.9575833402,0.5102063843
0.3921587108,0.7181006705,0.3482677806
0.8888207418,0.9445825054,0.3892043263
0.7961766841,0.1250011872,0.5060631972
0.8353891430,0.3359365127,0.5021658827
0.8507346299,0.0803042027,0.2039127373
0.4028226227,0.7592597907,0.3079247578
0.0651151652,0.3071165667,0.3265297104
0.3429739840,0.5060739594,0.9380849789
0.0528837515,0.0008791586,0.8509037017
0.2364465897,0.2415034877,0.2220118886
0.3448606156,0.5703786069,0.7573126829
0.9242137006,0.1128424897,0.4826438470
0.9794979795,0.0407620605,0.0638817317
0.7711520720,0.7462867684,0.4806359780
0.6898871228,0.6439055864,0.4799903825
0.1404417187,0.3134902150,0.3352907280
0.2648555832,0.2392287139,0.2704638560
0.6560688054,0.4006386534,0.7213016792
0.0731731536,0.3303108721,0.0773336431
0.6346718270,0.3083262876,0.2060891145
0.7454711354,0.8969361995,0.9446297826
0.1787444225,0.4944681616,0.5232449968
0.1494898209,0.1734575080,0.4667610252
0.8332210658,0.2911057354,0.7466990172
0.3472132553,0.5279899408,0.6100405350
0.4344613677,0.3205687070,0.9795446849
0.6276703491,0.7777073139,0.6344636572
0.4158143467,0.6883849041,0.8963609076
0.0419412951,0.4053750648,0.1046178705
0.4707450807,0.7966038908,0.4236508955
0.8163965385,0.6309598935,0.7953067274
0.9583707966,0.5574461073,0.2911896816
0.6444137047,0.7474495789,0.4219779097
0.5627098207,0.0448275819,0.0059806381
0.9896463725,0.1410270939,0.5323466824
0.1641057846,0.4861948537,0.2825548467
0.6498484346,0.2336173251,0.5228991444
0.9870268645,0.7392761442,0.3950269901
0.7125873836,0.6766402371,0.4392441626
0.4970449559,0.8352524548,0.8631680813
0.7723910440,0.8664293343,0.2379072276
0.3691779206,0.6731776979,0.0883172082
0.9212201637,0.5286124446,0.9956279766
0.7732650399,0.8149297469,0.4765185313
0.7569812148,0.1671084842,0.2123728829
0.6964440772,0.0875275854,0.4984099565
0.4083494171,0.2640311006,0.3224817181
0.1160254490,0.0102171845,0.2424522142
0.3947186441,0.8343450932,0.2953567012
0.8287653582,0.8542170344,0.8321912398
0.6843947286,0.8579421201,0.5049410824
0.4066520548,0.0812413893,0.7184123161
0.7425779889,0.3274773959,0.1367044521
0.2109246807,0.0993666622,0.2323645781
0.1674292326,0.0891066618,0.0657961267
0.9864112946,0.6149049088,0.8001926758
0.0445505060,0.1937111450,0.0971855307
0.8896674295,0.5421114666,0.8738135280
0.1414004332,0.3903010636,0.4399309711
0.8661976606,0.7053000307,0.6445778130
0.0118246613,0.0292649933,0.0384138744
0.6599034840,0.5733579763,0.7744537673
0.2144580019,0.7055284658,0.5990327047
0.6596280115,0.9413528797,0.9406080617
0.5589365412,0.5900150324,0.3499462710
0.7638247641,0.3700806428,0.9473765979
0.0655213448,0.8277364936,0.3323215544
0.4725681558,0.1543592200,0.1071411468
0.3465606319,0.4143607947,0.2401083508
0.3100479531,0.0757513035,0.1767421244
0.8453161640,0.7498271244,0.1633226303
0.0795752308,0.0754871683,0.0508438781
0.7163655605,0.0805163841,0.1235686820
0.7602407045,0.0399444835,0.6110998949
0.6235855969,0.7165944495,0.6510609694
0.6742279726,0.2094972188,0.8807246693
0.3328908703,0.5370299462,0.4192132701
0.8348623767,0.8544870787,0.5860951716
0.2789084886,0.1417346056,0.1403719363
0.4772208499,0.0319522727,0.4134384322
0.8887846560,0.4589437972,0.8618871204
0.3709704403,0.2491181875,0.0177094968
0.6531337769,0.6136595578,0.6303584290
0.8306446539,0.8765626633,0.9391197906
0.5807507828,0.9976071212,0.5415120080
0.6494754473,0.9472046851,0.3036219662
0.3652624718,0.7622615420,0.6520259211
0.2808989428,0.2868185215,0.7323808851
0.4152094457,0.5554116614,0.8618869961
0.8748344384,0.6908974278,0.5156259216
0.2317545183,0.4663879324,0.9069809606
0.3794213151,0.2723778341,0.3210115471
0.6677000219,0.5161111974,0.5337494572
0.5242497023,0.3247837592,0.1693009721
0.2335374335,0.1585841183,0.0159799988
0.1631633282,0.0033913236,0.0352653369
0.6924191284,0.4379739050,0.1015414724
0.6373649104,0.5347956971,0.7504298528
0.0172667827,0.4513579590,0.2921960398
0.0058243268,0.0441355761,0.9795081415
0.3747626318,0.3723909642,0.9024220227
0.6037592208,0.1455587928,0.3566351727
0.1624117419,0.9130007627,0.3535807710
0.0454313189,0.0064768355,0.2548060712
0.1628799735,0.6574692258,0.4271331021
0.4959489617,0.4994406088,0.5679467982
0.4483782614,0.8763046972,0.3871622176
0.7367505510,0.6270392467,0.6254978263
0.9631920450,0.7270641045,0.9083367228
0.9244660251,0.8752052691,0.7926678346
0.1000611253,0.4651150965,0.8798927959
0.9022440907,0.4869356354,0.7258562375
0.7369530212,0.1605139058,0.4782353599
0.6823639025,0.3300059649,0.4256216626
0.6813125146,0.3124165558,0.5210044435
0.9446290817,0.9611086878,0.6719700564
0.3094398409,0.3137882346,0.1636043961
0.6084467712,0.7409581789,0.5085790480
0.6729213848,0.0341651632,0.1547016716
0.9819071403,0.8593646455,0.8548340020
0.5260996979,0.5731932951,0.5089172887
0.5559297551,0.3225673887,0.0786616939
0.4307645549,0.4033387084,0.5562865866
0.2589913793,0.3594963505,0.0338978035
0.7454255609,0.0906655708,0.7767215778
0.3936790642,0.3129251562,0.4030237061
0.1088651787,0.2500259413,0.4315401703
0.8455735564,0.0280266691,0.8453082529
0.4446615186,0.1231729942,0.7572198069
0.7756238187,0.3093976993,0.5081636035
0.2721664511,0.4270300134,0.6404373953
0.2872799374,0.9119761003,0.1973479805
0.7586124611,0.6110242085,0.1534880425
0.9933157609,0.5287412072,0.8440280892
0.8335453381,0.8241795650,0.5947663828
0.3597899467,0.7514999988,0.4503762338
0.4940868785,0.7579140378,0.2345212693
0.3097118976,0.0625522272,0.5577535690
0.5164906900,0.4641275567,0.8623209659
0.6057802945,0.6644966535,0.5180520611
0.6490930379,0.3832490312,0.7920450565
0.9875668758,0.5117128166,0.3321443454
0.6811117156,0.8432508381,0.4803875464
0.3514458973,0.6045949061,0.0977557630
0.9890365178,0.6738268101,0.7907248948
0.6442212790,0.7041557128,0.6047438448
0.1593931946,0.2159560192,0.4686974857
0.4724976105,0.9489493356,0.8853684412
0.7066635848,0.6451425545,0.5049468613
0.3610092573,0.1678179782,0.3319860098
0.0686528453,0.5983793097,0.8298875100
0.6994130416,0.7291264534,0.3356577951
0.2433168545,0.3314172053,0.2557259905
0.8450356453,0.9380919217,0.7046587220
0.6825095212,0.8004910831,0.3840329474
0.3740489751,0.7127797914,0.8834185137
0.0435092215,0.3170624449,0.8062102175
0.0774539718,0.1112534636,0.2895267920
0.5203324602,0.3759830376,0.8547416574
0.7027411549,0.5138503768,0.8579089040
0.9940499524,0.3766952595,0.2598446044
0.6837880156,0.7906830941,0.6836586245
0.2007167340,0.6783111781,0.8723712863
0.2787288927,0.9653033242,0.4046114658
0.5605758520,0.8770019372,0.4419404353
0.0779217538,0.6347645285,0.4441203380
0.9196026550,0.5186574531,0.7229514747
0.2369371314,0.4626561194,0.1666172626
0.4871646979,0.5463591668,0.7708702360
0.0536962447,0.1777422384,0.4560084472
0.2927223937,0.0525338442,0.3749957190
0.9046067547,0.6504137375,0.4265755444
0.9380223863,0.8291810947,0.7886077853
0.8637950612,0.5492117148,0.9748831146
0.5834469675,0.8893247882,0.4650820519
0.3277709683,0.0719304937,0.5186191930
0.5227815711,0.9611482647,0.5727825418
0.9134722625,0.9472394009,0.8976548014
0.4122523427,0.3987544541,0.3955793469
0.2649035811,0.8049790392,0.1839536459
0.9354831529,0.6950827032,0.2037526466
0.0301437534,0.0363758010,0.1580573641
0.2150297442,0.5370142079,0.6525120439
0.7271605684,0.8789463606,0.9566359486
0.3790879112,0.5049009971,0.7560379460
0.8071228064,0.8456785814,0.9975163868
0.8230775793,0.2301177505,0.0144036916
0.2872734652,0.6535388065,0.6822657819
0.9400531464,0.4937047199,0.3466648738
0.9385485580,0.1804502747,0.9898331013
0.7187184634,0.9608206760,0.4438667190
0.2323730947,0.4409507954,0.5954499590
0.0085542252,0.2881834683,0.4757540026
0.0878430445,0.4688500497,0.3664111427
0.1419600080,0.3404094991,0.2654833001
0.7841694311,0.0932386983,0.6851836637
0.2160016603,0.7613202190,0.8523703373
0.0062046814,0.1178405109,0.3630765902
0.6990415296,0.7519053923,0.6097685320
0.4895110111,0.7807132447,0.5627402074
0.0224558683,0.8381376891,0.1522489301
0.1456878207,0.0152496330,0.0011560734
0.2778939048,0.0906578364,0.0306693667
0.3739460770,0.5515425307,0.3293397458
0.3765657642,0.2148929035,0.7087885710
0.2530322041,0.5084039000,0.3630410981
0.8364393920,0.7501109832,0.4369745076
0.5443507973,0.4796185461,0.5546773377
0.7090408542,0.8486059452,0.2836775817
0.6280121633,0.5647486807,0.2768960340
0.3865887925,0.4148983209,0.6552122344
0.2857971521,0.3241284707,0.4300391992
0.2149696176,0.5305145343,0.2153689546
0.7985733282,0.2224552271,0.5545497379
0.6280581765,0.5724150540,0.2072899198
0.7271048369,0.0510207613,0.2270230039
0.5870819879,0.4734046066,0.9493830003
0.0286162165,0.9433450280,0.2739945204
0.8283846974,0.6255267217,0.1839491667
0.9223482513,0.7083523765,0.5972588311
0.4072062069,0.3842981676,0.7060382485
0.1522570989,0.2207450600,0.7676419814
0.7595429237,0.8976683007,0.6685472200
0.1886273122,0.6562276480,0.0171783829
0.5690804069,0.6116043460,0.8541417766
0.6477388663,0.6647760569,0.0112054038
0.3477125285,0.0522315654,0.1954770236
0.7038824257,0.2198245528,0.6032711920
0.7115550763,0.9478078975,0.5659442805
0.9423460898,0.5126585031,0.3954692231
0.6872357298,0.3568623279,0.7002046676
0.8974364128,0.8402639677,0.8531246423
0.0940966529,0.1085408641,0.0085150851
0.9409715431,0.5558620453,0.3461871653
0.1865879923,0.6587187621,0.3836900814
0.4698757802,0.0638685247,0.0031892962
0.9275079346,0.2495219479,0.1812786224
0.9147668394,0.0122257317,0.1215153367
0.9303584221,0.8178957408,0.5871919061
0.6082495312,0.2137507677,0.0236501729
0.7880194998,0.0585660705,0.3705676528
0.2282571310,0.0776963874,0.0019291073
0.6186621348,0.6553799185,0.9051671131
0.8049630297,0.6679709487,0.7937008966
0.4143975466,0.9256832270,0.4721721071
0.9516348860,0.5836214348,0.5194934472
0.8522428839,0.9306453388,0.5060678274
0.1171770570,0.2674227366,0.4269554145
0.9092951147,0.6279489314,0.7243879072
0.8546485432,0.2426929703,0.4920513378
0.4875805576,0.3516807374,0.4407708942
0.0617516107,0.0216643518,0.2234560576
0.3923638380,0.4507191441,0.8383403649
0.8720917207,0.3281864037,0.3296337282
0.5102110673,0.4385782684,0.0392939206
0.8942544096,0.8501133628,0.9161297516
0.2963657963,0.8057161201,0.4869986695
0.5337744858,0.8117505392,0.6005900560
0.2280079779,0.2149017646,0.5259194020
0.9244204786,0.8916091350,0.4169376560
0.4856092367,0.0488370732,0.6725311165
0.1028534417,0.1072097577,0.0231498962
0.9962375326,0.9744200110,0.6237595500
0.4621295055,0.1993555229,0.3536545076
0.9381346779,0.1279346580,0.1709045154
0.1194537812,0.1354126107,0.1892921044
0.4086904460,0.3021698330,0.1721448113
0.3330690313,0.5868766750,0.7164215072
0.2729123569,0.7330696806,0.6707759315
0.8647636868,0.3570194330,0.6495481748
0.7649116097,0.4307537431,0.8416447631
0.7313170370,0.9985213891,0.8870777512
0.8175321833,0.8512893275,0.4184908065
0.6530943398,0.2336080584,0.2791874343
0.6939107432,0.9339656401,0.5831108739
0.0369519983,0.8663517046,0.4258066433
0.2380723982,0.7462130456,0.2551651072
0.6574092360,0.9275957733,0.9712757396
0.5821631075,0.3603580404,0.1382581007
0.3347952922,0.8829514447,0.2209118951
0.3968577687,0.3511966498,0.5791288921
0.9805227035,0.5606950212,0.9173367923
0.7292844060,0.6273485705,0.8122606688
0.3305647300,0.9083273567,0.6703275944
0.6678524575,0.1325639874,0.5062122120
0.3225807836,0.7719821587,0.7337006511
0.7539823197,0.8683275123,0.8723065861
0.3855062117,0.6039633856,0.6312426045
0.0898784022,0.7966817462,0.2881125593
0.1706287709,0.0058136247,0.7615562765
0.4198389337,0.3352099777,0.8370078214
0.7112222175,0.5608321700,0.1853260017
0.7181005432,0.6615993823,0.8002466084
0.9500635342,0.7331576636,0.8793766964
0.2895082574,0.3735899074,0.6252126029
0.6275168609,0.5531871601,0.6603971424
0.5874517182,0.6718334665,0.7770898369
0.1714772477,0.8784582255,0.1687047404
0.8979747650,0.6888462688,0.3824173617
0.0871717319,0.3596851831,0.3840719959
0.2449255543,0.3109577329,0.3816130325
0.8557341086,0.9513994477,0.8627081357
0.1606399009,0.6309576220,0.1513472017
0.3636789236,0.5030590116,0.5702429960
0.6200849889,0.8696092312,0.7490321264
0.0289011369,0.7305735789,0.1506299236
0.5436537648,0.6618154751,0.2431800288
0.9469180750,0.8936150795,0.8045373280
0.1663498319,0.1004298980,0.0349768318
0.9327295511,0.1058763151,0.9461753115
0.5962254945,0.9171611734,0.9185453196
0.8042902971,0.9767884008,0.5039596933
0.2869291471,0.5665577981,0.3030331327
0.6836739262,0.3605717330,0.7239577672
0.5005944716,0.5398349169,0.3337789004
0.8138567050,0.0797762432,0.8491221475
0.6049595625,0.7029564846,0.9823893374
0.0062484153,0.1870948034,0.0642428970
0.8438247947,0.7038835927,0.5379012341
0.7466817187,0.8881416115,0.5387109821
0.6149583203,0.3411931862,0.7690583897
0.0355908556,0.0457377561,0.1168074347
0.7665265683,0.6702165786,0.8830479159
0.7499816138,0.4538649653,0.5585536200
0.1120413237,0.5978620624,0.6365377231
0.8405891523,0.8353489668,0.3818359349
0.4922323796,0.2566109611,0.2939331529
0.4505507106,0.9605292070,0.9362658049
0.5078069729,0.6654659102,0.8869993678
0.0365261572,0.0175313002,0.2203889280
0.1001092593,0.9952252426,0.3285788748
0.0490500661,0.4709166191,0.0391738622
0.6957896573,0.0787402245,0.5173586830
0.5842260258,0.2227301404,0.4587424693
0.3489438145,0.1776386977,0.0680350576
0.0742112631,0.4852185080,0.2188136334
0.3020469935,0.0723859033,0.1066442148
0.5412819917,0.3737410869,0.6598196462
0.6100095098,0.8903198666,0.9731943654
0.4076123550,0.4921216885,0.4403103596
0.7912269323,0.4837244350,0.8688269863
0.9700390808,0.3593905374,0.2670375302
0.4564901961,0.6835057342,0.6434193729
0.2820093692,0.5881012810,0.0333331007
0.2760092064,0.2945082012,0.1814969734
0.3444500779,0.1627957542,0.3651117929
0.4880606233,0.6809624357,0.8794207107
0.7783140364,0.9549032113,0.7652142323
0.9196963855,0.2966840671,0.2696712609
0.0311858048,0.1405887218,0.3021713451
0.7905030372,0.7057915318,0.9724007606
0.5431096807,0.9281083939,0.9333254185
0.4690069183,0.5551515992,0.2509223390
0.0765451247,0.9311036816,0.1075697597
0.4958909140,0.8679509605,0.1959201324
0.4439953342,0.8846957982,0.8892608354
0.4843555794,0.2582998107,0.5110218899
0.3251757078,0.7303922996,0.7495813428
0.4301332954,0.9905444283,0.3112311774
0.8788326795,0.1921899509,0.3083353862
0.5741227169,0.6333168102,0.1997341907
0.1329429634,0.3992746014,0.1453907820
0.6702029020,0.2724897082,0.2779384737
0.6079799921,0.3300350184,0.0965467902
0.7946072741,0.5860015902,0.8910347934
0.2771963972,0.3796616434,0.1470491892
0.5245065449,0.5242936942,0.7905966991
0.9996663626,0.8145161185,0.7739725858
0.6164157238,0.2676529709,0.5670650015
0.9246638828,0.6594883464,0.9449055106
0.2209543151,0.7336726861,0.5589547662
0.6610750198,0.8098851153,0.7491439986
0.6557569366,0.9846544085,0.9331094369
0.0536503985,0.0235917748,0.8126881983
0.9290279491,0.6268744298,0.3807406523
0.9254253557,0.3031641647,0.6017838213
0.6572211689,0.5957720347,0.9563114514
0.1706321751,0.1251976358,0.6436095717
0.2047289265,0.3947319924,0.9454916354
0.2002497667,0.3336224744,0.0107479251
0.9376976606,0.9672565874,0.8418805421
0.0365947040,0.3631628655,0.4232376204
0.5473964056,0.0230550556,0.2976228747
0.6940896999,0.6534831625,0.4064073520
0.3704025601,0.7058996185,0.5809839200
0.6559134153,0.4706480456,0.8818903950
0.1883538321,0.5304701101,0.1532331236
0.6853707929,0.2069785361,0.1875381558
0.1157292043,0.0510702139,0.6454356671
0.4358312338,0.4904646639,0.3637280819
0.6560777223,0.8285388689,0.4324282578
0.2165307595,0.3419508701,0.6603925344
0.2045723525,0.4320920803,0.2858523271
0.4178840221,0.4278582695,0.8728712271
0.8102775528,0.9680540370,0.9529172289
0.3506546064,0.6665763450,0.1570677389
0.9702388090,0.8088456407,0.7876004121
0.7834432535,0.4908105164,0.3692917700
0.4683488294,0.4455917577,0.1109110671
0.0877884752,0.6300843062,0.4458878537
0.7982524294,0.2364107996,0.7964139639
0.8033064705,0.8995132386,0.6005847567
0.1893547024,0.6222872540,0.4938242894
0.9391839419,0.8786060941,0.9785712044
0.1650506716,0.8381257499,0.6629220405
0.2529979834,0.3255676975,0.0830950648
0.1700893360,0.0521571446,0.0000774046
0.4251915294,0.5762555356,0.3599609019
0.9980497293,0.9575479269,0.5023003155
0.4191764202,0.8830142816,0.8673496423
0.5227905993,0.8325532508,0.2589963228
0.9665022757,0.6623294506,0.8248149349
0.8580227567,0.6346867993,0.8257171659
0.1655832508,0.0453719569,0.6634686313
0.7741140432,0.7399466395,0.3480101421
0.4119012015,0.4650859500,0.7235448191
0.9159359579,0.9831703923,0.7157841874
0.0447551676,0.5856500802,0.5683139574
0.2616455567,0.2727820931,0.4958074233
0.0069033050,0.0492233840,0.4758852318
0.9053728491,0.0146131896,0.1910138961
0.8708649016,0.0555579677,0.6861548221
0.5921767325,0.4899485502,0.3555138727
0.9373536918,0.9678366896,0.6152020925
0.0263251567,0.0992802768,0.0598362034
0.1456617453,0.0527120604,0.0637070556
0.4776546094,0.0809368143,0.1831487394
0.5018784642,0.6957432242,0.8232017372
0.1382863154,0.8805926553,0.0979775790
0.9763460094,0.1333559278,0.4325339903
0.2619475855,0.1859173849,0.2682431104
0.9980234629,0.9825813163,0.9308395258
0.6813058121,0.9591971969,0.8976926882
0.5455824660,0.6718721152,0.9320171811
0.4048952389,0.4600825701,0.3739453979
0.9256068164,0.5770566320,0.7757517245
0.1509083429,0.3861587979,0.6029583002
0.0553941963,0.2502992648,0.1361323544
0.9033413746,0.4901699891,0.5988690881
0.1210548241,0.4100826543,0.9299339783
0.3933789965,0.0312083532,0.0237409449
0.7728404092,0.6051356940,0.7182591341
0.7126289468,0.3407079236,0.6357004428
0.9984143990,0.2599597846,0.8061069479
0.6583149610,0.6154895570,0.4956234926
0.6565917691,0.9920393387,0.7854406083
0.7130865874,0.6910704877,0.6994314992
0.8492716655,0.4884368884,0.2271850125
0.3603122551,0.6357060676,0.0539584287
0.3578276511,0.5277071410,0.1590022630
0.3361446460,0.0812761925,0.0991999285
0.8549315696,0.8807436509,0.4230695327
0.2756065722,0.0043688002,0.3645047815
0.0001777849,0.5160472348,0.1161291572
0.3008002303,0.2055463130,0.3847476637
0.0514219521,0.0137241671,0.0335804704
0.2222536402,0.4785935164,0.1411168005
0.3761084388,0.2601233978,0.7611735160
0.5975038981,0.5577811773,0.2066447421
0.4855832853,0.3063842512,0.0535049668
0.1128705585,0.5383715324,0.3942863190
0.0168123871,0.2475953986,0.3223843535
0.9685811972,0.7419476623,0.2895667238
0.2446401651,0.2979693064,0.2535785866
0.9062209188,0.5352136995,0.4037238238
0.3680061224,0.1118415437,0.2614972306
0.0775576407,0.1753422877,0.2868995431
0.1123380401,0.1406092319,0.9342530439
0.8342224032,0.3330156226,0.8416585698
0.6810468344,0.8011954705,0.7626336036
0.6999359024,0.7831218015,0.5700537662
0.1902952781,0.4529786079,0.1273973766
0.4147496829,0.0235167115,0.3655251949
0.5858174008,0.5470062917,0.6801918905
0.1817186103,0.1265468486,0.0339121292
0.2118171295,0.2584236539,0.9370001986
0.3013635542,0.8250713196,0.5654853591
0.4225893156,0.6689292501,0.1568699997
0.9851459978,0.0013522647,0.1061207337
0.7880018944,0.6031747160,0.3161592371
0.7107688869,0.7050553755,0.3472232771
0.5059252419,0.3198287689,0.2214509533
0.7673592646,0.8834908358,0.4635637901
0.6783842297,0.2654241865,0.8395501268
0.4082530466,0.7888853860,0.9760987112
0.8029157148,0.9431761382,0.5644360295
0.3105029730,0.9033427956,0.6768923908
0.9264108884,0.1082699552,0.6848164557
0.4732319092,0.8561115730,0.0038992061
0.3590710470,0.3702798089,0.1030085116
0.7640633033,0.8871347180,0.5452145550
0.1928201754,0.1813959639,0.0105498635
0.7585094025,0.7909599151,0.9273102173
0.6736207292,0.9609499066,0.1995024441
0.1595963667,0.5088735757,0.8386771966
0.6609664829,0.9348879643,0.5780606504
0.3586516112,0.6222087392,0.9396648840
0.9515677010,0.7410443196,0.9414250049
0.3205585156,0.2425356257,0.9270941702
0.6686528033,0.9356497011,0.6581470723
0.0635853873,0.9331250646,0.0215266207
0.5496385761,0.3105427683,0.3687519671
0.4227193700,0.4509999151,0.9319251341
0.2455239068,0.6802997531,0.2002481004
0.3648790293,0.5093390627,0.7647418970
0.5069488766,0.4649609688,0.5475977426
0.5352106153,0.8472318136,0.6248845812
0.4378124100,0.2056275101,0.5850874274
0.2916985428,0.4569334077,0.9751128963
0.6348223445,0.5406012080,0.5362382172
0.2354244546,0.5450800840,0.2852912821
0.4187412451,0.1533003416,0.1688826091
0.9673043823,0.0366268394,0.1639005143
0.3326451402,0.1479991343,0.7857128395
0.1062895971,0.0788280478,0.9856475375
0.8871334657,0.6674489689,0.0251880218
0.0171158475,0.0111986881,0.0996129623
0.0954697842,0.3182343378,0.6031880858
0.1237340940,0.3327719508,0.7083452837
0.3376081232,0.3755813986,0.4069241626
0.6756885231,0.6640620831,0.6174738543
0.9128273981,0.7465717339,0.4497753034
0.9136760693,0.8439690946,0.8451298868
0.5349632347,0.8067879244,0.9785462691
0.2267450643,0.6010235814,0.5405438404
0.8232906719,0.9866667971,0.3905524796
0.9353189454,0.5919626555,0.4109802759
0.0831486541,0.7258720956,0.5622157050
0.4045445448,0.7183973171,0.8596618459
0.7307710772,0.8944146888,0.3345509956
0.1194221373,0.1256072383,0.0139437516
0.0828897521,0.0726660058,0.0818090615
0.6559167990,0.9582680296,0.8915081827
0.4060596216,0.9753026508,0.2637955097
0.4935070456,0.1306917370,0.0568108951
0.3875592145,0.1146039326,0.1315705241
0.3457708539,0.7974098614,0.5239905669
0.8595729659,0.3645311783,0.1163787361
0.0749627391,0.5756714612,0.0217828897
0.6167137071,0.3690868560,0.1733210456
0.5283956516,0.4589686031,0.0896449139
0.5547496792,0.9521117074,0.6602240364
0.2114667945,0.3387642941,0.5523826008
0.0235942000,0.0735328759,0.8931498739
0.7540294279,0.2368930437,0.1129747458
0.4401235802,0.2368054288,0.0872403676
0.8851749369,0.9152911514,0.6058476742
0.5132196697,0.9847246516,0.5388810809
0.6933364224,0.5707161925,0.9332797904
0.2272937913,0.0284293951,0.0051455177
0.6886755716,0.2879860949,0.2285164494
0.5973297106,0.8174463201,0.2637467399
0.8492967149,0.7538737858,0.4518401470
0.7229651518,0.7790672671,0.8416010073
0.1890461139,0.7296160613,0.2195276212
0.3278263223,0.3967106107,0.3788235698
0.8593294409,0.7162869311,0.2289179910
0.3757086146,0.3204561699,0.6748462678
0.3106689761,0.5917651326,0.2840361532
0.1053055661,0.2236361626,0.2022929218
0.5104508177,0.3962023025,0.7852622637
0.8341726463,0.0011192670,0.1636895585
0.2849939177,0.1952747887,0.6197255563
0.5289520209,0.8895051734,0.8134397775
0.4151928059,0.6664254138,0.9630421236
0.0352765599,0.0580564940,0.7198663383
0.0638224776,0.3127381606,0.0424714898
0.5254198239,0.2405655962,0.0081657315
0.2188587870,0.5816199047,0.5652666793
0.3966709070,0.9498192368,0.7551678902
0.5562575495,0.3582685042,0.4055438616
0.8957329243,0.2350068461,0.4633175757
0.3521661849,0.1306623985,0.1480943434
0.3075953430,0.9286226542,0.7428128321
0.0162279935,0.0388569006,0.3352491849
0.9967519387,0.9901634981,0.7615271497
0.9213656025,0.6499494917,0.5486759386
0.8539781429,0.1355444765,0.2629039473
0.8790431556,0.7574430217,0.4785933587
0.4088468834,0.3633588781,0.7682314885
0.1057148502,0.5706488178,0.2280641980
0.0574879243,0.0524037508,0.1787765686
0.0211725663,0.2716296852,0.4319833295
0.2461321597,0.1125258855,0.1085157992
0.1226665990,0.0848840184,0.3186239445
0.8779051479,0.9233315525,0.8365855963
0.1713313034,0.4447319401,0.5158226954
0.3612704126,0.2804909721,0.8094317460
0.2178342673,0.6990000368,0.0751689257
0.5504740796,0.4709715520,0.9088687794
0.0195848883,0.1448044149,0.3333692933
0.5313371337,0.8250869249,0.9577627415
0.3967759516,0.7387935272,0.6851024036
0.4928937317,0.9421866468,0.4109393344
0.0282805202,0.0100857968,0.3102049751
0.8044683139,0.8766015210,0.7115753097
0.7299621861,0.5337455811,0.7388769795
0.6937361736,0.5565091325,0.2072577905
0.2857669003,0.4413707170,0.9369552770
0.0996975880,0.8144464668,0.9213467744
0.7879984982,0.5583081560,0.2656296660
0.1681937651,0.4236444097,0.9043394484
0.7356824308,0.2908580355,0.6867860634
0.9497273580,0.7020292394,0.3753139274
0.3181137970,0.2247647939,0.2423246149
0.2941914354,0.0963474118,0.1991911231
0.0661512468,0.1671984814,0.1232850561
0.9137288333,0.8188098105,0.8209827099
0.8588562833,0.7505245738,0.6597973028
0.8421262977,0.4828203776,0.2263676704
0.8847121610,0.2714280580,0.7796916684
0.8282000941,0.2581474786,0.6448925897
0.3859564955,0.2963071649,0.2789451786
0.4404188828,0.8218675568,0.8338341704
0.0701719203,0.0478665088,0.5358393190
0.7695570836,0.7109409589,0.8965412961
0.5422252545,0.0901708014,0.1292017710
0.3707989733,0.2532773055,0.5859575667
0.8217481730,0.3216369102,0.0523127400
0.1660040229,0.8134367881,0.9983581094
0.2034016750,0.2570282190,0.6142764399
0.8927594030,0.6932234105,0.5053294152
0.7442169243,0.2602615577,0.8383390597
0.2477406162,0.6884026030,0.7598170586
0.3781985035,0.9155495733,0.9274187349
0.1782858114,0.8394504353,0.4914282945
0.0832219556,0.4315965190,0.3940931738
0.2443001102,0.1908099007,0.0624877874
0.1926306698,0.1169247461,0.0805197165
0.8812320954,0.7100880911,0.5716363916
0.6213638154,0.3033471791,0.9034011601
0.4081084518,0.4813984447,0.3181153116
0.6456106074,0.8600779534,0.4216341284
0.2622068515,0.7457785662,0.2356615423
0.9453680468,0.7009690205,0.6515359275
0.2861440803,0.4349028116,0.9382496619
0.1016853103,0.9903498382,0.9223262620
0.5132844021,0.1426005236,0.9524635484
0.8762001230,0.9404098520,0.7696748479
0.8315205475,0.2389975235,0.8874412739
0.5883176484,0.8808619444,0.5002225760
0.1008985856,0.4924567179,0.1151029535
0.0233211871,0.4193143757,0.1282100992
0.5199570899,0.7507002533,0.3886449511
0.9665836172,0.8022079730,0.6193694187
0.1500548224,0.1439096362,0.4118510211
0.2003390490,0.0222748624,0.0086902047
0.7914697107,0.9463705681,0.5194110966
0.8865698020,0.2204811752,0.2438297100
0.5990331873,0.6771368660,0.8008224905
0.4562195715,0.1924775979,0.3598149259
0.1454611537,0.4116320306,0.1810077894
0.4563011519,0.7113049540,0.9279867264
0.6386666147,0.3239281986,0.0433529747
0.5762650207,0.2347091380,0.5177451025
0.9767004343,0.2354825664,0.9580773179
0.7109413223,0.6197354646,0.6988171645
0.7707500858,0.7859633438,0.6839279552
0.3214657449,0.3689713520,0.1795790864
0.7010555684,0.9406992815,0.4930064240
0.1173449891,0.7115838522,0.9391413687
0.2482845740,0.1894744225,0.5041480130
0.4825586585,0.3903860001,0.9386585565
0.5808993653,0.4978941422,0.8706660361
0.2638392582,0.3591629713,0.0581722712
0.7613783402,0.9770682563,0.9317888189
0.0168760028,0.1027046676,0.2548396556
0.9781594506,0.4871710331,0.3483348809
0.1478306705,0.5831109529,0.1425842010
0.3719656730,0.2128381198,0.3601940359
0.8638703365,0.7727857579,0.6939407168
0.7855502841,0.8933694438,0.8698399934
0.0997559757,0.2879658647,0.1504996347
0.7478098844,0.3824447235,0.5085117222
0.2447511714,0.1721925273,0.3628114632
0.1060641900,0.1106979785,0.4786156422
0.1171997054,0.7228871418,0.0836224367
0.9375847515,0.4960609868,0.0955433565
0.5451193513,0.6970520903,0.9622545301
0.2065734965,0.8495330447,0.2745885099
0.9035758145,0.4395961599,0.1296219797
0.3664245575,0.1439388360,0.8194682600
0.0541070557,0.1435451046,0.4103599854
0.4818941132,0.3086491055,0.8784414959
0.5872053608,0.3850449238,0.6225191403
0.0719182320,0.8054777598,0.5544797681
0.0694555556,0.4377839516,0.6585962224
0.2494958577,0.3958626230,0.7055817697
0.6936345881,0.6013596274,0.8385292094
0.1123041181,0.4919630714,0.3480537046
0.6378284892,0.8402342753,0.8433281408
0.5654615097,0.2966664150,0.6681518488
0.8926352498,0.0418785023,0.2571500619
0.8710733082,0.5265852289,0.1447674392
0.3642418952,0.1054934091,0.2368752617
0.4506592638,0.9740508097,0.7357646056
0.9019190022,0.9040058585,0.6239589805
0.7044047788,0.5334186626,0.1759744143
0.5380829584,0.3079873113,0.9928411164
0.5530905422,0.5432950344,0.2281365835
0.4196974409,0.7291156242,0.6226146202
0.5322312356,0.4255774813,0.8299623276
0.2409160934,0.9473796796,0.2692529181
0.7339552916,0.3420471868,0.7685588334
0.5440493787,0.1286126211,0.4073942935
0.7698229839,0.9279670968,0.9984232898
0.8489523712,0.7345981759,0.2633164119
0.6056256623,0.4416515531,0.6575779895
0.4308309278,0.4841494251,0.6131325175
0.7797180005,0.9451640763,0.9276075145
0.3366281491,0.8179647794,0.5373667259
0.2834742590,0.2276902274,0.6672721002
0.3450149858,0.1961156220,0.4438313678
0.5935332699,0.6728257627,0.8777093711
0.1826789275,0.3553800753,0.5500083596
0.1301316099,0.2388626090,0.2557445555
0.4738387528,0.5758757925,0.7728699195
0.4785653284,0.4265907643,0.5079366219
0.1640088683,0.4205189623,0.7768115160
0.6937938111,0.9911476313,0.6926775460
0.2341509901,0.2507920847,0.5769010531
0.2550207850,0.4499811971,0.9947341448
0.1054871409,0.0882834271,0.0180081387
0.6413477300,0.2079662650,0.5368182016
0.2559317770,0.5121570829,0.9630040070
0.6817862550,0.8817712714,0.3629641647
0.3682256699,0.2995994851,0.4218539160
0.8080990415,0.7681096005,0.5912883705
0.0077006624,0.2562387518,0.0977439228
0.7369286839,0.5194580542,0.7211633186
0.4753073167,0.3547361405,0.6355250876
0.7145584625,0.3743090929,0.8316921249
0.0512601394,0.2495122386,0.7371677921
0.5179253606,0.3709693771,0.4914638017
0.0426624268,0.0602266855,0.1667843233
0.8224681790,0.9756453924,0.3497992610
0.5184977994,0.2335492752,0.0845138392
0.0102842468,0.0988864586,0.0022561816
0.2084487095,0.7480252039,0.3650029268
0.2037418288,0.0222731465,0.5370101629
0.7480737865,0.2647043699,0.0480529773
0.6996640069,0.6241317012,0.4798822778
0.1095533991,0.3068757169,0.3412020311
0.6047525678,0.9292830691,0.3221561177
0.8397850201,0.8917890322,0.9615539482
0.4285385104,0.8315946949,0.7568659418
0.6505248890,0.8413707277,0.9100264049
0.1506178970,0.0893762379,0.4237490915
0.1108813535,0.0370048057,0.3043508122
0.7610296870,0.1603684510,0.6432418972
0.7708817052,0.7743075757,0.7196297671
0.2946409477,0.7121299868,0.0487997511
0.9439411512,0.9936111394,0.5051626376
0.6272476321,0.2938286541,0.2605822304
0.8561986525,0.8101322354,0.9538225850
0.5925595760,0.6089566758,0.7044285794
0.8695107373,0.5500842858,0.3180018808
0.2177173299,0.6325569655,0.4011900104
0.1416475570,0.4532752086,0.0783819386
0.8766293035,0.5041442235,0.5247834698
0.8623882100,0.1848494986,0.5053908421
0.2634594596,0.8448603351,0.9854320854
0.6378316008,0.4494954983,0.3890787238
0.0480989710,0.1833977579,0.1991776424
0.0608549022,0.0543413487,0.0115354968
0.1374970234,0.5519789088,0.8669544639
0.5385297314,0.4611159524,0.2150674440
0.3826399958,0.2420126623,0.0078173651
0.4060064583,0.3924783136,0.6417315938
0.7723564237,0.3431890486,0.6154824491
0.7374827398,0.8241459866,0.3721582028
0.0439714824,0.9013851453,0.8726922385
0.9366323967,0.6880813652,0.8746594523
0.3687350962,0.9594165306,0.7336799078
0.4024654259,0.3515283641,0.5045069226
0.8225248158,0.8258928495,0.7999276539
0.0535573811,0.2730457065,0.2602447168
0.0204969793,0.0512728765,0.1856128619
0.7629903994,0.0394449478,0.3966402326
0.5674778597,0.6744730663,0.9841145757
0.4507071041,0.9856942786,0.6662835007
0.5889548603,0.7559120605,0.3149188423
0.0859153354,0.1463688633,0.2924922621
0.2812910701,0.7774554652,0.2376413082
0.6114670204,0.1722971366,0.7174453389
0.3054360674,0.8588084249,0.4466266033
0.8299989053,0.9199424124,0.8056225491
0.3415803879,0.3510953977,0.9458862014
0.5421352338,0.3126378679,0.7685296085
0.0741118143,0.6420792655,0.0216538418
0.8901757824,0.6903856855,0.7372938472
0.2207530427,0.5205860977,0.1259421892
0.7349910781,0.5276094249,0.1257438662
0.7366586042,0.9656258376,0.3141348351
0.7384919287,0.5710226307,0.3243240410
0.3743467651,0.1332493670,0.2881640468
0.0648438866,0.6180774656,0.4244133158
0.8519400887,0.5825016177,0.0001025278
0.5866914856,0.8389776230,0.6275931991
0.2365284107,0.6133637870,0.2024807816
0.6311289858,0.0598870777,0.1287508196
0.3137823723,0.0616473713,0.1115078330
0.5070877447,0.6654980377,0.1464907717
0.2417482321,0.3886726641,0.0470999037
0.0613629731,0.4808499900,0.4681118333
0.6230822698,0.5009360775,0.8520006867
0.6629368324,0.8295558798,0.3782005104
0.0716513407,0.8647010018,0.0589275091
0.1873216090,0.0294094022,0.0147001337
0.3650254897,0.8009279459,0.7865676249
0.1668627926,0.8005360654,0.3082350162
0.1511655935,0.2384693889,0.3819039295
0.8248390310,0.8044859846,0.5751275791
0.1706736004,0.5313611183,0.5006316613
0.1244349013,0.6832985960,0.4584029258
0.0305526027,0.2998650992,0.3838419752
0.2047295293,0.1508322984,0.3813044675
0.7206608355,0.8366210553,0.9620688139
0.7175611229,0.1128822496,0.0652552414
0.4913418075,0.6285774216,0.7239131732
0.4608458711,0.5140624294,0.8019278029
0.5826590590,0.4613182047,0.6417738063
0.7017043123,0.1988454531,0.3867883441
0.7555371028,0.5677706722,0.8549945457
0.5922059621,0.9188158207,0.8816075056
0.9816730101,0.0066840263,0.2749207550
0.3044565729,0.5513100843,0.6624616507
0.0122260095,0.3564219238,0.6955005050
0.1278532779,0.5846055590,0.0277038684
0.4155886003,0.5168714871,0.1432873766
0.0997016791,0.7400633515,0.6026680478
0.7128489155,0.2518659706,0.3648816018
0.6022786196,0.7703543277,0.8966850371
0.9134620860,0.8287496503,0.7162502363
0.3657333536,0.8715522540,0.5760384742
0.3385115538,0.3357983236,0.4067380883
0.1115740160,0.4543449345,0.8555711397
0.6588153219,0.3830522212,0.8695117539
0.0548720699,0.6348609920,0.1635194700
0.0920638105,0.3981456671,0.8633991580
0.6686214075,0.6382824066,0.2165767698
0.0764294022,0.1367832019,0.1278623851
0.9221705948,0.5568733579,0.4987702611
0.5698734540,0.1317590478,0.0891900540
0.6789044391,0.3530723772,0.3457219330
0.9054413295,0.7765049245,0.9951052082
0.8876572889,0.6272394954,0.6612361930
0.1075951131,0.1704158494,0.8772766299
0.6633612185,0.7357047886,0.5124002807
0.2271475333,0.6604701719,0.2395526267
0.9967769389,0.7126264863,0.4940835564
0.0500014942,0.4881889941,0.1056040972
0.8097186267,0.8206035212,0.8200145519
0.7999490201,0.0452921609,0.2995332381
0.3243856217,0.5982102410,0.2181920971
0.9226783507,0.2309944160,0.7585640065
0.9494896129,0.3279889870,0.3920729238
0.3242049113,0.7195359515,0.2127311637
0.7104524900,0.2125484896,0.1477300625
0.2699289988,0.7080133635,0.1154268982
0.4264312171,0.2893251441,0.9905047367
0.7775316769,0.7409743815,0.4866155748
0.3673312164,0.6557059510,0.6247019311
0.9533155213,0.6997798117,0.5649090049
0.7243673463,0.5509331492,0.0913811236
0.7566310206,0.6269329290,0.9754106077
0.4299597973,0.2010677166,0.5363668543
0.2103537893,0.1730856364,0.5789786125
0.3459769072,0.5037149677,0.0993724040
0.4776931586,0.9242858018,0.4159872304
0.0480874123,0.0465949450,0.6788838023
0.5594130947,0.1342985877,0.7035007974
0.3656553879,0.5753427129,0.7632953336
0.7482826156,0.9734876766,0.5006688732
0.9632848802,0.9291946402,0.5847837377
0.7778451604,0.5488524882,0.7357982665
0.3630916783,0.7184975746,0.9217242096
0.2342557101,0.9004361403,0.1896501617
0.0026645890,0.7408256901,0.1429555557
0.1786839249,0.1313928210,0.6093057062
0.9399030168,0.3640633811,0.7879967241
0.7737879222,0.5935616663,0.4856883269
0.0547836807,0.6884226338,0.6846589475
0.1565800130,0.0009502355,0.1437123840
0.5521051836,0.0819423443,0.2528236592
0.2895417900,0.7964199963,0.2406216306
0.2563258376,0.6334291881,0.1214334793
0.8964449528,0.5697372823,0.8354346604
0.3804028339,0.8860627155,0.1123980373
0.4128447030,0.2630883871,0.3124870230
0.6453652574,0.5375093645,0.7193258093
0.1687419284,0.5689103800,0.3131874588
0.0967369467,0.1760576162,0.1429582639
0.1144438204,0.1747849778,0.3759697850
0.3654653753,0.8585714592,0.1439918957
0.6453936461,0.2724880718,0.7196993206
0.8242431374,0.4408511583,0.7844579339
0.1307347457,0.2391111422,0.1478374063
0.7036157210,0.7046207771,0.9807576895
0.4201348087,0.9104106985,0.5840224740
0.3258045012,0.2412371818,0.4207746163
0.2239628167,0.2135763889,0.0093911251
0.7369420695,0.1470130028,0.3684706522
0.2682704603,0.3369847195,0.3779351014
0.8713542508,0.5181902709,0.8954089617
0.8824331660,0.7563071579,0.8452598129
0.0388798369,0.2705814760,0.0294586413
0.9989268889,0.8627279309,0.4640669091
0.3550932785,0.1784721276,0.2111081900
0.2047806941,0.0786032420,0.2810081893
0.3416966673,0.2222652265,0.9650060425
0.4275613604,0.5089377335,0.3827054397
0.3719813841,0.5766866074,0.8295851770
0.3132593100,0.7775557122,0.4945301476
0.7257210495,0.1413129756,0.6441257931
0.9555905870,0.6535134434,0.9950627191
0.6711094310,0.5704262381,0.5880159407
0.3626311501,0.6128451142,0.5292902665
0.6439169988,0.0169607867,0.2136526852
0.5858933958,0.7237466699,0.8733481933
0.9414712514,0.8585225727,0.9945063633
0.3670633847,0.0353085368,0.4515084344
0.8665089303,0.9709816563,0.4719481544
0.6400111142,0.0324060869,0.2426315463
0.7353912507,0.8196199492,0.7743051855
0.0012827593,0.1946712805,0.1822633140
0.8163477221,0.9785190567,0.9731234653
0.7633372475,0.7035205331,0.2102206615
0.7331580795,0.8277716161,0.9579158942
0.4018176845,0.4207716697,0.9716541990
0.3394635458,0.2055587533,0.8072703879
0.5194444807,0.2806938121,0.8047103195
0.3680943769,0.2196226275,0.4062814501
0.2643767560,0.5179289088,0.2552447009
0.4428956280,0.5023649524,0.3791795136
0.7984774811,0.8495389316,0.6614709259
0.2432887999,0.7788558804,0.4529068885
0.2654277534,0.0377921341,0.1558133927
0.3667268268,0.4283856856,0.0369618148
0.4143450422,0.4933071035,0.5778705787
0.5084175625,0.0630873268,0.0580481663
0.9982897755,0.9752215382,0.5375359254
0.5984662535,0.3086092688,0.5375467898
0.3554170152,0.8466506624,0.9148587906
0.0163847968,0.0952143501,0.4927778351
0.6604316681,0.0460515185,0.0218042055
0.0519197288,0.0149969820,0.0988879566
0.8958860327,0.2819281739,0.7120342200
0.3325766858,0.1414081838,0.9581246672
0.6063993324,0.5636844787,0.3300600003
0.3950043497,0.7300184355,0.5259080571
0.1472484282,0.1966453622,0.0253122862
0.4528270955,0.4297023237,0.7174882431
0.1371956349,0.0762154386,0.1606431089
0.2601829831,0.2476730444,0.0314809814
0.2297786283,0.8830684768,0.2335403279
0.0581485633,0.0002746554,0.0438255920
0.1259487894,0.5064055704,0.5243445840
0.3253784773,0.8495466890,0.5788174855
0.8281024212,0.1592674198,0.9523043206
0.9681030533,0.8554916523,0.6056387128
0.2759182879,0.5128530661,0.3318368594
0.5249361891,0.0159186439,0.3001914880
0.7742223700,0.2813417067,0.3193384642
0.9181640732,0.7630371341,0.4563525871
0.4059313961,0.8637277542,0.8177944629
0.5894842494,0.9616253781,0.4074656059
0.6456254096,0.6550538553,0.7208723944
0.2588697932,0.7625448132,0.0354405879
0.6877165221,0.7069568739,0.8324626817
0.5701692127,0.9721692418,0.9179369177
0.1498892364,0.4167301424,0.6955591337
0.5551761816,0.3108735238,0.8500760162
0.5784050665,0.7125667913,0.6743897989
0.5664745041,0.5396266366,0.8051171074
0.9714281746,0.4234404201,0.2997266163
0.3174079405,0.7152650789,0.0137165793
0.8264696892,0.2546356554,0.1968328001
0.7937967442,0.8077476572,0.3637487314
0.0269838273,0.0081888662,0.1219780813
0.9475874437,0.8580837490,0.8338043934
0.4045929317,0.2103867557,0.2106738668
0.0012933248,0.1388923903,0.4110926125
0.4008356330,0.5213658415,0.9691112245
0.8985703086,0.2195177690,0.4800567105
0.2102987779,0.7655727220,0.2098353060
0.7829582807,0.5901662514,0.1232992679
0.8438860062,0.6925469608,0.3452521657
0.1726770581,0.2302180481,0.7108702837
0.4517905328,0.0051469834,0.2635113137
0.5852302096,0.0611379637,0.9931131368
0.6495667022,0.2227987109,0.4517599323
0.1322839892,0.8452656181,0.9320441760
0.5827773844,0.4950451974,0.7587265480
0.5972178691,0.0744416755,0.1029618760
0.6662334503,0.2768707008,0.6784770363
0.2553419775,0.0184771799,0.3891941685
0.5237381455,0.7783435514,0.0093851178
0.6331130058,0.3494739375,0.3479423838
0.5090989676,0.1042982212,0.3116492564
0.2969900299,0.3352321745,0.1220154019
0.4879081546,0.4689534435,0.1503519390
0.2319978777,0.3992362160,0.0613848192
0.8837716395,0.1704454429,0.3229851142
0.3992400784,0.1862944345,0.9725857334
0.3014030513,0.0880544630,0.2607980257
0.8087900340,0.7851473848,0.7840104716
0.3015813024,0.6491163052,0.5650206617
0.4048288609,0.3443945734,0.1510914799
0.8226054575,0.5731670741,0.5890074310
0.1174853697,0.1615256678,0.2729403660
0.7316527384,0.3805877723,0.4886745150
0.1362870790,0.3937754191,0.9589602411
0.0265986241,0.0383066062,0.9869049667
0.7100089742,0.3890940550,0.4855573611
0.1053893633,0.7333356562,0.7297688375
0.1023107998,0.1361450328,0.0116085069
0.0561073503,0.5624701170,0.5157350286
0.0154001240,0.0757083173,0.0381348990
0.4690254751,0.6833608932,0.2399181452
0.0021105394,0.7765089001,0.2645353292
0.6346198615,0.8910167343,0.7425783654
0.3376719737,0.9089850616,0.1665868179
0.2013343800,0.5148586510,0.1710347009
0.7493405925,0.9541891841,0.9140724943
0.0190418286,0.2783020116,0.7803599011
0.7407599695,0.9125183565,0.6407012496
0.1656789287,0.6287666376,0.7992698951
0.7229248023,0.8881523822,0.9723220858
0.5715627321,0.1191802909,0.0313498282
0.0087878154,0.2181806872,0.3956991317
0.3948233859,0.6607685858,0.1597222372
0.3857988902,0.1400561508,0.7874914152
0.6375016730,0.9154932012,0.6541223874
0.8817939135,0.5285954274,0.5871908216
0.4490403540,0.3960721869,0.5500196175
0.1744023659,0.2590553500,0.6784048842
0.0787942973,0.5767718527,0.0420735850
0.0280744187,0.1336824433,0.1788550073
0.5004235962,0.2938856199,0.6573440352
0.0960960058,0.0094089042,0.0042716593
0.2459799102,0.0664075817,0.8384174868
0.3611899062,0.3249169769,0.0807657734
0.6860788182,0.3966192100,0.1445622616
0.8716030669,0.9971751169,0.6934468885
0.3970011350,0.2493911150,0.5786040252
0.7286677368,0.5627889815,0.5915859705
0.1766143070,0.2783270963,0.3321726776
0.0398542245,0.0419927578,0.4758510412
0.3582969030,0.4114969616,0.8759416651
0.3718366619,0.8642713927,0.4091170785
0.6439060587,0.6730302291,0.4205554824
0.6434641960,0.2737811480,0.3480359848
0.4851916543,0.7516021690,0.8765159149
0.5109194473,0.1452394763,0.0301989606
0.9736670728,0.2558788084,0.2730782688
0.0275362931,0.5326660110,0.6731775361
0.3884338056,0.8471455909,0.1459650661
0.9917799890,0.1404759086,0.2997202960
0.5518264835,0.5482960480,0.9820574558
0.9087223475,0.3970190755,0.6716021664
0.9137977376,0.4259288164,0.7200692954
0.9332177248,0.9365443531,0.8785952547
0.7869607045,0.3394874236,0.8391910077
0.7316110968,0.8715847073,0.7769205031
0.9507744653,0.8333446228,0.9202129760
0.1691519404,0.2183012806,0.1315469520
0.6661742872,0.6322438703,0.5718510352
0.5539133844,0.0369787531,0.6243366711
0.8391301406,0.9710348969,0.8674239261
0.5420799695,0.8356900027,0.9988451202
0.2611287367,0.5430056179,0.4475237133
0.6149560380,0.6138224938,0.3615646602
0.7467637715,0.8830230023,0.4834440240
0.6597331058,0.8719833556,0.6030841187
0.8529672539,0.2618673376,0.4238199180
0.7860935772,0.4097842353,0.9967446403
0.5629801955,0.3891353510,0.9955186170
0.3241125777,0.9819966567,0.5180861454
0.5872959970,0.7612100911,0.7594158878
0.4908749832,0.8204731071,0.9917077296
0.0063309681,0.0898488885,0.0195690986
0.0357265572,0.0229558693,0.4430144037
0.0387739328,0.0935968635,0.1100690578
0.8562411885,0.9855884782,0.6538620354
0.4524355378,0.8051831002,0.8846098315
0.0459048535,0.2652955213,0.5695628328
0.0909006650,0.8346606485,0.9380558213
0.7593757203,0.4570743642,0.2117087504
0.1932812927,0.0108962881,0.3645393189
0.0808694701,0.4179849076,0.3597424469
0.9119247554,0.8940991417,0.4762804185
0.1154899903,0.0512994826,0.8841552103
0.7426669732,0.6317117815,0.6096552367
0.1557279565,0.1454712578,0.6243203293
0.1801268035,0.0386237941,0.3639816080
0.7855970792,0.3480522205,0.1169196497
0.2963248771,0.8911667522,0.2846851976
0.6286573072,0.8377453923,0.9938726237
0.6024651998,0.3899238979,0.2949106044
0.4696766232,0.7951947560,0.2243230967
0.1195329352,0.2050809840,0.1225231798
0.5977614555,0.5161539673,0.8642066529
0.4879284422,0.3614087988,0.7943456056
0.7865805867,0.9680567706,0.9220802113
0.9073786848,0.9979971445,0.3299144245
0.8094114619,0.9822046238,0.5760933104
0.4981342823,0.1919191669,0.2255979983
0.6456766123,0.7242566629,0.2762108995
0.1032151302,0.4091632324,0.8690034247
0.6475181781,0.8138591104,0.6602491995
0.8901547246,0.4699777687,0.5535229219
0.2260375299,0.1142879266,0.2224346371
0.7289750901,0.9553388701,0.7708797620
0.5137749375,0.8408334759,0.3493406062
0.6009120637,0.6994836534,0.9851017359
0.3413318029,0.2203602170,0.3088426389
0.3917104158,0.2609195937,0.6390335552
0.9350381341,0.3191107713,0.4847912640
0.5962869351,0.9231799463,0.9069073736
0.6068061072,0.5086778978,0.7404056050
0.0193040957,0.7750379088,0.3229067525
0.8091814778,0.7983278832,0.6420192159
0.5350558142,0.1236004830,0.1860505813
0.1064093766,0.1042192313,0.3823485228
0.6588471209,0.0781130625,0.4310731250
0.4873652786,0.1056932188,0.0237699273
0.7765792291,0.8942715469,0.3047871929
0.7029701135,0.6925441956,0.8068760012
0.3181445187,0.2639347454,0.1905475490
0.2912530488,0.2613109536,0.4582027392
0.1594154532,0.3016002531,0.0351636751
0.9902214948,0.8858646465,0.6743859030
0.7262741277,0.8006658348,0.7659646129
0.1291116615,0.0274409825,0.2749884935
0.2559098388,0.2927532126,0.6383379681
0.0122607479,0.3359641547,0.0885115685
0.2787732166,0.7033770548,0.2199915605
0.1049443908,0.0418387572,0.1333095753
0.0850759942,0.0246286685,0.4074517528
0.5676675949,0.4539011302,0.4497643837
0.7354993627,0.2479802490,0.0454816402
0.5443616042,0.2449198666,0.8466011230
0.3098138925,0.4529743177,0.5380100813
0.5778446726,0.8708393104,0.6717797828
0.9009506605,0.4285646289,0.9089654794
0.4603562921,0.4483428800,0.9228868973
0.6311562892,0.2199290391,0.6105318766
0.8009536798,0.9685872345,0.5986444004
0.7305637436,0.6090531838,0.8751734317
0.5820010159,0.3144882291,0.0857028837
0.4369779290,0.8484237827,0.0259997888
0.5820806075,0.8740276064,0.5297707798
0.0336835066,0.3519332969,0.0552828040
0.1839203512,0.2950957612,0.3527037865
0.8495166671,0.7096092479,0.6482614266
0.2048530294,0.3843198830,0.9425394914
0.1896051721,0.0576808224,0.0768343101
0.7195887270,0.6223002656,0.6368328903
0.6435898020,0.9235903064,0.9444307486
0.3919897580,0.3801454045,0.4586631299
0.8638511289,0.2742561378,0.4412636809
0.5972317602,0.6440974510,0.8433254445
0.5752284333,0.7751745534,0.6674992294
0.1382622838,0.6201355365,0.4280990849
0.0533738010,0.4119460775,0.9153187084
0.9984454738,0.7035908614,0.2461706648
0.9186020367,0.4971381393,0.9927353037
0.5159693292,0.1207712508,0.1156544661
0.2667428726,0.5511056606,0.6812335901
0.9848501527,0.9770265343,0.6865528127
0.8779282808,0.8696132911,0.9689518053
0.9921133290,0.8458547093,0.2584718085
0.4018140819,0.3942951903,0.5559825044
0.8848253562,0.9237439825,0.9204178109
0.2468615844,0.1696982820,0.7326012561
0.2935403555,0.8117214798,0.8401948505
0.1900663194,0.7828861122,0.2875542984
0.8427436691,0.8733849113,0.4521194539
0.0981720871,0.1631595651,0.5304022810
0.7860082174,0.9187357743,0.8808946569
0.6427233411,0.9536302603,0.5565753508
0.3325805371,0.5991609106,0.1165367273
0.2305555701,0.9025485112,0.8769032254
0.7131259220,0.8455983239,0.8148783265
0.7274982441,0.6621115720,0.2978807327
0.7574711707,0.5106999822,0.3537474286
0.1736926249,0.4043729885,0.4437174030
0.4727051915,0.7851569452,0.8819552125
0.8930781765,0.5520847251,0.1696958833
0.4341952403,0.3371699901,0.7416424535
0.6204204616,0.9683663528,0.7734070517
0.9221812657,0.2547311584,0.6944417048
0.6264597678,0.4335502625,0.1911693681
0.6647622040,0.4858805153,0.1711916663
0.2373073832,0.3818530958,0.1084216861
0.4077645668,0.7138523032,0.2274293010
0.1433321981,0.0553448128,0.1834225767
0.0322893500,0.8942451509,0.5108801985
0.1282465911,0.4465941554,0.6082348578
0.9991928874,0.5655203110,0.5525842720
0.6634872060,0.8547722111,0.8002966696
0.2108194876,0.5515984506,0.1632949378
0.4292846449,0.9564339043,0.9451556786
0.8267139733,0.9359391606,0.6705296909
0.6841191727,0.9673650239,0.7816170399
0.6198482048,0.9993000547,0.1264517284
0.2265179906,0.3838389738,0.2385223826
0.2608686105,0.2945830904,0.3980649799
0.5174061871,0.7859782444,0.6847426561
0.7425444655,0.0703431673,0.5825918003
0.8000711372,0.9950348187,0.6868610206
0.3103747856,0.6944829090,0.8207176014
0.2825929779,0.2898576870,0.6486755395
0.9067094195,0.7925493832,0.7066493330
0.1809495161,0.3624475411,0.4155548896
0.9872112333,0.7464374276,0.8299577558
0.5767311148,0.5484876996,0.3894949691
0.5154950882,0.7345048710,0.7169248780
0.7157866802,0.5273765192,0.7146119900
0.5816462864,0.4531134295,0.4652174184
0.0858390693,0.0855336163,0.8840659641
0.5370317804,0.2444050308,0.3642382982
0.1911013659,0.7336550175,0.1391590120
0.3910310253,0.4324082779,0.1176286547
0.3174133451,0.1445151127,0.0236893719
0.7876623804,0.8851415086,0.8651702174
0.8562614969,0.5056751891,0.2680827381
0.6432531815,0.5577900107,0.0844453424
0.4646999325,0.1056699553,0.3790760022
0.4808574446,0.5518795986,0.9952420639
0.9776754205,0.5902209949,0.4535111956
0.9871171723,0.4808782273,0.6559454427
0.6217336924,0.6089210595,0.4602894399
0.9815960578,0.9663057833,0.8172532003
0.8038892209,0.8028880353,0.8391881536
0.8083588122,0.6001300032,0.0162684587
0.7304414542,0.3758414936,0.4279956023
0.4287946543,0.7576006778,0.9748567000
0.0137765603,0.2448201033,0.9120161045
0.4830168602,0.4432227192,0.7373420486
0.4438297595,0.8001355895,0.7704204658
0.5113301797,0.4291767673,0.5129756335
0.8754958034,0.8784589555,0.7609619488
0.1922947799,0.6908276399,0.8771143034
0.6052519349,0.5077020259,0.7926448928
0.9980551696,0.8671448896,0.4369445846
0.9103981006,0.7828775040,0.8839335873
0.3881806445,0.2946404560,0.2334140855
0.7807191204,0.7705920291,0.8392285835
0.2653973437,0.5218699245,0.0387744169
0.3697725068,0.0163118148,0.0334570781
0.0545771622,0.2309877322,0.0087137321
0.0159707866,0.3281582210,0.4544667763
0.8097550917,0.8094177176,0.6323941116
0.5338992159,0.1697903350,0.8485798263
0.2669433230,0.4565727777,0.2708083643
0.9014612503,0.5195539540,0.6778292734
0.4099713097,0.0101116209,0.0111993339
0.9298136859,0.2633885345,0.9266570018
0.0676894904,0.0047052735,0.1347238103
0.6195623666,0.7709173438,0.3315378095
0.9217883427,0.7967755386,0.8764897085
0.9187589984,0.9241251131,0.9819281954
0.6059486894,0.2249842252,0.4120971022
0.2069033538,0.0114500475,0.0322900101
0.5791902499,0.9380353858,0.1725109569
0.6655573791,0.4568043050,0.8030856229
0.9444994432,0.4514852335,0.7677685729
0.2642114835,0.2620639267,0.3074197979
0.3072421597,0.8547709765,0.6703857358
0.7441633370,0.8264934577,0.5623706841
0.5227979606,0.8714191267,0.9636250741
0.2799552873,0.0506013157,0.1584643134
0.7239751444,0.9191979724,0.1369541732
0.2797040672,0.9624078839,0.0374559889
0.5545662318,0.8313360397,0.9060691851
0.6723707303,0.6226839616,0.7905655806
0.5806250620,0.2758249771,0.6503726387
0.1791484745,0.6483480075,0.8774283533
0.1154677272,0.6317728993,0.3648960856
0.4547262032,0.4511969677,0.5051089675
0.2938823084,0.4451336458,0.2975278264
0.4170841886,0.7170392957,0.8169440515
0.8045205774,0.4646956986,0.2290174931
0.6009848436,0.7290488327,0.9496128984
0.5554724486,0.2777191431,0.3932215458
0.6428691662,0.2643370203,0.0611102460
0.1282264251,0.5303487816,0.9459441442
0.9476952999,0.3708879628,0.2814880288
0.6521863415,0.0750254911,0.2185326131
0.4874237298,0.3437474019,0.3940035458
0.5547013013,0.4991546243,0.2584309953
0.6383589308,0.3864527778,0.7744205908
0.6090730086,0.5857119106,0.4363560896
0.8324687589,0.7493203756,0.8208754467
0.9227226386,0.9182071510,0.8990495144
0.6598028430,0.2326203974,0.9870662530
0.3925923665,0.2157295728,0.8300212423
0.5129232167,0.7276377188,0.8934123935
0.0833099042,0.0085309586,0.1376468688
0.8270166706,0.5254526831,0.1336347656
0.3728377739,0.0467933065,0.1955933316
0.7204769046,0.7996201160,0.5225245824
0.4901804747,0.3979567606,0.4096165843
0.4083839672,0.0098978486,0.2789812261
0.6912470046,0.3074355034,0.1362909988
0.5362468791,0.5130794411,0.7450553245
0.4825594443,0.6463177169,0.4484004881
0.0979439634,0.9507138268,0.5728596605
0.6578427080,0.8925352159,0.8422207135
0.5153039903,0.8126233230,0.3837302972
0.5223143494,0.2665678658,0.3135521655
0.3372134024,0.0963383516,0.4881063854
0.4684305668,0.8076688945,0.4340545771
0.7138188270,0.4940305858,0.7443518443
0.0789757725,0.9550962477,0.9756324586
0.3402638074,0.4085434564,0.5293004630
0.0350128274,0.6041546579,0.0159083982
0.7084090626,0.3935854981,0.3730344511
0.9011692790,0.7629947756,0.5468188268
0.4130027797,0.0957205162,0.4555916636
0.7967311353,0.6093436899,0.4867989790
0.7160411373,0.7494871295,0.4388932857
0.0922656629,0.0005820384,0.5903629938
0.9414505653,0.3494655184,0.1224834901
0.3796224310,0.2645162842,0.6914592125
0.5590379956,0.2614784721,0.1681912413
0.5963826939,0.5317734254,0.3697577998
0.3319904125,0.3522824864,0.6017240300
0.1869482702,0.1839056241,0.9389515063
0.8406032896,0.9663140335,0.8398476234
0.4777198316,0.2943980857,0.1435325904
0.8995557022,0.3683018189,0.9801942099
0.6538467502,0.6730122317,0.2490465385
0.5235713977,0.1268716385,0.0098567848
0.5922599573,0.1276538041,0.6770894527
0.8777330062,0.6342482405,0.8056320599
0.2485835819,0.4168912740,0.7757365046
0.1487324380,0.5589272811,0.5097162601
0.8218889613,0.8510800780,0.9592296789
0.2299588755,0.0430232176,0.6995513546
0.2614764200,0.8487118768,0.5711937069
0.1270524386,0.0430926004,0.0458442545
0.6695818418,0.9194072253,0.6913399291
0.1732468746,0.6853933764,0.7778328437
0.0630017149,0.7093545666,0.4263151932
0.4562145479,0.1605831858,0.1974867705
0.9997941868,0.6079006852,0.4090744620
0.8350152248,0.8684339756,0.9036599541
0.7342727803,0.2405611766,0.8011631972
0.8567128130,0.3006084226,0.6048065457
0.7278311997,0.1547183914,0.1345516423
0.4536525489,0.6750245851,0.7194629715
0.3052317607,0.3321184709,0.1085219122
0.4877386397,0.4393221829,0.8624219308
0.7026305896,0.7976267318,0.5230636433
0.9662537047,0.8743767241,0.7474248022
0.9577386714,0.3858114761,0.0843906279
0.9165906759,0.3961642768,0.2851641330
0.4449282419,0.3462959408,0.9243988766
0.8106039816,0.3514355082,0.7270524443
0.2600570217,0.1331181710,0.7777227648
0.4133120743,0.6390519472,0.5911236759
0.2301597742,0.9876080874,0.4677310971
0.1870984294,0.4540806228,0.0198368955
0.0041963502,0.1795616881,0.8789271260
0.9339020086,0.7579420507,0.7420650133
0.2536097818,0.3327841242,0.0776884660
0.5557553396,0.0763481600,0.1153126978
0.2042877466,0.4574793034,0.2978671796
0.0418790850,0.1247561151,0.2907625340
0.2885984137,0.2038713419,0.7337310173
0.5972094649,0.0167288546,0.4765072816
0.1370157457,0.7341944016,0.8239580181
0.0013732843,0.0074553941,0.1762981674
0.2953892496,0.6073653961,0.2894179747
0.8706332805,0.2450981885,0.5558993514
0.1166012607,0.1962143121,0.6502594475
0.9941788883,0.4317452749,0.8331814338
0.8749046503,0.5779232007,0.8148622719
0.3914868263,0.1063249897,0.0322263852
0.2889949124,0.1473997994,0.2915818326
0.0110115262,0.2234538226,0.0506138377
0.7476883641,0.8809397849,0.8728346961
0.6118523211,0.2562427289,0.3085046130
0.2462247632,0.1056337116,0.7569687937
0.7789377691,0.9601956418,0.5855402457
0.5163013714,0.7179785337,0.8979053820
0.5536464727,0.9730150199,0.5028738417
0.0970927482,0.8001917574,0.0970428071
0.7751456139,0.0248025506,0.0101654646
0.3388345938,0.9469308458,0.2880831005
0.2163660949,0.5506165777,0.8248373383
0.0389458854,0.2114833060,0.1277137575
0.7034296261,0.6162220042,0.0663372590
0.7099480135,0.8401470974,0.9492644191
0.0331675228,0.1068822810,0.0004851758
0.6799546103,0.6745270330,0.4693307730
0.1266114627,0.5244347916,0.7815058390
0.7556873934,0.6255526919,0.6484421845
0.8457211534,0.4437229102,0.7839571425
0.5858945982,0.7614343614,0.3106208347
0.3401960420,0.2834732285,0.0615375939
0.9326265479,0.5183789059,0.8395483299
0.7016706413,0.0404375039,0.1932934397
0.3232942481,0.9842948111,0.6157312768
0.9444997477,0.4507576626,0.3933868102
0.0018374847,0.0457155068,0.1336278170
0.2581445013,0.4437387722,0.4313716374
0.1853092956,0.7574437700,0.1837447987
0.7950583228,0.8961921757,0.3429522061
0.2925534646,0.2776780251,0.6432200349
0.9467362747,0.4655449705,0.5736404026
0.6201436899,0.9521952704,0.7402333901
0.4199957334,0.6531759020,0.9365169408
0.9372796015,0.9814045185,0.6964865222
0.3255032597,0.7320955340,0.4577439044
0.9070537350,0.9864392315,0.6347510452
0.9575223713,0.3176358470,0.6924071677
0.9357623429,0.6586437222,0.9685898108
0.2302437876,0.4903920437,0.3530172558
0.2375235926,0.8075242303,0.8323144037
0.5935520086,0.8697621371,0.9485409864
0.8026903772,0.8191538607,0.8530029909
0.4719200526,0.0027716732,0.0490621303
0.7589345197,0.6555243238,0.7303869175
0.4433229748,0.7900396489,0.2689208888
0.4924467613,0.4445219248,0.7876411508
0.5586801066,0.7060100263,0.6659182171
0.0718752377,0.1543870382,0.7306440710
0.4095940567,0.3728699222,0.3606060650
0.6096847558,0.1346795659,0.0289751444
0.0250429893,0.0893619502,0.3908064685
0.8031119459,0.3406293002,0.3059776014
0.0151510628,0.4511953760,0.2551602234
0.2357168356,0.6643541885,0.6276511449
0.7971189877,0.6088871038,0.9608993988
0.6974433108,0.9604784108,0.8142927286
0.5308712634,0.4910550963,0.9718413846
0.1550532264,0.0398121623,0.0344883931
0.9375229708,0.0715814099,0.2776828012
0.1916818673,0.5644824597,0.6999599284
0.1913555186,0.1047900823,0.9961534460
0.4912171962,0.4863799558,0.7650586737
0.2086572164,0.0695053595,0.1004130840
0.5785298353,0.4705051031,0.2313028340
0.8390826149,0.9813200787,0.5362239148
0.2595444133,0.9713242774,0.2878229134
0.0236326596,0.0445748412,0.3918214919
0.8720144256,0.5282781828,0.8307681535
0.1043032281,0.2855960712,0.2839187259
0.3228708078,0.5336250578,0.0593196954
0.0071465939,0.8485785422,0.4549765839
0.6666007581,0.1758405972,0.0462208484
0.0056238973,0.0378605906,0.2748221755
0.5081761434,0.2729871256,0.8726986669
0.0949041335,0.2191160361,0.1133917671
0.6970817546,0.4939642676,0.9861263274
0.1866681848,0.3521238250,0.4681689405
0.0559069083,0.0273369330,0.0773122948
0.9243822693,0.4561595954,0.5112869459
0.5437291781,0.4004259124,0.9878868064
0.0084066124,0.1088511161,0.2006615751
0.6822566184,0.9732576079,0.6845473202
0.3819187427,0.7927129315,0.5954771703
0.1492404364,0.4452294996,0.3701519917
0.2109457500,0.0482120779,0.0509746268
0.0383261387,0.1529177489,0.0640759148
0.5876856182,0.3177369383,0.5424328245
0.2831379269,0.4640493053,0.0514499564
0.2646872596,0.0485015152,0.3364308907
0.4621225052,0.9504763033,0.4175997748
0.8928628509,0.4473106904,0.9651116662
0.5555663788,0.3443884022,0.6858579246
0.5334645843,0.5904792346,0.7170135828
0.0272574811,0.4893339173,0.3756745531
0.8219068849,0.7796475837,0.7246361320
0.1495442121,0.9809437585,0.4612866802
0.4179264406,0.2155684488,0.8710479381
0.4671888035,0.1749435934,0.8587948225
0.9711311371,0.6538388902,0.1945107765
0.3855219107,0.1714840668,0.2552687611
0.6668336750,0.8338462956,0.2318737344
0.1288806557,0.6032517926,0.2165860901
0.3397034827,0.0503239336,0.3238878744
0.7562434249,0.4927987261,0.8893219968
0.9941471264,0.6570842165,0.8748820849
0.4287340648,0.8716561020,0.8063078039
0.8185318025,0.7414274932,0.2680842810
0.2817389196,0.0556200450,0.0491651974
0.2900623024,0.5715172873,0.5584832618
0.9820475922,0.2397090776,0.5102730449
0.4544228244,0.1574908212,0.7505733793
0.7585513842,0.2847425288,0.2595295130
0.4327617385,0.9978944259,0.2560022320
0.1042346098,0.8403318298,0.2177026410
0.0408958308,0.1192485871,0.8001595902
0.8216096857,0.9080321899,0.6757942648
0.1865159863,0.0038517447,0.0411764080
0.1891365896,0.1266591096,0.0078000215
0.5445591946,0.3915503155,0.2706393790
0.3992910855,0.4514669104,0.5765302672
0.9535286923,0.4035963472,0.5471881751
0.3967021311,0.2213169897,0.8776097052
0.8048160747,0.4763135493,0.7779744217
0.1760435003,0.9017884934,0.7468991528
0.1647506509,0.1315640138,0.3896292972
0.7467557056,0.8950127754,0.6783357161
0.3903837839,0.3862018235,0.0320509191
0.7867189802,0.2371796499,0.5576263616
0.7164369725,0.7854469587,0.7517925384
0.9330295521,0.6191253563,0.3756923442
0.2561473408,0.8678799715,0.2552332632
0.9742574988,0.5225093548,0.5666288560
0.0170106265,0.1820705159,0.0280847357
0.3271920047,0.2989647693,0.2992061593
0.4835175956,0.0607906738,0.3527967145
0.3133879408,0.9357350796,0.4558498745
0.4050958030,0.8440142056,0.7445738475
0.0243152222,0.3335012323,0.1594979691
0.2610922571,0.3000422015,0.5274264753
0.7079111162,0.8178696103,0.6188481014
0.3859161038,0.8823264658,0.4303953448
0.4607730941,0.4761969286,0.5906330688
0.2468425448,0.1672800528,0.3306891417
0.8232243432,0.5023503622,0.4776956006
0.8552957251,0.6756506177,0.8317241688
0.3934655239,0.8996430955,0.2353620269
0.5537894717,0.5799480602,0.7114351293
0.2351819021,0.1572360409,0.2007501718
0.7336253120,0.8400454031,0.5447813976
0.9672295510,0.9163870537,0.8678011341
0.1387783164,0.0899369316,0.2253075920
0.8948209286,0.7283051787,0.3946653155
0.9713264688,0.2958955964,0.4682628898
0.5333175067,0.4287177828,0.1527335812
0.9221332703,0.7765889703,0.4278556922
0.6562164607,0.4902822765,0.5243032615
0.0391687214,0.5511740485,0.0825483105
0.3455209966,0.3288532396,0.5086961579
0.4676761470,0.8083589415,0.6778359518
0.5111370854,0.1683491431,0.5372653602
0.3026071381,0.1114718712,0.5400413956
0.1094950326,0.4042186172,0.4742304397
0.6136253610,0.1720274903,0.0261046628
0.8393213821,0.7230763740,0.4209440281
0.7502033041,0.6123645511,0.4062760424
0.3072438552,0.3448360105,0.6315048695
0.6896985838,0.6758321431,0.8676392183
0.7075346360,0.7349200496,0.9945056620
0.7796696209,0.7548410755,0.4884667963
0.9188642925,0.7353701260,0.9412549229
0.3335733565,0.0325702757,0.2631769996
0.2623767979,0.4135142127,0.4786178289
0.1822458948,0.5586908183,0.5855147250
0.3936105326,0.2877042528,0.3451388327
0.1690997517,0.0636570031,0.1467743327
0.1445327554,0.5247467063,0.7040733909
0.8949027628,0.9038001835,0.6608107581
0.7942392236,0.6855125154,0.6985886529
0.6869618650,0.8837123311,0.6105693851
0.0508824056,0.0889588362,0.1431022946
0.3086738142,0.1873268455,0.0042225855
0.6938731375,0.7141380321,0.5663296777
0.8225583723,0.7453061934,0.6608409425
0.6653108520,0.5021965700,0.2719308951
0.6403755985,0.6189530844,0.6927966397
0.6743962593,0.3825440055,0.7241635873
0.2740781411,0.1793665401,0.1484604574
0.0249129517,0.5130097318,0.0963048359
0.6633377408,0.5466579841,0.7343952212
0.2313516675,0.7143963680,0.9042367951
0.3058172475,0.8420779075,0.7091670383
0.8552809949,0.7157353000,0.9536882715
0.7491282294,0.9515319648,0.6256690583
0.2737062435,0.1546269791,0.3447719872
0.0767666364,0.8518800483,0.1009850745
0.3607485351,0.9716320872,0.4866934960
0.1377156895,0.5563581511,0.5372416141
0.5457741520,0.9708840905,0.6757623865
0.1369791303,0.5651633449,0.9894057626
0.0896274979,0.4036620471,0.4306816759
0.6994323374,0.6562192540,0.6973206907
0.9449915167,0.5715468104,0.6773110628
0.0448563826,0.3811630485,0.1974673496
0.2240731196,0.1427572477,0.1203376360
0.3493579084,0.7446345557,0.1965630591
0.4840659749,0.4961592417,0.1048289327
0.8779806533,0.8098147145,0.3634526878
0.9275127491,0.5769259680,0.8292909157
0.6734392384,0.3582544670,0.2385889004
0.1110981209,0.6040098825,0.6600480240
0.0882514589,0.5002910413,0.4725216422
0.9964174305,0.9399934979,0.9415776196
0.6347069034,0.2305466638,0.4094127629
0.0266924778,0.4611169519,0.0075173542
0.0032450519,0.1164456745,0.3152963500
0.1853461345,0.9670866618,0.5467735342
0.6378898883,0.1010543946,0.3103426703
0.7842755850,0.9821220663,0.6255400834
0.0632249779,0.1377354012,0.5419976892
0.7954432525,0.6097056796,0.5956118866
0.8486711119,0.5502596648,0.8931239397
0.3161685194,0.2286081634,0.4295912572
0.6816656544,0.7827997117,0.6759626118
0.7427456207,0.6819387815,0.2717414472
0.0650999599,0.6090176321,0.0557631033
0.3949138391,0.1851065766,0.6299504690
0.0286643944,0.1390034627,0.2042213255
0.1710883569,0.8366609222,0.7607540550
0.6713376601,0.5236360366,0.5049023522
0.7065956581,0.4664477670,0.7817329630
0.9296631628,0.8572271069,0.8811109435
0.4379824427,0.3491339691,0.5821629135
0.3318955054,0.1238033313,0.5203546309
0.9099925479,0.8962046090,0.4235640939
0.5685696579,0.8940977992,0.7681723968
0.7123450770,0.7132542285,0.4939664974
0.6261186237,0.2348149533,0.9391727171
0.1135607179,0.3807865989,0.9071432390
0.5574994517,0.9260810980,0.7926580406
0.2166875511,0.8328193731,0.3203204664
0.6752380020,0.1874938498,0.3277969583
0.6533127284,0.6464968842,0.1070350791
0.1304783119,0.8321850360,0.4970183412
0.7657614432,0.6383234641,0.9090686472
0.1692200725,0.3016566173,0.1991446957
0.9253206908,0.0854842007,0.0948810374
0.0285390282,0.3828026747,0.2325089638
0.7809905839,0.4355880074,0.6883399568
0.5035934660,0.0046719744,0.1217547313
0.2460739538,0.8064233214,0.1766363302
0.3915670344,0.8276643630,0.1775736372
0.0745958819,0.2297553157,0.0132380138
0.4376549023,0.7071441181,0.6957527837
0.5343182041,0.4840265718,0.6099330432
0.1922696242,0.9818756397,0.9786902050
0.2620713309,0.5503682280,0.4468472366
0.5771844669,0.9480410352,0.8343611734
0.7755050798,0.9010774050,0.6154586510
0.6004233775,0.3616673430,0.6691353774
0.0111566307,0.7897506306,0.4203922353
0.1425116369,0.4383574837,0.1061179185
0.4622794038,0.5353445016,0.8319032371
0.9869418277,0.4468208238,0.6422447330
0.9362897541,0.2536382733,0.0818251830
0.6265338492,0.2647576748,0.8778314906
0.0207871648,0.0206292679,0.0425090284
0.6964055862,0.3784173024,0.1039514937
0.5088175174,0.7532267809,0.4760260221
0.3567963621,0.3886937656,0.2844050623
0.2663902895,0.3251032926,0.2974536818
0.2490243892,0.2452289766,0.6337990567
0.7809414858,0.5237282974,0.7689200500
0.3631262220,0.9497114419,0.5310071680
0.9590020476,0.6751006120,0.4572861621
0.4485577776,0.7308319649,0.4911512381
0.4277252246,0.5494955326,0.5605783470
0.0203202928,0.2068279788,0.1309102274
0.4633496130,0.0465213812,0.0501255881
0.5571915719,0.9715964795,0.8498963124
0.7116398164,0.0629020855,0.2209319515
0.5708499397,0.7825818252,0.9759113420
0.7114301507,0.7570735478,0.9597164550
0.2144261091,0.2517454841,0.7391952384
0.5476400289,0.9444513265,0.6745140272
0.7658634798,0.6286830640,0.8911147575
0.0673689712,0.1820975404,0.0213290051
0.4290240947,0.3257274315,0.7762253180
0.5191738768,0.1476319086,0.2064966273
0.6728120009,0.6664913739,0.7460622195
0.3161936920,0.3698897048,0.3954120050
0.2773552438,0.5888539731,0.9084890215
0.2460767554,0.2722561222,0.2846792524
0.5973701369,0.7355387007,0.6723129313
0.7223062885,0.8953460152,0.8587075363
0.4841706604,0.1629127257,0.0454291474
0.2378469919,0.8504910562,0.2568910654
0.1301296411,0.1698073715,0.0209878780
0.0960732803,0.2013954303,0.1038715555
0.4436381566,0.3013371016,0.6947081341
0.5421347774,0.2609715747,0.7964466030
0.4064343461,0.5405790677,0.9967891551
0.6259430818,0.7479034796,0.8170144497
0.4275276618,0.7628589333,0.1395315696
0.8701394310,0.1286907533,0.5782073322
0.2391106423,0.3856638475,0.1617167375
0.5438216383,0.3739770303,0.8880224487
0.7316839356,0.8349321220,0.9987935779
0.5092307156,0.9547848859,0.7459582553
0.8789577389,0.6423266755,0.2677904035
0.9662100111,0.5321511483,0.7784393265
0.5003120051,0.3313023757,0.7745106324
0.2711809668,0.5396994734,0.1012550397
0.1806701293,0.5909005042,0.0355872233
0.6026451997,0.2028217501,0.6472165569
0.1609546421,0.2493635383,0.2823805079
0.2360246569,0.0815987925,0.0786037121
0.1523149672,0.1717856270,0.3836519819
0.5847614959,0.5283672872,0.9049218922
0.0059647121,0.0955588327,0.4172627847
0.3908902644,0.6237436641,0.0351828881
0.9667493804,0.9848770874,0.2185774017
0.3482973712,0.2887615378,0.0798709344
0.5980011598,0.7183904709,0.7531782105
0.1028975315,0.3809617160,0.0629731178
0.7941086633,0.3680651964,0.4629066899
0.2882566838,0.2076870997,0.7274944016
0.0256048341,0.0644791558,0.4282243726
0.7309867210,0.4424441874,0.8986321413
0.0211383683,0.8283124509,0.3769098520
0.6145322590,0.3283216650,0.2313109337
0.0126200036,0.6472102833,0.8079475611
0.0349025622,0.3520313153,0.5080618974
0.0624168967,0.1515999712,0.4202942193
0.7767551266,0.5271669646,0.1658410738
0.3332170013,0.2528090758,0.4487168493
0.9729605348,0.9151993090,0.8618955654
0.0208816980,0.8991749712,0.7785323668
0.9184284477,0.7736601418,0.6867515720
0.8257915494,0.5985542809,0.6456465400
0.4177545890,0.2906988267,0.9598657491
0.8209379964,0.8146821967,0.4428354065
0.0092472161,0.1062910346,0.4133034905
0.5549071516,0.8907322505,0.6104834673
0.1624271776,0.3535982965,0.3796489938
0.4651826774,0.7308851386,0.4219086321
0.7886085451,0.8300507146,0.5395369457
0.9725754831,0.5182962003,0.7917142993
0.3867749655,0.3911104152,0.6137964782
0.0989082075,0.5375614042,0.5623241515
0.1075369103,0.0743129139,0.3169261435
0.4345866237,0.7257750738,0.5140537737
0.1315053989,0.0942911842,0.2789260205
0.4430632130,0.8807519330,0.3233112245
0.2642769216,0.4666818771,0.4008423278
0.4476822694,0.9329505281,0.4142685073
0.0493638373,0.0233340165,0.0512505119
0.2019220346,0.5026347011,0.5751642778
0.3517445126,0.3684051883,0.2643644449
0.8974500347,0.1706527258,0.3282534209
0.6193715272,0.6341410709,0.6064260945
0.8678788552,0.6744108691,0.8137287600
0.8541284476,0.6893402308,0.5527254747
0.9865786349,0.7426543804,0.5924592553
0.2672292053,0.0785473830,0.0498188622
0.8746472521,0.5682538739,0.8278688210
0.6274541259,0.9596479403,0.1323407315
0.1618635131,0.7598811996,0.9235330056
0.4752888383,0.0503647000,0.8043190079
0.6392122480,0.4161583758,0.3143991536
0.8515054774,0.1940961518,0.7769188127
0.8306047425,0.4665897770,0.3747555031
0.8880048572,0.5052591035,0.8478553685
0.3288205504,0.6613371272,0.5460592959
0.5544285450,0.3361708059,0.8723214704
0.4584798354,0.0389235792,0.2440335659
0.8333032149,0.1521566493,0.9784468575
0.0565845643,0.7382033311,0.1384000373
0.4732563256,0.5584361756,0.7318067334
0.2025149202,0.2396144666,0.3186044699
0.3836973121,0.5143816329,0.6408132289
0.3323126048,0.1644127472,0.1220981989
0.3051672055,0.2514361282,0.1172323974
0.2463191276,0.0619633727,0.3258482418
0.0161854777,0.2365736733,0.5800261431
0.9353361132,0.5886632625,0.8613280564
0.3802996359,0.2873514826,0.9079621211
0.9578985353,0.7141187966,0.6863890015
0.3994586244,0.3035755628,0.0398730679
0.5292924715,0.9384296375,0.9839454498
0.5539476796,0.1311329119,0.0250790217
0.9599491470,0.9006239762,0.7420176828
0.8776014521,0.8778550837,0.8560058046
0.9016335289,0.3622679877,0.9736132780
0.7606940121,0.6528569926,0.1564265403
0.5385988628,0.6700501562,0.2275046383
0.0674290725,0.0550405732,0.0668489898
0.1111224555,0.1090460093,0.0840886139
0.7712153529,0.6133358496,0.4199992155
0.9402087632,0.4641513311,0.4096510919
0.5169314702,0.6898745289,0.2158345834
0.3852579901,0.6447033705,0.4936201860
0.8153126974,0.8327508234,0.9577337760
0.6589365452,0.0989540411,0.5482074230
0.9318788856,0.1796753476,0.2467271167
0.1481832037,0.2963073837,0.1033883552
0.2687318534,0.5510781553,0.3371275854
0.0824225865,0.0612741988,0.1990715959
0.8148120104,0.9887995596,0.4269966601
0.3302167995,0.9067184247,0.2395516321
0.2797227706,0.1830782644,0.4819878466
0.5841085956,0.4112831120,0.9145628544
0.6858099382,0.7939152921,0.5683210807
0.0668702175,0.0821192723,0.6268507289
0.2724477051,0.0982068203,0.0906384334
0.5803138193,0.8917642006,0.7804649169
0.4955220241,0.8357266722,0.7315005350
0.7948219986,0.1852065268,0.5157794446
0.9740927940,0.1775743271,0.1040782229
0.4443720845,0.3128882421,0.8176972258
0.4080054963,0.2746071481,0.0226114189
0.4152638571,0.5345176343,0.4493433002
0.7187705445,0.8089436402,0.6734095192
0.3025707760,0.1093663078,0.3164997260
0.5260289776,0.4174705025,0.2697037506
0.2169454046,0.2697104781,0.1000393021
0.2957821443,0.9032977524,0.3250607310
0.6160110914,0.8437154514,0.8432846641
0.4387427569,0.9280878027,0.7490632769
0.3956416630,0.3627598971,0.9624712003
0.7889812783,0.5960470145,0.6550821537
0.8569850093,0.8262104463,0.9864940774
0.5332559824,0.8348226855,0.5380437289
0.8688037176,0.5756885561,0.8608971234
0.6245700546,0.8446018877,0.7889167955
0.0960326275,0.6118054266,0.0289600009
0.7449853997,0.3409748510,0.2333321603
0.2530815919,0.2764412869,0.9094100183
0.2572277944,0.4630800175,0.5453467520
0.4318556349,0.1742168392,0.0242451273
0.0529964615,0.2652814364,0.1570617943
0.9907629947,0.9973105988,0.6177323294
0.7112908644,0.2701051129,0.8190269496
0.9985833476,0.4083187361,0.3244248425
0.1154743599,0.8226417383,0.6296890514
0.0976981857,0.5745428907,0.0248896555
0.8782763866,0.5915252292,0.5278249112
0.4286389967,0.3788725862,0.9630120076
0.0994264591,0.0023283880,0.6980347093
0.2812105305,0.5835913608,0.2459827777
0.1647049312,0.3139418809,0.4389677268
0.9650907963,0.3051435336,0.2353832815
0.7702726031,0.7639829979,0.7695395663
0.1374821430,0.0906736953,0.8940367316
0.0149449875,0.3545836083,0.2805027345
0.3035453972,0.9459972773,0.3680648217
0.6770956703,0.9218185506,0.6161262960
0.2059299692,0.1008829175,0.0578033727
0.5716234153,0.9282828721,0.8181759542
0.3144041149,0.3572311968,0.3624131156
0.4901629515,0.4148232894,0.3910548153
0.3697321090,0.2659268558,0.1697662544
0.5362293254,0.4525770388,0.6888123723
0.8154966665,0.6018395083,0.7038789597
0.8571085624,0.0164980356,0.1177186405
0.3219708702,0.3962656720,0.3044103129
0.6589995494,0.9335089207,0.7186142955
0.6233540658,0.8848006310,0.7731612400
0.8906427229,0.7646693345,0.7681891726
0.3057245687,0.9210050278,0.6469394625
0.7514934596,0.5066493279,0.9459073010
0.5165948332,0.0634431023,0.1820629996
0.0111935061,0.0862485273,0.1598840577
0.1162254028,0.8347698427,0.5078777976
0.3976044074,0.3926575077,0.0350403527
0.2745058107,0.5025901896,0.9897407635
0.2673598175,0.3923293125,0.1679166420
0.8129524201,0.5879192264,0.8103365276
0.2186993877,0.4941277702,0.0543162007
0.5733606464,0.6417529434,0.2355760195
0.6997958368,0.0139436659,0.3983741224
0.0794339799,0.5206953696,0.3943277408
0.0733346016,0.2263539644,0.0508708551
0.1289695399,0.3044932438,0.2653427742
0.0033419234,0.5735116428,0.2550181040
0.1262289560,0.0306239545,0.6509114739
0.6524100372,0.6157236978,0.5982508432
0.8814137683,0.8558624284,0.9885449683
0.3497890393,0.1306958882,0.1110502237
0.0226258009,0.0669120364,0.9486820018
0.1716279801,0.1558958928,0.1124575618
0.3193544189,0.6994112287,0.7195545360
0.6895475399,0.9737678857,0.0165445632
0.7378058217,0.8883774211,0.7916346588
0.1979056008,0.7290539140,0.1608767085
0.5349473847,0.5073322334,0.8932128527
0.9371190186,0.9211485629,0.4345131630
0.9798860616,0.9319268248,0.1522441757
0.8270882394,0.2938164237,0.8816708561
0.7911968652,0.9346114394,0.4999443861
0.8133070818,0.9100483463,0.6385568532
0.5331959221,0.5668843615,0.2440528505
0.2236125833,0.1622815363,0.6370306870
0.4075184008,0.4400227229,0.2212080809
0.1315839959,0.8299779633,0.3294358841
0.3113578454,0.8005184114,0.8099788702
0.5110859026,0.1937709416,0.2381270432
0.9726331209,0.8952004299,0.7145451926
0.2319157075,0.6773991985,0.3414405306
0.3792474561,0.5918870279,0.0265341724
0.5060490120,0.1709856870,0.8207248330
0.1957910239,0.5097445624,0.6170823753
0.5310835314,0.5684942929,0.6866649457
0.6280844984,0.6664793482,0.1643710320
0.0153061675,0.6935277661,0.9883906691
0.1073043756,0.0399726725,0.4052058041
0.9029850463,0.1143525489,0.8207468997
0.7312722875,0.9269963141,0.7996455450
0.1747927572,0.9276064713,0.2531875887
0.4077542661,0.3519772469,0.3469104687
0.1182474447,0.8203867612,0.4626298749
0.3800483730,0.5019050037,0.9503900489
0.5429897319,0.0245202873,0.3630046256
0.8231098969,0.5142408149,0.7806109200
0.8281513366,0.4026710086,0.8066631177
0.6204841410,0.2294998375,0.4372682693
0.9303687288,0.8201933750,0.3048634136
0.1140217092,0.3466245574,0.0642035057
0.4456566387,0.8548401356,0.8737104930
0.8532447184,0.4183646770,0.1750382992
0.9649898927,0.8235242830,0.4602805771
0.9224399060,0.7700133978,0.9527902460
0.1304381638,0.9730416865,0.8360867235
0.1856724198,0.0202927126,0.1127086557
0.8213946080,0.3201804831,0.7178446227
0.2564585536,0.1454018993,0.6417498029
0.1106280571,0.6955931647,0.6189635806
0.3096375312,0.4087161049,0.1975604836
0.2807511456,0.8137800793,0.0265357273
0.6956501563,0.0057987567,0.7960508735
0.2437202319,0.2074970098,0.7864187845
0.9665117043,0.7895761319,0.8438623298
0.1681729296,0.1679404185,0.0915243937
0.4121193403,0.1272652498,0.2577903689
0.1347612185,0.8162536492,0.4404103509
0.3908367024,0.8157046135,0.1870269587
0.1823751180,0.7150456234,0.4069919664
0.1616470014,0.5117362815,0.4472779717
0.8488156850,0.6712398868,0.6110320814
0.1782805673,0.7581204131,0.5062549261
0.0309586324,0.0883281869,0.8953790073
0.6972666359,0.4917896748,0.4657415830
0.2671631492,0.0965998998,0.3892993260
0.1001269533,0.1485898939,0.6290943004
0.8958382575,0.8931265377,0.7141465059
0.6548703314,0.8496185248,0.3749436781
0.7605836455,0.8085977034,0.9856731963
0.0160987276,0.1478739985,0.1501206106
0.7293134898,0.2286176584,0.3617789452
0.6843638442,0.0750135323,0.4209403218
0.9892150489,0.4629467065,0.5008798839
0.4408018500,0.4877216468,0.4283968280
0.5400137784,0.5326180433,0.4776133138
0.3222666349,0.5298200756,0.9468874273
0.7174096039,0.9853926926,0.2515686415
0.3278609716,0.0081383628,0.1019391774
0.4146003680,0.6593416934,0.2046114809
0.2260657484,0.3029873185,0.3075022159
0.6161581863,0.8617489894,0.2579052350
0.1768145626,0.1223837343,0.7086852616
0.7435552305,0.1878032897,0.1512979558
0.9817302275,0.3052853073,0.1310084040
0.1851092330,0.6904579480,0.3405464316
0.3110025752,0.9488297099,0.9946077454
0.6148135382,0.1247111631,0.1544867282
0.8047477625,0.2852357734,0.7060481227
0.4295262247,0.1716039874,0.7376969987
0.2733098300,0.4418653058,0.4728627927
0.3250591092,0.3681203307,0.5069860167
0.0087957224,0.4789440304,0.6954219051
0.0895687863,0.7808096976,0.9505510418
0.5486415913,0.7895259289,0.2427977490
0.1298713850,0.1756793062,0.0805950508
0.2169462135,0.2374709337,0.1039004166
0.4428624220,0.3112229299,0.0770684197
0.4701336600,0.8400970669,0.7550810716
0.2947272083,0.3390455890,0.9126495118
0.1011719692,0.0876254284,0.0073393313
0.6603694485,0.5865339818,0.5178909707
0.0005749844,0.3687236961,0.7059874422
0.4313556358,0.4335332687,0.4374637003
0.2193922336,0.3852023349,0.7182363695
0.3970880650,0.9442129483,0.6002453377
0.9719637762,0.2636821659,0.5381001722
0.7546527043,0.6137339149,0.8519242235
0.8151035521,0.5074750671,0.8397139100
0.3364243164,0.2759000860,0.4770707148
0.8969513910,0.5795098892,0.9727845755
0.3964813887,0.5880539836,0.5563845341
0.3641858749,0.7114008886,0.9205032478
0.0426867640,0.9732834482,0.3382242851
0.7465937556,0.6030930580,0.6023733857
0.6595054943,0.2817016185,0.2100459598
0.8830598823,0.9681926037,0.8978248146
0.3098188906,0.1001411453,0.4557795508
0.6377293013,0.0862748254,0.1179447234
0.6649437724,0.5061223242,0.9695857660
0.1051199313,0.5684418675,0.7036814009
0.5502200927,0.5923156027,0.5169877222
0.0728920259,0.4209571963,0.2851153043
0.0250089169,0.1979951443,0.4865638889
0.6644376095,0.7617480494,0.7540540915
0.6764431209,0.5074722378,0.6724843220
0.7493958599,0.5159643341,0.8704737747
0.3975057747,0.9983706873,0.7490561735
0.3129112324,0.1926770513,0.9019891394
0.6212808211,0.5709377530,0.4252699702
0.1190094917,0.1834531497,0.4560739155
0.4992596084,0.6292743967,0.8940058125
0.7218198177,0.5287826133,0.6457042425
0.8700936949,0.5387198240,0.6489289188
0.9932420218,0.9530775743,0.5128042325
0.6999157164,0.8047044790,0.7937279266
0.1089386769,0.1003580743,0.4273457560
0.5746113577,0.4932598971,0.7471259580
0.8441768994,0.4354676411,0.5674156671
0.9671299782,0.7530364319,0.8786244001
0.0782494441,0.0872459500,0.0072236569
0.3053539480,0.2631711133,0.2431018439
0.5488114130,0.6708272994,0.8282039220
0.7847881181,0.7588167728,0.2702104533
0.1519091718,0.8254267279,0.8609655027
0.6908467664,0.9142139439,0.7291484411
0.0699400494,0.1011334603,0.0553437065
0.2433291172,0.6902819855,0.7808822455
0.7292226783,0.9443580492,0.5828992144
0.3759401601,0.4226146641,0.5430036859
0.0332691919,0.8549488723,0.0009031621
0.8152342976,0.0667648741,0.3465897091
0.4857699197,0.3557661744,0.6605427705
0.2459529254,0.1394384265,0.5986087962
0.3619998699,0.9856751074,0.3726493812
0.7806799797,0.7746626234,0.5225258324
0.9205246242,0.5642262101,0.7099001547
0.5599461324,0.3399759651,0.9283895605
0.2795893767,0.1689801397,0.8658377788
0.7606169903,0.7898805835,0.8773942025
0.0263652027,0.0128282320,0.0794859752
0.6236094414,0.3507780770,0.4862335509
0.4402425996,0.9458666795,0.3779634768
0.7903288995,0.0264118714,0.1116927297
0.2070608342,0.8182484860,0.3858468276
0.1324915539,0.5884981801,0.3344627884
0.6765138866,0.5074009199,0.6589253541
0.1758433402,0.1527563069,0.7767675673
0.6483346845,0.6690658570,0.5452157000
0.8784903534,0.1616068414,0.1521262291
0.5487475982,0.7790508084,0.3651735187
0.8462924178,0.3492346244,0.0597281045
0.0583723822,0.1708211979,0.0535078855
0.9757971278,0.6551675316,0.8429664271
0.1344823672,0.8361646143,0.4482693212
0.9221716309,0.7697189298,0.6758673442
0.8805316586,0.8669813993,0.9416724475
0.9302666135,0.7605643951,0.5021089356
0.2462732290,0.6972694882,0.8414880157
0.2002491747,0.9978991862,0.9567891431
0.0844258723,0.0608826869,0.2436213313
0.4413103157,0.2919385676,0.3660390317
0.6485520220,0.9161997192,0.9040766449
0.5150337333,0.0807767569,0.6480605452
0.1645333878,0.1533459193,0.1129979250
0.3266187399,0.2875716871,0.3153620711
0.7698655365,0.9065573062,0.8794774483
0.9495194007,0.9629222014,0.6636439624
0.6946211961,0.7023354736,0.4474722508
0.3193274975,0.2620134230,0.2103027465
0.8785352584,0.4006137909,0.7528568972
0.0697467072,0.0393364105,0.6126196934
0.2332631591,0.1585988506,0.8608567191
0.6184822272,0.1383914914,0.2749165377
0.8424329425,0.4005141915,0.7025227009
0.0463632402,0.1483817581,0.7655433411
0.6407508820,0.8725794649,0.8480492123
0.6850109396,0.5093046295,0.0568494518
0.3383311487,0.5909304141,0.4061908397
0.7604952836,0.8208990793,0.4089556477
0.9177520745,0.8399713472,0.8998144549
0.8855047836,0.8650023117,0.8091873704
0.6570250266,0.8946971591,0.9832546121
0.4497641384,0.2903175427,0.5227669054
0.9108954672,0.9687326365,0.7225040270
0.9955357907,0.6133441527,0.0489208961
0.0587308797,0.5143141464,0.1769000517
0.3028829829,0.4302969303,0.7157439812
0.7637124174,0.8794156292,0.2602239401
0.3338146181,0.9248902851,0.3690165384
0.3003235280,0.5601883730,0.2336375100
0.1075501757,0.1524108046,0.1994145040
0.7098572276,0.9618190796,0.8100319260
0.3535688280,0.0434693322,0.5537902823
0.4938847123,0.5760339314,0.6474620023
0.8270005580,0.8622976037,0.1464868914
0.5717661557,0.9351999946,0.9359147171
0.7693600267,0.4799214782,0.4363302497
0.1701546311,0.5321451941,0.1811553905
0.6161012406,0.5132643622,0.2520248290
0.8902751281,0.3772957277,0.8495064133
0.9719386685,0.1945126072,0.5037555469
0.8318325648,0.6925769428,0.7861118873
0.2034024865,0.0979680956,0.0979903678
0.2909662012,0.3954293597,0.7845518076
0.0930716406,0.9845562501,0.3942804204
0.0042300915,0.3319478858,0.1476756187
0.9887671570,0.6950833049,0.8139219217
0.2995840909,0.4095925883,0.0878259842
0.2529298959,0.4324776092,0.3587053518
0.7504921957,0.5315753573,0.4021926211
0.6480202489,0.8903006074,0.1567886928
0.3141379088,0.4227680688,0.6003755211
0.2619566660,0.0430207771,0.1611271676
0.1332072037,0.2591137340,0.0368459129
0.0935245077,0.0035822688,0.2431090879
0.1437677995,0.1350078437,0.6954000402
0.1217372102,0.6298608893,0.2194150478
0.3088523045,0.5340202353,0.3140618656
0.5951303181,0.5998410263,0.1579852660
0.6026583367,0.3554915569,0.9548123287
0.7173037009,0.8356453719,0.2878648357
0.1047670143,0.1371805221,0.0523764588
0.5012145107,0.2575993001,0.9053910319
0.5674340764,0.6762197705,0.4834811718
0.9340882490,0.7775270410,0.9923513222
0.0483113137,0.0798604369,0.0974352477
0.5170584119,0.4840426297,0.9077211277
0.7811894645,0.3377441539,0.1989278836
0.8960354091,0.4025953865,0.2614222162
0.5122065965,0.1266757897,0.7676134139
0.7927008667,0.4182286254,0.8559598768
0.9997874240,0.8784595305,0.6164499581
0.5483220746,0.5789473382,0.6416794325
0.2961467787,0.2777182991,0.9767259869
0.0491497459,0.2339084850,0.2692161046
0.0608737172,0.4901054625,0.0574346795
0.5209153262,0.9362859108,0.7655621227
0.9942759779,0.8903397085,0.9120720182
0.6146455671,0.3234647389,0.2187724515
0.8790827384,0.9220851809,0.4683431649
0.0225088373,0.0317755190,0.0415305766
0.6350822113,0.9700343178,0.6999863008
0.7779611422,0.7545014727,0.9343224397
0.6281323040,0.7985061055,0.5455494935
0.9278681606,0.5232931410,0.7070789968
0.5245970462,0.6146629985,0.4693555421
0.0742290268,0.0550564558,0.0517762101
0.6125679097,0.5457679041,0.8314128115
0.9109904546,0.6105687494,0.7934399681
0.4245448221,0.9122415726,0.1176132045
0.8180810624,0.5401028392,0.6017085586
0.9798603894,0.2646154104,0.3454081165
0.2680689926,0.6123430083,0.7873323541
0.7634103950,0.3723942567,0.2254437980
0.8507819466,0.2531737470,0.5377583559
0.3717086081,0.6751247454,0.8588179475
0.2777992082,0.3231520520,0.2697415873
0.4390168077,0.8879126818,0.9078805594
0.0036136856,0.4200039809,0.0267363514
0.7955598413,0.2405267956,0.8218877202
0.8079451600,0.8758292606,0.7441870735
0.8373116434,0.7407134611,0.6652337164
0.9855759970,0.7094059007,0.6823549728
0.6522826641,0.2559461417,0.1748474198
0.3272126317,0.2409850600,0.5593011700
0.5318226479,0.7761591342,0.6997437503
0.7997594125,0.6910544663,0.5139815970
0.9414859359,0.1826746624,0.4531279076
0.4784981108,0.5780058919,0.4061886920
0.9130903453,0.8711082258,0.2173058127
0.6076524339,0.1953040449,0.8050064369
0.5695951900,0.3446898285,0.9915064001
0.1180211730,0.2789644495,0.0646884225
0.0526364009,0.1125159873,0.1015839881
0.4310333631,0.6539106959,0.4385759263
0.6288591421,0.8841795559,0.5447836557
0.9145897304,0.1868933659,0.8676201688
0.9135829404,0.8155067583,0.4571089670
0.9099123908,0.8264777079,0.3946195353
0.9913547434,0.5731443230,0.2694418005
0.0575070605,0.3199380015,0.2789596604
0.9461445085,0.8887696374,0.9376951932
0.8223202352,0.2023764617,0.3611538912
0.4552453637,0.8743915303,0.4570407234
0.1265881494,0.0634398341,0.5568451875
0.2106729362,0.0261022332,0.1187868969
0.8147514732,0.9887563565,0.6178802454
0.9607331535,0.3922783505,0.2633921240
0.6006418409,0.4251589730,0.9409043571
0.3717079438,0.6849253879,0.6894318575
0.0920182177,0.9437356478,0.0060085345
0.0600440123,0.0874947953,0.4141585340
0.9735562747,0.7564202827,0.4369980020
0.7100076187,0.5420099236,0.6532167544
0.3870152760,0.0357185556,0.1388124474
0.9498162941,0.8118576088,0.1317296389
0.7101787751,0.4620345028,0.8293064462
0.1512708477,0.4218479946,0.1437030916
0.6574379521,0.8372591876,0.8474271665
0.7492125709,0.4000053990,0.2950975424
0.6774115750,0.8099099347,0.5961651566
0.6592591389,0.1669310774,0.8846144242
0.0072713075,0.8595993564,0.0159531940
0.5930291769,0.7579968613,0.5958284847
0.3188282302,0.1012985775,0.8699365659
0.0072551641,0.5307491153,0.0891486626
0.6755942658,0.2077974103,0.9475310370
0.5314203424,0.3097136304,0.7191702345
0.5038037070,0.7176255903,0.9102463162
0.7328415468,0.8197601248,0.4292589522
0.2243121906,0.3804070335,0.2055355079
0.5962893726,0.4871108465,0.0851004869
0.1810706526,0.4333103734,0.1040411547
0.2628128831,0.9996587687,0.9537699236
0.4134930170,0.4719819409,0.4154992351
0.5067786383,0.7712959581,0.5632702917
0.8263987711,0.9017300375,0.6567505736
0.3485124730,0.0531463870,0.1384404460
0.9175998177,0.3982888133,0.5452476325
0.9515414056,0.5770408592,0.9030633071
0.6362101589,0.9462534191,0.0914307861
0.8416763144,0.2698415007,0.3644061661
0.9262993882,0.0676967389,0.2506622486
0.0842333727,0.5643832468,0.3272419344
0.8309835204,0.5373347742,0.9486438807
0.3167898838,0.6847553427,0.1589541047
0.8922465635,0.3306564798,0.5380372435
0.2127070713,0.1968639879,0.1818219576
0.7967072509,0.9155454974,0.6271664601
0.3173623159,0.8934627528,0.8216301498
0.1643835276,0.1399476051,0.1155493821
0.8890615746,0.8335360430,0.8076640248
0.5671244702,0.1981100990,0.6202465262
0.3412865514,0.0757906384,0.1799233019
0.3009699653,0.9202395372,0.5568652275
0.4576421092,0.1944285439,0.7214489820
0.0439188834,0.3749396529,0.9642610747
0.1706411189,0.8800705029,0.5165560939
0.9065947576,0.2871819009,0.9388294226
0.8409266580,0.7131795204,0.3129444925
0.0056337425,0.0230403774,0.7605012454
0.4347181667,0.0478183796,0.5627145675
0.9952050844,0.4482100288,0.6597978601
0.5508010910,0.6361646769,0.8068500989
0.5153014440,0.7322837456,0.4671437246
0.5093961217,0.8995851526,0.9446416946
0.5107286896,0.1780922137,0.3981443097
0.2896980207,0.4091856349,0.3527934938
0.1923994128,0.0531192814,0.7372072681
0.9115276776,0.7984739423,0.7589856608
0.2754041324,0.5825504618,0.3124218978
0.4531181819,0.9181102989,0.2420465124
0.4523750314,0.8893161919,0.3110319007
0.8573320187,0.8171737485,0.6447758071
0.8021039240,0.7949259269,0.4033886094
0.0981425947,0.0953914220,0.8634496930
0.6030318642,0.9167346001,0.4080911149
0.2258395367,0.8198205421,0.4815506237
0.6018677909,0.4479175564,0.8888185542
0.9844803625,0.0221424879,0.0267786192
0.5514948435,0.8028606945,0.4120216707
0.0090687150,0.4150892469,0.0738625073
0.4078309834,0.3074251255,0.3116035136
0.3612213445,0.6166180023,0.1487623269
0.1580666699,0.1754016651,0.8101603589
0.2891041881,0.2279160654,0.8156269909
0.9061474793,0.0455516193,0.9149803564
0.0952838994,0.0683695213,0.3050045398
0.2887685112,0.2102631664,0.2143626754
0.8157274274,0.4552524556,0.7776558594
0.4706691432,0.0172094676,0.0296699173
0.2762910458,0.2371369338,0.8818037098
0.4218254003,0.4183553681,0.5716675394
0.9843062384,0.2594744580,0.1526140709
0.6176828337,0.2950621073,0.1769416532
0.6565574320,0.9440035685,0.8371290120
0.4169767247,0.4420542772,0.5604821980
0.6210181053,0.9779269195,0.2871797908
0.2175113430,0.8695785366,0.8617621315
0.9061899921,0.6514037137,0.9608049856
0.3420690320,0.1288714245,0.4026835129
0.8658817921,0.6763133710,0.9245025346
0.2162575565,0.1346293224,0.0362786123
0.4629131734,0.4051667101,0.4832912123
0.6362781168,0.3021444867,0.8406607098
0.5923099079,0.4312176299,0.4961984190
0.1280841665,0.1562306116,0.7658925713
0.1478090721,0.1111311453,0.4449888389
0.2734274393,0.2604004241,0.2406763038
0.1161153186,0.0287445953,0.7315302526
0.5504051160,0.6471809976,0.6240471074
0.4655548835,0.7271537965,0.5955828852
0.8593477134,0.1028460136,0.8550327633
0.9808377795,0.6395854553,0.8615711995
0.9449108296,0.3155152232,0.1175877236
0.5284969731,0.3641534890,0.4002901851
0.9290405366,0.5648868476,0.4747014934
0.9179087339,0.8694133823,0.7276943390
0.7715453717,0.3783609687,0.1896114624
0.7773537199,0.2351390195,0.1004588404
0.2217523282,0.6110483664,0.2670619036
0.0062338112,0.2588249993,0.7156049441
0.6945077686,0.9970929564,0.3517389752
0.2201770526,0.0576765671,0.0058883367
0.6831818308,0.7611689084,0.4823254242
0.4445578393,0.0427370318,0.6733200191
0.9374591615,0.4432953169,0.8839046571
0.1557534009,0.0998614207,0.0269005126
0.2737270317,0.4593948278,0.7024476302
0.7752158796,0.3115764257,0.2231124043
0.0858756835,0.9504635064,0.9714420551
0.8781675796,0.3913944350,0.6136723642
0.1320544431,0.1184517863,0.5599291817
0.1110927676,0.1664195360,0.1532188851
0.4181308755,0.5706152525,0.6780766320
0.3947514691,0.1542408359,0.2474630546
0.1797903392,0.1139406109,0.3443841914
0.5115801909,0.9294808704,0.7959313424
0.5307499903,0.2697116761,0.9201300571
0.9410396501,0.8380235700,0.3444295662
0.3019500414,0.0846492590,0.1615969511
0.7444733893,0.6971570400,0.8807735255
0.3141829269,0.9128582727,0.1794782509
0.7749148839,0.3575019815,0.3916260123
0.7184095202,0.9251249023,0.8035607968
0.9369566342,0.8157132259,0.6945831013
0.9319990115,0.9843946894,0.4534670085
0.0429217438,0.1632735514,0.0232103953
0.3258368885,0.4805665705,0.3931552765
0.8122470826,0.8563237539,0.2960543378
0.6039732268,0.6240426249,0.2553924793
0.5996737095,0.4554884630,0.0749080002
0.3021081703,0.9864083315,0.6859400437
0.8218061321,0.8520969197,0.8249501046
0.7317165438,0.9025561147,0.9407902157
0.0744697087,0.7362444225,0.0567084928
0.6749525115,0.6959620943,0.6646840162
0.0316111256,0.3054961823,0.2181886842
0.3301867698,0.3552884538,0.0696022831
0.0143211209,0.7580235998,0.8753129370
0.9196047258,0.6435455138,0.8985720791
0.2039786370,0.3430924685,0.4926900584
0.7405736213,0.6463668228,0.4129276109
0.5859851696,0.6876223892,0.9844975155
0.6021252787,0.1667772836,0.4574383617
0.8360650879,0.9908870654,0.8918932423
0.5678286417,0.5278588991,0.9699436476
0.1956135067,0.9686113890,0.2260296752
0.5164615069,0.4030012617,0.3748280108
0.5545028191,0.2678225153,0.3989816746
0.3709171780,0.2639725945,0.5095682636
0.0559768930,0.7511658464,0.4504348058
0.5709114810,0.8397973342,0.8020260558
0.7492701976,0.3684690748,0.4671016428
0.1209509619,0.0378052097,0.2386125709
0.2847765562,0.7410938228,0.7281304902
0.3734831503,0.7301117843,0.2992329715
0.9363031875,0.7467907275,0.7896796837
0.9557920615,0.6515667073,0.9942543404
0.6275085651,0.0393009756,0.4554707789
0.3494476826,0.3669064834,0.4474703428
0.5000260114,0.1226678988,0.9504596590
0.7823853108,0.6659067185,0.9695980012
0.5283223796,0.9735968625,0.9828084880
0.5908119834,0.8941881016,0.6468196353
0.7942052646,0.9047705072,0.9461501819
0.4014290008,0.0425402788,0.3053066335
0.4387139458,0.5419965178,0.0590050234
0.7793301494,0.8831870111,0.8831303193
0.1695379758,0.2874481272,0.1175782571
0.8311218506,0.8338351681,0.6244201873
0.2577808630,0.0303049562,0.7407612047
0.6224137449,0.7914715900,0.8517787843
0.3617915547,0.5728399782,0.3586650197
0.9961672241,0.8515128766,0.4469911353
0.5900761517,0.5327885123,0.6047033839
0.1339416980,0.2563078048,0.1164685585
0.9730165982,0.9918939894,0.2468917375
0.0208822284,0.3391084547,0.0960942777
0.8171931957,0.2296617177,0.2861634220
0.3866654135,0.2875210857,0.2292006819
0.4465050455,0.1510850930,0.3747883488
0.5858864009,0.1297622452,0.0155770541
0.4031593284,0.0615761119,0.0247830752
0.1472038217,0.5204257144,0.1851061704
0.5410475609,0.1268448493,0.8322076470
0.2381646009,0.2148718592,0.9163008342
0.4967088014,0.4046738503,0.9414195735
0.4460796151,0.4183129523,0.5789868897
0.3012183373,0.3627106379,0.4433991546
0.0106315235,0.0801878206,0.1481414894
0.8187938156,0.0867697178,0.3751256514
0.6627435005,0.7873597180,0.9147099859
0.9383819267,0.3946242022,0.4182896481
0.6369905206,0.7069934104,0.9294353594
0.1706075010,0.8804951500,0.2709198683
0.2205400294,0.2535375051,0.6583336282
0.1767057660,0.4953895916,0.1567368474
0.3535553151,0.1876853140,0.0785789473
0.8567322033,0.6560676949,0.9306173977
0.8893452991,0.4505581990,0.8213020960
0.6565842523,0.9312095782,0.1102239675
0.2118872944,0.1328608857,0.6769542442
0.4439335971,0.2230706385,0.0116901850
0.9416568604,0.4723358104,0.7257007871
0.8272387991,0.5367603312,0.6881525976
0.2429446011,0.6450165774,0.4139566882
0.1358734686,0.2479416043,0.0552351835
0.7291307483,0.7669441611,0.4479754138
0.7655214286,0.9069608009,0.9318308494
0.9231623114,0.9436164531,0.6783760673
0.4075094791,0.8120591736,0.4108411027
0.9277584304,0.1114484410,0.1660831484
0.0968209798,0.1671236803,0.1748305729
0.8891433120,0.7328857132,0.7581059382
0.3095755508,0.2280955711,0.7233439250
0.3849050139,0.8101803038,0.3764641099
0.2682951733,0.1008972166,0.1640197032
0.2277464261,0.6167781679,0.3712343877
0.8973323375,0.5964522227,0.6391396776
0.3016720963,0.2143653735,0.2099679703
0.3319233145,0.5773054414,0.5061479516
0.5858222573,0.4761040500,0.4712964634
0.5409205155,0.1188053470,0.2901076722
0.6740362132,0.8710915436,0.9525942820
0.4002728412,0.9257377430,0.5185536227
0.4731846787,0.5711804852,0.7056505713
0.0007140663,0.0102139265,0.2174851648
0.5600887217,0.6106008580,0.6365834075
0.2631362376,0.7853524781,0.7342756469
0.2002117361,0.1920557814,0.5613807667
0.1247718487,0.5810760979,0.2156324751
0.4514061879,0.0686431236,0.0035320327
0.9845522965,0.6600646006,0.5938575414
0.6155884648,0.4963334596,0.0181869216
0.3207441765,0.4420110341,0.0878255876
0.5146396194,0.9997301943,0.4867407343
0.9861055612,0.0811955941,0.3724089101
0.6269014635,0.5544206192,0.2283966221
0.2577146406,0.2983728357,0.4711104115
0.1651236752,0.1577822031,0.1729953219
0.6092448611,0.3378499732,0.2140356291
0.7143935961,0.7589855911,0.8432659526
0.4749663041,0.3809042188,0.4159178193
0.6090244771,0.9676261487,0.7750059747
0.8455052244,0.3141325385,0.5956669416
0.9974636749,0.6902390339,0.6270291725
0.5975967376,0.0461475776,0.1736042575
0.6288486632,0.8871990072,0.1105875083
0.8209699918,0.8709030613,0.4519220772
0.8950644312,0.8982039331,0.8091083867
0.5848698028,0.5705033492,0.6483483691
0.3666584753,0.2463962630,0.8069334591
0.9751321555,0.4452847908,0.2262169534
0.6409901107,0.1850182382,0.7904937757
0.7524281940,0.4850929833,0.4407360473
0.6319279556,0.3811363797,0.8429480481
0.6696358431,0.0591658742,0.2768237114
0.7261314901,0.9569768058,0.4514677510
0.4796728311,0.6263199741,0.8082692718
0.6540168938,0.4470320404,0.8562408948
0.0595092421,0.0624777617,0.2314821936
0.0858059188,0.2375289596,0.6193407497
0.1536760487,0.8519702032,0.9316838702
0.5017250310,0.8548539515,0.7876358229
0.0981894233,0.6066545753,0.8839829995
0.3224236601,0.9546479298,0.5908164145
0.9973109773,0.6131123208,0.4050660464
0.8221629020,0.8125057096,0.8079191125
0.1456395749,0.3319723763,0.6956089285
0.3180862885,0.3201857864,0.3136078624
0.4341608917,0.9932778657,0.7348702711
0.3426596689,0.0248183572,0.6318782089
0.3899186776,0.2333591848,0.7813466304
0.2743127389,0.1032707574,0.0044742199
0.6234269917,0.9814683880,0.2276389914
0.8111708626,0.1300208241,0.4574313241
0.9990148130,0.5195290520,0.0207865857
0.0695151126,0.1041423395,0.0465461217
0.9036977380,0.9362581563,0.3193270421
0.9929556213,0.3676030961,0.3268581540
0.4141141037,0.5323608119,0.3327707337
0.5448107113,0.8830589332,0.2506554084
0.5015713912,0.0332075468,0.0392769145
0.6007523705,0.8577703156,0.7932313838
0.6890634874,0.9640114557,0.5977724353
0.0331781486,0.4144704189,0.1464408275
0.4049888269,0.7171970495,0.3855248304
0.4652618942,0.1467749283,0.4785571280
0.8261578371,0.2863035031,0.4914926310
0.8923366983,0.4480476849,0.3818330513
0.1924235243,0.2999131517,0.1502974845
0.3628881239,0.1320466522,0.0383685697
0.4329660226,0.6666431698,0.9911918152
0.1280634424,0.6216467001,0.1497327090
0.7345171023,0.6184692731,0.1752400919
0.2982298875,0.0985709363,0.8815609822
0.3086551422,0.4368076436,0.5658339144
0.2932829648,0.6359459424,0.3849872135
0.8958149777,0.9825895292,0.6659398419
0.3919433911,0.9650508897,0.4560381766
0.5320544400,0.5953722224,0.5988522601
0.5712969572,0.0638346202,0.7277804620
0.3282717171,0.5171712611,0.0039709292
0.6601022853,0.4211906106,0.9827212841
0.9142087543,0.9821189214,0.6650193696
0.8845933153,0.5181108467,0.2013109484
0.3088226136,0.7029264088,0.2370554149
0.3539857717,0.1999455888,0.0116006690
0.3924264661,0.9268072501,0.2925040217
0.2989384335,0.1937046930,0.6936436182
0.9204300009,0.3396185439,0.6747554619
0.4073536928,0.9474901949,0.0431821724
0.8716022800,0.9622593815,0.7383093359
0.2737474511,0.6118051016,0.8737773631
0.7255818247,0.1695351572,0.2205975131
0.2137573178,0.1311657844,0.1997125511
0.7532007694,0.6025244284,0.6605131230
0.6918565153,0.8970144265,0.4876944989
0.8848439032,0.3513343105,0.4345575473
0.8682131107,0.7385780177,0.5305584751
0.4918807203,0.2039311192,0.5767751365
0.1499657493,0.6846670532,0.1996726069
0.3230567019,0.8270703983,0.1535430612
0.4925732286,0.7948623952,0.6700574533
0.4320249388,0.0985531401,0.5756087020
0.2517217302,0.3984826593,0.0511776869
0.8446321730,0.6507622105,0.9558400827
0.0861870397,0.6445366452,0.0724848801
0.4039136408,0.4194996069,0.1191385286
0.4260859407,0.3395476174,0.1867156008
0.8419064587,0.8135753161,0.3551041247
0.2773481035,0.7215206030,0.8968027299
0.5542626004,0.7969870969,0.1046902098
0.9444345711,0.9605762296,0.9621913368
0.5155862006,0.3797528453,0.8276307605
0.9091123648,0.9127282366,0.4954094471
0.4753633455,0.2390219611,0.0720418340
0.0857105992,0.0274095840,0.0941635547
0.6274782880,0.1455564184,0.0646523965
0.4530552810,0.7983858341,0.8863161577
0.1300795336,0.2472122604,0.3690812080
0.9997699695,0.3496352992,0.5310461238
0.8769117518,0.6152328498,0.6472907126
0.3425970144,0.7257608767,0.6694213769
0.0529321924,0.4157353332,0.0517445359
0.8115741012,0.8486801348,0.6340155464
0.2359593757,0.7591158294,0.8796994928
0.1497208388,0.3225684394,0.0645599151
0.1383734299,0.3140093993,0.8850568180
0.5022546505,0.4809784035,0.0309751039
0.2349150503,0.3577185613,0.3358612360
0.6244313596,0.7749677627,0.7578079896
0.5688776612,0.7316566652,0.6282111015
0.3565123872,0.4655744607,0.6276040229
0.3884165873,0.0638394303,0.2746876792
0.9295426908,0.1667105117,0.1346149358
0.0688781170,0.1609112963,0.0349549203
0.6910137594,0.9893743775,0.1878525023
0.8326137074,0.5137053645,0.9813428354
0.3303034193,0.8716628558,0.9782417953
0.3095210472,0.2986708262,0.8161695709
0.0710315368,0.4452066056,0.0421053920
0.1281340127,0.3517471155,0.4429871941
0.8526050496,0.9327843606,0.5551420455
0.5029417882,0.9665566961,0.4173792080
0.7687776496,0.2823872258,0.1964256776
0.3150950544,0.8090162787,0.2717219213
0.1026451384,0.5104629945,0.0132261578
0.3832452600,0.5749924128,0.6381911826
0.2041228354,0.3755099928,0.2538875755
0.2383077570,0.5186993757,0.6261821595
0.2909578434,0.4456042538,0.6098084328
0.8581012284,0.4363652193,0.2560668904
0.1000678768,0.8259843255,0.4972478943
0.8749717385,0.5320212610,0.4580097288
0.5878994550,0.4387492643,0.9124865268
0.1895105283,0.1662382944,0.2167824009
0.9816826265,0.9734257614,0.9270637755
0.1426886226,0.2552117390,0.6044904987
0.1619408429,0.7491176310,0.1477309042
0.1515731090,0.4239907439,0.8376655129
0.8105848441,0.1481972088,0.8189477693
0.1821475405,0.2306529916,0.6666268646
0.8125489757,0.8456565278,0.5123068742
0.8794871442,0.5639231731,0.9518950425
0.8983562173,0.9501700831,0.7951856787
0.6538813379,0.2408648874,0.5107350580
0.3042534025,0.4807588144,0.6474255011
0.1761316232,0.7261692687,0.9377598746
0.3128154506,0.0745434715,0.2277051103
0.1400242875,0.0758605528,0.8070080149
0.6945164308,0.3560260647,0.4045117265
0.8663243274,0.8757976822,0.6722013054
0.8301835152,0.0426220581,0.0368044561
0.7704138838,0.7580046045,0.7265717700
0.2754615200,0.1244909797,0.0674969314
0.6070331703,0.8801505809,0.7773480889
0.5529007954,0.2898220609,0.9444684495
0.8217418493,0.5180286722,0.2277769405
0.0257225830,0.5085396194,0.4599192320
0.3450210802,0.1943927282,0.4030816789
0.6429272484,0.6116463230,0.4232283991
0.3628664903,0.6323109496,0.3926362552
0.1667292227,0.5240184002,0.9174750252
0.6844457627,0.3054493795,0.6033916311
0.4152343589,0.5024592470,0.0650199743
0.2987546477,0.1566836127,0.3762886954
0.4556837953,0.8007029843,0.6808920243
0.3812748909,0.5359643210,0.7604266841
0.3030297275,0.5058757863,0.5423286472
0.3006809965,0.6705931180,0.5604036753
0.7198568295,0.7524817607,0.6518695259
0.3968025776,0.9243949228,0.7610410906
0.9126061997,0.2458577480,0.7398277817
0.8283180341,0.2391277255,0.8532837828
0.8725721248,0.9741406412,0.6603133972
0.4118509887,0.1484700275,0.0368877526
0.4981771996,0.0311046645,0.1224599733
0.6444813167,0.4075732823,0.9473326513
0.5986087254,0.9642616714,0.7215689584
0.1085788975,0.4851190835,0.5552968991
0.2450150101,0.2557171918,0.6508768893
0.5999958271,0.7335476138,0.8247707032
0.9864430820,0.7810812878,0.8819145852
0.3647242580,0.4476452291,0.9134644394
0.6234012049,0.5944192777,0.6609834877
0.7130409858,0.2966862629,0.2640093786
0.6336109250,0.8763444488,0.9480490965
0.9202511525,0.5267526556,0.8416611884
0.3853841129,0.5086790373,0.6126153698
0.5546801873,0.6493502308,0.3266050186
0.6554694803,0.3918419837,0.3133994349
0.4079757099,0.2098573185,0.0605464104
0.5833964778,0.9793174562,0.9639344329
0.6833219307,0.2553303303,0.8611879503
0.9637756583,0.7214215277,0.9609588378
0.5364034733,0.9376627179,0.8577982638
0.0459351493,0.1912424387,0.0985484237
0.9666399314,0.9297323027,0.4389891272
0.6031820235,0.6315850675,0.7290767757
0.7373440445,0.8091407504,0.6520027590
0.5229327842,0.1428724637,0.0495397156
0.8095406718,0.6129731216,0.6657836572
0.3555539573,0.3965888257,0.0078898276
0.4825005746,0.7010275660,0.4200986274
0.7823366492,0.8419092979,0.7080336102
0.0456409121,0.0253994629,0.5880957571
0.6967842121,0.4074018535,0.6751092313
0.4297022751,0.9258360980,0.7084517365
0.4865891181,0.8546509823,0.3667579428
0.6844793676,0.7939783082,0.3226992334
0.4805933354,0.4086354622,0.3288679641
0.6633087573,0.0724237993,0.1531985036
0.8017156225,0.5106131952,0.0675533671
0.0174724272,0.2649047527,0.7867579124
0.9997300721,0.5638491806,0.6371656282
0.1329896276,0.1157633088,0.1268247186
0.6750956573,0.5269099159,0.5418870499
0.9696724085,0.2043532673,0.3327722494
0.2226585682,0.3695085166,0.4983056208
0.1907557731,0.3963537164,0.3808245255
0.4247492746,0.9782678442,0.3819875176
0.5800818424,0.5345057199,0.7946237105
0.1154717149,0.0883105699,0.1887145869
0.2580131158,0.3933560536,0.0174873681
0.8659631697,0.9449989658,0.9665781695
0.3675334221,0.5647662467,0.8190837991
0.2219012829,0.0824899451,0.3825717673
0.4700985015,0.6771206162,0.9508600434
0.6799605246,0.7158642767,0.4753745440
0.0016345801,0.7621784957,0.0319270778
0.8144577148,0.9932926758,0.9292301849
0.4997326040,0.4803811293,0.4733149093
0.1108568275,0.6659519772,0.1155087050
0.3598659112,0.0862509344,0.1494130409
0.5981955204,0.8519028124,0.6477387657
0.4049026420,0.3283011970,0.1752033381
0.4203972200,0.3211930554,0.4373967655
0.6342987826,0.5465981887,0.0857980742
0.3069714956,0.7226745943,0.5303355065
0.9468029906,0.9693134898,0.5314697680
0.0244692923,0.7416212958,0.1839830421
0.4805195162,0.1246197333,0.6271559221
0.6740278346,0.9844095021,0.9081749879
0.9546531068,0.9344662061,0.5882225737
0.2674762756,0.9609684840,0.8182765821
0.9881862605,0.0789446677,0.0710234745
0.2596880713,0.6848665796,0.1602699806
0.2898207916,0.6295782829,0.8209709222
0.7718476329,0.8541498900,0.8547861687
0.6436319814,0.4275435152,0.8551251799
0.7822497377,0.1428013343,0.0251495267
0.7472770401,0.2636827342,0.9367742219
0.7755700736,0.8501988749,0.1982510171
0.4986696357,0.4819557945,0.8729946814
0.1529158857,0.1688749649,0.6405189519
0.9727312489,0.3970407777,0.5674071397
0.3380773651,0.3145696535,0.1521991024
0.9799160012,0.3994735668,0.7638343048
0.6931465957,0.4722075377,0.3674156623
0.8625779945,0.8321079404,0.4263302510
0.2580569874,0.6077097440,0.0505584896
0.0164800567,0.0318404474,0.0535104076
0.3430668129,0.5980684740,0.3477645681
0.7955656767,0.2396674899,0.9366918026
0.4255563693,0.7078621311,0.0486230395
0.3968368609,0.7828484510,0.9827390807
0.3306062014,0.0764436884,0.7976756708
0.5996998377,0.4627626018,0.9082463092
0.9854837494,0.8848704497,0.7711039070
0.6176665636,0.2287821978,0.6302280254
0.3567247984,0.0231530299,0.1012296461
0.1365593923,0.1009983275,0.1097095861
0.5172231838,0.9233978725,0.2512299980
0.1282748068,0.6678955706,0.6935653377
0.0574300117,0.1979307028,0.4054314378
0.0731459886,0.7286846421,0.1749341530
0.8099551657,0.6871366562,0.8490215948
0.0012046373,0.3894818047,0.6478386453
0.6196990910,0.4257354635,0.6194403133
0.3329117531,0.2913166231,0.3452520858
0.8146295898,0.2531420517,0.4558552356
0.6014735686,0.6981048019,0.5522812208
0.7552330090,0.6344799619,0.6134813915
0.8232772887,0.1830192682,0.8126315438
0.3795937794,0.8334940045,0.8069849365
0.6721369748,0.8548836501,0.3171912836
0.2155613590,0.8360622907,0.7085240922
0.0067641667,0.5505632709,0.1107873881
0.1678674994,0.9733459563,0.1636571094
0.1311226118,0.1873555074,0.9414158537
0.9442805318,0.4724475984,0.7705005199
0.4699579089,0.6470967706,0.3334923590
0.9992040051,0.5869740383,0.5415516788
0.0418951210,0.2222229298,0.2607354650
0.5811436048,0.0531917134,0.7467291849
0.2059041561,0.3378068051,0.6054459985
0.8396690645,0.9420096488,0.8890185355
0.9748632802,0.8626143652,0.8065580352
0.6115605639,0.5153730722,0.2318753673
0.5389511401,0.5347774310,0.2991835396
0.9924513853,0.8902208820,0.9040861684
0.7353904647,0.7883461702,0.5735165931
0.3369080752,0.2743686805,0.4987112927
0.8109731346,0.5078404235,0.4244629563
0.4095404348,0.0215414977,0.3190684695
0.4439896806,0.2305026199,0.1247291883
0.6263691743,0.8466149966,0.6043121883
0.0692967434,0.0402648893,0.0480931296
0.9198866468,0.7300824461,0.6570716676
0.3606974459,0.4781481709,0.7961308021
0.6719804166,0.4940544836,0.5600500856
0.0751556281,0.0557312595,0.0470938611
0.0031010806,0.0225975045,0.0104907004
0.5401056579,0.8793262512,0.7936405890
0.7663005815,0.1629245797,0.3051777994
0.3348215990,0.9659186293,0.5428619962
0.6403666268,0.2226080669,0.5801546989
0.7880205869,0.6552852594,0.5040092380
0.8272877328,0.8204613655,0.3579208082
0.4826834951,0.8532582454,0.8313527000
0.9752905191,0.8587941412,0.6750481010
0.3226054136,0.1722763586,0.4121133934
0.7015398847,0.7416828923,0.9656849023
0.8712648060,0.6479928800,0.5232548642
0.0345820756,0.0509996871,0.5111666395
0.0345268349,0.2462349758,0.0880417937
0.6400396011,0.7248061988,0.5860379338
0.9163646210,0.9804310404,0.5903219639
0.2962315921,0.5241238676,0.4771853516
0.5084671791,0.3611988338,0.3156567689
0.4267509579,0.4892331094,0.7739070278
0.8851326127,0.8077028480,0.3376522209
0.5044199897,0.6260620380,0.8520451713
0.8550604976,0.9245871996,0.8644824025
0.9351795267,0.7179993559,0.8615189159
0.2182948731,0.0954588882,0.7846108848
0.2741867716,0.2764446897,0.4533792162
0.6805090568,0.8744504171,0.3851884345
0.5835433783,0.1024852499,0.7204713185
0.3632065093,0.0317498068,0.1099949753
0.2940367382,0.2370623745,0.1123793941
0.9782934145,0.5952024604,0.5554063907
0.1788585161,0.4338967980,0.3559935636
0.6111200459,0.8047216628,0.7347917878
0.0760534085,0.1152111685,0.2373030808
0.3541873324,0.2639487123,0.7606875303
0.0037803737,0.2441379777,0.4957091850
0.2406505930,0.2845911562,0.0481686688
0.0265779591,0.8378710942,0.4563503709
0.9985865436,0.9591843670,0.8686837616
0.9303876447,0.5039284417,0.3825191471
0.2343055766,0.2260258553,0.4021618739
0.3845483657,0.4803299830,0.2929700229
0.0563594686,0.0136570090,0.6656223802
0.3135962574,0.6790264200,0.6807476607
0.7840015303,0.7137688189,0.9363994462
0.2778058719,0.5075004004,0.0810761573
0.9982474040,0.4245307208,0.6564742671
0.1980160018,0.5302212158,0.2293660176
0.6443219455,0.8518285889,0.8041849159
0.6807275713,0.5631580429,0.6732718527
0.3234185676,0.8942188252,0.5619899400
0.2819475896,0.1657078815,0.1767410378
0.9042124601,0.8913463161,0.8042125846
0.3147624960,0.2894762737,0.4766434329
0.0251302588,0.7392726781,0.2841736506
0.4337525429,0.9482139958,0.8206436976
0.1422991141,0.0226589865,0.5869816557
0.7910853572,0.7896512997,0.4983489218
0.9534648541,0.8919993907,0.9463998285
0.5293956262,0.9511806035,0.5425339632
0.4837286165,0.9719977309,0.4327495904
0.1113608156,0.3799319702,0.4019351190
0.4428032018,0.6805123760,0.4709681842
0.3933853038,0.6480274639,0.5769172440
0.1254681003,0.7994293607,0.3828205871
0.5003012438,0.3640175072,0.5483515550
0.1812207863,0.0455466636,0.8061572449
0.7995201062,0.0524957164,0.2083164966
0.1943864925,0.1108528527,0.0419429905
0.9203361217,0.7693404909,0.8203579394
0.6539305167,0.7251559487,0.4885245511
0.2743017885,0.4479439156,0.5030453759
0.2842785858,0.2483437251,0.0485200793
0.6583726022,0.4953267637,0.8067782173
0.4561824398,0.2852741777,0.8878284906
0.1563034182,0.1542208993,0.2743952488
0.0363313582,0.2261303877,0.8482732412
0.2431006250,0.7224499478,0.5427259657
0.7754403861,0.5526038259,0.6029517558
0.1545831098,0.6748189982,0.9753531649
0.1845393140,0.6740588744,0.1164998972
0.7737501550,0.0805038855,0.3746851445
0.4092928176,0.9230638058,0.8491625663
0.2513593493,0.0177529771,0.6062689799
0.6979876881,0.2838682946,0.5065232391
0.8657504148,0.1902116752,0.1371009683
0.1351376866,0.0417250697,0.3336223662
0.7582192269,0.5918036884,0.2158576974
0.3499901942,0.9372064460,0.2308281495
0.9179682034,0.2497002783,0.6704662713
0.8618623042,0.9713168944,0.3785844135
0.0351724034,0.0975156480,0.4331963904
0.5796898546,0.7634163232,0.7538379478
0.1684562404,0.9020030600,0.3471530018
0.3178939106,0.0095311903,0.8422909403
0.7837141252,0.8100969090,0.7676629393
0.1112023076,0.0400722811,0.7673398094
0.5080385290,0.0726138701,0.7010929468
0.7045935742,0.2541435747,0.5943370472
0.2235916188,0.8267064556,0.2903035187
0.4249314238,0.3274487492,0.4277855088
0.6328255068,0.6683036052,0.9175251252
0.5206148621,0.6124945584,0.8571910578
0.3163029941,0.2998541283,0.1974877266
0.0786655701,0.4742454680,0.3541633886
0.5960888839,0.8941998623,0.6912679940
0.8148401033,0.3149854195,0.4213590136
0.8962093257,0.0713403094,0.0991466080
0.9781693000,0.2944469434,0.8462059506
0.1985336146,0.1434134312,0.6065934346
0.6268138111,0.4484785441,0.9542878269
0.4809828156,0.7268759006,0.7546194806
0.8335978786,0.9831092957,0.2933670569
0.8357477654,0.8487646781,0.6397119510
0.4035789313,0.6655738196,0.3245536503
0.0605917671,0.1423265371,0.5037990586
0.8080370451,0.5877045403,0.7128938928
0.6143722566,0.7356524711,0.7737899931
0.3479564488,0.5900795624,0.8581088162
0.9690170234,0.8999316683,0.9553489031
0.0400688836,0.0934787360,0.0019957455
0.4576548799,0.0820723676,0.0247941170
0.3568810862,0.3104298898,0.5236694214
0.0889682395,0.2095085027,0.1653486368
0.9232381088,0.5552817085,0.3595402829
0.7652160050,0.7055325760,0.4974892212
0.8820170527,0.8726552199,0.8020877887
0.7437820844,0.7785222277,0.4395664291
0.7105744789,0.9441742118,0.8375590815
0.3310824201,0.4387568915,0.5339371125
0.3562093355,0.5047984798,0.2067847427
0.8827063175,0.8996966218,0.4125632233
0.0623173862,0.0913163339,0.0763035434
0.5807367802,0.7288353336,0.0473188275
0.6145350503,0.3738165691,0.2981168712
0.2331581966,0.3205910228,0.2946197338
0.1017325694,0.0991232142,0.0715105879
0.4158194909,0.5394369069,0.3296608598
0.3622571306,0.2835665388,0.1332632901
0.5893981749,0.7788112708,0.5589921351
0.1221814272,0.8463701838,0.4999826821
0.3154500714,0.5587173816,0.4759396408
0.4000609424,0.7169886113,0.8838523059
0.6560442257,0.7110339398,0.2530140449
0.6042434988,0.6232911367,0.7128747928
0.4852388097,0.1177265401,0.6435398600
0.0691637840,0.3821412462,0.0240844581
0.4512489260,0.4460703044,0.2497917457
0.9415199742,0.0505975192,0.4614985369
0.1482065825,0.7275541972,0.7609496870
0.2143025447,0.7725238027,0.4340931024
0.4648345264,0.5671853074,0.2569451324
0.9356192456,0.8030086488,0.7039636531
0.2333030403,0.9570521072,0.3297507530
0.0699133361,0.0569966157,0.1823703495
0.4970887591,0.3498182575,0.5080293898
0.0065112908,0.7694214632,0.1894165574
0.4407425356,0.8290189146,0.9980153358
0.9942513646,0.7208844992,0.8362857719
0.0916808956,0.2283698647,0.0501674532
0.5676771086,0.0257409169,0.2432369437
0.6915768502,0.1906614738,0.1568792301
0.9577327713,0.2312604563,0.3581014994
0.7819983797,0.9431358259,0.4507154553
0.9602871984,0.8085265090,0.6248461572
0.8009375709,0.0207765483,0.3332387959
0.2233669039,0.0716630202,0.4947690942
0.2294739614,0.1879095847,0.1898386508
0.8770992895,0.6170414954,0.9902606038
0.1456841009,0.2870920805,0.1340282524
0.4346169540,0.5249994358,0.6722062972
0.3278510548,0.2490850036,0.1033621395
0.3491002332,0.6078373292,0.4735054238
0.9493682050,0.8045720935,0.1601039219
0.6104410229,0.4951074301,0.0557468899
0.6247826713,0.8841589563,0.6364780525
0.2731487592,0.4686206031,0.3823431075
0.3782280139,0.3349458092,0.4900049713
0.8617332369,0.1938715377,0.0224644665
0.6055882224,0.8364518695,0.9915427117
0.2049507724,0.8395653224,0.1213106787
0.3943654329,0.8364375079,0.6265689165
0.6385631087,0.3838588871,0.4769051295
0.6374276003,0.2344249537,0.7276361542
0.2884042414,0.3265975360,0.2605920835
0.1361338253,0.2512223655,0.0907047421
0.7541400164,0.8597167462,0.4722979316
0.2388518758,0.7059058769,0.4459481396
0.1784831872,0.0604225093,0.2772524393
0.6224523328,0.9300719817,0.5444964805
0.1410438449,0.2350193898,0.0090323989
0.5582796066,0.8183135698,0.8521654820
0.5510360985,0.1347874330,0.2907504424
0.2097390281,0.1410315958,0.6368370102
0.1373635554,0.3826522259,0.2142022358
0.9512025481,0.6464025064,0.1949843583
0.4040109634,0.8621993777,0.9686517634
0.8668010350,0.9855903418,0.8972875036
0.4647499538,0.4922961487,0.2622558362
0.8726210374,0.7415851650,0.2539523806
0.7184658181,0.8232391139,0.4808482978
0.3419271760,0.5809628481,0.8316265026
0.3902749454,0.1083285065,0.0883994222
0.2485665115,0.8049096807,0.5380032819
0.0366565698,0.6434711746,0.2982785372
0.6655391109,0.1476760821,0.9491460056
0.5209720371,0.5361696854,0.8788633862
0.9840649475,0.4522205832,0.7481453304
0.6843500892,0.9674019688,0.8273244832
0.7437363283,0.4255094420,0.2488893263
0.8551603045,0.4676416988,0.8779664142
0.3929826911,0.0004250388,0.1248900594
0.8859149056,0.4703163387,0.3920586285
0.8326508976,0.2755775699,0.7824596059
0.3474804582,0.9671060420,0.5334482422
0.0941907146,0.0002871935,0.0955034703
0.7710202307,0.6733068039,0.4328663846
0.7565793786,0.6427188333,0.5514695738
0.8007978766,0.6268877477,0.9055256385
0.1504647520,0.7359551817,0.8885670537
0.6654120576,0.6074622999,0.4835305856
0.3038374449,0.0517650359,0.5321554601
0.6410566709,0.1192396642,0.9814982729
0.6225699395,0.7513350872,0.3852191584
0.5730969896,0.6955525229,0.4560926278
0.5639993268,0.9892613998,0.9266568313
0.2914081735,0.3170395486,0.6375184340
0.5054629989,0.6400867754,0.8862692598
0.8278513674,0.5103314857,0.2662995410
0.9959267643,0.8853600164,0.8115761477
0.1683319425,0.2103864507,0.3534841981
0.6607999286,0.5628419619,0.4367383085
0.4472127051,0.2356535599,0.3792336184
0.1147135683,0.0214245202,0.1436032787
0.9483090421,0.8166770245,0.7028021263
0.7389275038,0.1131882679,0.0518991931
0.1608887945,0.3518486927,0.2438412523
0.0993084963,0.0018656105,0.4215520606
0.9195556131,0.4142727531,0.2559257958
0.5890199238,0.2148592784,0.9372958902
0.6465194717,0.3457330276,0.5623351568
0.8247751464,0.9725715960,0.5104664671
0.3250744154,0.7343285099,0.2876927564
0.3036025166,0.4825328533,0.7915094869
0.0719219379,0.1285877033,0.5303990333
0.0388001222,0.6919349125,0.0453098074
0.7007714105,0.6973785305,0.9393366287
0.7648039531,0.9636839422,0.9764039416
0.9037604145,0.5275431190,0.2755340679
0.4016184842,0.3525471686,0.3804161100
0.5750061964,0.9017597986,0.2297264539
0.3963441820,0.0983470208,0.8014626881
0.6007233159,0.0398915498,0.0112317455
0.3718392076,0.4934496380,0.4214227374
0.6838551016,0.9453848419,0.5482198257
0.4708559810,0.5688516839,0.4364684796
0.4682628713,0.4320215519,0.5254782691
0.1413675518,0.6184228896,0.5263707555
0.8196510408,0.7334350641,0.6337489902
0.8067940978,0.8804252118,0.8331448692
0.1178173106,0.2850749376,0.1307779494
0.3956286560,0.9674708632,0.3625386899
0.4993802970,0.3798272473,0.0685312452
0.6850667354,0.9854016951,0.8173163527
0.1579035359,0.4870581454,0.5703212427
0.2189745887,0.0165773437,0.2529333187
0.6377433046,0.5418416745,0.5990363060
0.7217530036,0.4497235767,0.4206132834
0.6057398621,0.6796812838,0.7323160072
0.9022904515,0.9198589961,0.8019702441
0.1112849711,0.0734844051,0.2591354505
0.9921269213,0.9865037580,0.8351577121
0.4796041212,0.8282439996,0.2495275926
0.1554297566,0.4311692709,0.1851237851
0.6847337472,0.5891299474,0.7008659366
0.4452228262,0.9384217995,0.7806213998
0.8743797007,0.5824104721,0.3870864051
0.1771016661,0.0353941825,0.0477651668
0.7687767525,0.8969001547,0.7802370194
0.6929914758,0.5687847015,0.2815429517
0.8830520274,0.1795262589,0.6804409500
0.5198655010,0.4111777794,0.5492225121
0.5784237688,0.9097410406,0.8352517712
0.7046961322,0.7682021267,0.8472023895
0.7367509283,0.5249600498,0.9570420404
0.4872891784,0.2952402015,0.1349918860
0.8599060849,0.5732943501,0.4968272985
0.6765246202,0.5602677367,0.0150376435
0.0176566504,0.2124572611,0.3884352317
0.0020520087,0.2073552925,0.1028248915
0.5269786565,0.9258494013,0.7073479995
0.8936383829,0.3536895949,0.6372436555
0.2951297586,0.6076653427,0.2158216041
0.3421539805,0.4282742480,0.4923738427
0.9972881660,0.8371397327,0.2095145757
0.9864689316,0.9845591284,0.9447372954
0.7414892887,0.7170643323,0.4988070341
0.1191638317,0.2798468668,0.3746076053
0.7285604868,0.3038316603,0.1213032104
0.9940417353,0.7126320449,0.4871309218
0.1083904403,0.6449867158,0.9675174563
0.2227116815,0.7949522748,0.5537372585
0.1236489224,0.7748529755,0.8679913507
0.1034008796,0.8736296580,0.2883771382
0.2106510677,0.5417636085,0.7103923025
0.2191007582,0.0492867741,0.0484195441
0.4452352423,0.8512993805,0.9909835446
0.8544488702,0.5394751155,0.4946846670
0.1119241886,0.1620405352,0.0585357132
0.9171391454,0.8735587930,0.4760779213
0.7208998761,0.7373126064,0.8886127096
0.5700876582,0.8308506153,0.3816028494
0.1987127523,0.5861464134,0.2292078467
0.4937225455,0.9941762983,0.9943723938
0.4503910532,0.1970269884,0.4085563982
0.7687655059,0.4611744924,0.2496099447
0.9604816256,0.1724642213,0.0643871504
0.1784206352,0.7728120765,0.1222971366
0.1228481262,0.1095686281,0.3394602124
0.7914255808,0.9907222887,0.8680767691
0.8956194508,0.5762150081,0.8956392916
0.4079459495,0.8401108741,0.4451633935
0.6925741657,0.6650671845,0.4703953081
0.3371633582,0.7521116595,0.5770469222
0.9335801699,0.1442019981,0.2000617429
0.3020950683,0.3214143611,0.8196104347
0.2374765782,0.5846837493,0.7672956303
0.1563616765,0.1807851757,0.2149821993
0.4271205744,0.3073357910,0.1491626460
0.7518137783,0.8154114099,0.8555044073
0.4657504211,0.7245790957,0.1848296969
0.4202293226,0.4307736925,0.7328672488
0.1331198803,0.5108521879,0.9915695006
0.2885252618,0.0932335876,0.0399354291
0.1293175187,0.7460231093,0.3284219146
0.3348517263,0.4692658571,0.4113285533
0.4813412973,0.0284888703,0.0777919410
0.5111398065,0.4148667869,0.1741543606
0.4826298997,0.3632809084,0.2769820985
0.9950588138,0.8117362708,0.9877422586
0.7817038727,0.2349033672,0.0367882559
0.3056415303,0.0559025173,0.2954965188
0.9419303659,0.6329253315,0.8985314231
0.3126899670,0.8377258360,0.7217243008
0.6270381735,0.0511622895,0.4070512263
0.2682237731,0.1577850296,0.8059172733
0.5900618893,0.4530462790,0.7260535240
0.8977855056,0.9368442479,0.9994197903
0.4990636236,0.5219063730,0.6068132203
0.7752461323,0.8403846073,0.9612055026
0.9487418476,0.4517705904,0.4235447066
0.0902430451,0.3690576684,0.0884223113
0.8509040241,0.3987691645,0.2740013092
0.0175848374,0.1231621991,0.7878322109
0.7690955953,0.3361073264,0.1341359857
0.1830533939,0.6913103714,0.6430413921
0.1861692060,0.7597392919,0.2429916438
0.8459261566,0.3694533075,0.5260171628
0.8219069278,0.6086468166,0.7691916857
0.3689254291,0.6168563546,0.2509464389
0.1514179414,0.3649648847,0.6241208151
0.3934127361,0.4826965605,0.5757960687
0.1029614991,0.3960742664,0.2577534829
0.6105253089,0.4800782252,0.2084255648
0.7785211586,0.3990398243,0.9480168109
0.7162682420,0.6074696758,0.9869929762
0.5368540135,0.2676577837,0.7370799138
0.0177484242,0.0938987111,0.2936297836
0.6195584724,0.3409318925,0.1329545789
0.2309110583,0.2864870727,0.5408226355
0.1646529061,0.5086470167,0.0555558338
0.4834593198,0.9553936757,0.4506744690
0.9770602697,0.5190056185,0.2099921542
0.9961632099,0.7626186922,0.8246084043
0.9350106233,0.8273027696,0.8995414336
0.6755282535,0.7567994018,0.6899680675
0.1267829031,0.4247239315,0.5843705678
0.8798827727,0.7597926116,0.9095574071
0.3091075773,0.5505021876,0.0986150234
0.7422616779,0.8876260231,0.6147628158
0.0592810221,0.2086797794,0.4941213010
0.3748572842,0.0265795144,0.4380447621
0.7643314240,0.5634976391,0.0555793588
0.7194829455,0.5728051284,0.0936941333
0.7789039729,0.9675196983,0.1452577613
0.6214624367,0.3165039322,0.6181020933
0.7882682596,0.9648388131,0.8576182752
0.4937216515,0.9083511489,0.8993174308
0.9358678078,0.2878993038,0.0817785987
0.0614958356,0.7163802360,0.1816089886
0.3992515982,0.2033143556,0.6561924252
0.4271765272,0.6741355109,0.9848748126
0.3162331522,0.1481597182,0.2677385773
0.9931250576,0.6085723467,0.7224196441
0.0415633865,0.5673561155,0.6625606602
0.7496910604,0.2199180972,0.4230775043
0.4463808561,0.6836646422,0.3548834859
0.5967181207,0.4218356841,0.6355334781
0.9953555628,0.0748895882,0.3396188225
0.7727724309,0.8211275782,0.5592626440
0.1370772742,0.6675096498,0.4351370050
0.5179713226,0.9837778141,0.7416410411
0.2819377055,0.6689936074,0.5987037633
0.0808794861,0.1076265140,0.1870647780
0.1446352079,0.1463036043,0.9949884295
0.3583252555,0.4272796250,0.8206479472
0.6352844231,0.6736799609,0.4994192022
0.1953393541,0.9740810973,0.3918801019
0.9605435690,0.2005027301,0.3699360680
0.0032364656,0.4177332716,0.6143996880
0.1097038895,0.2600636116,0.2485080788
0.7549769728,0.9276211810,0.6089573104
0.9513989105,0.1751278865,0.0515135766
0.1594684676,0.3907904937,0.5227115533
0.2993042029,0.8272349000,0.1256588743
0.2938235943,0.2567529449,0.0783664495
0.8280430421,0.8339346984,0.5730937735
0.1999113079,0.1846632268,0.3477316135
0.2394244075,0.3871003778,0.9164472235
0.3732393876,0.5292251248,0.3345916686
0.6633268119,0.8499636929,0.9868995800
0.3815684973,0.8661376993,0.4095826283
0.2290631661,0.8239446902,0.6876809728
0.4880260115,0.3343234459,0.2441465660
0.6444855697,0.6775181715,0.6393649044
0.6782967384,0.1132059546,0.3450184775
0.3996552344,0.3552387808,0.9535478803
0.3405183310,0.1925996536,0.2190488211
0.0384441823,0.0526508171,0.2254242345
0.1673496329,0.4841818801,0.4394173726
0.2371504032,0.0517396923,0.7131683151
0.9924370966,0.7100348727,0.9022049343
0.7434181340,0.7451347567,0.6699123409
0.4165618297,0.8828327365,0.0879297401
0.2905577671,0.6108858390,0.7511318854
0.0800956937,0.5328260182,0.3337360775
0.6595714736,0.2646124797,0.7799080639
0.3270264606,0.9703170152,0.5444123913
0.7281001275,0.2705456323,0.3827652325
0.9320582195,0.2648507280,0.1837111202
0.6103235636,0.6045038474,0.9727799016
0.5911583729,0.5969058330,0.4671598002
0.9427276109,0.7745995755,0.8579827337
0.1727035991,0.0740802517,0.0284592309
0.2826207221,0.8751189816,0.6692159594
0.7084423819,0.8491138643,0.9090965654
0.9607087628,0.8615676938,0.6472790219
0.3385768747,0.3657108306,0.4202408195
0.6241807113,0.3713874451,0.7644249388
0.9568750142,0.8427404505,0.6272488602
0.0386032633,0.0771474342,0.5363091433
0.7850010689,0.5413816813,0.4883837099
0.1559025593,0.3034394994,0.1617239739
0.4865664393,0.8548576148,0.9979300047
0.6773533062,0.8211851439,0.7617513403
0.2330539979,0.7328602687,0.0026420701
0.3066745054,0.2427288173,0.5300504930
0.7849966187,0.1871902281,0.2405539429
0.6230405672,0.8214186788,0.7502979734
0.6364981683,0.6004076119,0.0248480281
0.4513236227,0.5565631370,0.9770037404
0.6550562839,0.9831750985,0.8877180838
0.3412828997,0.3546721704,0.5590183674
0.1321654565,0.8391071227,0.7294488305
0.7358029658,0.5267694900,0.8254482099
0.7483166064,0.6748807637,0.7820972901
0.9726981526,0.6732780880,0.7365449417
0.5838115616,0.0005177912,0.0620779058
0.5062138291,0.5770963303,0.0413990417
0.8887265292,0.7898702500,0.9256187153
0.6536017704,0.5336039874,0.2198859087
0.7496420234,0.1271017881,0.3831701109
0.8367826778,0.7096144832,0.6407860360
0.0120763355,0.1561214632,0.3601818246
0.0618678111,0.5551368839,0.3487048168
0.0444288158,0.1295594477,0.7072406026
0.3365252566,0.3102660353,0.2953429020
0.7039777401,0.6110133613,0.6486147589
0.6746625500,0.5144235609,0.7810630111
0.6207594750,0.3251867630,0.8416981463
0.1349907195,0.3164426552,0.1742461561
0.8030107236,0.8348318618,0.8034899579
0.7452946549,0.7380247198,0.6516326192
0.2158977000,0.0930569342,0.1807846579
0.7151132034,0.9133758534,0.6685171893
0.7474982944,0.7566496457,0.2430396510
0.0184704494,0.0661004017,0.0243251805
0.2010636153,0.0872216321,0.6398691864
0.6404331269,0.5570082619,0.2954965245
0.3469282748,0.7399641022,0.2593115884
0.9146334678,0.2272691979,0.5770074317
0.4807100417,0.5725601933,0.0449277677
0.0356868227,0.0968250638,0.4072603562
0.4793508225,0.0124161463,0.0135206224
0.5807596130,0.6780647494,0.9402904720
0.9651782071,0.3878270538,0.4141547789
0.0824661817,0.0815711645,0.6529982215
0.2546038912,0.2508505750,0.1343932078
0.5760075500,0.5334547164,0.8633145271
0.1773507817,0.6408669886,0.7619349866
0.7061688047,0.3962536201,0.1549461084
0.8798873714,0.3525849342,0.5297369487
0.0111455226,0.0646142841,0.2938124092
0.4905909914,0.4188116108,0.8855908944
0.7838723000,0.2082888086,0.2760688039
0.6366641201,0.4022767247,0.5646757725
0.5826464725,0.8374719485,0.8011933298
0.3909964558,0.6835265526,0.3552021983
0.5744637492,0.8021823657,0.3937631011
0.1281408346,0.0272644178,0.3335069459
0.7721729471,0.9460236642,0.4258763393
0.3186222590,0.2846290245,0.2920988825
0.9775306376,0.4148002969,0.4907105011
0.7335103042,0.8701373727,0.7109737778
0.1418879151,0.9345634534,0.1633735751
0.7664950300,0.3165175219,0.9400371597
0.7599788554,0.6165108018,0.5739239137
0.0958061737,0.6019065634,0.9105690153
0.0766588830,0.7828444648,0.6172643152
0.2962870895,0.7598079198,0.5958212909
0.0716489950,0.1238966096,0.0134666295
0.0853803640,0.0208813317,0.1933015478
0.2230115904,0.8346760668,0.8730724983
0.1296039968,0.0574912988,0.7799927583
0.2882256788,0.0822223614,0.0426376492
0.1072360610,0.0488477429,0.0381364253
0.3180210286,0.8733034367,0.1644264758
0.1398546402,0.2233973095,0.0544492249
0.0084700282,0.1536304805,0.2193933733
0.2975815293,0.7660852747,0.2936740783
0.5589609132,0.2665542682,0.6799581752
0.5371174813,0.6582580401,0.3027155778
0.2313464872,0.1424274161,0.0374772009
0.9368089404,0.5957420102,0.6522371710
0.5166700045,0.6261970579,0.4585899030
0.9411932419,0.5309252335,0.8276352728
0.9419781333,0.9665552081,0.9515087975
0.3080727655,0.5032696635,0.6093170443
0.3541949696,0.5026016845,0.3802638742
0.7379396270,0.9061495224,0.8159228887
0.7221725465,0.9676351694,0.6272681990
0.4234449428,0.9845144296,0.9484857809
0.2849596357,0.9747794351,0.8374477021
0.5826776045,0.3812750054,0.5011046684
0.9977982396,0.8404003919,0.4500098837
0.1771537238,0.2801539872,0.1452418767
0.4354064364,0.3433879105,0.8802322748
0.3169661048,0.6669905979,0.5423970299
0.0109254018,0.2055998201,0.0128773971
0.3248565604,0.4345530422,0.1140001710
0.5697337136,0.6625531897,0.5621564621
0.3104228225,0.3037764990,0.5747383333
0.5788142245,0.6339660984,0.5490145878
0.4727419161,0.0356868499,0.3130492250
0.4189984138,0.3398511963,0.1306721788
0.0242343985,0.1216187660,0.0532740887
0.4598781543,0.7431822285,0.4382249150
0.8429316157,0.3870837586,0.6874968684
0.7822290397,0.9259567931,0.7403127203
0.8813203728,0.8222095815,0.7816207722
0.9525451107,0.5900811562,0.9520711621
0.0794943025,0.2857339064,0.9184406339
0.6013556887,0.7006930323,0.6085935913
0.9069116830,0.6154844135,0.9275168202
0.2201455732,0.0228042342,0.3216843885
0.7439689830,0.9307830897,0.7491807532
0.6000074895,0.8983395118,0.9650626464
0.1004315403,0.8569461536,0.1083303197
0.9112614522,0.4994564075,0.5354347819
0.9306251690,0.4392446225,0.3090492707
0.3125684253,0.1032404262,0.2201306704
0.7869302263,0.1439278212,0.2014602002
0.4375072954,0.7538267889,0.6563952649
0.5881874122,0.3827042932,0.9042258228
0.2761276224,0.5161867064,0.8626037058
0.1696353502,0.1743221221,0.0292338541
0.8360481344,0.8843678928,0.5756723892
0.8574784516,0.6467288576,0.7959246051
0.1424757363,0.0379082916,0.0840186305
0.3931628369,0.3202740306,0.6961100500
0.8717997416,0.7716401771,0.9012829296
0.2638198793,0.2453589746,0.9602688318
0.2844238549,0.9268297423,0.4814920765
0.2075392781,0.6897163218,0.0207322122
0.6304103012,0.2108884743,0.3604649502
0.8441553717,0.6541622394,0.9909817402
0.2578993682,0.4307321384,0.7229467381
0.1144621327,0.8309691141,0.6046193740
0.5817934730,0.6023221486,0.4941604237
0.6585245378,0.9527095258,0.6759760536
0.0911719713,0.2341468816,0.2616057472
0.5321822899,0.5343536353,0.6404754821
0.1318963243,0.4540839893,0.2936417727
0.3473599622,0.7153547167,0.3359014047
0.6865637822,0.3862441866,0.7143864474
0.9894407829,0.8858527425,0.9640144321
0.9013551512,0.4449501978,0.6059807373
0.2265543263,0.2093809000,0.1798478200
0.2095355235,0.1064673357,0.0433941733
0.4589178453,0.2707789815,0.6417690656
0.0948054625,0.2100298315,0.0934171457
0.9148095094,0.2675669976,0.1341490087
0.4259997188,0.7092052134,0.9171744948
0.9000274117,0.2724515517,0.0504137446
0.9474259508,0.4394252954,0.4609086906
0.8905570302,0.8823343056,0.9847926217
0.2234561484,0.2568488725,0.5332494425
0.0662784076,0.3173828870,0.1814750161
0.7726437374,0.5297846930,0.2297320649
0.4310199887,0.4475033209,0.1936845064
0.8807822237,0.9802969048,0.7910981862
0.9020601659,0.2030246890,0.1249349218
0.7078088214,0.6767286161,0.3531555253
0.9341228262,0.7122933561,0.8378304659
0.0318960479,0.9326942441,0.1921893281
0.7319426621,0.5880920698,0.9855078558
0.5241451832,0.0714063625,0.9757244084
0.4956160711,0.7906695070,0.4179925917
0.9438029488,0.4393292109,0.2712108747
0.7795854398,0.7407659675,0.5467467553
0.4971645585,0.9174897884,0.7396721998
0.3742190032,0.1469508370,0.3798052474
0.4915368628,0.7421221711,0.3609466625
0.3659643259,0.7174171805,0.7614373644
0.7970949274,0.8577019854,0.9477937121
0.0940337526,0.0775718602,0.1943468248
0.8357781927,0.1932473404,0.5981812116
0.3567741093,0.2437489576,0.5475890656
0.9363412045,0.7494654622,0.6170214999
0.4982195356,0.9659908820,0.7788898229
0.9372957882,0.7267674351,0.8211479486
0.9090190363,0.9782685014,0.9008655262
0.7410805715,0.4949418643,0.6100343203
0.6970990339,0.7168374011,0.7139904593
0.5493784948,0.3929504759,0.9088547837
0.9741230312,0.3637440483,0.2885407565
0.6600683981,0.3481940069,0.2803695032
0.3694705444,0.3397850171,0.4050180869
0.7578975511,0.9644257366,0.9736411167
0.6280621813,0.7917177402,0.9014374615
0.8898460021,0.8889808800,0.9125830568
0.9309232746,0.8639073037,0.8978510762
0.7750881151,0.9171258077,0.9724808354
0.9617136566,0.5190433804,0.6917728733
0.6949099289,0.5952092020,0.8781649262
0.9061132656,0.8607571022,0.4975869648
0.0720157603,0.3712417862,0.0311616676
0.9439271090,0.8406210872,0.4640586801
0.0836107728,0.5751722872,0.2000960876
0.9144952836,0.1554699077,0.9199042724
0.3828888501,0.7312123058,0.7704758738
0.5933290965,0.8778925024,0.8348961384
0.0403009576,0.8795581472,0.0406951618
0.6724820738,0.5565240693,0.7478718044
0.4842763456,0.6462551160,0.3929319074
0.7056102400,0.0714185614,0.6058263501
0.7651776656,0.5679148558,0.0327865314
0.9920172080,0.9226827843,0.7150477488
0.4610158929,0.9848542914,0.9545942153
0.5871364218,0.6690390853,0.7210201864
0.9645293131,0.3992740693,0.4560923627
0.5668673259,0.7742653389,0.8027615141
0.8394393784,0.8388561829,0.4875359686
0.0679318648,0.1689169777,0.1560983837
0.4890142300,0.4377412557,0.9130874523
0.9855694582,0.5028615722,0.5267239079
0.4993310114,0.2346948804,0.4427017298
0.2977777419,0.6735007906,0.3479649176
0.1711603735,0.9652664547,0.3153674753
0.6701268592,0.4144944709,0.6646491772
0.5253294348,0.4467251446,0.1325506705
0.9400362792,0.5208538644,0.9919159169
0.6169549948,0.7546922625,0.7401289695
0.9096734019,0.4083737913,0.8251804942
0.6286196993,0.5314982964,0.3392204414
0.7242899568,0.8142460717,0.8921197654
0.0261656903,0.0619594378,0.2521021184
0.2830431577,0.5221564136,0.6890413336
0.7128775409,0.3776483142,0.9610762954
0.3905528421,0.1178333009,0.1148222784
0.2125804552,0.9564411751,0.0891335636
0.4295460447,0.3317359052,0.3791731499
0.8778414913,0.1257548838,0.4008246748
0.5533801112,0.6071921140,0.2334812795
0.1474484317,0.3822119337,0.8073912447
0.4697828726,0.1092957036,0.0855169787
0.2107294529,0.2758359891,0.4738279704
0.1229158891,0.1205417062,0.0301902554
0.1673643723,0.5320226348,0.1378812446
0.4537241543,0.4679485790,0.4067947354
0.2151205789,0.1380397757,0.1438589805
0.2200678623,0.6621137125,0.3022316755
0.2532744963,0.0858694465,0.4674679823
0.8087863004,0.6010552427,0.9799075682
0.5835562116,0.1669339123,0.6439665187
0.6825581368,0.7552887586,0.1168877409
0.3237329833,0.3545044484,0.4757902962
0.0065672640,0.2119369659,0.6893832058
0.7273519669,0.5383092457,0.8844558230
0.7219159518,0.7037096950,0.4693156060
0.9388008057,0.8007909767,0.5972745366
0.8129079460,0.3895292276,0.8371644569
0.2087908980,0.1066633223,0.3849664326
0.3688935766,0.6655691606,0.3869858321
0.6914050466,0.4518461716,0.7650826103
0.9839304201,0.8037302408,0.4926959160
0.8624531411,0.0406471774,0.0382034589
0.2817419134,0.8179261920,0.7570743758
0.8277278278,0.2739400743,0.7831804818
0.9171481900,0.8335434456,0.3791833051
0.1518184235,0.6042668117,0.5199651556
0.3788236705,0.2928608789,0.3128950128
0.8433194989,0.5699706076,0.7926845116
0.7514477462,0.4793111554,0.7925875201
0.9267455233,0.0068850132,0.3935204373
0.6874385599,0.6563872808,0.8501692992
0.2494091568,0.1569095292,0.3314600413
0.7070960893,0.2550004187,0.6817687496
0.0372077879,0.0226879399,0.3888789762
0.2885406044,0.2240594678,0.3607562872
0.2673966878,0.4989761998,0.8064876505
0.8040521971,0.2494612234,0.6092946085
0.2927418275,0.5680291572,0.1854288993
0.4488747525,0.2851208574,0.8275565848
0.2985595276,0.2058389640,0.2074992119
0.2980840416,0.4253685106,0.9087823343
0.8213609332,0.8468384557,0.6615976058
0.7180270100,0.8652075518,0.7825322308
0.9756095825,0.5040324217,0.8511280652
0.4784668272,0.6489123511,0.8850831219
0.3760714563,0.7746305411,0.6353191172
0.9613851926,0.5968516072,0.5741285970
0.5927960517,0.8233867371,0.9083589273
0.8401729509,0.8590413432,0.3025523980
0.4475971611,0.7834092040,0.7839325425
0.9959284809,0.6342891519,0.6577795249
0.6612748324,0.8532071774,0.8959231119
0.4855013413,0.6854514045,0.4062371365
0.9357092091,0.4519629156,0.5979344364
0.4079823937,0.1392385311,0.4587366002
0.7543532889,0.0664949901,0.2394537637
0.9781429548,0.9917521713,0.2823746914
0.5083300320,0.8609040080,0.5178986684
0.8398282476,0.2068587843,0.5835346352
0.0142990518,0.0087045271,0.0547590592
0.5625581487,0.6122503710,0.2924308359
0.2701484312,0.1398529730,0.0127575028
0.1898652469,0.2767756586,0.5457581484
0.8877114102,0.7536168657,0.5342200962
0.0200275510,0.0380113755,0.4700988711
0.2929508870,0.7575963231,0.9589546775
0.9249535683,0.5358014938,0.9099907251
0.7818767476,0.8911405331,0.9253390450
0.0161634597,0.0564740526,0.9868608965
0.6182891700,0.6272986411,0.9789108172
0.2047413114,0.2883496078,0.3246816896
0.3739663279,0.7054643107,0.8128101603
0.1149739276,0.0002637914,0.0070703335
0.1757702522,0.0908740231,0.1745270582
0.9474198267,0.5489872828,0.7647167820
0.8917647731,0.9488431032,0.7428993033
0.3828708628,0.3068040396,0.3470013460
0.5749375377,0.3079449428,0.5181590176
0.6240410471,0.7290374771,0.5507693316
0.8399861332,0.7610582991,0.6708486944
0.4696763143,0.7872134654,0.2483310413
0.3917197854,0.4771174014,0.0905600934
0.7135182550,0.3344484559,0.7956195300
0.4197266563,0.7874158708,0.4583054812
0.8611387198,0.8827858410,0.6407924686
0.9032034860,0.2361018026,0.3371826977
0.4351109780,0.0830243482,0.3430225809
0.0661774669,0.3515809908,0.1001767770
0.3998090449,0.9756135731,0.6416772935
0.5685803054,0.8494062822,0.8863925739
0.6778368356,0.0614676117,0.1331332897
0.4134867142,0.0170185673,0.0892076909
0.0494415126,0.6604107329,0.1261755430
0.2137719503,0.5002664642,0.1778502103
0.2909469194,0.5812059773,0.5788612026
0.8354476503,0.7583070537,0.2110175177
0.4263535159,0.4489145777,0.7127217405
0.6345784967,0.4218516839,0.4899589471
0.0760517039,0.1094309326,0.7953554269
0.5131140153,0.7744122872,0.2445687115
0.0276356991,0.7752801775,0.9433977418
0.8270791408,0.4383630339,0.9008090731
0.0608638133,0.0464904638,0.0359118469
0.5506407549,0.9500754592,0.3581119056
0.4108620619,0.9480256151,0.1471032393
0.3412879001,0.2097111295,0.6585865820
0.6725204457,0.2191324229,0.9458655832
0.2834902246,0.8956128282,0.4478111300
0.4179669121,0.2569029544,0.5084342213
0.4999033148,0.5063057049,0.2417650713
0.0071678495,0.5876982942,0.2817529406
0.4094018421,0.5078004534,0.8645742841
0.1610190918,0.1717885503,0.4300097999
0.2274719838,0.9099815402,0.5321885880
0.2415639809,0.3911305031,0.9720564201
0.6693827669,0.7176130093,0.6789471632
0.3713440224,0.1497325408,0.3159660446
0.4812005570,0.4814393623,0.9019119141
0.5669336402,0.8752239630,0.9999441392
0.9852738365,0.4525712960,0.6076354353
0.4060440676,0.8324133518,0.4512749774
0.2247918348,0.1530329365,0.0653889727
0.3385187682,0.3707533893,0.2592971361
0.1026086139,0.2458903125,0.5956775302
0.2962647716,0.4372189991,0.7674858411
0.7224482685,0.6184133194,0.2087478729
0.8391991126,0.5367393253,0.7968737344
0.6365935092,0.1078668825,0.4035923734
0.3687964725,0.2157059923,0.5454500369
0.3877652910,0.5109579018,0.8381237893
0.1917610268,0.7883269658,0.5303087694
0.0305659207,0.0665119919,0.6222300926
0.4024052819,0.6927577779,0.2856974041
0.1806645717,0.6635892744,0.4302281706
0.0342922399,0.2857459537,0.2987172683
0.7141861273,0.0577856009,0.0251526221
0.2072718578,0.0590155611,0.0886540674
0.8953330454,0.9381730715,0.9001816868
0.1438807270,0.0383887288,0.1577085492
0.5166743618,0.1414107810,0.3146545830
0.7269453816,0.2308242218,0.8205538483
0.8375125893,0.0306994463,0.2092392012
0.7195670695,0.8034173550,0.6736070759
0.4339630314,0.3561590683,0.1748631777
0.6924046718,0.1051899824,0.1547513272
0.7796559623,0.5284383567,0.7779006694
0.9569628215,0.5089242188,0.8638302918
0.0390296171,0.2859833224,0.6594046954
0.2466569648,0.4708267317,0.6896589018
0.9601495073,0.8992965075,0.3241139586
0.0374976447,0.1771145520,0.7005220006
0.1106763468,0.2428694905,0.1122223663
0.8500137592,0.5328214016,0.8121702014
0.9062812081,0.7760085310,0.4196876069
0.8030033477,0.8490492708,0.7414468997
0.6114008079,0.2122442614,0.4636238538
0.6639735872,0.2624311703,0.4752468177
0.5722522987,0.2364313085,0.0976889075
0.3312040279,0.8874409512,0.5726385162
0.1281845764,0.7999472566,0.0198078126
0.1080261952,0.0794414839,0.3782511568
0.5114181142,0.6030547556,0.7797329586
0.6278391813,0.0004612684,0.2708366820
0.1147499204,0.1692702104,0.0023315902
0.0563736666,0.2414493592,0.0557479138
0.4155200980,0.1378031816,0.2084206291
0.8105286527,0.7710596120,0.1236795292
0.9723485991,0.2047640506,0.0946035624
0.7086550820,0.4029127306,0.9370109652
0.1056261713,0.5721513609,0.6084150664
0.8619838888,0.6515907565,0.3006352993
0.0860365814,0.1760943555,0.6740920758
0.4069780730,0.6091658618,0.4406154496
0.1993569546,0.4339051130,0.3086789216
0.8484269526,0.8445834359,0.6478971733
0.9957135140,0.8013631064,0.4619373354
0.3688967570,0.7308022429,0.9472748253
0.3045882210,0.4036198082,0.5228248670
0.1861609854,0.6841669182,0.9344791137
0.7000430728,0.9621828675,0.8007020203
0.4761433685,0.3207683502,0.6225597478
0.3964629668,0.4838352803,0.4315908035
0.6760639973,0.4590002082,0.4049457675
0.6380147019,0.2801640417,0.7181892226
0.0403067999,0.8779350218,0.0740300604
0.7641560826,0.3518820646,0.0489985675
0.1128515723,0.0034570676,0.0677282725
0.9918977522,0.8879229358,0.5790829322
0.5813179931,0.9972549368,0.9640381908
0.8292591526,0.8622637823,0.5962402551
0.6285762945,0.9912750208,0.6424806204
0.0043404264,0.0920085471,0.2260193299
0.6882331944,0.9396259197,0.6430788334
0.8277198985,0.9475532963,0.8934900730
0.3554719040,0.4903577480,0.6380632483
0.4088105688,0.0624596962,0.7170454146
0.4956698432,0.7719998442,0.9638368836
0.6483961756,0.6388439460,0.0765952023
0.5629570543,0.1486339924,0.1269978594
0.0793043236,0.3070815276,0.3492981691
0.9187712847,0.0962395618,0.1356937854
0.8006718124,0.5119767568,0.9590603687
0.3012814544,0.6317531620,0.6639108320
0.1962086366,0.1518812963,0.5861232217
0.9015663497,0.8357105358,0.7037556552
0.1935804089,0.1487549968,0.1796502483
0.5925037610,0.6143113180,0.1736665185
0.3487198289,0.0592333461,0.1946559742
0.0388341399,0.2610070052,0.5271466355
0.0051651845,0.1565325720,0.1156611158
0.1928229681,0.4709172146,0.2411359494
0.6899349234,0.8764873294,0.7943201862
0.3841139448,0.2522037572,0.4808974073
0.3796714517,0.9756113098,0.3910788323
0.6823462703,0.2763726915,0.8976455443
0.0594208089,0.1149844711,0.1298514630
0.4215869163,0.2937087781,0.1232524400
0.8725860490,0.8317009056,0.7160485174
0.8148596909,0.3172410763,0.6428248653
0.8775103326,0.1261364377,0.9855541677
0.6713975150,0.4603605207,0.9297642386
0.3996487390,0.6056526037,0.1931459971
0.7280325077,0.0948371040,0.8232206859
0.1533255452,0.0690472702,0.1957307197
0.0240285099,0.6300871387,0.5642662399
0.8521176709,0.9436944327,0.6449419558
0.7152598379,0.9317181311,0.0973312444
0.1064525756,0.3272872173,0.1491699484
0.0268564360,0.2919449309,0.9596926172
0.9056069913,0.3522185959,0.3334505231
0.1473243247,0.8878644131,0.4087158240
0.8814021264,0.1241552609,0.3860773338
0.7072209321,0.9830291005,0.1539264146
0.3882686079,0.2229606926,0.0782016801
0.5706916306,0.1125408176,0.7341587949
0.9522755843,0.3533610212,0.6402438148
0.5620132932,0.8775079801,0.4962849009
0.4777877844,0.3603048165,0.8238298857
0.6069895814,0.4010663957,0.5851331099
0.0598151736,0.9419824226,0.7535314370
0.7479813328,0.7847566649,0.5491532518
0.4451473231,0.6259361031,0.8212762723
0.4355410494,0.1956907228,0.2220713441
0.4156756105,0.1420574416,0.3077668748
0.1332704010,0.6864612526,0.8844966672
0.8608296977,0.4607172131,0.2148510813
0.0627654386,0.1230031099,0.0758978147
0.0516621849,0.0573190539,0.3652466076
0.6976277452,0.9030658004,0.3900968031
0.2041363716,0.7028245207,0.3256791635
0.4836638967,0.5785119619,0.4894886566
0.9289326746,0.5222064546,0.1175112610
0.0426895655,0.0974352841,0.7035743253
0.9761917038,0.0195086414,0.2959724889
0.3604320620,0.0604436783,0.2435279629
0.3417238413,0.3795612589,0.7020561114
0.5976197903,0.9413672770,0.9257901387
0.8201940299,0.6783144593,0.8560043317
0.4984271938,0.2312100690,0.1278763809
0.7701654137,0.8983516361,0.9950349228
0.7790939405,0.3087172102,0.7442033554
0.9534767758,0.7639028310,0.6001166460
0.3537337021,0.8625323481,0.3728797289
0.6369925794,0.7425402011,0.2108875939
0.3428299441,0.5884419477,0.0935412346
0.5906386212,0.3008851041,0.3081198762
0.2005047119,0.5733479427,0.3620452003
0.6548259297,0.1269064751,0.2555048106
0.8576336513,0.1267290030,0.4678411245
0.6657003497,0.4241767541,0.9829531742
0.3520524488,0.8759350357,0.7581674195
0.8947232293,0.6499848399,0.8889453662
0.3229464181,0.5365682689,0.1498723949
0.1331224130,0.8464196406,0.6700911059
0.5427966680,0.1964493975,0.1442142532
0.6521931244,0.8456378152,0.4969872076
0.8740154112,0.1485644286,0.7900667266
0.3775178340,0.8495400563,0.6404876091
0.6237985147,0.6747979614,0.8494148250
0.2208475816,0.0235416484,0.0136091375
0.5498207926,0.5823392554,0.2603828432
0.0605235250,0.3457053116,0.5775888769
0.3886464550,0.2782850113,0.4063963943
0.9944218896,0.6156711961,0.7247987578
0.0963187206,0.5500640965,0.0787517623
0.7096096071,0.4114692379,0.7097719081
0.5391249927,0.0085095959,0.2600797617
0.9913548455,0.8078624065,0.8844511377
0.6888542172,0.9150324262,0.4875099792
0.0949441195,0.1391942536,0.0333250841
0.2549639028,0.1048748018,0.2901974408
0.3872962432,0.7031771520,0.8921264042
0.9389957711,0.7794400949,0.3403724800
0.4894661084,0.1704294031,0.5160542183
0.2405300535,0.5761488982,0.4851344492
0.3863463813,0.0718433522,0.6201346593
0.4675241152,0.4154860989,0.4004799204
0.9950902979,0.8283135719,0.8302746541
0.9662481528,0.2253182772,0.2764586580
0.0299010262,0.8039826230,0.4752222802
0.7524424295,0.2565345505,0.6617764802
0.8918171380,0.5644920814,0.2213801751
0.3368045904,0.8622572682,0.9454669089
0.9148870737,0.5601854910,0.7399888764
0.3510216250,0.8788045221,0.0136338906
0.0668942597,0.1044347782,0.1934752449
0.8424160022,0.8951785100,0.9501941637
0.4508129143,0.1682728559,0.4961320820
0.7588229629,0.8054466090,0.5011383974
0.6366076375,0.2957998230,0.0742051426
0.6489769356,0.6669445687,0.2850950797
0.8356591977,0.9010730255,0.4823224942
0.1938857431,0.3028723731,0.6958603387
0.2548851233,0.5705360150,0.6206863833
0.9745219486,0.5602552631,0.3764281444
0.7608104799,0.7131901856,0.5976585222
0.5489837922,0.4346843204,0.9743167207
0.7880940087,0.5610101543,0.3048644877
0.1265763918,0.3799845493,0.0442466879
0.3942471247,0.1131968340,0.1167287719
0.7374619528,0.8525429884,0.6267190821
0.9390081588,0.8875615925,0.9628823652
0.9617964560,0.8170120723,0.6102910892
0.2651120307,0.2859761938,0.2300401197
0.3413861373,0.0934775059,0.2097940381
0.3161275626,0.0620890290,0.5908397725
0.9664594596,0.8737128363,0.4163433453
0.4916507035,0.7788687761,0.2346234573
0.2229584766,0.2778744341,0.5242774486
0.7582302401,0.1149030961,0.3526712736
0.8663353428,0.7609066702,0.4194807118
0.8403156950,0.7162847977,0.1686341578
0.2446062346,0.7059304129,0.2496319826
0.1496125879,0.0835669936,0.4740370302
0.8070702323,0.6004917913,0.8424675737
0.7118356629,0.3873039394,0.9990726581
0.9724778926,0.9852891922,0.5869141643
0.5412612109,0.2993325229,0.1170043728
0.6198238824,0.6660013282,0.8605205257
0.1899850102,0.6379917401,0.5318342659
0.7127177783,0.8636258908,0.5895736297
0.5878505501,0.9121791466,0.6575958252
0.2215479668,0.2736691434,0.3142932927
0.3361248541,0.5229716555,0.4127984059
0.8650092204,0.8734273345,0.8241563947
0.5570126076,0.5928136477,0.2063013118
0.5415066943,0.4495718050,0.1727424827
0.6539096918,0.9865036609,0.9007767788
0.6961142641,0.1998391623,0.3696425956
0.2780955864,0.3340456453,0.6107100556
0.2297659994,0.5740349917,0.1710930390
0.7093313777,0.7572011167,0.8995419603
0.9268492414,0.8692303189,0.1302295929
0.8219269492,0.2115497889,0.9929053731
0.4007036686,0.5076894580,0.0671271683
0.5134313591,0.6042436000,0.9912351476
0.0653895377,0.0575641662,0.1293141816
0.6270772455,0.8108676219,0.5020839991
0.8117369357,0.7010737357,0.6704351082
0.7259645626,0.5563405689,0.0537389660
0.1320469413,0.6340285655,0.1869948967
0.7520927879,0.4198723683,0.3068101061
0.1647517423,0.2937711993,0.3426384537
0.2590108139,0.1862994136,0.1328293111
0.4857601124,0.5750907829,0.7239882906
0.4201053732,0.1021763940,0.0302043307
0.9245994072,0.1247631108,0.6413407764
0.1070573948,0.1166090355,0.1848220278
0.1025444510,0.9665878659,0.8410353417
0.8369544478,0.0200277496,0.2253126088
0.2908234587,0.1657755381,0.8184484449
0.3751373163,0.6075312853,0.5761620346
0.6373880708,0.4555195591,0.9146748678
0.7504930863,0.6657997023,0.7154649752
0.3972543754,0.7798487209,0.7020046638
0.9073733783,0.9428866713,0.9733565019
0.0047227564,0.0256275158,0.0378641072
0.8043689397,0.9606020952,0.6156688394
0.6151169053,0.7625814224,0.3376309839
0.7024749832,0.9058569700,0.5815928765
0.8476650502,0.6712786430,0.4143630478
0.1045936221,0.5254965636,0.4054273954
0.6861758117,0.1705754315,0.5741318933
0.3584585181,0.1357312122,0.1464547654
0.7775044675,0.3894165117,0.9796868870
0.3121500293,0.8561750443,0.2747052170
0.8732971858,0.5866954935,0.3062376630
0.5327876285,0.5982617330,0.5368126356
0.0527068544,0.5870011316,0.2134675508
0.1532981610,0.6993648387,0.5192496241
0.9514671346,0.3718754616,0.8784611140
0.6167127201,0.5653081281,0.5434919529
0.9015840113,0.8536176704,0.8548160818
0.6760337791,0.1701158105,0.5191499015
0.7136440069,0.7852720992,0.5412285533
0.0770687705,0.2806590330,0.3460279831
0.3176932496,0.4304124986,0.3647477133
0.8841957795,0.7077854704,0.2553657035
0.5063368028,0.3654665456,0.6820292937
0.1036828368,0.0482484969,0.6974765136
0.8842863327,0.5700021517,0.3872432723
0.0697854982,0.1072368781,0.2348854229
0.4416275062,0.2366634513,0.3308188413
0.7295644534,0.3282672610,0.8589665890
0.1786368228,0.5550115059,0.0120038017
0.5459221883,0.6299701183,0.0729731142
0.2891712644,0.4015797997,0.0324701265
0.7384641761,0.8808306798,0.7820583697
0.6042976588,0.9279832242,0.8673411579
0.0383923460,0.0645934688,0.0810563852
0.7126533932,0.9017804569,0.1186419711
0.6670446835,0.7573172217,0.7999261426
0.3791700653,0.2664265273,0.6287338945
0.3344420327,0.8917500528,0.6416337331
0.6874485424,0.2818760999,0.5458206670
0.6160435084,0.8068026735,0.5305008859
0.8797545846,0.2894938787,0.8403992183
0.2462895243,0.5989031626,0.5072229201
0.0969369851,0.1791587948,0.6354219279
0.0921892724,0.7428348200,0.4398341035
0.8108456649,0.0481289841,0.3736362747
0.9767307668,0.6852968992,0.8997627364
0.3592277027,0.1487518780,0.2020545454
0.4378899746,0.7848559985,0.7161139988
0.2140405623,0.0628515181,0.0820802341
0.6025749820,0.0666958792,0.8152698975
0.7749476013,0.1459570002,0.0220249055
0.8671020479,0.8380591483,0.8892469020
0.3832043244,0.7241585375,0.6766879324
0.2351082902,0.0379602676,0.2204719067
0.1834339538,0.4750048097,0.1655099318
0.7613870556,0.1455609736,0.3361100364
0.9781582763,0.9834998796,0.8541953138
0.6396298806,0.3862139145,0.8321401846
0.8338478621,0.9354608789,0.3383269492
0.4778217756,0.9687320181,0.5480490256
0.5745565095,0.7384209608,0.7350652786
0.5058407769,0.1980649693,0.3235962403
0.9150884246,0.9618373803,0.7499306168
0.0648772247,0.1577943135,0.6532721481
0.7349128540,0.2951560924,0.3188846688
0.8941157041,0.9602905072,0.4526394128
0.4706191626,0.3759206550,0.0728715633
0.0861830332,0.0122375231,0.2885129927
0.7325843963,0.8283785698,0.9776710289
0.9652653906,0.9146230832,0.6421591313
0.7250922314,0.2935142326,0.6122745824
0.3591091364,0.4464563149,0.8351127796
0.8690904590,0.0668415323,0.2598320282
0.9831091227,0.3588337231,0.5742083683
0.5803816450,0.3877014695,0.8785801456
0.5649601328,0.5923692070,0.9285791692
0.5337212818,0.1992260202,0.6425578719
0.8317116966,0.7725490494,0.9389052094
0.4762314392,0.4045046248,0.6405471824
0.8480596123,0.8121604791,0.5129195977
0.9739613207,0.9770245490,0.7686310779
0.5523728275,0.4332692448,0.1137414144
0.3746650206,0.9339574924,0.5656268589
0.7335347293,0.8421262933,0.5717665082
0.4800346952,0.2540192855,0.8711862922
0.8697401728,0.3859055959,0.5776288662
0.3772596598,0.2678748553,0.9278445908
0.4786498853,0.0965381728,0.6832766249
0.1665972771,0.2720666142,0.9178911713
0.7917828808,0.1086368490,0.4453423508
0.5213201161,0.8418339502,0.9500915776
0.7125055645,0.0928679379,0.1803845051
0.6376501744,0.7106906972,0.6706555544
0.0946460556,0.7977770393,0.5609311265
0.2842636974,0.0727471415,0.0495801719
0.4791625786,0.0654495117,0.6139210517
0.7783455286,0.5138493993,0.9214738498
0.0936446943,0.1966893025,0.0336418651
0.8193635532,0.0422643524,0.0819445334
0.7406281610,0.5279797626,0.5919097446
0.4996159422,0.1749446634,0.2526672959
0.8235256659,0.2676389543,0.0526856653
0.3009873717,0.5375911371,0.0368662020
0.1500067030,0.0260911088,0.1414188355
0.4649465675,0.9584347159,0.1944752068
0.8116295862,0.9019762569,0.6201220432
0.3042944434,0.6067695136,0.4130097721
0.0008334078,0.0266902021,0.1840065961
0.5983956272,0.2172231228,0.6259676566
0.1911813507,0.1699590101,0.5011031681
0.1128704951,0.4065833690,0.5869706058
0.3542323034,0.0252207889,0.1188610296
0.1196341220,0.3626396655,0.8365476204
0.7279481308,0.3330934770,0.5172417855
0.0447577111,0.9555411123,0.0450444852
0.1644169549,0.1727659681,0.3064329685
0.4694563230,0.4452301935,0.6298440795
0.5510076337,0.2694739561,0.8543573459
0.5182764483,0.7483827420,0.8952237689
0.5178470217,0.5173904071,0.4385157891
0.8238990412,0.8468388602,0.9198147126
0.4590449682,0.2319501400,0.4440762940
0.3222897569,0.6061776234,0.3665091918
0.2883372445,0.0847561538,0.8915965094
0.6572378247,0.6785520607,0.7670709255
0.8989924640,0.9601975880,0.4341801487
0.8265254458,0.2363753785,0.4825935759
0.6758493618,0.5841201104,0.9474784681
0.0964386043,0.5308321450,0.7927008482
0.7916177000,0.5754436498,0.7676844632
0.2414145167,0.7742066955,0.4926861528
0.2679622312,0.5787969826,0.3221884893
0.4483543636,0.2757895372,0.1361968870
0.6536578863,0.2988534403,0.6710209144
0.7784670305,0.8608222872,0.2060627367
0.5148489575,0.2675855726,0.0576299934
0.1353903265,0.1093688850,0.0496898924
0.2523897121,0.0732070065,0.9992560446
0.8138709145,0.3255455387,0.9425450508
0.2707538281,0.6677050356,0.6851114962
0.9316494010,0.8864837329,0.9917685216
0.5446205238,0.4269793570,0.8311250725
0.5563316724,0.6042037347,0.8434248473
0.3876498742,0.1782052967,0.0651231407
0.7391833153,0.4253347902,0.3169387690
0.1193227333,0.2699630777,0.0564494251
0.3941415300,0.7843837694,0.4407911786
0.9809485927,0.2468910524,0.8745220790
0.8353490576,0.4615845261,0.3455005310
0.4833767723,0.9786050709,0.2015033473
0.0402084735,0.3319322578,0.3774713747
0.6768476761,0.7753899247,0.9255591205
0.8033847425,0.7635862943,0.8001508312
0.2174556931,0.4052344041,0.2459158211
0.6068195985,0.6852238374,0.0403986686
0.5534206036,0.8092579825,0.4605865474
0.6297512647,0.7150375816,0.5753329401
0.9547778750,0.6881076062,0.8389239893
0.9747068904,0.5889530881,0.4693361956
0.6988862377,0.7138514244,0.3471257604
0.2692593401,0.7957109243,0.4543497296
0.3895421117,0.9563932605,0.5673076693
0.8572121081,0.7026208380,0.9880029707
0.0623614938,0.1603224066,0.2541448741
0.3586459517,0.2942699084,0.5416511682
0.4437874652,0.8734992752,0.8328776919
0.4957235564,0.2407637418,0.1859461884
0.3967734526,0.6543429378,0.7021861272
0.0073588395,0.0183419938,0.0965990348
0.7289125199,0.1472177153,0.0839919656
0.1939153605,0.1327284747,0.4902529838
0.4335043523,0.8819344525,0.1604405805
0.5720308404,0.6751050301,0.7242730846
0.2400736252,0.6097005642,0.5826230708
0.8559240356,0.9528513033,0.8387930087
0.8611728533,0.9313267452,0.6424044136
0.8845792608,0.5321621631,0.2990583854
0.7975755121,0.6400376819,0.6747855402
0.2284917018,0.1091401744,0.6325148500
0.1514341078,0.6670521813,0.1231669186
0.3445954439,0.2392592738,0.3083709043
0.6717244747,0.9416796689,0.9371596249
0.1418177107,0.8800773359,0.4954830718
0.5461873816,0.7796125700,0.6191737528
0.0599402387,0.1216502311,0.0032279451
0.7223692972,0.5077322356,0.8317996798
0.1391418200,0.4379700941,0.5695644963
0.4284112163,0.8810625636,0.2453370067
0.5447691169,0.2097354567,0.3705422170
0.2206798572,0.2171281341,0.0347548251
0.1521236721,0.1859652460,0.0947174945
0.0930921744,0.2817455206,0.5729580251
0.4298821568,0.5855111353,0.5883850624
0.9019853842,0.5813156651,0.0662797358
0.2809934113,0.8213232301,0.4656904073
0.7082758777,0.3889618848,0.5181110692
0.1902538697,0.9992737290,0.0389345906
0.8136235163,0.0857250853,0.1112856460
0.3063457863,0.3707232504,0.2005501081
0.1585453683,0.7520923739,0.8807479796
0.4159144451,0.3257044813,0.5310580554
0.6904248160,0.7661276523,0.5442980065
0.1617839020,0.3360939643,0.1892619699
0.1521675885,0.1526415981,0.8766478765
0.7940019222,0.6269355111,0.5740518485
0.7230314763,0.5609303583,0.9336822115
0.1549649159,0.5391427453,0.2460596864
0.7726987818,0.7370654645,0.8591874156
0.5071239533,0.0283090097,0.6791118320
0.9162273541,0.9583920246,0.9780203426
0.6167726116,0.4424185155,0.1074853024
0.5953229558,0.0416231611,0.2222688511
0.6455468608,0.9025913669,0.7825215202
0.7129791935,0.1403064223,0.1921945783
0.9591251784,0.3897915815,0.5126080587
0.1380717317,0.8022054291,0.9137881184
0.8901568950,0.8158818737,0.5010587497
0.7216377573,0.3957075381,0.6921136607
0.9129774761,0.9873963183,0.2199294498
0.6544756237,0.5448478915,0.6777666273
0.3259998953,0.9270782842,0.9909916038
0.1738722219,0.5822052712,0.7247978435
0.8804879958,0.5872129969,0.8313458328
0.2161304444,0.2633311903,0.4998990906
0.4878526693,0.2316372181,0.4949952088
0.4943157540,0.9910785313,0.3449430315
0.4396083912,0.9080384092,0.9396753489
0.9010638547,0.4591072057,0.1673361886
0.9275628032,0.3096158542,0.9483554417
0.7177776730,0.9385935349,0.3756188101
0.4960900639,0.8348639746,0.6829353285
0.0860085985,0.7712446019,0.0805047614
0.5896511750,0.9640143350,0.5704523373
0.8635305874,0.4150460313,0.7863792386
0.8063430843,0.2712520845,0.1272219234
0.9952088889,0.6797271422,0.5951651343
0.3303492151,0.9741367795,0.0189974988
0.3785367813,0.4976949695,0.8735577460
0.1131332771,0.2467587710,0.5107048798
0.9370832196,0.7239540715,0.4320868352
0.8949086328,0.7132383954,0.8630324294
0.1815618812,0.0901127521,0.7097991160
0.2468849692,0.4918338672,0.4553083869
0.9791936002,0.5981042312,0.9446551869
0.8768787869,0.8577155896,0.8625222345
0.5693202686,0.9832858404,0.8524004478
0.7522526772,0.5392394337,0.2727381908
0.8367058708,0.5863782587,0.7006299272
0.4369382432,0.8508506913,0.4313019891
0.2947632215,0.6352464286,0.6587254467
0.8733988573,0.9522990921,0.5716566195
0.5127907854,0.5403572862,0.5549792657
0.7821930553,0.9097391830,0.1847267051
0.5511227991,0.2474909553,0.2183654318
0.3778868608,0.1451972771,0.1223874298
0.7938727470,0.4417215787,0.5723358540
0.2635690321,0.1983310761,0.3018380808
0.6680500623,0.7198332216,0.3562378590
0.5916038565,0.6356668973,0.4840453179
0.2126835869,0.2396592809,0.2602144148
0.9094437463,0.7463379062,0.5889569440
0.8837975930,0.9629233464,0.9327094683
0.7072272852,0.2790050780,0.1892916693
0.2892431957,0.9554777746,0.2621138758
0.5215660166,0.0251314161,0.1099381432
0.9141033411,0.6160461524,0.4011744628
0.9795704407,0.8907565127,0.4626581482
0.5584340462,0.7665065407,0.9415788091
0.2887845654,0.4273952849,0.5986014962
0.2018975342,0.1637233953,0.4283596710
0.5023970523,0.5664510498,0.8935279184
0.0265699415,0.3452844181,0.0641832893
0.5648678783,0.9796455144,0.4659349266
0.0347625260,0.5857622147,0.3165959125
0.8907485585,0.5980172395,0.4099256007
0.9705424998,0.6325380284,0.3860427566
0.5141430774,0.4708287323,0.1985707945
0.2983348805,0.6105823832,0.5472725268
0.8520710808,0.2356652868,0.4127159288
0.9693099851,0.5385189833,0.5267835657
0.3821101407,0.6074630927,0.7689757271
0.7969407412,0.5916429932,0.9626756913
0.4974823478,0.4093637044,0.3566542474
0.4618787747,0.0615910046,0.7327332951
0.4860200022,0.0295307078,0.0320079684
0.2702155742,0.3975670371,0.5011997411
0.7659188347,0.8472308183,0.8616552928
0.0186524538,0.2622122475,0.0380119557
0.5276530551,0.4878618414,0.7284786372
0.5305564153,0.9488239246,0.3228085448
0.8537085344,0.8136162574,0.4225582135
0.5552619421,0.4880459012,0.3318643146
0.6292965838,0.2718345908,0.3829196664
0.7222627618,0.9357738406,0.7189319690
0.1305269651,0.7560190909,0.5270276206
0.1592374643,0.3723061841,0.1595680821
0.7158890556,0.0992861403,0.6219468227
0.5297749411,0.5970482200,0.7540161625
0.6207693196,0.7344082886,0.2720657459
0.2471302477,0.5905541997,0.3327034784
0.5584754759,0.6309374783,0.9212237920
0.5311113883,0.6312979474,0.6646809679
0.5457743614,0.7841634034,0.6596288838
0.7870352135,0.2819850643,0.0594713843
0.2335407015,0.0427352131,0.0109209765
0.2802494387,0.9374375884,0.1127494296
0.5738584405,0.3521824445,0.2047723097
0.0808159411,0.4778937921,0.9106863817
0.8064586353,0.3225313459,0.5825097275
0.5945778467,0.7981279179,0.3167674484
0.7374975481,0.9051842457,0.6603229699
0.9248386870,0.6956745636,0.4172842162
0.6780794432,0.9049016466,0.4908992262
0.7321648802,0.6241306370,0.3603104763
0.3835384107,0.8038966624,0.8327272321
0.5757208859,0.7803322787,0.5874860352
0.7139927799,0.9876965175,0.5184820555
0.5675908294,0.8844950299,0.2958963304
0.4384357316,0.7528298090,0.5129930822
0.9370916168,0.8182795984,0.8804964643
0.2201105667,0.4716605829,0.4865396667
0.5572984344,0.7443301498,0.6453024638
0.8166556234,0.4852723757,0.2620014514
0.1494525944,0.4801694587,0.6427108822
0.9534109999,0.8763625040,0.3525091830
0.4702566969,0.4091703831,0.9955418247
0.5061204155,0.1998851663,0.2651119378
0.4925882988,0.6557486424,0.2599008097
0.4712670413,0.1295800648,0.0595332128
0.4237931921,0.7655966047,0.9360593311
0.0362681066,0.5423294743,0.3779140978
0.8649862227,0.0230639073,0.0588729807
0.1655116415,0.3722473059,0.3693116499
0.7966868552,0.8259279648,0.8240797881
0.4271314861,0.7319077291,0.6368024451
0.6971440561,0.8577160972,0.6779322241
0.8550023894,0.9696618164,0.1697828974
0.5765761916,0.7494684561,0.9553485539
0.0292601260,0.1099858281,0.5459438412
0.5028159212,0.5423723491,0.6774776883
0.8682058917,0.6773178577,0.2826742353
0.0840522400,0.1663177474,0.4750266130
0.6485264901,0.2159381831,0.5082374398
0.6453413793,0.5798198250,0.5593782086
0.1081572903,0.3314612033,0.3496763316
0.7219916403,0.3438574529,0.2519084946
0.9111761434,0.9211191734,0.8881857207
0.7430090504,0.3472247916,0.0854517617
0.0002563473,0.5741425865,0.1863202333
0.5734107840,0.5816315017,0.5831713040
0.1599771565,0.2901026474,0.0161390730
0.4769859662,0.4756070803,0.5848676008
0.8030659641,0.1748362807,0.4925555979
0.5090786383,0.7610615054,0.1405447054
0.9382776450,0.9325695109,0.8826854865
0.0636737664,0.0689535846,0.1747831638
0.2706113557,0.9054624214,0.8912968553
0.9440897000,0.8047172908,0.3958982673
0.7303664497,0.2432615090,0.0718994522
0.4192003211,0.7111351648,0.7542205712
0.1324931850,0.8163494861,0.3501008327
0.8759224373,0.5301438751,0.5690135918
0.8436722290,0.9285570072,0.7672746904
0.3648259324,0.3073771465,0.4576388957
0.8687561691,0.5102854855,0.5553262196
0.4527351448,0.8418269525,0.3493692834
0.8822352517,0.3744275059,0.2092070553
0.7953823271,0.5825894259,0.3297746856
0.4257302186,0.1481681522,0.2667014269
0.0688595375,0.1988273748,0.1742207885
0.9585574704,0.4864346067,0.7143264954
0.2961991024,0.2249023272,0.2613609443
0.7698695497,0.7264620593,0.9319348011
0.6016352643,0.6227290494,0.5699241385
0.2469672713,0.0805878255,0.1491786433
0.0777180654,0.1099572783,0.0838052513
0.9104951882,0.4183546693,0.4302701197
0.3620842978,0.0721689928,0.2859965430
0.6647252780,0.6050183569,0.3373866121
0.8187348062,0.7443470135,0.1700302556
0.6038263085,0.8855761032,0.4424662579
0.3085713054,0.8831805141,0.5296813380
0.8002558997,0.8758966804,0.4193897439
0.3464689028,0.2662027050,0.2456442900
0.9799586433,0.5906695006,0.0724456847
0.2570391339,0.5999753802,0.7082139277
0.4000476187,0.5529530434,0.3210769478
0.8156979797,0.5120618155,0.6742220725
0.5430375599,0.3604425807,0.4927855804
0.9269529404,0.9165067740,0.8777413327
0.4331937817,0.8266934913,0.1935808363
0.4364571550,0.7542251447,0.8147329551
0.1465766939,0.5326802610,0.2804469193
0.1925653326,0.4545482683,0.2872175168
0.1584144798,0.2942936754,0.1423049468
0.9596451137,0.9938335258,0.5755411212
0.7802542554,0.6623505245,0.3530762180
0.4309668256,0.0557551834,0.2870115440
0.1538317848,0.8566880524,0.9978395571
0.2561869671,0.5334081394,0.1184705828
0.8799766615,0.3171923814,0.0884283939
0.5901534912,0.3584184792,0.9123710748
0.9247697618,0.6445726416,0.4999962905
0.1360797878,0.0959645814,0.0453618520
0.7245158526,0.9474725794,0.6861884675
0.0914124381,0.0117749932,0.1450231728
0.6721765297,0.2338196452,0.7619699992
0.0786001548,0.0783421706,0.0327906231
0.9647770731,0.9457003930,0.6558675688
0.5985786640,0.0128861906,0.6734731068
0.3538422462,0.2049979979,0.9616654775
0.5452136786,0.6575276980,0.2385462858
0.5084567720,0.9282651396,0.0494027994
0.5135755730,0.5151003672,0.5242189713
0.0212906409,0.5360451859,0.1846646808
0.9130913691,0.8254169606,0.1761170550
0.9107007277,0.1994563997,0.6101649990
0.5176124571,0.3378256091,0.7656963544
0.1933914849,0.1002309637,0.2830311348
0.2196379742,0.0271440368,0.1727988884
0.9137103675,0.9501272207,0.3729931009
0.7420021838,0.4085683412,0.8098950628
0.1409292691,0.0796767688,0.5991611146
0.7159777136,0.8759286711,0.8620969247
0.8138237071,0.6297891855,0.2015663607
0.3199902521,0.1550386522,0.1742312429
0.0934391180,0.2210841359,0.4712627398
0.4759154998,0.6462440958,0.5847920475
0.7733791049,0.6908080760,0.7967219549
0.3376908891,0.4253620002,0.2340816719
0.1319114070,0.1956724912,0.2300371006
0.3086329408,0.1265402261,0.7565454620
0.3694008510,0.5617088032,0.8999301728
0.3421214301,0.5522896609,0.1528965780
0.2175765274,0.5757922933,0.2315856857
0.0390574435,0.4298747279,0.0141777649
0.2930098257,0.4894865968,0.1149381016
0.2565236711,0.8428846546,0.9850701794
0.8394519288,0.5136021330,0.7179027852
0.2132619645,0.3662497395,0.2987538767
0.9661578872,0.4994122519,0.2762714086
0.9825217774,0.8280777664,0.7910329341
0.0699585160,0.3282114513,0.6347697406
0.8005309583,0.7452195393,0.6311204708
0.1606665590,0.7897534061,0.1000288132
0.9417310265,0.8773504344,0.4761143478
0.3955118694,0.3695000900,0.4298179897
0.8396589730,0.8308730729,0.9972664842
0.7060837874,0.3365019800,0.3160069579
0.5126613360,0.2047093845,0.5314594538
0.4702561072,0.5442426342,0.9532141229
0.6954474116,0.9434725086,0.8822848918
0.0114979248,0.0000970366,0.4268971253
0.7206761306,0.0470198165,0.5721358518
0.7518608659,0.7621124059,0.0390787791
0.2753845140,0.4978309632,0.8875280963
0.6044371306,0.5786282085,0.4289510995
0.7344006341,0.8204596898,0.9476960309
0.2008881677,0.7741027558,0.0663132506
0.1497488353,0.5789667450,0.3440837620
0.4911160836,0.3918799311,0.2542467433
0.4528722651,0.9634516447,0.6033817521
0.3225537286,0.3327732632,0.7097266197
0.8990544482,0.9905133046,0.7085232007
0.8186549453,0.2939020045,0.9691619978
0.5129568201,0.5717195119,0.9057302606
0.7436430322,0.2765685787,0.6692013686
0.5612052715,0.5062212684,0.5201090016
0.5391345338,0.8014084881,0.7296768380
0.4569974993,0.1403495119,0.2853017521
0.9409220576,0.6896909783,0.8347889157
0.8334276759,0.5641002843,0.8268984466
0.8094810374,0.3550247351,0.4107809246
0.7582361634,0.1658968308,0.9543947070
0.0633931333,0.8276669231,0.3487711441
0.6201668374,0.5900729071,0.6895472107
0.5294794559,0.2357705504,0.2860349198
0.7254502094,0.8201829294,0.7823035235
0.8003269646,0.4336022589,0.8680519860
0.3263136317,0.0031704260,0.1607729752
0.1139114828,0.4081531273,0.0082326030
0.7414976720,0.5503599519,0.1360701331
0.7151765887,0.6392589356,0.9221289420
0.0423531492,0.1251820721,0.0212577188
0.7211738909,0.5578217418,0.2846062598
0.1011830281,0.4498631594,0.0332097894
0.3398934349,0.5924375010,0.8635955357
0.6285742733,0.5987818379,0.1073881151
0.8407016076,0.7884743652,0.2559953891
0.9960666144,0.0499561379,0.1671441273
0.7597586019,0.4165516701,0.6774611088
0.8124887248,0.6674515412,0.7531299546
0.6396563664,0.5351363226,0.9872471691
0.0537349523,0.6742508049,0.3663239812
0.0920077316,0.5262996830,0.5663162665
0.6395272299,0.4626659188,0.9693446976
0.2242256521,0.7636837934,0.7822688054
0.7142740364,0.8605610098,0.7469598068
0.2517721196,0.1824054813,0.2263581585
0.9492257745,0.2021927073,0.4484584536
0.0834014820,0.4532555914,0.9284255900
0.7107352491,0.2022033623,0.5442817118
0.2714203907,0.3008800420,0.9707936289
0.7874911346,0.1059309389,0.3437214089
0.1297347566,0.2266814122,0.0570130588
0.5600773133,0.9206739104,0.2638699084
0.7343025582,0.4771661369,0.9224098832
0.9436387572,0.9624965002,0.8015759241
0.4206104382,0.7506975526,0.3900011784
0.1154102904,0.9731156487,0.1279676317
0.7913280624,0.5651272652,0.2934359062
0.0929013724,0.0443786690,0.0238279386
0.7129960446,0.7331810608,0.5624182793
0.4965318277,0.7029741670,0.2790681075
0.1710966329,0.2849557191,0.1274789275
0.0648963196,0.2709111580,0.6272172573
0.2432626646,0.0171431849,0.6338528337
0.1783135562,0.6248504091,0.7927585797
0.8120765517,0.7867642489,0.8449133162
0.5012942702,0.3438096871,0.8391072264
0.9643944144,0.4361916343,0.3572005518
0.5948928733,0.4956008401,0.7091731459
0.8775972794,0.3175871817,0.4014519076
0.1646588712,0.3260838666,0.2398844273
0.8693439531,0.2122941079,0.8951569789
0.9419225893,0.3096878083,0.2173103905
0.2588086139,0.2484353156,0.1020000400
0.9056423490,0.9629851522,0.9599174683
0.0388278838,0.1069847334,0.2202977297
0.7053613450,0.7193044882,0.7760279173
0.5990931636,0.6905609502,0.5997821048
0.9846460603,0.6786459787,0.5077692942
0.2114658014,0.2019321137,0.7811220852
0.2471754435,0.2241805758,0.3212799937
0.3018161524,0.9501922239,0.2754189915
0.9328817666,0.4538562785,0.5500667695
0.9143469658,0.9564479852,0.7612618617
0.9530321695,0.8700388034,0.5500808475
0.5245610594,0.2578499892,0.1582851752
0.6038924292,0.2877778781,0.2914298702
0.2420657478,0.5849120519,0.8995291401
0.6780387865,0.1481405099,0.4110734383
0.0183597145,0.7940498380,0.6137190080
0.3704020368,0.5966844317,0.9078178227
0.6072933087,0.1936849116,0.5685211029
0.0215652680,0.0193883118,0.4756406790
0.9387419140,0.3367770069,0.5928755012
0.8330257637,0.0986025215,0.5088445974
0.9293842421,0.7817933296,0.7584453682
0.0167864968,0.8917405731,0.0141873233
0.2831550298,0.3363864334,0.3141389747
0.6421478174,0.6483143976,0.2753286702
0.1722426064,0.1124342364,0.3810306537
0.9779298671,0.5974801936,0.7133633487
0.5979868278,0.8402743036,0.5683045875
0.5387113020,0.4920058298,0.4994902040
0.8860346591,0.3392281527,0.3042628849
0.9790771078,0.2831028513,0.5387818264
0.9142895359,0.8954114312,0.9594123902
0.5654243649,0.9337576171,0.7083200007
0.9998254141,0.5227246903,0.8088349494
0.3364008580,0.4803670500,0.8679847053
0.8987954496,0.3898689697,0.6760610644
0.6910168165,0.5601512949,0.6244350241
0.7089870066,0.0666795269,0.1923061087
0.8826752775,0.6319390794,0.8697142157
0.4011470952,0.7111239840,0.3856861428
0.9993706854,0.6929955920,0.7665902057
0.9159603440,0.6036801477,0.7042671036
0.9255789751,0.4789630143,0.7362180742
0.6106570783,0.8599204059,0.7456727494
0.9480770152,0.4609348996,0.5154595183
0.0659478498,0.1070328097,0.0353882002
0.0363271046,0.6435909138,0.7371408038
0.7342180403,0.9507467468,0.8250739650
0.9461492353,0.9843312004,0.9311209765
0.0874273480,0.5675110506,0.6105441357
0.7666273229,0.3533066377,0.5332199680
0.3540132073,0.9240623032,0.5201435710
0.3087760586,0.0100768354,0.3018148846
0.6245167505,0.8324253899,0.5818726681
0.4619520234,0.2312375422,0.8118108886
0.6227339244,0.3953803248,0.4563643003
0.9333935997,0.9959232153,0.4365064724
0.9168116865,0.6555064201,0.9117052048
0.3956293165,0.0022412508,0.8096509176
0.9316077129,0.3609246035,0.2365179532
0.4680214044,0.4799140421,0.5823960283
0.8732212411,0.6798346692,0.4333642159
0.4400370634,0.4675719862,0.1323009545
0.6724305122,0.6931826711,0.7223382314
0.6881858188,0.9825931284,0.3176125405
0.4493200744,0.3452584644,0.5737152254
0.2359916242,0.1334827992,0.1633304244
0.0773987588,0.1914351726,0.4705007804
0.3739089871,0.1329897188,0.8800989447
0.5990959119,0.6556171497,0.8703524117
0.0131656321,0.5937671063,0.2809277866
0.8835303815,0.8432903498,0.8042541364
0.7027055937,0.2343753805,0.4059570618
0.4390314863,0.7697367669,0.1386874156
0.3742120356,0.3875933024,0.6673967621
0.6592038688,0.0873943285,0.7132367183
0.7123766874,0.5853907872,0.7473914550
0.1366201694,0.8930411908,0.1837968967
0.4611205125,0.3746339456,0.9337762454
0.1190450632,0.0509865041,0.0209566113
0.8372600680,0.7253563528,0.5370428297
0.3663560318,0.2704320122,0.5442194709
0.9926724827,0.5007213828,0.8479841490
0.1929758703,0.8681051135,0.3312694436
0.8727032956,0.6023376406,0.2962961205
0.0168643797,0.3735254585,0.0180954988
0.9111959675,0.9008877459,0.9748406284
0.8689395531,0.5456314395,0.4720369203
0.4395848820,0.3040341960,0.6487261736
0.9691836006,0.4989301420,0.4218939774
0.0190651533,0.4856114472,0.4914375669
0.0811515353,0.0407206671,0.8711622373
0.7945647779,0.3010172294,0.1511359696
0.2289693881,0.1372573420,0.7134840825
0.1086145670,0.5212493801,0.4912608643
0.2390463109,0.7679555476,0.1466773552
0.2035324203,0.4797265772,0.5161223568
0.5033069353,0.6114602256,0.5201967713
0.3446810771,0.6905880446,0.8580931920
0.8997245426,0.9498283080,0.4594225544
0.4694286488,0.6251024136,0.4368438666
0.3889561700,0.5927126601,0.2518614207
0.5530704653,0.1799524042,0.0343535707
0.7524639703,0.3180864286,0.6505401737
0.9330559762,0.2382074529,0.2575746705
0.3031014642,0.0421390567,0.6458486226
0.7413377814,0.9319929828,0.9121231091
0.7879205101,0.9897760720,0.5997703691
0.5274748988,0.1801828276,0.0144532928
0.1353946174,0.4850093325,0.0020715729
0.4401447959,0.3637662703,0.7520276389
0.1034078553,0.0161123980,0.0119995428
0.1254154271,0.3097583959,0.1976579861
0.9167315813,0.4207511279,0.3774382140
0.8317301049,0.6459929467,0.6307835149
0.9211980662,0.9591827834,0.6735243784
0.7793348886,0.2058044635,0.9342766056
0.4216563425,0.9410570735,0.7178482753
0.8259284032,0.8375770353,0.9559985875
0.9668731057,0.1113056665,0.3083335807
0.7051503132,0.2780900164,0.5787360214
0.2808294008,0.1998239026,0.7142715167
0.9952504709,0.2142354235,0.4791233566
0.7307890229,0.5431781539,0.7685847841
0.1636619095,0.2702678042,0.1141129217
0.5614183108,0.6240604057,0.9298082470
0.1007873210,0.2094293177,0.4117802926
0.4353047497,0.5657309230,0.8451507209
0.9039924758,0.5817121202,0.8568995767
0.2811457888,0.5226977740,0.7828198252
0.9659732169,0.7386019518,0.7749340116
0.6140249735,0.3587142429,0.6054619231
0.1680430733,0.4548087376,0.0384726214
0.6763311190,0.4270842552,0.4055737900
0.0625433961,0.0805726654,0.1809823783
0.1530483657,0.5144165892,0.6911981193
0.0582859443,0.0430282335,0.0437142393
0.4133771624,0.0996218745,0.0942553040
0.6200421953,0.6629986981,0.2600156467
0.9283452046,0.6894680194,0.7969901479
0.1374008184,0.0300509199,0.8597833026
0.3061786765,0.5595276427,0.7391830613
0.3435430451,0.9584223483,0.4155584557
0.8402925399,0.4478114899,0.6309621504
0.9705627510,0.5839917510,0.9672866011
0.1220462790,0.7509632895,0.1685222928
0.7981339150,0.6719204028,0.3704173659
0.1379702293,0.1854117974,0.8281613808
0.9278100202,0.7081491629,0.9171076768
0.7347546194,0.7502420944,0.6816100839
0.2306159376,0.3108191453,0.0812522889
0.1249945454,0.7724904851,0.5271946953
0.9067591041,0.6837130601,0.2855298264
0.2253484719,0.4434463675,0.5366722338
0.3441890982,0.2452899640,0.5713690764
0.4920793869,0.1151875057,0.2964247826
0.8797737573,0.8045483893,0.7977978807
0.3997915481,0.0174060740,0.7474060946
0.8576856667,0.9239953878,0.9621152717
0.8485272375,0.4706793425,0.8958152188
0.7666164723,0.2776894481,0.8789600885
0.3450623972,0.7098994114,0.2849728097
0.2644884060,0.7563705014,0.6328217350
0.3382452243,0.1249452258,0.2797287447
0.3364247162,0.6610474736,0.2212306003
0.3063404066,0.9912102723,0.5560213414
0.3060191380,0.3293502121,0.1433267647
0.0839480346,0.3243024227,0.1796074447
0.5968872701,0.0864010713,0.4052000674
0.3029721559,0.7498144276,0.9565777803
0.4483882927,0.3765111412,0.3506240329
0.5860887070,0.7840059190,0.9212385934
0.6126534433,0.7347782024,0.7863644375
0.0112099725,0.1736167847,0.1675779024
0.4305816551,0.1578984963,0.4804708451
0.7783520315,0.9255755610,0.9323956903
0.2473875925,0.3652666135,0.0607868541
0.1149862876,0.0875376959,0.9901926388
0.5020566067,0.6275162071,0.8503178035
0.5075438107,0.3915648947,0.3957654636
0.3861292749,0.3120740687,0.0783039947
0.6156007757,0.8783831849,0.3685697904
0.3461912064,0.4424283882,0.6050881238
0.2362662341,0.9448712212,0.8261310069
0.1310515712,0.3543748269,0.5565891687
0.1461235548,0.0654025798,0.0531258789
0.1219794305,0.6299554556,0.2729933066
0.2938128662,0.2614304933,0.3469011500
0.8217435971,0.9398530006,0.6061289306
0.3716300255,0.4625244589,0.5542273050
0.6113275859,0.5360815045,0.4513961869
0.4665606784,0.7380198827,0.3741158363
0.3176647213,0.4862767636,0.6556007628
0.2542577741,0.3494299312,0.3095949871
0.6131760131,0.9711500420,0.7882983055
0.2214373997,0.4250019507,0.3655996993
0.6725402970,0.3653737098,0.6692973406
0.9160448712,0.4113190976,0.4124154286
0.6637102777,0.3914193148,0.4698571767
0.6846644321,0.2541240500,0.2339534328
0.9745752298,0.2599545547,0.7891435573
0.9690061047,0.5130688197,0.7402822561
0.9126656737,0.8365211036,0.5939388793
0.7566572857,0.4652044894,0.7068685355
0.5658721004,0.2088233961,0.5189551584
0.7354239977,0.8478482478,0.9971089793
0.9548851272,0.5990382360,0.6455737854
0.6801052247,0.0486225389,0.0330668927
0.9985925941,0.9360429972,0.7902003929
0.0107132300,0.1589660619,0.7570841824
0.8830940901,0.3565409348,0.5631187582
0.4285181573,0.2793894960,0.3158878513
0.1062443509,0.1758769854,0.7469301989
0.9797393240,0.1838929118,0.6714855414
0.2743967118,0.0076315098,0.4531757873
0.8755320129,0.7006129720,0.2617897429
0.3894201763,0.1353214863,0.3649515566
0.9922654353,0.1530925278,0.3195576047
0.7420219375,0.6601866843,0.8429643792
0.3534879264,0.7913565360,0.3552129147
0.5309089379,0.4796046403,0.5984025390
0.3357250707,0.1694419510,0.2296530844
0.4348083974,0.0706726690,0.1699918866
0.8163882453,0.4044154112,0.6723704388
0.4481970710,0.6677367091,0.4271671989
0.4847066991,0.6286282552,0.2401345335
0.1687468264,0.4820972052,0.3863390140
0.8423554188,0.4408821831,0.4642525551
0.2356472784,0.2282193993,0.1241427581
0.1331946526,0.4622793337,0.6177625316
0.1065655290,0.5939679196,0.0180063557
0.3693849280,0.2215167693,0.8679748922
0.3023822045,0.5561640416,0.9116507114
0.5880312294,0.7946093944,0.7763385800
0.4204645714,0.3954605464,0.2222657778
0.3296571363,0.5574220850,0.0430398857
0.1977446961,0.7684038664,0.4876541740
0.2206851919,0.0272587259,0.2662222556
0.9766866332,0.9735411288,0.8200710920
0.0128056992,0.0221437016,0.4717951795
0.1136834653,0.0096478654,0.4592712406
0.9713583161,0.3850906191,0.2220952914
0.8791351010,0.1557119379,0.2006083849
0.6861266089,0.9976200963,0.2581527320
0.6887538089,0.4902780339,0.4314502069
0.9893318026,0.2863785402,0.8076872341
0.2785429218,0.6930473731,0.8908839328
0.3581855549,0.0158380251,0.3829268542
0.7698284694,0.2129501806,0.6803337877
0.5482946938,0.1001245810,0.1047162234
0.3289448193,0.1753344433,0.1289702927
0.1024247339,0.0601523208,0.4316871590
0.9338795222,0.8894863930,0.1362577728
0.8672884500,0.8626717060,0.6542166973
0.7489788060,0.3631049324,0.9017524856
0.7664995711,0.1870579978,0.9942329959
0.1137311294,0.2737891918,0.1969573776
0.5044788759,0.1671881160,0.6752108685
0.0518481164,0.0240808673,0.7032392743
0.6302254135,0.1273343748,0.0952171390
0.7705549254,0.2196757974,0.7221285691
0.1992578779,0.8007307868,0.9170683563
0.1913558590,0.0003351658,0.2832324564
0.7898428354,0.7398219536,0.9663825938
0.3929132010,0.4509892006,0.8039762846
0.5824302180,0.6897378137,0.4989403458
0.4228580813,0.8255680135,0.8821399912
0.9912556892,0.2608839857,0.0368624933
0.4472300870,0.2875029009,0.5575803809
0.2684642287,0.0521435150,0.6048635125
0.6807951571,0.6582290641,0.8670503298
0.6980718155,0.7905566316,0.8379367226
0.3647926893,0.6257349176,0.3398933495
0.9083209851,0.3549288822,0.0249591133
0.8635195879,0.2435572970,0.5976585037
0.1631282286,0.2670199686,0.8857513873
0.1992644658,0.0371654572,0.0348671180
0.0782356757,0.2425551865,0.2116898651
0.0161771145,0.2762728118,0.6141901607
0.7461168409,0.9688090268,0.5091315401
0.6290111344,0.4100521606,0.9484412006
0.6909781790,0.9820616696,0.2764101732
0.3670247515,0.3721534791,0.0409709541
0.3636660505,0.8023068136,0.3073249758
0.0615040874,0.5125333892,0.2981161843
0.2451128300,0.6627643693,0.0107260349
0.7166484767,0.8347496615,0.6154802495
0.7893348516,0.6142264862,0.0937415760
0.1734074749,0.0513022604,0.4662852240
0.3913656341,0.3035793475,0.8813982933
0.8191725818,0.7877315182,0.9454010781
0.1261600675,0.3943363858,0.4890733065
0.0588938537,0.3081782591,0.0250675285
0.9679677488,0.9575177142,0.2565918218
0.6934904608,0.3468804485,0.1835165799
0.8192126831,0.8754841214,0.9514301384
0.2481884085,0.0011677653,0.0948271704
0.9074950384,0.8648274580,0.4348942476
0.1412139355,0.0248955994,0.3013319038
0.5707517702,0.1712721319,0.1935306924
0.1250352454,0.7168911026,0.0977398426
0.9833609563,0.5545505457,0.1808013196
0.8910850748,0.8501973138,0.7253764508
0.2868731001,0.4003799879,0.6727887066
0.3120815046,0.6673079714,0.6550433858
0.8069532638,0.8919144054,0.7221783072
0.6097178077,0.2246135783,0.6350692277
0.6295599841,0.3042155478,0.6473804041
0.5844821733,0.6985701643,0.8887430989
0.9218398892,0.0114620178,0.2268320702
0.9906686980,0.0695824557,0.0259075134
0.3404584125,0.3389939960,0.7917064566
0.9772539376,0.6095831766,0.4010745124
0.4588310071,0.8083522992,0.9114603860
0.1048201552,0.1270009755,0.1186359223
0.2318403265,0.5799594233,0.3039815124
0.9186387998,0.6011788953,0.3468558980
0.8252856549,0.9062383368,0.8611514832
0.4936454486,0.5416024592,0.7303112929
0.3084363903,0.5741456575,0.8980284747
0.0992891181,0.7173735405,0.9961704218
0.3846718540,0.4467816769,0.5953083742
0.0292631056,0.0906000680,0.4902520330
0.1894280304,0.2582223875,0.9671659610
0.5520005486,0.1611519723,0.5637127869
0.7226241778,0.5594784388,0.4945445576
0.8787071955,0.1345154102,0.5588146447
0.1652732472,0.6651780252,0.4026523321
0.7155909370,0.2387238203,0.3896397232
0.9421555278,0.6828546044,0.4100193622
0.8536961229,0.3872943236,0.5305445973
0.3711285500,0.2812023740,0.5936938325
0.2589561597,0.1388268740,0.1392808864
0.5822137092,0.4156741099,0.7284004769
0.5379884655,0.2395697653,0.5538797985
0.3928612539,0.8869692902,0.9241073760
0.2839371530,0.9419986146,0.2911982300
0.3848245793,0.0764424581,0.4870850625
0.5550673514,0.8113864285,0.3878122894
0.4216466179,0.3705840754,0.7085429422
0.7051901397,0.3629040096,0.8312226318
0.2902953773,0.0659779372,0.0778297404
0.5486289760,0.1887269749,0.6155518015
0.8981457984,0.1632452281,0.4945270061
0.1599213271,0.1046299363,0.9706669642
0.4001628514,0.5406591943,0.3919072493
0.2318512797,0.7336086186,0.3424907921
0.9797540652,0.6013306834,0.2359429298
0.3503011059,0.6540477365,0.1235693380
0.7940894283,0.5618951381,0.2038696482
0.1701554559,0.6494182470,0.2225120656
0.7662195744,0.1954287470,0.0343934192
0.3801988520,0.7373442129,0.5989717064
0.8908802232,0.8771366747,0.6167474975
0.7481235488,0.4503786765,0.8494410659
0.6330462750,0.5084786522,0.2250992786
0.8057517272,0.9647349553,0.6944730327
0.8621433966,0.7857877963,0.5985857585
0.7723801569,0.9533748182,0.8539294638
0.6122116724,0.8898018949,0.6536170416
0.3294494328,0.9612722628,0.1849462684
0.6614818506,0.8130114552,0.5434740322
0.8991989813,0.2576462580,0.0583920602
0.3970165751,0.1072064488,0.1057224535
0.8565802536,0.9673619161,0.4425525437
0.9765694998,0.7052087933,0.6325800933
0.5652919149,0.8535818151,0.8989748091
0.5966779471,0.4899693450,0.3936727144
0.9043121362,0.4982768968,0.9197073891
0.5659409507,0.1577756438,0.5239279756
0.6388775155,0.5757979651,0.2808029811
0.8717815204,0.5040830261,0.4874238817
0.1035789546,0.1708003951,0.2499850826
0.5760980085,0.0860277860,0.1414231202
0.4648552922,0.7801850504,0.8161407155
0.2457945008,0.7196645662,0.8738866085
0.2828640955,0.9881671647,0.4765547356
0.0410582987,0.0643537091,0.1100882319
0.6793960910,0.6960374020,0.6513263735
0.3899657296,0.2115647270,0.6039146967
0.2347233365,0.1253801334,0.2199388124
0.4097182440,0.2006312922,0.0010383219
0.7427587317,0.2597621366,0.9124486836
0.4939559924,0.0817954625,0.1618507163
0.4212847510,0.4803968755,0.7139087805
0.3135722972,0.2323138815,0.2776228438
0.8339362123,0.9720840793,0.9033479201
0.0710498434,0.3773078941,0.0533139459
0.0589167679,0.4767397262,0.6128145501
0.1269203360,0.9935470177,0.3609108127
0.7500382919,0.3475496100,0.9440346542
0.6869694448,0.4767933739,0.3391377337
0.6623290730,0.8517665462,0.8745178659
0.8724215867,0.4537822054,0.2431876275
0.6208884092,0.7951631237,0.8394878320
0.0064833782,0.5027390907,0.0077655059
0.5836376729,0.8052698422,0.2310813823
0.2858088582,0.3355086928,0.7544238027
0.7855435945,0.2394489475,0.3210231922
0.5090726184,0.5736575859,0.9488626090
0.7399022846,0.3838754299,0.2677312380
0.0844994565,0.0282125394,0.1220293256
0.7436210827,0.6311365881,0.1678681376
0.4409268857,0.4382822006,0.3340441585
0.1988787499,0.0166629562,0.2708400550
0.7124838198,0.5841227849,0.3043727158
0.7767194838,0.1528798898,0.0591276638
0.6031646305,0.6282440472,0.8474999019
0.5221969781,0.2511031841,0.6993214583
0.4986342340,0.0207053400,0.1708793096
0.8791963373,0.9013259924,0.2498663343
0.1827948582,0.0638863584,0.7452589107
0.6234361876,0.7023179229,0.9010830897
0.4631414683,0.5722359526,0.0915359331
0.2579896367,0.1240617055,0.3244955030
0.7780039434,0.8397381037,0.4451434365
0.0545864097,0.0602549322,0.2260504188
0.6351673089,0.5624733163,0.0558948353
0.6390298278,0.7535980204,0.0006665596
0.9110853918,0.7469800312,0.5110728631
0.0637942250,0.1335463899,0.0957011427
0.0310910881,0.1509835318,0.4393191266
0.8920228908,0.4873501198,0.7418842192
0.6601018212,0.9180575390,0.6989028555
0.7525703887,0.7663170427,0.0411212918
0.5446312155,0.0498815289,0.6263820053
0.5739280345,0.1004553283,0.7857971367
0.0351031032,0.2643209298,0.5044103408
0.1363751336,0.0798985467,0.0259523562
0.2370553152,0.5852339691,0.0747336641
0.2415061398,0.3113669840,0.6069087509
0.2071748773,0.9800596032,0.1190200879
0.4938659956,0.1899895815,0.6694911018
0.8061262232,0.4773400965,0.3850167002
0.3867064626,0.4901482032,0.0543468824
0.4501575307,0.8532872756,0.6551318130
0.3117563823,0.3991292893,0.1219260755
0.7869293922,0.8550835035,0.8798738518
0.5670797896,0.1367695257,0.5463455096
0.1153539228,0.1751678139,0.5720666632
0.9629580430,0.9926907981,0.8737962570
0.7646558061,0.6281166268,0.9640589374
0.5890465337,0.8738545169,0.8697372127
0.7108352282,0.8601513779,0.4749740703
0.6973839181,0.4475661025,0.6450369740
0.1689219785,0.6948286072,0.6624792380
0.8293904226,0.5368284308,0.7756715772
0.2207585837,0.4312448831,0.3199400440
0.6971410971,0.7643959750,0.6071786120
0.1242441304,0.2062390256,0.6683606747
0.9593629388,0.9309055069,0.1691033569
0.2191953125,0.9670682302,0.3250043805
0.5567367254,0.8729103007,0.6643597929
0.7497506235,0.9485423748,0.7325135068
0.1198062221,0.3226097007,0.7486046579
0.6948021919,0.7122791173,0.4795144574
0.6644198561,0.4072179709,0.6034677492
0.7608442336,0.1529522433,0.4589518636
0.5231029473,0.7262081690,0.4871298303
0.2730215254,0.1427816014,0.2569859809
0.3013693494,0.5197121725,0.2970058179
0.1433822843,0.3918200566,0.6614972129
0.4637059478,0.6314773442,0.1457181567
0.6898523745,0.6596856705,0.6084939956
0.2275445631,0.0001571308,0.0242321497
0.8851120048,0.5797892175,0.6730136813
0.5905007246,0.3573978345,0.3045916096
0.6158254864,0.2194369691,0.3044899685
0.9946091002,0.2847626628,0.5438424954
0.0347544075,0.0167991049,0.2574679699
0.2360054706,0.9082242837,0.8712822053
0.5647448080,0.8627372177,0.2705094986
0.0959851477,0.5441306362,0.6255472986
0.5677458292,0.5307898108,0.6322097057
0.5841770053,0.5978124910,0.1702232407
0.8909528308,0.9157570322,0.7141068527
0.6506161639,0.6342653780,0.9657946877
0.4431895722,0.9609419926,0.8793830327
0.7623404653,0.7319871619,0.6100420806
0.2814739416,0.7842373218,0.1994667681
0.9496983704,0.2345726427,0.7615007199
0.2847797781,0.4526342471,0.1007020153
0.9199503776,0.3318611632,0.0396593808
0.0011003259,0.4597066036,0.0741654827
0.3926592710,0.3151241910,0.7978946539
0.9057115382,0.2876489260,0.4966481372
0.2228148220,0.7560593355,0.2066686811
0.3430659989,0.6558095895,0.3120562267
0.5626679665,0.2365685063,0.1652482165
0.3084746045,0.2056796709,0.5811072792
0.4554886808,0.6547786023,0.7411016742
0.9618294516,0.3179025048,0.7067356444
0.8003088642,0.6353057602,0.9445422327
0.1327435299,0.5145670508,0.7275009819
0.8332546164,0.4583612390,0.3483923386
0.3350361889,0.6615411779,0.3883322425
0.5887183545,0.1985082246,0.3028082928
0.6409554285,0.8672624274,0.9262601554
0.5052121845,0.1889667934,0.7799145730
0.7738329208,0.5441952092,0.4869062337
0.2317076922,0.5224929174,0.6389368080
0.3330642749,0.9783315933,0.7936882010
0.6992176246,0.0489788803,0.1729390631
0.2482965216,0.9944003581,0.2746866193
0.2164216139,0.3010596973,0.5270187328
0.6266491398,0.0955240446,0.2964066045
0.4871464209,0.3356351882,0.5754948732
0.4423669170,0.6992068903,0.5150550742
0.7957360081,0.5267291797,0.6559228040
0.0892505735,0.1077282135,0.8804012456
0.1985798302,0.9731220063,0.3982268535
0.4921665173,0.5131148517,0.6607012454
0.8213548302,0.2012779538,0.9762209306
0.5490737744,0.8641157714,0.5012913001
0.4807612527,0.6499455871,0.7067363127
0.4380686275,0.6801645531,0.2458645697
0.9224687631,0.9098859063,0.4378191693
0.5276096447,0.1190890764,0.2051374771
0.8868348889,0.5466724781,0.9780994889
0.5505959068,0.1724770548,0.1202134429
0.8171216031,0.6144681127,0.8360518920
0.3635494107,0.9324873774,0.6330042386
0.1814641915,0.7842388128,0.8870267546
0.7979277192,0.9805621237,0.4316350439
0.7140484727,0.5721296894,0.4322157411
0.9630185346,0.7664817963,0.5093952509
0.5440454505,0.9838263056,0.8776300352
0.4814165095,0.7097612121,0.4998640390
0.7922107688,0.7905966834,0.1430579868
0.5327956067,0.7856713179,0.8076158617
0.2194373200,0.3373198560,0.2628387271
0.7716513131,0.6035943325,0.9881721587
0.5808329403,0.7224330916,0.9249276533
0.8799698911,0.7261743737,0.8678390716
0.4641969688,0.7826175819,0.5673705033
0.2386374600,0.9726826663,0.7727460905
0.2149518911,0.7859457305,0.7707631958
0.1771039630,0.9473301369,0.5835511202
0.4885872193,0.7790545159,0.4284709281
0.2468474792,0.2919044772,0.0724006101
0.4775791053,0.2312744632,0.4519913528
0.6324918475,0.0443344002,0.9966222632
0.4143635272,0.9766138433,0.6525219298
0.8447587521,0.3696025713,0.5376571842
0.8728449039,0.5042067127,0.0604225801
0.0736447799,0.3902544489,0.3876295074
0.2344574510,0.1483465567,0.1659533534
0.6524172253,0.4979078599,0.5985362914
0.4316734670,0.8047475006,0.9683861755
0.7648231605,0.9378416547,0.9109947589
0.6086672611,0.5960416018,0.4050458780
0.9660398193,0.4624372433,0.6531434545
0.5019316456,0.0706165016,0.6357136007
0.7251640112,0.8891783345,0.9791623006
0.3360131773,0.0136515976,0.1727211895
0.2548459433,0.7524875292,0.5833633165
0.6556363731,0.2609965925,0.6800354618
0.5456842681,0.7525788533,0.1883689179
0.1349717399,0.2722482273,0.1918528449
0.2642218993,0.0886558445,0.7241843118
0.8435479057,0.7875785001,0.4977822283
0.0480057199,0.0789916563,0.3909395179
0.0764434248,0.8423679278,0.1383998257
0.8615033716,0.2153719654,0.7690752034
0.4067737149,0.1035787054,0.6113638919
0.5803234519,0.8584012046,0.4848641058
0.5557221417,0.0411197547,0.0935519175
0.7130270721,0.6882222556,0.9245389626
0.3358702816,0.1336002767,0.6648985689
0.4947185914,0.2755492181,0.1569023501
0.2010133607,0.4227707217,0.4390891513
0.7097436625,0.9839349587,0.4131079722
0.6563897747,0.8059870444,0.5976121400
0.5798309734,0.2002957441,0.2619813418
0.2783293952,0.5661448399,0.3416624175
0.8358275959,0.1571797584,0.2136814149
0.6083724171,0.8605878609,0.7221266586
0.5233403214,0.0802277957,0.9279365461
0.5497946288,0.1793389889,0.2628309207
0.4423449462,0.0617606709,0.1376039418
0.6493256722,0.8319990286,0.8055452128
0.8419719717,0.4319809358,0.9165040107
0.6935008311,0.6542257345,0.4829396179
0.2790125991,0.8005766881,0.4671638472
0.7168338926,0.6459493343,0.7084067647
0.0611098338,0.3737804162,0.1539123521
0.5358103818,0.4678890016,0.6087207289
0.8222212471,0.4705551156,0.8779311477
0.1009957305,0.0316714282,0.0374917725
0.2882978492,0.1028916588,0.5314047134
0.6822664499,0.9680518850,0.9545326490
0.4598626224,0.6137073646,0.5579308088
0.0444924767,0.8955794407,0.3373910080
0.2214533820,0.0459753723,0.3055576814
0.1265695229,0.0369968813,0.2107555680
0.1112223069,0.4077600261,0.7062128346
0.9021482959,0.7099791415,0.8032783483
0.3975566677,0.3427216401,0.7398555239
0.8648992215,0.2999907132,0.6802970492
0.9853730336,0.0442394766,0.4325932486
0.7115333514,0.7063684614,0.6290037400
0.3384431686,0.9143811882,0.5708679494
0.4515955494,0.3089109197,0.4654220308
0.5652482224,0.7167663125,0.0838790436
0.2069594342,0.3038805536,0.4101890832
0.7967538495,0.4654463019,0.5969517034
0.7797257816,0.8388118921,0.9179045266
0.0155925484,0.2606532729,0.6257857679
0.3655359362,0.0974285518,0.2582453802
0.7333669822,0.0603757818,0.1866516417
0.6207305820,0.7124932253,0.8446637243
0.2687985390,0.8094195263,0.1286436944
0.0669613454,0.0772977889,0.6796028279
0.3419721096,0.2309765879,0.4429780905
0.9408268785,0.8078115828,0.8516319101
0.7400871137,0.8217464521,0.8085891624
0.3624443508,0.2907362319,0.8579514116
0.6551162981,0.9116929656,0.7852990691
0.1587547402,0.1930387467,0.7631190184
0.6643931282,0.8703603865,0.6295763343
0.1257704326,0.6426598604,0.6425543488
0.1537801591,0.2721608946,0.0517485284
0.3793232695,0.6577042788,0.7202740438
0.0716596491,0.3750202593,0.3965763819
0.3935017782,0.1880157922,0.6279308308
0.8804129209,0.3639621205,0.6518236246
0.7428168788,0.4681601048,0.8318840198
0.7101663134,0.5807220834,0.3721392061
0.1546681211,0.0557712032,0.1635367110
0.4327880800,0.5350106734,0.3779510823
0.0618612080,0.1502446593,0.0300653013
0.7998602137,0.8606403835,0.8668909409
0.1635615014,0.2702620596,0.4452582387
0.0769971544,0.3053145075,0.2571654995
0.7794952864,0.4539215703,0.5055648705
0.0500603673,0.2717380891,0.7219826067
0.6050679610,0.4488237521,0.9634687293
0.5910419929,0.8428547492,0.6652080890
0.9600097607,0.8243030147,0.8423299336
0.3043000366,0.6688814882,0.0574571962
0.3510561004,0.7345368245,0.0748034840
0.9133189534,0.9878068598,0.8650852739
0.9750263832,0.9735805772,0.3608290143
0.2123452949,0.0488395048,0.7478599839
0.4599240850,0.8246553991,0.9749775986
0.6503270581,0.8183647523,0.3054327195
0.3676751796,0.7398810131,0.7465948442
0.0044189476,0.2410238684,0.0572794015
0.0902808499,0.8640431404,0.6471314155
0.5785303789,0.7774268907,0.9275261055
0.6557417443,0.2066725910,0.3098095092
0.8805617430,0.1548700084,0.1079171569
0.2911355773,0.4670136284,0.2483902479
0.1227464818,0.0199175427,0.9096403467
0.8290475389,0.8853005545,0.3842156574
0.4659050317,0.9656350901,0.7793229147
0.9350029839,0.8961465683,0.8757602140
0.2797673264,0.3511083834,0.0268619239
0.9036272304,0.3082202084,0.6585261181
0.7207178749,0.6161442500,0.8119945693
0.7887593252,0.6270605002,0.9994938190
0.5434847122,0.8192886510,0.8200288144
0.1838746381,0.2057941837,0.0509710264
0.5569865957,0.7899773995,0.6959091242
0.6634253611,0.1547801172,0.7346877740
0.3541145394,0.3756012217,0.3786106374
0.3563649545,0.2000161879,0.1392015465
0.6024974931,0.7529547403,0.8123702500
0.5675240893,0.2938371152,0.7147223205
0.1768565179,0.4420600898,0.5635984219
0.9615847626,0.3570005467,0.6959119114
0.3757810230,0.1290937901,0.9149336963
0.3586511093,0.2769550827,0.0374983192
0.0893757040,0.8615044051,0.1507149071
0.7465298119,0.9002859525,0.3294839307
0.3808606165,0.6535903440,0.1164398030
0.4209123517,0.0919399601,0.7267223768
0.3517201078,0.4453656605,0.0911396877
0.1462889428,0.0747943026,0.1185724580
0.6545131501,0.7324662712,0.4238709548
0.9107236875,0.4920889841,0.5863053490
0.5241244017,0.3969709138,0.6583132845
0.9541589394,0.7289888431,0.9661020872
0.5164571058,0.6548446606,0.7052248146
0.9406781531,0.8655704136,0.8240598197
0.5158723580,0.2108943203,0.5510485032
0.6078544767,0.7733640586,0.9977368553
0.8288804151,0.7175187507,0.9376221028
0.2322766728,0.3278180639,0.5062703475
0.0259970335,0.0372529799,0.4055179714
0.7805457394,0.5168713423,0.7909579591
0.7244273437,0.0387210351,0.2521409336
0.4256912134,0.2968068140,0.4871595965
0.8256301103,0.8870695422,0.7264683440
0.0757011586,0.3578095492,0.4059417038
0.4349115842,0.8369902827,0.3234342616
0.3872975083,0.4726664893,0.6227045967
0.7889183477,0.6009845106,0.7391701170
0.2594355061,0.7548020604,0.4220818544
0.8817180130,0.5606229670,0.5742668023
0.7000105534,0.7059776889,0.9267443677
0.1362828407,0.0507437303,0.1474545538
0.8510074880,0.9787786600,0.9428876721
0.5245459317,0.6238727310,0.8225861168
0.2685033471,0.6828722776,0.5800744825
0.8244422377,0.8643494717,0.3099915001
0.7097890934,0.9343457410,0.9124141874
0.8816037410,0.2107894166,0.1433795687
0.8027984316,0.7704346871,0.3923596233
0.4187291370,0.1429245756,0.0585428257
0.1914900321,0.8522462029,0.2412937670
0.3186994425,0.4655610724,0.5434394299
0.2563836000,0.7331530373,0.5170307634
0.4721736140,0.7826330768,0.8698091068
0.8486680261,0.7244541556,0.6362762806
0.3805742883,0.9909066036,0.9318932640
0.8073861102,0.8998140524,0.5205876590
0.6030347485,0.0074331906,0.0403796852
0.3227216083,0.1619611996,0.1364941776
0.5946805545,0.7632741583,0.3486346181
0.6665765165,0.3861934081,0.0849696111
0.5888257721,0.5143903490,0.2442329567
0.8261256296,0.4362625519,0.9233340506
0.2761165655,0.4738209729,0.1828875070
0.2120468937,0.0930998007,0.6303932297
0.6719315708,0.3999565505,0.3472814633
0.1285186024,0.0653224134,0.3882411805
0.4331324337,0.3618613305,0.3187940910
0.7270890784,0.6822360888,0.8518970353
0.8966401013,0.6065770829,0.9653478547
0.8811892260,0.9147477255,0.8957033741
0.2936020525,0.8530035013,0.6185098463
0.5271926785,0.1930373211,0.6110838305
0.1046333761,0.6901850200,0.0199882381
0.4357582084,0.1432387866,0.0871088934
0.4214458897,0.3349719878,0.8893532099
0.8497271570,0.1959106275,0.0074971935
0.0847129302,0.5075065498,0.2895564032
0.6357298671,0.5786997386,0.1790887137
0.7621841598,0.0034345943,0.0028802855
0.4263899568,0.4494610466,0.5333887259
0.8313595285,0.9871006415,0.5658433513
0.2469167192,0.7319330520,0.2681140203
0.8779158619,0.9037029691,0.8547515966
0.9554107838,0.3189140659,0.5303085897
0.1502489064,0.5970513009,0.1330338676
0.4758774848,0.4171347355,0.9765922999
0.7846956951,0.2652219403,0.3944501924
0.5482098291,0.9317838310,0.7475927356
0.1306551316,0.1449430846,0.0792617206
0.3429816213,0.8468468296,0.3657181699
0.4254277086,0.2089716830,0.6123126880
0.3699537106,0.3706545725,0.5879249271
0.1047540922,0.2448978800,0.7795659635
0.0384030672,0.9838962562,0.2099560660
0.1033440161,0.7327488790,0.1638021398
0.7976828556,0.6492990879,0.7540132731
0.2072048891,0.2718714920,0.4475450324
0.1194830800,0.0023597292,0.2906518943
0.8553478353,0.2578807979,0.1821598075
0.9778963800,0.3277614937,0.1462079070
0.8755795229,0.9420166493,0.5102306230
0.1275713442,0.0339517152,0.0316274106
0.7741023590,0.9627854267,0.7684417384
0.8235215766,0.5118512264,0.6967301375
0.0324578222,0.2135892593,0.0030666279
0.8936391722,0.4656780822,0.1682266407
0.4872239703,0.7575985422,0.6930987375
0.2426380103,0.7264221542,0.2439488289
0.5683345644,0.9186865069,0.5628781823
0.9382445958,0.4422199831,0.6187779878
0.0950947978,0.1578238779,0.1891676354
0.0766065935,0.3403691832,0.4125296203
0.5800756218,0.0122287633,0.4624854931
0.9290264878,0.7632270524,0.5959644711
0.2868899919,0.0952392671,0.3115263542
0.5052290398,0.9495616544,0.5005197113
0.6516059891,0.6024290283,0.5478484025
0.5103098164,0.3644434725,0.7863686141
0.4650012539,0.2398787461,0.1433042396
0.9614619032,0.9675021207,0.5839786732
0.2578168185,0.1246728428,0.8063274607
0.4736126411,0.0904591858,0.0423868909
0.7064799086,0.5706940391,0.5953837506
0.8959699898,0.9784135745,0.7029971395
0.0003005370,0.1290225579,0.3932751852
0.2521088441,0.8841799969,0.6057875004
0.8792978495,0.9349558622,0.8907426434
0.4632600762,0.1842019317,0.5497849939
0.6746281135,0.1148748617,0.1371523573
0.8172329154,0.4518511792,0.6805192303
0.4422811425,0.3749509106,0.3505937421
0.9126100110,0.8439272107,0.9275552380
0.1739818272,0.0099576103,0.3906256138
0.0004586724,0.2876530840,0.1613618794
0.0625259735,0.4323984884,0.2457981937
0.9635503001,0.8673773525,0.6356235217
0.5918004843,0.8522035593,0.4896945419
0.6894487867,0.5932002759,0.6044271677
0.5964546427,0.9829022247,0.8021516387
0.2954164213,0.8728706088,0.2654266216
0.4011634746,0.1763840258,0.1306195180
0.0693826750,0.4324320852,0.5181327290
0.3212498627,0.7659970435,0.1669707101
0.6929644186,0.1100227352,0.0159766736
0.2308040266,0.2871139983,0.2639486488
0.7334983906,0.8119588018,0.9130674492
0.9867784202,0.9664681595,0.9093255171
0.5712796582,0.7324533868,0.6652540748
0.0163876429,0.5152329097,0.6231796349
0.6218382689,0.7317260636,0.9343913446
0.9336157611,0.4163851122,0.5525369124
0.4356668772,0.4122018333,0.9566453428
0.8573842889,0.9327624399,0.9523873980
0.4897218980,0.5096796757,0.4611946980
0.6687091989,0.7965251154,0.2110708332
0.8333767072,0.5562297098,0.8751290574
0.2252164649,0.1574026513,0.7975829800
0.8315221222,0.6157383393,0.5305416433
0.5799245184,0.8736457064,0.6634898607
0.5036529905,0.2656425449,0.2666455262
0.3550869453,0.6099624301,0.7836835887
0.9298250839,0.6801873901,0.4804476026
0.2392784455,0.2253379513,0.8540699177
0.7838133002,0.3094695341,0.5847032389
0.3245237210,0.9433227797,0.5408678990
0.0155558098,0.2748502319,0.2379082445
0.2260970940,0.6119262927,0.1488785979
0.6157167631,0.6953328509,0.7972915811
0.9325523298,0.7148484701,0.8960440953
0.8119855992,0.7753919020,0.8669097281
0.4052221925,0.3380702034,0.7678640522
0.7152541681,0.6614266627,0.3998599105
0.3549510103,0.5450349130,0.5114703419
0.2953038094,0.4851685437,0.9191708381
0.5798956132,0.5287049384,0.0778052000
0.8320025974,0.2824898772,0.3172542914
0.7542217234,0.9005526595,0.5940897120
0.7186546893,0.2567090065,0.4243279507
0.2911649576,0.5972301217,0.1161696271
0.6898773782,0.4479723362,0.4606732717
0.7700395111,0.3476649825,0.7308845881
0.2965578738,0.5875702673,0.6950815608
0.1600977025,0.2366487488,0.1168278979
0.3567940095,0.2430564897,0.7610648974
0.4909376295,0.7055472926,0.1431676475
0.7084874211,0.9148433385,0.4537024590
0.6432441075,0.4006266385,0.2367616178
0.3721275628,0.2611073021,0.8543547109
0.2743758655,0.1265082447,0.2062135746
