0.5998644987,0.6887056974,0.7818446040
0.3165367649,0.5054315936,0.9956696762
0.4284853538,0.3099605188,0.4687927502
0.6836335447,0.5074027748,0.7666438842
0.6088382428,0.8014412130,0.4997770002
0.5591886445,0.6457506789,0.8459168005
0.2917532219,0.6966293264,0.1872397360
0.1141307936,0.0543696488,0.0982930758
0.4115391635,0.3700207574,0.7449331436
0.5304590802,0.2053854402,0.3800797885
0.1140990069,0.4125327562,0.2771635055
0.8692987294,0.4571397040,0.3821960836
0.5844405566,0.5795158938,0.6491629375
0.4416022103,0.7971886694,0.7223104777
0.3706494740,0.4293636335,0.4790395549
0.6666999656,0.5618848733,0.4003045944
0.1285538504,0.1271080684,0.0978804272
0.0071974521,0.0108039372,0.0149867183
0.8626671853,0.8839163415,0.9347787924
0.6128328755,0.4276391431,0.4814600429
0.9790098156,0.9909899180,0.3863131824
0.6041942749,0.8298083890,0.9583252736
0.6255869174,0.7162902425,0.8243969985
0.9372775450,0.7086148197,0.9266358911
0.5817002144,0.5312903781,0.9481221435
0.3619354436,0.2280095768,0.1570306300
0.5972330858,0.3755061954,0.4892848910
0.4814414131,0.5633567035,0.6334327735
0.4144104567,0.2309143703,0.2758247160
0.3342091044,0.5264619832,0.9250458886
0.7849312761,0.4107890502,0.4038389375
0.8891997695,0.7906760818,0.5816185112
0.1737527514,0.4954686865,0.6904574935
0.2766923808,0.4061938239,0.8787169907
0.3924723204,0.3318746636,0.4177634712
0.5321152152,0.4268771100,0.3497953629
0.4653424849,0.9588754150,0.8960793587
0.4765089623,0.4969557930,0.7851010257
0.4422097741,0.8526535954,0.7902660471
0.8946972158,0.9790532808,0.5812483321
0.0869620354,0.0911525195,0.0951234579
0.2907306900,0.0282542784,0.2422751778
0.3373618921,0.8744338633,0.2762403065
0.4763958042,0.2618303814,0.1450859408
0.0162487826,0.0186583265,0.0066046225
0.2610929890,0.8094560729,0.2424181494
0.8568524480,0.5987292024,0.9012126350
0.9019108330,0.8610531422,0.4704708458
0.6423410149,0.9462183045,0.7834160532
0.0609601817,0.0190841228,0.0191936622
0.9312152776,0.5592758756,0.5784803319
0.9873703163,0.8511512846,0.7711770531
0.2004390765,0.1358916090,0.2109959387
0.3012898368,0.2239245824,0.4185102119
0.7197328447,0.9393864051,0.9679736773
0.5500675349,0.6909859159,0.4981255381
0.7091483315,0.6887753088,0.7956215361
0.8749682689,0.8861250472,0.9071608765
0.1553806634,0.1281864378,0.1916350761
0.0958951753,0.0975348997,0.1555557149
0.4780167431,0.3712960079,0.8629557951
0.2637088471,0.6752665925,0.2037085680
0.5596418033,0.7906145201,0.3579185260
0.8934897268,0.8618622593,0.9817962394
0.0388530765,0.1464897360,0.0779698135
0.5004085408,0.3530587432,0.2926309347
0.6498814386,0.9093511537,0.3212544085
0.0536080999,0.1346576720,0.4960187584
0.2113964724,0.4660668196,0.4665318118
0.6791759176,0.4953947177,0.9066546141
0.4072825793,0.6144242607,0.4027841078
0.3599972560,0.2773802443,0.2542376814
0.3737685806,0.4980755997,0.8039103397
0.1473952808,0.1122550587,0.1115751474
0.9146343585,0.6650765018,0.7433974909
0.4991949226,0.6199741481,0.8882998765
0.2991568958,0.2513255110,0.2289594839
0.5546463123,0.4676174455,0.5501688965
0.1346235379,0.0740897571,0.1019202042
0.7512608244,0.4356116298,0.8374214082
0.0805632721,0.1114729676,0.0437073715
0.0459411868,0.0356407932,0.0758758877
0.1938279074,0.2481093309,0.6305389881
0.6175798448,0.6456448980,0.4315640791
0.0909070160,0.3653745427,0.0652662368
0.9247798580,0.8123815013,0.8589271134
0.5102728266,0.5795790245,0.3604343369
0.9605873305,0.9893504093,0.7031754210
0.4959559984,0.4547228085,0.4143793766
0.7213877002,0.7492742649,0.6857285075
0.1956372917,0.3902055926,0.7797019838
0.3275385058,0.3300155197,0.2146917202
0.0024945623,0.0021147121,0.0035910294
0.1995774851,0.1591085925,0.1940028568
0.8006196352,0.9263740325,0.9972518380
0.1283488388,0.1006883448,0.1542456898
0.8768947648,0.7023108195,0.8232789765
0.9756448568,0.8660635785,0.9544341063
0.1668707095,0.1974439250,0.2856574632
0.3423977753,0.2874967049,0.3553951282
0.3904688318,0.0971657573,0.5587275872
0.8903989430,0.7157871198,0.7065288362
0.3280865651,0.1580846213,0.1603921416
0.2062248316,0.0893048455,0.4831164360
0.0730270605,0.0482298657,0.0598481425
0.7694568182,0.7666646872,0.7863194380
0.3172635100,0.3038738762,0.7960240627
0.1937251913,0.2682369288,0.1603887699
0.9792689411,0.8002631010,0.9657846437
0.2275345356,0.2204942223,0.1908856171
0.1803990201,0.1195959443,0.1758988635
0.6563953828,0.4149546123,0.7678578641
0.8405962447,0.6412537598,0.7309969984
0.7514816420,0.5245591568,0.8727122490
0.1172500532,0.7674598350,0.1949108504
0.3971915009,0.7199637471,0.8750273465
0.4217358956,0.6179080259,0.3894235168
0.2848511198,0.6130108568,0.3600713466
0.0704027226,0.0618536200,0.1169609896
0.1601488564,0.2140214459,0.2761724444
0.3737988457,0.4957253858,0.7807043416
0.8593532038,0.6404542027,0.8372803907
0.8867840797,0.8713956027,0.6190234739
0.9003442323,0.3528576753,0.4418225488
0.3065987317,0.5426933057,0.8285403540
0.7702493611,0.8892589416,0.5058897388
0.5882192445,0.4935383884,0.4234771273
0.5740199230,0.9669666413,0.4989991892
0.3414582826,0.6165479293,0.3940967048
0.9079434012,0.8684412278,0.9757133616
0.9226626249,0.7520336167,0.7576560769
0.0408226113,0.2505367941,0.0285291677
0.7859297239,0.3101440490,0.7493399524
0.6779600955,0.9837529385,0.2828441542
0.6398556927,0.3475758153,0.3598667685
0.1627809301,0.5845001200,0.1312545032
0.5961821543,0.3637404240,0.3593853648
0.9417990238,0.8534650997,0.8045054574
0.8875936646,0.7502533289,0.7053636577
0.0042243850,0.0049584517,0.0058842433
0.9834165022,0.6478577691,0.5321718046
0.9424645065,0.8164431099,0.8139152417
0.0389482989,0.0278794439,0.0466197771
0.2913734205,0.2405436973,0.2361803891
0.3859795240,0.4335142878,0.5180644079
0.2415803889,0.1386953807,0.1864594992
0.1583313851,0.2780683746,0.0979789129
0.2532232188,0.4060398279,0.2968077382
0.3770438066,0.5715178773,0.1714735975
0.5748982955,0.6758153488,0.5105794567
0.1721118272,0.4174247968,0.1786464486
0.0764293903,0.4413828385,0.0755473012
0.4592704334,0.3296209360,0.4784595160
0.7082148273,0.9078941896,0.9212267286
0.0157179694,0.0148959173,0.0356215276
0.0278791861,0.0294649383,0.1486853007
0.8147027483,0.9267242573,0.9415687962
0.5544529688,0.5714629144,0.6706435928
0.7912684479,0.5108915907,0.5013868614
0.2605374275,0.2406992669,0.2134740637
0.3240320463,0.3072556215,0.8271916902
0.9231955157,0.8498165611,0.9706276321
0.0381463130,0.0473029451,0.0379396151
0.6150665153,0.9703552959,0.6276748684
0.3543153251,0.4973207038,0.4557809511
0.7789504892,0.9026487713,0.6768910880
0.3873712124,0.1699980812,0.3878323036
0.0400160141,0.1753159283,0.0360513129
0.5453011023,0.8002627847,0.8686679582
0.4666587618,0.5810566918,0.3094798959
0.4575069063,0.4747144154,0.4468330953
0.5345392305,0.5540388328,0.2824268803
0.0640825028,0.0322927854,0.0805878856
0.7906126813,0.2160000140,0.2100905386
0.6970551099,0.6003536095,0.6672913096
0.4902418086,0.9502503999,0.8056174143
0.8038598636,0.4288502930,0.3171572846
0.8299125923,0.9900326364,0.6459810053
0.5289593910,0.8833373011,0.7620678882
0.1814653242,0.6662435457,0.8148489456
0.3620814665,0.3634246865,0.4135012533
0.6479717826,0.7712181767,0.6919522922
0.1528110826,0.1952859171,0.8419808922
0.5681273376,0.6270767826,0.6882989506
0.0353758114,0.0674190582,0.0454025212
0.0185985103,0.0119779165,0.0097645756
0.1049586411,0.2340521245,0.0245625894
0.5899538620,0.8114240573,0.5432852329
0.3574488670,0.6270226950,0.3199485900
0.4652104695,0.6089102676,0.4640865069
0.3430253178,0.5657181064,0.9294141820
0.8679356495,0.9647155802,0.6686403445
0.0177089331,0.0275730324,0.0576478831
0.3989894604,0.7310870676,0.6807992310
0.6145309374,0.5223003996,0.8828989869
0.2519723190,0.2607080691,0.4453355014
0.2204325891,0.3235015347,0.4854413785
0.0241789650,0.0294260200,0.0146395568
0.6647013983,0.0223727706,0.0315646000
0.7988974860,0.8285574811,0.6196677381
0.6166357982,0.9808863780,0.7573595048
0.0989328167,0.1058016359,0.1763588570
0.7825245222,0.7390305709,0.8336170737
0.1320211085,0.2500041914,0.1189876188
0.4020209923,0.9902623315,0.5376132157
0.6751636838,0.9209779840,0.7276218889
0.8310014366,0.6215858050,0.7561771855
0.3056058178,0.3041677401,0.4071371416
0.5092382855,0.9687577799,0.9491284850
0.9651653319,0.6865787449,0.9489335510
0.6662762591,0.3763748218,0.6966324852
0.5488897745,0.4916456783,0.5704975488
0.5702779561,0.8524446872,0.5847708248
0.2148379296,0.1044354130,0.0771002792
0.2666613861,0.7105918747,0.3194786308
0.6387683287,0.6479423342,0.2706969232
0.9712184446,0.3063579852,0.3066501535
0.6894246618,0.5043668078,0.4687880390
0.3980078179,0.5388310752,0.4366128657
0.1757177794,0.1322259217,0.7489431172
0.5675949663,0.8554588279,0.8958021658
0.2691979832,0.3701810023,0.3734843690
0.3342384525,0.7422856483,0.9467778679
0.2939163941,0.5642305769,0.3331329552
0.1494572305,0.2090357469,0.0921934500
0.2529786240,0.2001004838,0.3250412836
0.8872648679,0.6633522316,0.5959452686
0.0620467742,0.1625791215,0.1307037325
0.1177935147,0.1124977605,0.0842885939
0.6043064062,0.8798844336,0.7493672149
0.6808150556,0.6794461827,0.9228599446
0.8209663356,0.6971005775,0.6148782464
0.4509245638,0.6374936358,0.5667783351
0.2504942842,0.0887967218,0.1810426807
0.8875347297,0.4745424110,0.4615438419
0.0295695571,0.0199918455,0.0434108599
0.0290549225,0.0270086168,0.0360809685
0.2228353439,0.5662188295,0.1605176663
0.6277528930,0.8338279302,0.4645926830
0.1872692666,0.1000874089,0.2109682147
0.9131336732,0.6282353282,0.8698575343
0.2378703869,0.4258277597,0.7560141841
0.6525348982,0.1637931843,0.4292473886
0.0301701017,0.0336499585,0.1283302435
0.1239343466,0.1266427356,0.0864474369
0.7095951571,0.6653194514,0.4890909471
0.8671953690,0.6184833681,0.7691389323
0.2892223092,0.1710284326,0.1819219298
0.1931689074,0.3954423657,0.1950252452
0.2972364774,0.3894388380,0.2994401913
0.1792018494,0.1843666902,0.1804967100
0.8186400626,0.4320476046,0.4214230600
0.3925643109,0.6285642933,0.8467007308
0.4949362967,0.3063205222,0.2575297078
0.5974522031,0.9278823399,0.9985877807
0.2895359802,0.1804719025,0.2272907731
0.1155627027,0.0669937543,0.2286323524
0.7030860446,0.7308636375,0.6267910985
0.0183977021,0.0239189336,0.0473646357
0.1434724002,0.1344985580,0.1328066008
0.7060441135,0.5243479377,0.8721268921
0.9846263947,0.9835322691,0.4982959739
0.1839050760,0.2167192542,0.4086187795
0.7623702020,0.5769318100,0.9975810602
0.3652976843,0.6152867758,0.6977215293
0.0840551529,0.0678198088,0.4400705304
0.2148275361,0.2064342620,0.3435283523
0.8808222201,0.7843422226,0.9426278330
0.6356811129,0.4361299605,0.4840905284
0.4777965313,0.8507143724,0.5552769299
0.4200949460,0.5030591848,0.4482389862
0.6835821363,0.6049610947,0.5330645283
0.6162793012,0.9255947637,0.9451038942
0.9759329947,0.7580303666,0.9554669328
0.6792618336,0.9584759348,0.9257767857
0.8099274924,0.5159253260,0.8179771511
0.1925938614,0.1233602050,0.1448222162
0.8446834924,0.9141853840,0.9745984325
0.9185136672,0.9174968039,0.9271998662
0.4832570741,0.9979866179,0.6053915064
0.1076961157,0.1386732255,0.0579949250
0.5199236316,0.4052255546,0.5193732338
0.8437564288,0.8518790734,0.9403358462
0.2346345737,0.1753011609,0.0499973556
0.6562450516,0.4964789005,0.5409315251
0.2917985005,0.2713292457,0.3387965405
0.3998113079,0.4882930108,0.5143559580
0.8513035169,0.6024810946,0.3299288876
0.6486763547,0.9103045732,0.8093990834
0.1273768736,0.1973698533,0.2490895498
0.4914359836,0.8327381943,0.9604112872
0.4334015447,0.9369667745,0.7702975026
0.5353475900,0.9640193588,0.8863752049
0.7265688393,0.8420167083,0.9082943960
0.7432308142,0.3207636990,0.3560807603
0.5281646836,0.7296968110,0.7226904996
0.1940118166,0.1800769084,0.3651972733
0.5384236964,0.3938909544,0.3767820764
0.5859224901,0.4552087914,0.7789797024
0.3060330381,0.4716414362,0.4439186794
0.9922708490,0.9089473723,0.8918799601
0.6882803135,0.2586112593,0.4004890706
0.5361043171,0.3478251385,0.3198363509
0.8037027972,0.8256700562,0.5458082237
0.8398955867,0.5611096772,0.6329459541
0.0432999770,0.0272340116,0.0242653796
0.8549815895,0.9427993145,0.6119042987
0.0460962356,0.1114841429,0.0488682956
0.0879515832,0.0992981795,0.1532104263
0.4854930638,0.4672967690,0.3492656468
0.7381901751,0.4414966077,0.5595060632
0.4286216741,0.2418598453,0.3566864090
0.5608571924,0.9127787622,0.7030483983
0.8270451606,0.6932897010,0.7444920802
0.6826805970,0.5708747434,0.6333845437
0.8422828559,0.6893903844,0.6795643574
0.8355465352,0.8107168710,0.3867304423
0.9795916611,0.5582715231,0.5428429231
0.9988992812,0.9743163728,0.9650486726
0.9197232612,0.9040324578,0.5780456789
0.7923064069,0.9376056605,0.9879146659
0.7005933178,0.8446217556,0.8188657389
0.2090793737,0.1761522832,0.2014045126
0.7286414794,0.3950047624,0.9526407079
0.9782711840,0.8957384386,0.8735905831
0.7666287795,0.9879926720,0.7852062094
0.3478298150,0.4833053052,0.8244434987
0.0499305954,0.0776644755,0.0940579611
0.1736306656,0.2892730149,0.1753373087
0.4511840478,0.9411510400,0.3534319544
0.4303240552,0.2850238457,0.4820611347
0.7178704498,0.8605457258,0.8451230496
0.1678974856,0.2582024171,0.5342695854
0.8074810084,0.7345349375,0.6397105267
0.2109046941,0.2932643390,0.3583710277
0.1038806701,0.0489187729,0.0512198378
0.3103122484,0.0722621528,0.3076006794
0.8673954115,0.7259460590,0.7632458528
0.5745652473,0.8467436510,0.6551362589
0.9550385413,0.4187327566,0.5842008872
0.7557647087,0.8542736384,0.6952077668
0.1733961815,0.6862362772,0.3511336543
0.5302185192,0.7535329353,0.7015399062
0.9005161539,0.7616685864,0.8867872101
0.1184633017,0.3418903517,0.2345391948
0.5611626091,0.9585399382,0.6307430466
0.9376611003,0.8037746553,0.9631032129
0.1402608579,0.1623870404,0.7340651709
0.0449056752,0.0229170704,0.0173552086
0.5395051701,0.9717496750,0.7284754615
0.2360056220,0.2474447058,0.9917508159
0.0728466467,0.0571078957,0.0936147129
0.2502855910,0.7386962008,0.1667164320
0.9688691192,0.7054443196,0.8405570081
0.3293983497,0.2902491706,0.5364886760
0.8233624087,0.8277636125,0.9845994692
0.2789989073,0.0707490245,0.1303683248
0.4437253623,0.8456202175,0.9097141142
0.2485643714,0.5396187802,0.4619639404
0.7436688074,0.8747534999,0.8546288968
0.8103900638,0.3853429032,0.9169111748
0.2679098594,0.5597047408,0.2215586963
0.8521977158,0.8369474797,0.7548786192
0.6637793163,0.9111674113,0.4501049849
0.2186573120,0.3235543607,0.2174772970
0.3814474746,0.6360443699,0.7940677566
0.8207286053,0.7924759367,0.9926537358
0.2342991795,0.9940441141,0.2197958131
0.5567752109,0.6277973435,0.8793550923
0.8672191011,0.8180850055,0.5533885135
0.4148218492,0.9966475518,0.4808466582
0.0143918333,0.0163088988,0.0183202454
0.8484889677,0.5520293385,0.6800004582
0.2387905259,0.6042088524,0.1878004712
0.8810563860,0.3622136425,0.4980084381
0.0085062416,0.0118094422,0.0042751035
0.8073002477,0.9975774645,0.3103173853
0.5708863236,0.4076302115,0.3104734399
0.0938950824,0.1197828609,0.1483558374
0.4856678540,0.4030924566,0.5890137624
0.0283651744,0.0204088323,0.0372834226
0.0120402899,0.0288107166,0.0052248888
0.9303509402,0.5220597491,0.6299290502
0.4165366247,0.8986035808,0.7310676312
0.7256338598,0.5091388283,0.5743742203
0.0528321980,0.1071865975,0.3130028591
0.2519212266,0.2140605969,0.1017989700
0.7065043813,0.3929800436,0.7857422895
0.5606629793,0.8222640218,0.6042452093
0.3646594057,0.2417914804,0.2493498205
0.9579357774,0.9961578096,0.5715317039
0.8075499969,0.9329689735,0.9396916267
0.1434263495,0.0496093682,0.0452599372
0.8371799828,0.6843300174,0.7389058455
0.9855131310,0.9828891342,0.8696795539
0.4015141589,0.2935721828,0.7041632011
0.7276519314,0.3781496344,0.5080050453
0.4684556100,0.9142520946,0.8369499830
0.2968850229,0.1757415079,0.2712817437
0.4579549343,0.5128989630,0.8228386113
0.3981053781,0.1888812090,0.3256059884
0.5874052067,0.3514748760,0.1739739017
0.0256899094,0.0595664347,0.0180256924
0.6512890651,0.6922164291,0.8557229664
0.0518213114,0.1450368734,0.0900942523
0.0327637517,0.0148956030,0.0160156040
0.8720170969,0.7282205157,0.6191247428
0.8857511122,0.8308187392,0.5777913173
0.5194603179,0.4165369993,0.5479384926
0.4684386804,0.0700854988,0.0737803984
0.0283205692,0.0059974414,0.0279945870
0.9395261492,0.9871408434,0.8572476200
0.1629953170,0.2339516358,0.2193931738
0.2699329773,0.9821842311,0.4686485663
0.0924590519,0.1592448444,0.1090350587
0.4795385050,0.3656628667,0.3686320748
0.7086424802,0.5712744581,0.4626706092
0.0897730508,0.1433542070,0.0753976174
0.6419472634,0.9128402665,0.6770396362
0.4619295096,0.4097829744,0.6637522779
0.6473246914,0.3844640988,0.7121860007
0.5551076671,0.3364573290,0.9774513773
0.9183142845,0.9840891935,0.9098090616
0.7248446623,0.9072658756,0.9146664184
0.2971254465,0.8174733422,0.9279082939
0.6873429436,0.7106074379,0.8483046817
0.9294926761,0.6032707978,0.9089645295
0.1033349993,0.0343311952,0.1180982089
0.0675886989,0.0617150262,0.0270738153
0.7136771996,0.3872486829,0.6216483060
0.8111812691,0.9713444401,0.9101650204
0.5942345389,0.2104443959,0.1932325382
0.1236236625,0.5402002337,0.5305509529
0.1373897892,0.3646193105,0.0754247347
0.2707503582,0.1986042598,0.3390125749
0.4069890932,0.3176714379,0.3533983418
0.0413105356,0.0596270530,0.0432186136
0.1158724767,0.1485079740,0.2453376972
0.7516824447,0.6373448230,0.4740951174
0.6770552146,0.8080817171,0.7959411310
0.8593799086,0.5607342679,0.6176851992
0.6434884694,0.8017409156,0.8357596362
0.8081291325,0.9377243353,0.4195127504
0.0003256837,0.0004018919,0.0003200852
0.3897124958,0.3465985894,0.3759643718
0.5259649851,0.8044065507,0.7090394447
0.5754494118,0.3776931899,0.6100393331
0.0376875155,0.1429077557,0.0619603299
0.8239428139,0.9827987156,0.9747113477
0.7232436657,0.5881238622,0.5833805547
0.5265835151,0.6538851625,0.2614814342
0.4611645985,0.3900110967,0.4432699933
0.0415200240,0.0456046666,0.0735074472
0.9212765365,0.6172544382,0.2935919899
0.4373388287,0.5306231437,0.4248322936
0.8365367944,0.7486039461,0.9675573592
0.7180850568,0.7471051637,0.8721538260
0.5151444241,0.7747883936,0.3241942785
0.2804392334,0.2283116904,0.4098990516
0.4620579736,0.6574616588,0.5245438590
0.3854888096,0.1969633486,0.1156905168
0.3166337819,0.5211389263,0.8886155288
0.7599988723,0.6635457963,0.5780340058
0.4839916225,0.7471487294,0.9812487345
0.4385844065,0.6217406685,0.5410007642
0.6961483653,0.5281223053,0.7462736368
0.1182684129,0.2377803584,0.1036461186
0.1501739085,0.1971978068,0.2040837897
0.2009491159,0.3737363915,0.2953544672
0.9870095768,0.8269295003,0.8386977306
0.1156934923,0.1791189935,0.6338565463
0.8537163520,0.6446505562,0.9234238267
0.8607820725,0.8339240240,0.9557010915
0.5914400011,0.2543713518,0.3991932917
0.6463853603,0.5909609116,0.3877556451
0.1564652350,0.1293806592,0.1619641402
0.9687845071,0.8742600620,0.7366579925
0.6276581019,0.4141527768,0.5119416274
0.8216743422,0.9794519547,0.7822293496
0.1928866909,0.0325428019,0.0464504303
0.6624035730,0.4102066386,0.4895556288
0.2949601467,0.1299017132,0.1588718490
0.4442048116,0.2563163888,0.3051162153
0.0169395811,0.0200286940,0.0150965261
0.8281560650,0.1303753748,0.1687492364
0.2056699030,0.2637286414,0.2267211840
0.6684328818,0.5936032839,0.8942158068
0.8031914793,0.6693759949,0.9282380455
0.6578940514,0.7826290574,0.4867127214
0.7643320654,0.3226698584,0.6060749531
0.3093319205,0.3795063961,0.3027107516
0.4399203962,0.2915384230,0.3554925576
0.0073877516,0.0082645401,0.0087240369
0.9823110787,0.8667064526,0.9131543579
0.4137521646,0.6355904016,0.4324112819
0.1616794750,0.1503896481,0.2488759160
0.1076167498,0.3006860092,0.1530458975
0.6805538822,0.4894400953,0.7365376646
0.9510453900,0.9320885938,0.6032111654
0.0055221975,0.0107943727,0.0185609216
0.8197225987,0.4138244506,0.7488976508
0.9767127068,0.5158243591,0.7830065034
0.7232977186,0.3464418590,0.3416004390
0.1664479820,0.3134029229,0.4779408298
0.8078189208,0.9964074699,0.8332951303
0.3107794697,0.2465933932,0.4601354727
0.4896693868,0.9476659592,0.5325606537
0.7063166753,0.9674309723,0.8803752977
0.4840483058,0.7286897502,0.7681315864
0.9999070165,0.9172090135,0.8625469716
0.1355134349,0.1264908315,0.2270381989
0.1694313396,0.1086613062,0.1795036580
0.6371579985,0.5142557582,0.9423659471
0.5347540659,0.2480230082,0.2165554800
0.4586986634,0.4723834888,0.4410269220
0.6284503159,0.5824321952,0.5224015530
0.1012226480,0.3079560050,0.3373642269
0.1541627225,0.1367758096,0.1408357458
0.5355280131,0.2357071924,0.1988277877
0.1617060278,0.0601902254,0.0729487224
0.8811286817,0.5935767492,0.4001184825
0.4638289152,0.3873305827,0.4354324242
0.4618596850,0.6084683061,0.3087571738
0.5835918171,0.9182738028,0.9170732924
0.0134466993,0.0555948674,0.1041667687
0.9095490330,0.6980534039,0.7470230438
0.6508510823,0.9015140027,0.8573316133
0.0149121550,0.0237261721,0.0391825895
0.9175085325,0.9830302354,0.7200909401
0.9930604622,0.6677306912,0.9515519443
0.0369681054,0.0659611598,0.0275020483
0.4253030716,0.6868549413,0.3374446268
0.6150616038,0.6952049191,0.9593004749
0.8764892044,0.9981747457,0.8264984817
0.2177440131,0.6692286564,0.2938691508
0.9097319895,0.6898775099,0.6212303668
0.2285132100,0.2357015049,0.1183678376
0.2922535697,0.2341719300,0.4692870564
0.5108507116,0.7959243224,0.5103965271
0.8997754536,0.7874010769,0.9423921310
0.3553788722,0.9961392470,0.8625893621
0.2669846504,0.9597734046,0.3340169265
0.2145274361,0.6305084364,0.5457789408
0.8504666992,0.8210408605,0.6779264197
0.6225031305,0.7806417361,0.7791139516
0.2218109940,0.1769920060,0.1363495949
0.3249534852,0.7814547469,0.4946412062
0.5689998020,0.6464082096,0.4190625991
0.3114640248,0.5023626929,0.5480355295
0.1293109878,0.0498226147,0.0476726833
0.0795388591,0.0574700729,0.0702697357
0.3943420842,0.4375281488,0.4925051875
0.5223361306,0.7008961607,0.5831682813
0.4424056649,0.6238596819,0.6027902980
0.3128052625,0.2717038413,0.5977562883
0.3956438137,0.3394290304,0.5175032832
0.6721326679,0.6573258491,0.2962814638
0.3296786816,0.4252815302,0.1953079585
0.5988358775,0.3927334977,0.8225009269
0.0309177767,0.0338544531,0.0431690619
0.4981029308,0.3565279165,0.5406819516
0.1404453723,0.1653218803,0.2847339191
0.2365910553,0.5064155930,0.3839901654
0.0080986235,0.0062209147,0.0024067271
0.5656509329,0.4604457599,0.7282011838
0.7769312281,0.3068291936,0.8183366621
0.3805827914,0.4031599018,0.3664175021
0.1180619872,0.1955176095,0.2491212857
0.4320954535,0.5740173163,0.3334464583
0.5147606375,0.6557324436,0.4356925950
0.2643792502,0.1116381158,0.4561716994
0.6258575923,0.2969005836,0.3429194344
0.4958419678,0.4504745242,0.4256425372
0.9731404104,0.7284896566,0.9153300371
0.8314570335,0.8344216035,0.9144439007
0.1334107374,0.1233394288,0.2936187259
0.3694764568,0.6826376371,0.5633148475
0.6645299466,0.8851815778,0.8097219075
0.8976552203,0.2856536751,0.6977646001
0.8029423769,0.8869081516,0.5332742205
0.3983191085,0.7051265060,0.7801150240
0.4253606770,0.5844407970,0.6498020034
0.3382976215,0.2232755522,0.1612389432
0.5045244456,0.9616234170,0.8936783054
0.9473398988,0.8982270093,0.8908423610
0.6405231839,0.5506661797,0.2294186194
0.9612045199,0.9123174298,0.8256592191
0.0976033552,0.0426280426,0.0905996343
0.0373739316,0.0401980059,0.0728988181
0.9608957101,0.9402533335,0.9695214755
0.4526187145,0.6631875183,0.4418546821
0.4266784630,0.2436135263,0.7286560448
0.0641042366,0.1286123554,0.6267859074
0.7727324091,0.5952448303,0.7985960147
0.2714678917,0.2246253289,0.2329231401
0.5131613881,0.2418862779,0.4084126738
0.9114145901,0.3484697733,0.2804952104
0.2372650071,0.1346034276,0.1676615953
0.0586339640,0.1529114061,0.0858849216
0.0434922007,0.0558994276,0.0279566659
0.6718782622,0.8604911031,0.5384057157
0.8696178386,0.9753947593,0.8641987291
0.6401357107,0.6949487316,0.7252535348
0.7037833636,0.8441710908,0.9080681111
0.5885279923,0.4275350969,0.6750832696
0.8703291058,0.2105182757,0.4264056730
0.2886429552,0.2161143374,0.1272936993
0.0554635179,0.0292541639,0.0303359005
0.3006103012,0.5052775434,0.2798899125
0.5387071205,0.9339501994,0.6359308500
0.2920198424,0.2506651665,0.3642427622
0.4904815594,0.5559469045,0.9249705647
0.8000751325,0.2868484891,0.2601464872
0.0549026334,0.0659868065,0.0957954255
0.9130673053,0.7459074231,0.9400133451
0.8031043171,0.6636831831,0.4847318939
0.9829410728,0.3469163297,0.4706516351
0.5379132354,0.3356481951,0.9569666329
0.4873970958,0.6868905208,0.7774512980
0.0005205551,0.0016516977,0.0008274098
0.4228586155,0.6307076000,0.7893393097
0.3093936682,0.3815018310,0.1825640238
0.1965871507,0.5012135182,0.3862353351
0.7523625751,0.5829781324,0.7854072000
0.5173753471,0.8131779742,0.6035641161
0.8089686180,0.5666155781,0.2856578373
0.5406887713,0.3979063404,0.8142597797
0.3165876745,0.6638631101,0.4812168768
0.7206256356,0.6838891018,0.8169264657
0.4350601053,0.1401850024,0.1174437282
0.4756267325,0.2339223994,0.1622165392
0.0703439617,0.0477914808,0.0836455142
0.4234984540,0.9489108828,0.6812730126
0.2580541380,0.5289444505,0.2342918599
0.0429695503,0.1475644448,0.0611221294
0.0260693491,0.0616382196,0.0759933935
0.3276193582,0.4809636564,0.2683745214
0.5336406406,0.8348887288,0.8344299166
0.5703684640,0.6337548628,0.7611092714
0.1686453342,0.5937939563,0.1791728116
0.8489444198,0.2252568061,0.3347814149
0.5225148617,0.3387956806,0.4289211561
0.2818051575,0.2705440022,0.3864932369
0.0970856060,0.0721941673,0.0250866353
0.0067648336,0.0236045734,0.0164807749
0.1563411604,0.2694935791,0.1827901196
0.7587450277,0.9998203426,0.8318309277
0.1990154317,0.3635292045,0.2599779785
0.5916531379,0.5995205585,0.8342100415
0.9070464650,0.6278526215,0.4405128541
0.7170114858,0.7093513560,0.5745511278
0.3175652341,0.1150088127,0.1849857189
0.5874195222,0.8555947851,0.7402339532
0.9524989343,0.8205863702,0.5997229296
0.8858142969,0.8018287826,0.9181846426
0.5707667171,0.5518494040,0.9955780075
0.7855197526,0.9011569218,0.7910014766
0.3398693483,0.1936048493,0.9831507761
0.0164047393,0.0072404469,0.0193967353
0.3493346190,0.4064267496,0.4209968674
0.1956922398,0.1249689745,0.1975825338
0.8536766861,0.8497816668,0.7875347754
0.3328406162,0.5519398538,0.6519634453
0.8465644286,0.1901196377,0.3839835552
0.4746063111,0.7336261262,0.3668568019
0.9202900522,0.8839500666,0.8780347671
0.2085299992,0.2106382650,0.1674756985
0.0756704600,0.1499595361,0.0399085854
0.3170614764,0.9191889777,0.1717889270
0.2974231251,0.1208051204,0.1555492157
0.1976859315,0.4914885641,0.8157279135
0.4958567007,0.4804444722,0.2728316932
0.2248713324,0.0304685152,0.1467889451
0.5865282430,0.3612098360,0.2480248514
0.9806652043,0.8133413546,0.9497408446
0.9695099771,0.7042474439,0.9328877225
0.6367722287,0.9833760501,0.7061977675
0.4420295592,0.2785001988,0.3188532530
0.4896455668,0.5326698718,0.6980870857
0.4558432404,0.1419543562,0.2647293416
0.1470273917,0.3506096550,0.1971106776
0.1772266939,0.1365955247,0.1513330298
0.4096640215,0.5360328795,0.3137301841
0.2808355709,0.1343082323,0.3031618614
0.4500566775,0.8718471249,0.3480152782
0.0294568094,0.1028924771,0.0898166135
0.8393923169,0.6215920640,0.8603246133
0.7049592675,0.7339256881,0.4941870396
0.9574873059,0.6754118128,0.8787938721
0.6305056961,0.8976524896,0.5608812575
0.7984709465,0.7282562247,0.7925871841
0.2557174135,0.2646935843,0.2309230976
0.1960638772,0.3226971098,0.1390021184
0.8978000343,0.5764184961,0.7113079869
0.9137935350,0.8817335263,0.5783483996
0.3609448462,0.7180633207,0.9665558060
0.5784355026,0.4784627960,0.8807187692
0.0617358609,0.1585268958,0.0726892358
0.4497784563,0.9768357418,0.9131790910
0.2124638359,0.2778500704,0.1525560891
0.9666105744,0.9443273108,0.8212862698
0.9702254921,0.7815581118,0.5494342238
0.5490219723,0.0314610182,0.0527926396
0.0249787602,0.0948174024,0.0294377877
0.0153561913,0.0246101190,0.0108322862
0.5985070217,0.5518246275,0.9154896455
0.7361396020,0.8496739954,0.9771587541
0.7822714755,0.3368202187,0.5411799139
0.2077429064,0.2492921718,0.1299654290
0.5128700720,0.4913238332,0.5068786796
0.2326826964,0.2418510896,0.2132023341
0.6203406126,0.9214139169,0.8163615571
0.4028466639,0.3032865010,0.7405370612
0.1396865343,0.2921959807,0.0907347712
0.2730321841,0.1921715787,0.4286825893
0.1441498991,0.2168935187,0.5599935447
0.3855019988,0.2082901812,0.5757983757
0.0617076985,0.0266522817,0.0594543965
0.2852376652,0.4159908511,0.1095050765
0.9420894703,0.8764663823,0.8827112458
0.7804368451,0.7262520412,0.9165462197
0.9814716849,0.8121247442,0.6952493012
0.2774659175,0.2113054614,0.2051684722
0.3447174200,0.2417897296,0.6439075827
0.6145663619,0.9290983216,0.7715301377
0.5683513079,0.2281855446,0.6823592819
0.8599556529,0.9809848386,0.9655255565
0.2838103217,0.1725279281,0.4062832526
0.1182996880,0.0575010780,0.0912337452
0.7400977066,0.2935792151,0.5616927317
0.5697134709,0.3005021684,0.7470317390
0.3787197069,0.4668734436,0.9377148390
0.1210963199,0.0763307618,0.1520199747
0.7174565703,0.6331622515,0.5180774278
0.0234769542,0.1161793754,0.0730437546
0.2024181661,0.1999342845,0.1297036100
0.0231868177,0.0332388633,0.0203475158
0.5585040270,0.8503352912,0.8695729802
0.3731065587,0.1820657813,0.3893691630
0.2862881523,0.7908811016,0.9156263223
0.2207247266,0.2887350521,0.3813553966
0.1561961783,0.4229337690,0.3600400532
0.0712149186,0.1021024256,0.1188123178
0.6833962266,0.8631667113,0.9580553821
0.9766223347,0.6249468287,0.6917785287
0.7423971597,0.5379360901,0.9343941473
0.0853653635,0.0827428361,0.1009923935
0.2843294338,0.0784563392,0.1346933887
0.5040805015,0.4870650876,0.9160624367
0.8864629145,0.6170176440,0.9794577006
0.4890355810,0.7795881692,0.8262153117
0.5287575248,0.9638572362,0.9109951275
0.9836015915,0.8181085271,0.6300970426
0.8183532406,0.9657037585,0.8076901923
0.4386875708,0.1762924959,0.4417364703
0.7476002705,0.5685943121,0.9081116313
0.2226785093,0.3176160882,0.6075332640
0.1688799483,0.6005570419,0.2302995649
0.6072009251,0.7728633285,0.9510523935
0.2576148066,0.4662056420,0.5433502320
0.8209505632,0.6964215382,0.4162437440
0.3798313765,0.6286272353,0.5475839217
0.7384536244,0.3036813566,0.3254027155
0.8968089603,0.9233442800,0.6538124469
0.9090595893,0.4453297463,0.7615867028
0.2064313825,0.2392443350,0.5115588052
0.5031431276,0.5540159181,0.8901657311
0.8966291982,0.8653692815,0.9403891639
0.5933519505,0.8607666044,0.3821711319
0.8981911553,0.5501638622,0.9670480855
0.5574404428,0.8337923305,0.5574895633
0.8436644288,0.6943013264,0.6448608991
0.0049446893,0.0196788369,0.0359567423
0.7032348766,0.6881801290,0.9933436789
0.7454117946,0.9161850235,0.9532721099
0.4620076117,0.1680783108,0.4254050645
0.4537639405,0.7418864392,0.4663423960
0.1815185327,0.3463783327,0.6982588342
0.7637625239,0.5346042740,0.4046324100
0.1183905366,0.1915481243,0.2467890832
0.2815371228,0.3810508987,0.2204627786
0.7128576179,0.8964964757,0.8259273880
0.5509432901,0.9249116659,0.8512991417
0.8013378494,0.7969253496,0.8331565419
0.2362112352,0.0598103230,0.0711121519
0.2563193748,0.1616739834,0.5596483584
0.9588606263,0.3319418767,0.9204643818
0.9259167540,0.6851788589,0.4390965014
0.6373972252,0.6940054547,0.6796243642
0.3565424123,0.2989360861,0.4430870903
0.5751478387,0.7139865709,0.9483406929
0.1308143711,0.0845905347,0.1408001088
0.7213655574,0.3451015415,0.3767991650
0.5339825763,0.1129533986,0.2073822375
0.6745950314,0.9293476307,0.6142233337
0.8826901998,0.4857323608,0.8671252790
0.7246945313,0.4946628544,0.8068922186
0.8605142877,0.4497634259,0.5726925485
0.7533226628,0.5843480254,0.5742982202
0.4799443055,0.5002558792,0.6824691834
0.6860037534,0.7460993289,0.7469416062
0.4099974187,0.3372035105,0.3804209833
0.5697491849,0.1845733048,0.9977677140
0.0537252725,0.0763088772,0.0677288389
0.7642628398,0.3417281876,0.3855080751
0.1874117823,0.1367837123,0.2203526410
0.0370937154,0.0145895331,0.0098357762
0.1832796771,0.0396582990,0.0513323286
0.6041458820,0.4012901315,0.4889052807
0.3048914083,0.3455627129,0.3682746090
0.1902390735,0.0869868304,0.1149384217
0.6269852431,0.9682584149,0.9147941879
0.4578119576,0.5189360824,0.5868574517
0.9737741727,0.3458625446,0.7439999674
0.9108141958,0.4218311745,0.6168988376
0.5647845948,0.7712775973,0.6785472206
0.5410995898,0.4296165703,0.6707153436
0.6035794253,0.4578566255,0.7712883799
0.9837965393,0.7010973073,0.8940251888
0.1030439926,0.2089045572,0.3512022683
0.7839708118,0.4699970457,0.7513193328
0.6498156009,0.8817622939,0.8972714843
0.9337364078,0.9217091898,0.7275992867
0.9211022506,0.8398505666,0.8844034480
0.6973571855,0.4818745307,0.6414756520
0.0042063227,0.0023313459,0.0060022948
0.0854505589,0.0586004408,0.2084181035
0.0733690946,0.1195652102,0.1415416727
0.4882463256,0.7559030653,0.7132767587
0.0693293432,0.0567409674,0.0383774446
0.2754643966,0.1988474040,0.2561844998
0.4226204110,0.8068241765,0.3336939628
0.4112829343,0.8051884234,0.6149662657
0.1853502235,0.5978294657,0.2704394404
0.4937644239,0.5081185767,0.4784113689
0.4580009322,0.6789001391,0.6006796486
0.8241888476,0.9392331882,0.9804481711
0.4650012785,0.8321075354,0.8887315032
0.0759902238,0.0246995947,0.0456202704
0.7214405972,0.8374139886,0.5527008824
0.0317069006,0.0886887992,0.0397940263
0.7296159641,0.1937168611,0.1584067549
0.7433554629,0.6536112190,0.8404255134
0.2253381093,0.1321916613,0.1071392991
0.8360795522,0.8763157503,0.9008225275
0.2742610208,0.3398141273,0.1791000202
0.3848692809,0.5497206550,0.6524482699
0.2404572377,0.4013579556,0.5855985050
0.4409028958,0.3364445739,0.6096686689
0.3515440846,0.3307415441,0.4151837692
0.0899543697,0.1345581628,0.1124831982
0.4549513080,0.2987852576,0.2140312280
0.7633978580,0.2376913335,0.2530537525
0.4043844443,0.5987096998,0.7938612259
0.8042512802,0.7383591750,0.5146398295
0.0004938946,0.0079098341,0.0016670295
0.6324574715,0.6027394832,0.2717297596
0.6950327411,0.7789950809,0.2727893153
0.8623146631,0.9234023216,0.9967879472
0.8135028523,0.5344929769,0.4507703330
0.0535626731,0.0454247481,0.2202196468
0.4576373940,0.5134134301,0.5104637477
0.8910563603,0.2058461344,0.3546158591
0.4484851513,0.7339305085,0.6826033759
0.4766630407,0.5193024361,0.6586398125
0.9672296595,0.9761960964,0.9887275494
0.2349614803,0.3149235216,0.3896905951
0.6475372198,0.9788383343,0.2491185436
0.0250710898,0.0254899864,0.0705261841
0.1602186878,0.2013755046,0.5378450716
0.5722142717,0.8886522567,0.5257224226
0.3425691429,0.2412453075,0.2122741858
0.4631285956,0.6838228213,0.1436020133
0.9353181722,0.7942459385,0.7140022256
0.4252651750,0.2094353151,0.0627866329
0.9020634404,0.8754935401,0.7695359461
0.3584899691,0.4788424987,0.6059475533
0.0285902275,0.1090961922,0.0565448872
0.6868745259,0.5462502009,0.6400157364
0.6442318085,0.6575963519,0.6855532990
0.4205460582,0.2415632287,0.2591726213
0.8596636566,0.9596930645,0.9672864991
0.9096036978,0.3164570198,0.2120618442
0.6574739241,0.6404833642,0.4880786538
0.4272657073,0.3299099568,0.6693581661
0.2078445360,0.3154909492,0.2125261646
0.4039679105,0.5511325327,0.3074600015
0.0589541397,0.1860696781,0.1134990497
0.3309688590,0.0681209650,0.1533459909
0.7879219265,0.9463287647,0.6822342597
0.0680948637,0.0372402059,0.7412565818
0.0283928341,0.0719617328,0.0408089014
0.5666565969,0.7564556590,0.9829409837
0.6038460885,0.9107555402,0.4421443331
0.1113097974,0.2173337998,0.0957760258
0.2866403713,0.7107726713,0.2127297678
0.4580360689,0.8645616234,0.8894771728
0.6542047037,0.3748383701,0.9326235302
0.5999184345,0.6315246750,0.6902544075
0.8923824463,0.4561062437,0.6003560244
0.0852947913,0.1935105823,0.2064770312
0.5691285979,0.3443865627,0.2609852336
0.1830673897,0.0844156347,0.0915214183
0.0607465874,0.1234561773,0.3496822656
0.4856367734,0.5563590795,0.7900454210
0.2067726390,0.2606766774,0.0973707871
0.9808426196,0.4672008139,0.9373990482
0.0790446060,0.0471883804,0.0699092582
0.4462038775,0.7387367158,0.5880035895
0.8002610244,0.5659378560,0.2518759454
0.9098994504,0.2194588824,0.5931543408
0.8584035856,0.9048312788,0.3989606430
0.2892341419,0.1824381225,0.3157149712
0.1181360058,0.1368027799,0.3488650171
0.4698359971,0.2434180856,0.3141599383
0.5633938901,0.9993513401,0.5681013265
0.4204917568,0.4642742215,0.2272003731
0.6087917726,0.7273872960,0.5944315244
0.2086812566,0.3046580216,0.2219510198
0.5529147413,0.8490392588,0.8914138612
0.1868912795,0.2630287460,0.2591092307
0.1385401012,0.1590569833,0.1803253958
0.7651001619,0.5701753542,0.8018288056
0.5777997773,0.5980920182,0.6363642137
0.7933636092,0.6521366326,0.7324366732
0.1546731105,0.6203868429,0.1746184916
0.2763449125,0.1707560175,0.1360140581
0.9070391620,0.6202477566,0.8897317547
0.3571834211,0.3034045365,0.3427985762
0.3074916575,0.2100106914,0.3053581579
0.1878277430,0.1794294425,0.1438413725
0.1515667682,0.1692474496,0.2995205265
0.4209849727,0.3526823777,0.1147704821
0.7659511496,0.5882312074,0.4909764046
0.0469829181,0.0326270180,0.0311008816
0.7310594714,0.5214105392,0.6292111788
0.5352688614,0.8625022971,0.9452833648
0.0353562348,0.0594509938,0.0791626347
0.4668898840,0.4297614514,0.6306149230
0.5667426053,0.6584006049,0.9545057759
0.2998207335,0.9066722643,0.4236575261
0.9662417318,0.5992977493,0.4632293218
0.5489463383,0.4724372727,0.7393928288
0.0797666607,0.5251199216,0.1142602609
0.6711206575,0.6947039488,0.5604912506
0.1788242096,0.5194600497,0.2623628803
0.2948028638,0.3550408248,0.3353246179
0.0435730621,0.0336946031,0.0338567016
0.9644131531,0.4076939415,0.6327159187
0.8345775148,0.8770032658,0.8822293574
0.9355569631,0.7967823903,0.9939606460
0.6846671825,0.4644001620,0.4220133708
0.9155857755,0.7551283905,0.8773095587
0.1354876743,0.1545066088,0.1406863334
0.1681245281,0.2355663950,0.3370395376
0.1430065150,0.0724602517,0.1885840204
0.9619428110,0.7795531805,0.7953504162
0.4738108101,0.3983053476,0.3505141766
0.4431149751,0.5067202779,0.7729758648
0.9769241278,0.5474146938,0.4459336910
0.4712767261,0.5910426435,0.1851577847
0.5699223134,0.6662582926,0.7610227207
0.1443326045,0.1657765652,0.0993244419
0.5205772664,0.6020901737,0.7527433949
0.6755875454,0.5471213620,0.5885217598
0.0229820833,0.0214515386,0.0517263247
0.6023122582,0.9394243678,0.6639721734
0.9477958477,0.9018011878,0.9098559754
0.7549099573,0.9795559895,0.9116813806
0.8485259886,0.9512425024,0.5963912394
0.7871165653,0.4987949564,0.4435161613
0.2558454903,0.3299814928,0.3635178423
0.6144858378,0.8370905812,0.3385352325
0.7238386014,0.5099744466,0.5324172279
0.0701743903,0.0537924749,0.0726627605
0.3275483842,0.5462056211,0.4126540687
0.2656470952,0.2850491544,0.4009776055
0.4367720778,0.8338822826,0.4199877074
0.5794844471,0.3882713394,0.2020237854
0.5923440514,0.9101690091,0.7109224165
0.1756008450,0.1987944992,0.1760669847
0.3049254744,0.4736312925,0.6341162352
0.2361657627,0.1119592974,0.0945781799
0.7935273216,0.8327458220,0.7745556781
0.1674334686,0.0931157563,0.5538108863
0.8832458941,0.9520863815,0.6827033246
0.8914501092,0.6172713303,0.7365380252
0.8722609772,0.9212306238,0.7687883957
0.3427403811,0.4681418023,0.2690090554
0.4714592445,0.7383705043,0.6261087847
0.8972466522,0.6277956689,0.5045872488
0.7540797338,0.8581068105,0.8002729634
0.9192951382,0.9884723973,0.9851960862
0.1207104523,0.0442195490,0.0615259960
0.8179384890,0.8133857973,0.9061880602
0.2766708140,0.3956166986,0.9469646049
0.7681553691,0.7482970962,0.6658605559
0.5281795122,0.3440286539,0.3668141992
0.6226342071,0.5691918485,0.9269482636
0.6123848088,0.7183169798,0.2542476109
0.4872566845,0.8358889568,0.8614202204
0.8907895294,0.9975151712,0.8649301586
0.1431956591,0.0756368742,0.0510752824
0.0530963096,0.0518939261,0.1007487401
0.5768376135,0.4610531117,0.2779156404
0.8854384909,0.4074974427,0.3883913077
0.2072715407,0.0962720409,0.1898342252
0.7881651617,0.6747579775,0.7477298924
0.4356753159,0.3389349090,0.4633359859
0.0329699823,0.0600504608,0.0827312317
0.5410713424,0.7970858403,0.6145321935
0.9715572277,0.8660334180,0.9070643910
0.4347249052,0.6698798176,0.9600075067
0.6756071327,0.9398982187,0.2364367788
0.1900937883,0.7254548589,0.1928279908
0.4320797304,0.3695615931,0.8439514150
0.0021978744,0.0040565706,0.0022571395
0.3122380929,0.0884954042,0.1094366544
0.2358630208,0.1528491269,0.1386081583
0.3179490355,0.0694807956,0.2710424567
0.1585220620,0.6008464038,0.2634962657
0.7995318574,0.4619963669,0.5202690899
0.4088958476,0.3627638250,0.3530127236
0.1207241035,0.1332910266,0.4141605372
0.7418242955,0.5971913815,0.6718470514
0.9373894251,0.8881013246,0.6825481437
0.5080414684,0.6533032663,0.7068488418
0.9612122563,0.8441877319,0.6335684231
0.7067172138,0.8489201366,0.9142065853
0.6077256420,0.9707420571,0.7737668388
0.9969389497,0.8472029016,0.9257238095
0.6463167992,0.4929552925,0.5952123880
0.7700595588,0.8448652619,0.6795393439
0.9610302658,0.7432777266,0.8289842504
0.9188558189,0.3496168697,0.7153429129
0.8124955276,0.8286548942,0.9419778967
0.4762074174,0.2642490472,0.4982811002
0.1025554563,0.0635720584,0.0726559686
0.7903208695,0.4923640972,0.8672263198
0.2282099283,0.1569923757,0.2351324364
0.7267711422,0.7053871769,0.6707325202
0.3778588632,0.3302745435,0.2076731938
0.7890506988,0.8183785547,0.9771818501
0.8258312901,0.9800386247,0.5549820792
0.6881095793,0.5959757093,0.8479164463
0.9395238272,0.9992116154,0.6358676001
0.1119983921,0.2636074753,0.2111150276
0.2950688010,0.2940248320,0.2401053152
0.2519228470,0.8889314550,0.3621403998
0.1504458566,0.2909726881,0.3345630827
0.0621227330,0.0584161807,0.2289513602
0.2668029282,0.1588031792,0.9059956276
0.7379348343,0.6552877095,0.6603931015
0.5382918879,0.6427816139,0.5113824935
0.4745654466,0.2763332167,0.0937397885
0.7761358649,0.5007325933,0.5413725195
0.8249593939,0.9913847540,0.8745484423
0.9653469860,0.7435913804,0.3187203837
0.8315587233,0.6334846770,0.7526742742
0.0205060583,0.0444485878,0.0440589666
0.4321354364,0.3585967224,0.4044405620
0.3335556069,0.7563811417,0.2982436575
0.0487246816,0.1281684098,0.9163618906
0.8695623304,0.8137394143,0.8168542711
0.1328852783,0.1465162696,0.1293123487
0.1717399866,0.1262768379,0.1904977834
0.9856490738,0.9522751709,0.8642245581
0.6200687516,0.6960005813,0.7681136406
0.2718899229,0.1496409915,0.2826621119
0.0422785025,0.0504059763,0.0315671061
0.4207067710,0.3084920486,0.2726811584
0.8166168482,0.5901861094,0.7179851356
0.6596439616,0.4406162872,0.4043126772
0.3674983254,0.5093142791,0.5177699659
0.2875098493,0.3404381171,0.0997027644
0.3162263733,0.1633772992,0.1125467314
0.1306651830,0.2015023352,0.1514433572
0.7530882843,0.8291230746,0.8270995781
0.8194695170,0.8156767872,0.3352188172
0.1674980067,0.3291469091,0.6948974910
0.6426388064,0.5093184723,0.4799760140
0.6432299097,0.7765396291,0.8616904373
0.4266198955,0.4975451667,0.4556230408
0.0139636868,0.0420180811,0.0152405090
0.1118383834,0.1182988677,0.3769789491
0.6831051557,0.2899627823,0.1647341967
0.2064302494,0.1672281501,0.2279989447
0.9808061168,0.7750024133,0.6352412907
0.5024185317,0.7462106308,0.6822612119
0.2287466837,0.3755590487,0.4170776976
0.5268601895,0.8246461489,0.4118130128
0.2554375540,0.3998179355,0.4199716632
0.6890628640,0.7655845065,0.9226046858
0.0334270965,0.0390336235,0.0751237586
0.8405171470,0.8158343736,0.8245319451
0.7346924585,0.9883030061,0.6885057146
0.5640392515,0.5166654292,0.6208828573
0.8437606033,0.2827501767,0.6952081605
0.6273710379,0.4040852020,0.6807420866
0.2961079402,0.4183738540,0.2990501876
0.6498249138,0.9882418140,0.5658524836
0.3253421161,0.8984997916,0.9107956597
0.5519800340,0.8666170961,0.9292398975
0.6785760024,0.7813125642,0.7324406457
0.0752205497,0.0711831061,0.0430106915
0.2108641935,0.1149861505,0.0525505925
0.3398001245,0.2278606338,0.1169710134
0.1757865290,0.2848989296,0.3128171703
0.1760956179,0.2358975420,0.0790246590
0.8898640158,0.7922261074,0.8512926671
0.7130391261,0.3892046290,0.5069581434
0.3639088720,0.3605436355,0.1195052800
0.7671351621,0.8453748258,0.8957263311
0.5803719650,0.4097532422,0.5749370530
0.8336401485,0.6139976898,0.9788354644
0.3439161722,0.1721625204,0.3448473260
0.1789250668,0.4803027952,0.2812477510
0.3650529908,0.6894616910,0.8965463032
0.1675984951,0.8501061100,0.3044454804
0.5508843263,0.4540834586,0.6885937924
0.7388882981,0.5740314868,0.9505905860
0.4567708371,0.4722973937,0.2653632443
0.5207412309,0.3714782100,0.0913296633
0.9672131676,0.8566585792,0.9711703827
0.7330176213,0.5079270284,0.4329046793
0.1451915790,0.0917931503,0.0600216767
0.1482861245,0.2829084944,0.1972673355
0.1126802026,0.1359510443,0.1304595229
0.4256772198,0.8024286636,0.6278063315
0.5752798949,0.4237461142,0.3585614918
0.7424382124,0.6429657082,0.9090892460
0.3190056401,0.9518417109,0.7683864738
0.9266472245,0.7054545233,0.6344727389
0.3248166285,0.4048818439,0.7942287557
0.6171342039,0.5763657355,0.8764027236
0.5330688490,0.5418981625,0.9775076107
0.2202694532,0.5482452434,0.3199230828
0.3337862473,0.5173135214,0.2037669306
0.2343085066,0.1809438582,0.3225091774
0.6301099908,0.5053183576,0.4597888503
0.6514042351,0.4874194234,0.7532755964
0.9015677118,0.7910161226,0.8353232949
0.9621439878,0.7833336081,0.6553343184
0.8108784035,0.7852432759,0.6156451650
0.1962114819,0.2412696230,0.5557011713
0.1235110852,0.3904967061,0.1420614174
0.6258839288,0.1184786525,0.0993535585
0.2979024564,0.4082081245,0.3457009661
0.7636317730,0.9597458190,0.4884848901
0.2143419316,0.2207972915,0.2456287757
0.4337042541,0.5590482314,0.3692715611
0.9588564834,0.6788164735,0.4855409038
0.5285604252,0.8873685815,0.3204578223
0.1760838202,0.3327633184,0.3031890456
0.7932208312,0.8347718406,0.5175993385
0.3844614900,0.1116475732,0.8136267422
0.3472564735,0.8386432430,0.5315643156
0.6634852526,0.6636109421,0.6910571926
0.4272064409,0.2871784174,0.2179215449
0.2164903182,0.1475004278,0.0857481537
0.4476104323,0.3939583194,0.8682470334
0.3008076821,0.5191171089,0.7028602178
0.7429261000,0.7727778179,0.4414811754
0.4751881854,0.7668132946,0.2974713868
0.5848577816,0.2599074489,0.2148030002
0.5443629640,0.6886376496,0.3673545357
0.8056023120,0.8529695574,0.8973352075
0.5615133995,0.8742381463,0.7243535195
0.7650167811,0.9763410270,0.9805991839
0.0131610837,0.0161649898,0.0323226404
0.4027368032,0.8013522476,0.2646781404
0.7129378255,0.4385866280,0.8340894516
0.8325410072,0.8639665494,0.9366720226
0.3377761218,0.2378374361,0.2823831097
0.3763946124,0.2804659501,0.1534861827
0.9486660413,0.9140890879,0.7581931958
0.4837586525,0.5075109066,0.4035472594
0.3859368037,0.2707356021,0.2878990759
0.5918296761,0.9963847929,0.6343299071
0.2057418144,0.1238559900,0.1740142581
0.1756439150,0.2546018070,0.1475674336
0.7780386563,0.8675346570,0.6634214223
0.9044234258,0.9733168854,0.9875683728
0.6889322746,0.6811516805,0.7837419454
0.4931099180,0.5973627201,0.4644671379
0.5468893811,0.4995327479,0.5169935946
0.0134993129,0.0268627439,0.0461337571
0.8729174436,0.4456752229,0.4687475764
0.4275051661,0.4716929589,0.4777909304
0.6031547481,0.6171172684,0.6518366912
0.9053029584,0.7063213292,0.9713323829
0.2882644039,0.2682967987,0.2276060630
0.0748979910,0.1524136562,0.1335560815
0.5709101621,0.7383917225,0.3940707032
0.3015717835,0.2360745760,0.6898539465
0.0017107310,0.0014898933,0.0123850533
0.0550884906,0.0824507966,0.1614576506
0.3855306300,0.6012111823,0.5014474584
0.2733765312,0.1874013874,0.6065201945
0.9256492500,0.8518714304,0.8711192542
0.2591253605,0.3912152265,0.2621642588
0.1969473642,0.5319972595,0.3704043334
0.2087918518,0.3053648831,0.8405146899
0.9246753098,0.4867436996,0.3454036829
0.0091446395,0.1216427317,0.0116984681
0.7312464603,0.8705422729,0.4556678378
0.8114453704,0.9917263643,0.6589691919
0.9343644101,0.4607460616,0.3203699319
0.5117946009,0.2763911513,0.2011541807
0.1148982751,0.1270594634,0.1205880491
0.7569302068,0.5306346559,0.7613300788
0.3998826765,0.3645491868,0.7141414095
0.7448071814,0.7698446003,0.4613444810
0.0815165379,0.0350352111,0.0243288692
0.7677930845,0.1940271472,0.4824207329
0.5326160281,0.6795580152,0.4751022677
0.1308750228,0.0586028233,0.0920890194
0.0313491864,0.0402302663,0.0413227997
0.3993522092,0.1572549824,0.2534561474
0.7797684526,0.5355981475,0.3627622634
0.7752782557,0.9478972997,0.6032794630
0.1734261102,0.4564239141,0.1648003841
0.4103348381,0.3599605777,0.3844064358
0.9335747952,0.5064681868,0.7661678875
0.8894224777,0.5487769451,0.8766961476
0.0687153475,0.0915100961,0.1698071402
0.3439899151,0.8758696067,0.1940762568
0.3786617676,0.1598861925,0.2315040645
0.5688148364,0.6467446128,0.8027093533
0.8378053580,0.6757970398,0.5547865791
0.6180576288,0.9565826090,0.5701516005
0.0395833614,0.0338461636,0.0338194728
0.0810716751,0.1156103381,0.2176633469
0.3979387127,0.5475790046,0.6881634747
0.3704518943,0.1777451642,0.4031452653
0.6614375814,0.7056108544,0.6200839318
0.2625372292,0.1166309996,0.1329300504
0.8294922076,0.2308694883,0.3734134351
0.8442824378,0.5500734878,0.7145877313
0.7314576762,0.5747207085,0.8044863427
0.3134029727,0.5152399336,0.5555115032
0.9019978964,0.5763951315,0.9477315662
0.7042811638,0.5938694819,0.7950121062
0.0659250745,0.1378072371,0.2380192477
0.5066012670,0.5667695834,0.6713450145
0.4890735139,0.7757808908,0.6004095860
0.1182753452,0.0546744412,0.0788154144
0.7772559318,0.9870400472,0.6743942612
0.7109958374,0.6432486560,0.8893077544
0.0658180507,0.0366184733,0.0970719392
0.5431383724,0.7491050702,0.4313201426
0.6848859528,0.9577484124,0.7646199854
0.1025314228,0.0823282792,0.1331701131
0.5677186466,0.1788439989,0.4866018715
0.2781599675,0.9996960081,0.3530753475
0.6927369860,0.5511990342,0.5492371540
0.1825328048,0.2553649012,0.2741404726
0.3484996482,0.7647853717,0.6413311831
0.1764121969,0.2586307077,0.1291268366
0.5197359289,0.5349179684,0.9465318520
0.4557600653,0.2384200369,0.2487944318
0.2862756968,0.9304364400,0.1867342378
0.9047079313,0.9067790896,0.8826578897
0.3387658616,0.4849202149,0.3460627883
0.0787922261,0.0470088738,0.0490164492
0.1253665764,0.3233658858,0.1562265751
0.5055922639,0.3847897624,0.5722470183
0.7218753826,0.5431321299,0.6810457223
0.6279862976,0.2634134265,0.1845897041
0.5685350560,0.3757267364,0.2110013342
0.8751907646,0.4661600120,0.7503972649
0.9459085723,0.4232347970,0.9078998439
0.3483853061,0.7639005768,0.7028017320
0.7157667508,0.5087765571,0.9873499611
0.9256483750,0.6332155955,0.4525147215
0.4511847123,0.3516499904,0.1360348373
0.3100150383,0.1289512087,0.1053846184
0.2516417151,0.1816584271,0.3989502618
0.1594454994,0.2903189481,0.2892372290
0.9719785541,0.8114764848,0.8914423449
0.0239170383,0.0392294332,0.0405978049
0.3145211520,0.3201252778,0.1018386929
0.7827226140,0.9214794719,0.7519735943
0.4646678166,0.9823784147,0.5042158963
0.6872928943,0.1636804069,0.1137197401
0.6621635369,0.7061886355,0.5381357842
0.6805392819,0.7145134974,0.5946864640
0.9588141411,0.4979600316,0.7755729431
0.1199552317,0.1882934954,0.1451832743
0.1374374707,0.0479028953,0.1446954612
0.2555019798,0.2079648072,0.4951803909
0.8827234747,0.5110341975,0.4990868441
0.5074599542,0.5558077154,0.4678603349
0.7538164021,0.6590940159,0.5591266114
0.4501716401,0.3159082913,0.7752562427
0.3938214365,0.9092151379,0.7048529962
0.5441641480,0.4711497916,0.5968827559
0.6054184013,0.5823819645,0.9531171596
0.6604542648,0.7949280896,0.5465296902
0.9518220045,0.3826862238,0.8434061921
0.2708965021,0.2787470626,0.1614274223
0.0713080541,0.0186118128,0.0561205782
0.7882764762,0.5011794126,0.7563030232
0.0575699976,0.6225597883,0.0583252829
0.0671260469,0.3764759601,0.3488804714
0.9203081734,0.9486078343,0.9344503776
0.4543158811,0.3891708854,0.4256325792
0.2388129561,0.2461499968,0.3440760045
0.5344876228,0.3723328124,0.7389859140
0.5775265242,0.7504019577,0.4968101172
0.6461814066,0.5555694270,0.4697809198
0.3368898893,0.5331316635,0.5678695268
0.3062051927,0.6548679999,0.1787972991
0.8268406343,0.5823556775,0.8659404356
0.9235396807,0.9513155350,0.9374143376
0.0209618221,0.0211160221,0.0529686933
0.8873779759,0.6136932183,0.7977380977
0.0782045574,0.1765999469,0.0545643090
0.3523034068,0.6777671304,0.7553683568
0.0070352091,0.0067424895,0.0031933934
0.4711627369,0.6513152528,0.3970572561
0.3909877461,0.4589724015,0.6831059622
0.4833505866,0.5131143266,0.5041217215
0.9454104653,0.6771450554,0.6655655391
0.5950324363,0.5306143007,0.4382874645
0.7728636285,0.8809866140,0.7525056315
0.6229797389,0.7663220887,0.7269445183
0.6883922309,0.1713051909,0.4048624753
0.0698278542,0.0795764044,0.0880544133
0.5747209172,0.2656400989,0.2882823867
0.8064758419,0.9207316580,0.9208954603
0.7522299588,0.5260209844,0.4113720652
0.0326853861,0.0409051597,0.0610396124
0.9948345352,0.8942828402,0.9482345731
0.0404443301,0.0235321439,0.0417509870
0.5125710644,0.3826770043,0.6480683340
0.5334875534,0.6051651978,0.7119205886
0.5006611669,0.5242539247,0.6918966315
0.2401021493,0.7098995552,0.7914513666
0.3416996168,0.3372948984,0.4072969920
0.3766832822,0.3988980422,0.9474334138
0.4614647152,0.5321749624,0.6712311258
0.2959206037,0.9722202634,0.2027387916
0.6749044923,0.6354756938,0.9692600631
0.9828460616,0.5342471775,0.9690799145
0.1065144445,0.3081594798,0.1454381978
0.6656449365,0.7769370270,0.3724902301
0.9186147172,0.5690773983,0.5076393681
0.6868449330,0.8973864621,0.9165885203
0.0846128595,0.5803967047,0.3935762672
0.4674933439,0.1368478891,0.0953918670
0.0037876768,0.0024299681,0.0106288184
0.6356623556,0.6157039097,0.2409686475
0.6623175695,0.7402605129,0.6253518396
0.8061321287,0.5712259862,0.6480092728
0.6481116943,0.8517038519,0.8249096154
0.7905224300,0.6336079937,0.8097887283
0.7854959528,0.5817703767,0.8263568505
0.6994554332,0.5603104853,0.4380526617
0.6628429705,0.6250470077,0.6692029298
0.5258123034,0.5617671329,0.6232807845
0.3204907159,0.2919974951,0.4425799031
0.4108060851,0.4835784753,0.7445153787
0.1343787542,0.1466695346,0.2480146088
0.8819526349,0.9140688160,0.7873949146
0.7681472281,0.4823856542,0.6886621221
0.1833298341,0.0885787810,0.1793303295
0.0698716529,0.0904851101,0.1573221078
0.6814331922,0.5829896214,0.6043239032
0.2319821587,0.2529871131,0.8079097350
0.0351098737,0.0661703218,0.0598629562
0.6721062644,0.9841028199,0.6080403817
0.0394862507,0.0471388309,0.0974373158
0.5930041916,0.9833387017,0.9852145655
0.1527834673,0.1309002781,0.2110076750
0.4807253113,0.5666498214,0.2978765602
0.4727009027,0.7137441022,0.5300759736
0.8433783084,0.6380278314,0.9267806870
0.5790927657,0.7968442540,0.4964221995
0.4621293929,0.5638398220,0.2419047209
0.9349570968,0.6637554177,0.7983488677
0.1304312446,0.1552879706,0.2345972319
0.7704133171,0.5423048260,0.9227468293
0.9469270868,0.6889835780,0.5458430866
0.9745305819,0.9418695913,0.9714957265
0.7431859058,0.9264542870,0.9099212758
0.6949287685,0.5278441349,0.7148393946
0.3650094822,0.3988671327,0.2572385392
0.1855962623,0.2981271286,0.1779833177
0.7240860037,0.3052944259,0.3763733422
0.6569060217,0.3544512547,0.6898112732
0.2839146702,0.3930054304,0.3745860494
0.2703251049,0.2570801338,0.3055384886
0.6331233455,0.5739776090,0.4312348705
0.3745718542,0.5323974459,0.1757903496
0.3829417982,0.2498816905,0.3889685180
0.8449107956,0.8253108487,0.5202857919
0.8656180454,0.8577983023,0.3424024738
0.8558686438,0.7519474380,0.5620095812
0.8783057751,0.7229811741,0.7036031086
0.4271701686,0.6470853110,0.3671614491
0.5258548686,0.4368896716,0.7032571633
0.1164752622,0.1203929192,0.0471216619
0.2989934140,0.9208849865,0.1817366520
0.6410380422,0.8367888281,0.5333216650
0.8873305692,0.9080721469,0.7760060777
0.5127914981,0.4646351937,0.4305565220
0.3261531380,0.7187342725,0.6622186460
0.6535422691,0.7151288321,0.8068748447
0.5286306808,0.7734299422,0.8504342708
0.8863747767,0.4334512810,0.3786504513
0.8810778859,0.3253502752,0.8533098310
0.6683921836,0.4391557837,0.3695429983
0.8094510427,0.9981757170,0.8640894435
0.0874134336,0.6751650378,0.0989691538
0.0906621818,0.1882991884,0.1728307606
0.1776736826,0.1508511390,0.1297800604
0.4533916638,0.3500630811,0.2786472755
0.5472622893,0.5858026431,0.4826294770
0.2951692525,0.3141172833,0.5055624087
0.0745578289,0.0710323612,0.0543751059
0.6428033324,0.8706104379,0.8432384372
0.0728683123,0.1250059631,0.2324129885
0.9937080104,0.4274858736,0.6766209586
0.1830216177,0.3077779436,0.4658630844
0.1456976884,0.3636144221,0.1837604309
0.2383133452,0.0883995420,0.1886865732
0.6131568829,0.5522763686,0.5089193598
0.8273825850,0.3538982834,0.5032525614
0.8231567732,0.1042460322,0.1175505756
0.5623533352,0.5077783849,0.1887184259
0.2274751105,0.1366772336,0.1853516857
0.0939327133,0.0399546935,0.0216768718
0.2895557459,0.5689521147,0.1020365686
0.5187190769,0.9356916633,0.9427821133
0.5762808452,0.6583176874,0.6471117113
0.3184903028,0.8102671081,0.4072157547
0.2347223655,0.2997188951,0.3632469352
0.1756537187,0.2481021736,0.2015310303
0.7474641227,0.7597850692,0.3536553683
0.3822920415,0.3059191219,0.4393016766
0.7263661634,0.6088115379,0.5255156401
0.9060570651,0.9597484275,0.9209233065
0.4856910836,0.4455917931,0.5487823115
0.3504336869,0.1390140089,0.0927316841
0.3588551073,0.3748505487,0.4837258078
0.5509623442,0.7191964089,0.7778849992
0.2011630728,0.1441832540,0.8975764425
0.7176947556,0.5314376274,0.3688924175
0.4789430414,0.5141727238,0.5473324411
0.0148728959,0.0190279749,0.0187644206
0.0281369133,0.0230367532,0.0215846444
0.0485978412,0.1799717306,0.1083151194
0.4411028508,0.7129988775,0.7613754201
0.0085822613,0.0067898637,0.0063362738
0.8564645403,0.8241896177,0.9934934868
0.6971517213,0.9955529998,0.9705025374
0.4258622901,0.6071384313,0.6682153238
0.0317911593,0.0241025782,0.0351738064
0.0442172780,0.0547410657,0.0485621880
0.7631705204,0.3672957583,0.3819776529
0.9392443779,0.9914349404,0.4599792088
0.4206451891,0.3591596493,0.3850430102
0.4841930543,0.4036640006,0.4698488674
0.6048196209,0.8286917912,0.5258797752
0.7945997317,0.8991353180,0.8561640230
0.8930461627,0.9011216039,0.5729182985
0.3154769282,0.2190144821,0.3638809955
0.9642993154,0.6110604976,0.6128112584
0.2468368775,0.2726135283,0.2355330043
0.1252908265,0.0401904311,0.0459335461
0.9785669067,0.9262467956,0.9243958103
0.9289196159,0.8441869837,0.5569801650
0.4504140290,0.7840470644,0.7506674787
0.1303927343,0.0663612103,0.1878529013
0.3959069874,0.4388908038,0.7707105609
0.8853632967,0.6290383466,0.8749926561
0.8992117319,0.8143856902,0.5631096848
0.1765005132,0.2336967556,0.6467787145
0.9435466155,0.5506763290,0.5307448840
0.4444443320,0.6248699721,0.3141276774
0.7566765801,0.7619635606,0.9812781051
0.6325417064,0.7146764686,0.8666451777
0.2750194618,0.1922039320,0.2289145566
0.4985316167,0.5736448614,0.5812027935
0.7337884442,0.6922344915,0.6160469220
0.4891908556,0.8261434807,0.7434657393
0.8582188028,0.9771366304,0.7845733103
0.8121761426,0.9590897950,0.8691364601
0.1907628001,0.3067717687,0.4519852849
0.8907092231,0.7846450965,0.7476403562
0.9883593210,0.7587796149,0.9537227826
0.1901705968,0.1705160832,0.1849249765
0.8655257059,0.7337473982,0.5484863330
0.5264028459,0.6145385410,0.5474157995
0.2268609451,0.5022412657,0.4980940117
0.5897017408,0.5458615699,0.3983433910
0.5599946890,0.3422212905,0.3186459270
0.1013794445,0.0151164823,0.0086008350
0.0482096197,0.0795895374,0.0762500249
0.1307353680,0.1372965655,0.0897120252
0.6776533325,0.8637874289,0.8077450127
0.7502042473,0.2799654044,0.4960034234
0.3554251809,0.4349372327,0.4526392857
0.8695750410,0.8640678551,0.6958316823
0.0193591833,0.0489727993,0.0661228709
0.4322857519,0.7228180925,0.9375385506
0.6986567497,0.8377447154,0.6317951339
0.9340135283,0.9447054199,0.5725433119
0.3663767647,0.0911077293,0.1000124083
0.1042508684,0.1104021360,0.0886782910
0.0055174803,0.0022822105,0.0023923136
0.8710331610,0.2326046631,0.4085992186
0.3905932643,0.3483201301,0.1974787988
0.1086614295,0.0512395007,0.1636157955
0.4901682276,0.5272665551,0.6631967371
0.0213670680,0.1322323114,0.0240400809
0.1776172778,0.2077715178,0.3472434809
0.0256824689,0.0423893416,0.0421192022
0.6870572625,0.6191487496,0.4377270741
0.1690093868,0.0633204127,0.0917706250
0.8873649029,0.9057049052,0.4857670657
0.2834541359,0.1772012550,0.7413232195
0.0413211287,0.0121706246,0.0106854256
0.6416718819,0.1085742751,0.1505248434
0.3645656771,0.2422772332,0.8588758101
0.4861039539,0.7252835620,0.6697974658
0.3876751997,0.4845501252,0.3095991067
0.7236324296,0.5988531298,0.7458818261
0.0519349298,0.2252831083,0.0567700143
0.2295066502,0.6638937520,0.4471246698
0.0262006659,0.0650690486,0.0792377686
0.4541868297,0.3305664288,0.5462911116
0.9874820953,0.5873274802,0.4482424458
0.7569757479,0.6069015932,0.5523836161
0.7759644965,0.9639390996,0.9084998083
0.0007851651,0.0010836550,0.0008189486
0.8780918545,0.5013193707,0.7002019269
0.6827485354,0.8510970494,0.7009273190
0.1459653985,0.0938739346,0.2202449488
0.7239105854,0.3655529193,0.6065290852
0.0762173485,0.0346630807,0.1557282223
0.2471591803,0.3937239461,0.6838881353
0.4132452975,0.9570394202,0.7349563603
0.1745951770,0.5680269987,0.2505806706
0.5181315126,0.2363342873,0.1394249135
0.6478013831,0.4243388297,0.3442185543
0.4653371586,0.3092911226,0.5937057357
0.5660012738,0.3793646848,0.3640011403
0.1109127194,0.1423644713,0.1821943956
0.1937170026,0.3144218838,0.5920321811
0.1093233260,0.0509886263,0.0920304354
0.7856444002,0.2868855777,0.3156349186
0.2725420937,0.6329950217,0.3725425416
0.4587560127,0.4291607729,0.3584950134
0.1426680048,0.0830962184,0.2920851186
0.2463737298,0.0663749374,0.0687685376
0.3648017838,0.2984753653,0.1398513535
0.8846408798,0.9918710474,0.7136945303
0.1142917219,0.2328802653,0.1791748146
0.8648268027,0.7943199090,0.6069454363
0.9317305451,0.9270099969,0.7392011468
0.2512701095,0.8209284583,0.2595450555
0.8402160430,0.8719038501,0.9307212466
0.9952574794,0.6589768962,0.6881725491
0.3406006526,0.3648447190,0.6377135349
0.8057363590,0.7297722900,0.9050438262
0.3933669311,0.4185759631,0.5352195946
0.8630424902,0.6874517947,0.5554894445
0.2793808923,0.4177447779,0.7259385928
0.0198796929,0.0229097430,0.0214055882
0.5070448185,0.4844897003,0.9054961413
0.0893163434,0.0879317272,0.0993230684
0.4650176759,0.0475292881,0.0748510297
0.8041030322,0.9449240236,0.7201543250
0.1563353848,0.0754398379,0.1544019132
0.0793881576,0.1991341160,0.0726457486
0.9722427797,0.9487691247,0.9160424624
0.2143079859,0.2008565044,0.3303409866
0.8216988003,0.6224271021,0.9783113844
0.4480494571,0.6771626138,0.4578076402
0.4708403304,0.5413390110,0.8796541980
0.1259265716,0.0629743668,0.0941706406
0.2129244248,0.1909633447,0.2806987312
0.6862039407,0.6202299960,0.7435246020
0.7362916476,0.9392899629,0.8312051405
0.6095056376,0.2679525081,0.1100880416
0.6988810032,0.9297264287,0.9764457508
0.5342230191,0.2992522987,0.4661864485
0.7351226607,0.5972146986,0.9771387719
0.6615270476,0.6296474510,0.8287876567
0.2456187371,0.1249618002,0.0883750326
0.3088541367,0.2621599458,0.4750576107
0.4506975998,0.2051178939,0.2442367460
0.8630620249,0.9837333518,0.8310440699
0.7395009923,0.6926824731,0.4773660188
0.7790392903,0.7936272211,0.9634108195
0.1813674506,0.5896831797,0.3175164462
0.8221119510,0.8662832037,0.8120204596
0.3393846650,0.5476781025,0.5283671609
0.8785023160,0.7121862689,0.8845640507
0.0012849039,0.0007606619,0.0040706541
0.7394997761,0.9779862718,0.6245496587
0.1779755086,0.4558291539,0.2628451608
0.3552938424,0.4862888252,0.3347430424
0.7640468818,0.8400492345,0.2765171458
0.2746064418,0.4489673217,0.3186298712
0.4451380250,0.8881479681,0.7874047612
0.8200930197,0.9575264071,0.8394195466
0.3082525712,0.8103057149,0.6256200715
0.1334564603,0.2407233609,0.1428525004
0.7150580838,0.3346473398,0.6862625531
0.8440940109,0.4701208329,0.5644935367
0.3369971393,0.4339848349,0.4334089263
0.3462408921,0.3223336642,0.3356759427
0.3589344073,0.5338418336,0.3351244599
0.1010644163,0.4210143471,0.2310348985
0.5254280575,0.6171754412,0.4304837857
0.9563117213,0.3717569297,0.5442157938
0.3442628544,0.1332429730,0.0836363367
0.0254782987,0.0178959493,0.0081121677
0.7374557861,0.5390752591,0.8920848853
0.3612498212,0.4452376662,0.4990007658
0.2164369683,0.1317166741,0.1524615325
0.0401543961,0.0182858169,0.1682309472
0.9394500424,0.8766070843,0.8097289931
0.0505611367,0.1896313006,0.1494979932
0.0863991423,0.0667279694,0.1005528623
0.6679621357,0.1013340024,0.4075870069
0.2060932873,0.7113897243,0.1232212160
0.7647410991,0.7796769430,0.7983336802
0.4056354010,0.8233450162,0.5697371735
0.0404786883,0.0458451285,0.0466822015
0.4412819328,0.1947151016,0.1527615002
0.9895247070,0.5891322799,0.4229186349
0.7784033705,0.7683458677,0.3801774115
0.2921877420,0.2777017802,0.6693814650
0.3184249646,0.5972364047,0.5935691717
0.1210904815,0.3684394554,0.0956717255
0.7317838644,0.9345140015,0.5413998778
0.3533395633,0.8121477283,0.3915538341
0.0333834033,0.0432302785,0.0079157953
0.9100747366,0.5822020856,0.5676832573
0.6182699983,0.5833601923,0.5219768614
0.4198210536,0.5074601173,0.8685212984
0.0744191551,0.1845271979,0.0567998072
0.3218695887,0.6104451460,0.8093570440
0.2439902748,0.6506657819,0.6900741867
0.0921709020,0.0448197468,0.0543372624
0.8616362698,0.5517025878,0.7880295272
0.9556490164,0.9922003237,0.7400296244
0.7618247886,0.4557234704,0.8242545407
0.5026923597,0.3798574847,0.3772582856
0.9872682890,0.5021303971,0.9037479023
0.9839499513,0.9543780898,0.8711204839
0.2787844659,0.3035694492,0.2242947689
0.9524482568,0.7409097684,0.4340851117
0.9506866099,0.5156058881,0.5697669485
0.6650190269,0.9324681408,0.7705921529
0.6416299748,0.3488857654,0.8920137368
0.4434051290,0.4845391025,0.1786970891
0.0574571231,0.1494421351,0.0285431549
0.4298635853,0.5816609006,0.7293840557
0.7513990240,0.5943013335,0.7283592006
0.0204010778,0.0295420798,0.0166104689
0.3461998526,0.5656403467,0.3541621245
0.0824416074,0.2631520799,0.1032649723
0.3244466851,0.5665115527,0.2420922326
0.2055075285,0.3595646959,0.0700145199
0.2798414211,0.3649955252,0.5261229283
0.9702029505,0.4699946533,0.9069949578
0.3888743467,0.2787203288,0.3343510672
0.7986697498,0.9030055235,0.5997104496
0.5993723697,0.9793712565,0.4850489227
0.0296505974,0.0756091186,0.0521741933
0.3046671787,0.4040889139,0.8762654972
0.4255311842,0.8225476679,0.5991815293
0.6028976436,0.4016084901,0.7700349240
0.5509709919,0.3419584413,0.7466450676
0.8712564350,0.9971347747,0.8447670244
0.5755098418,0.3469938677,0.5404434183
0.2143641347,0.5305530201,0.4187555705
0.1306894508,0.0727144462,0.0898844576
0.9108168636,0.7042057378,0.7893941078
0.1953766132,0.2120560770,0.3599614414
0.3671607552,0.2990028916,0.4118331337
0.0922663805,0.3254211782,0.3947091223
0.4528873221,0.5155809918,0.2926189055
0.7473465130,0.5767734858,0.5494089507
0.9134930354,0.4099823338,0.6496114552
0.0889377399,0.1685296264,0.2224874311
0.2096743168,0.4170483084,0.2190157726
0.0783844648,0.3183429493,0.2683301248
0.5681982886,0.7370777202,0.4271155554
0.4014313689,0.3261710726,0.1921792957
0.4601657456,0.2755563548,0.3066489964
0.3947387250,0.5017854623,0.5676126201
0.9110184390,0.8956227307,0.6191210792
0.1194705179,0.1409598975,0.1522867917
0.5273257593,0.5235677640,0.7029653546
0.3029452207,0.4667889289,0.3643217999
0.6027709267,0.4191288192,0.7055663326
0.1633016876,0.2194311848,0.2756534073
0.8035216194,0.8138982275,0.8506343855
0.7286357393,0.9878512594,0.8266858868
0.3901828562,0.3418121461,0.4441788355
0.5388296443,0.6261222523,0.8942788829
0.7299806718,0.7618949198,0.7985371642
0.2431051514,0.3380033283,0.3976750839
0.7540805655,0.6823269348,0.8649823664
0.5439294825,0.4533189028,0.6589498784
0.9318644738,0.7957247822,0.9639088239
0.0547025789,0.0388342751,0.0476805585
0.5962780203,0.9814559857,0.8419763797
0.2336826548,0.1779820617,0.4315271239
0.3147366193,0.5155865318,0.4099889334
0.5921482391,0.2360783382,0.2909662691
0.2157830826,0.2437408814,0.2817869553
0.6795251306,0.7561435246,0.8641726323
0.6442238061,0.9874220846,0.5078166941
0.5639244962,0.6030657088,0.6148576239
0.0593842072,0.0373850609,0.0610618648
0.2959657889,0.1341061978,0.1042128536
0.6437660698,0.6888313158,0.9783999669
0.6456988890,0.1791637702,0.3455001785
0.1902364217,0.1173443770,0.3227288814
0.4725556031,0.7754743059,0.7166996840
0.1424367184,0.1479241731,0.3770145704
0.9056653033,0.4216945865,0.5378768349
0.8249478721,0.7498354214,0.5675757576
0.0346426409,0.0544311771,0.0905445558
0.6878372540,0.7786163186,0.8307503867
0.7362451975,0.5202935688,0.5605941095
0.0671932425,0.0629275805,0.0577825823
0.2990288580,0.4675464076,0.6350680366
0.2609137231,0.0948661713,0.0792940881
0.7459619273,0.4532353128,0.6369010340
0.1846082842,0.2847147464,0.1655136163
0.7338061224,0.8260459098,0.5932372772
0.9986589130,0.6617870172,0.4693947997
0.5549442546,0.8056620097,0.7302471084
0.9497438521,0.5392616936,0.8632885928
0.4687996934,0.3831953930,0.4218058660
0.6738822892,0.9048769939,0.9521127875
0.3775708128,0.3175332354,0.6527230355
0.2010973674,0.1696570779,0.5301999154
0.0946432502,0.1231866897,0.1366077692
0.3254297774,0.2826241034,0.2324250948
0.0969053296,0.1599187103,0.0944338591
0.8975972156,0.9472059000,0.6363936278
0.6084783667,0.5093469365,0.7984772677
0.2901545877,0.5299754054,0.2218545555
0.1286942757,0.1427952046,0.0648545115
0.3003080870,0.9162816765,0.5492000806
0.4603245062,0.1873741047,0.4388922974
0.2989772451,0.8409828133,0.1597967668
0.5661611635,0.7093124616,0.5953987081
0.2345117384,0.3647406386,0.1674163578
0.7050670634,0.9434420868,0.8755053287
0.8327547286,0.8025836899,0.6115883064
0.4026473860,0.8391945083,0.3801707885
0.6432321489,0.6344273043,0.7037585587
0.7620669370,0.7572638373,0.8042864344
0.7555797526,0.5494214367,0.5134484426
0.8339890860,0.7831249619,0.9441621161
0.4504372104,0.2601559737,0.1764422587
0.8846826368,0.8737539634,0.7834621549
0.5596418490,0.8638354885,0.5709001141
0.5523018417,0.8347615562,0.6602495114
0.4419155161,0.3910031728,0.7085064063
0.7135230158,0.5653449042,0.6659683278
0.1385173850,0.3206480828,0.3626749911
0.4786489631,0.8981141187,0.8796300976
0.0459098890,0.1302332393,0.0714296128
0.6615900621,0.5627314872,0.8429483569
0.6941862144,0.7471355068,0.7234397349
0.0830039870,0.1620284443,0.0468566751
0.3372568218,0.4237380690,0.3052029085
0.8843804464,0.8274621107,0.7213556867
0.5627944496,0.7749952353,0.5591155863
0.9361013244,0.8293544304,0.8372007752
0.8641799583,0.7446690145,0.5517417344
0.7467185248,0.4045928100,0.4754339431
0.1062323103,0.2681506263,0.2640240600
0.7729070629,0.8920810082,0.8955058543
0.4067547302,0.7592579597,0.5528489362
0.9734051148,0.4869974686,0.9776724867
0.7729076093,0.7612058585,0.8627013534
0.4793530212,0.4726377574,0.2695046389
0.9611249976,0.5082650160,0.6345905380
0.1237900959,0.1399089068,0.1727031964
0.4085072788,0.2508132190,0.5624323514
0.5603163594,0.8367694719,0.7735838831
0.7702783344,0.8445998404,0.4367553725
0.3203434107,0.1001457869,0.2053382960
0.9313309510,0.6879094047,0.4797314992
0.3394180369,0.0547169443,0.1271715513
0.2673154100,0.3486929576,0.2552799802
0.3134142058,0.7128186975,0.3803355075
0.8940768086,0.9745039763,0.7686580436
0.7075997220,0.7899250220,0.6780743469
0.3308895927,0.0871260610,0.1882393028
0.3957121382,0.5743711968,0.4298613071
0.1781692000,0.3691590172,0.2343582562
0.8931141940,0.8804034759,0.2782158232
0.6378207097,0.7560690410,0.8763616343
0.1993997826,0.2399274899,0.1197423855
0.6979703300,0.9357263547,0.6717402401
0.9213209616,0.5080665776,0.9869845520
0.5726424988,0.5687796319,0.6039772895
0.3785460701,0.8641687213,0.4345721080
0.1860683681,0.3524408723,0.4402596697
0.9996015244,0.8802521774,0.6895970568
0.2305517726,0.2721950651,0.4925309181
0.4298653913,0.1053325899,0.0741421591
0.9158611656,0.4425120224,0.3680532883
0.2563372893,0.1563044475,0.3165896843
0.1376456395,0.0998837527,0.1617249636
0.5116861357,0.7149310015,0.9467598550
0.7030272476,0.4851463757,0.6754901017
0.5009255620,0.2599594160,0.4144014548
0.6306324158,0.6792930620,0.9228370318
0.6048590365,0.6424753883,0.9470975485
0.6009988808,0.8430564699,0.9905104907
0.0927534914,0.0843802874,0.0916124424
0.1665220387,0.2154313611,0.1668787058
0.7296536688,0.8352592571,0.3998691615
0.7835151390,0.7659215539,0.7822458580
0.0221038041,0.0271955320,0.0396543028
0.9107847616,0.8013146716,0.4588015945
0.9396353824,0.7150112642,0.8624285604
0.5415390183,0.0853403247,0.1348421111
0.2705799480,0.1989336345,0.4888356048
0.0018149647,0.0019487007,0.0025496231
0.8316879547,0.9166804391,0.9454737027
0.5536286705,0.9490135016,0.4946491129
0.5153070144,0.4769045986,0.4497928310
0.5227051650,0.6836095614,0.1834436173
0.1554105461,0.5070491458,0.2284378866
0.0901218285,0.1026780154,0.0616195803
0.1724161590,0.6749286385,0.2140495789
0.3689362940,0.4934349459,0.2917446736
0.5069721119,0.7987750283,0.7796343966
0.1649493984,0.7072842038,0.5198758383
0.6405415763,0.9010490558,0.5378827942
0.2799607598,0.1506962324,0.1930372796
0.5101235099,0.1948875438,0.2802879700
0.0150990172,0.0249751364,0.0246578696
0.5996357721,0.7881797679,0.4802900250
0.3755285330,0.5712525027,0.8514154256
0.4183374290,0.0976692296,0.1377427255
0.3578985042,0.4359460772,0.3011774980
0.3708112461,0.6782243903,0.7761905797
0.8269546425,0.5334414508,0.5471691612
0.0192601544,0.0212875584,0.0139224975
0.4913841590,0.4092249816,0.5899130099
0.9534352342,0.7569332064,0.3372542116
0.0343604057,0.0374536944,0.0207921985
0.7810932664,0.5672814793,0.2350302870
0.9117827096,0.8891936527,0.9380861917
0.0224990230,0.0230030406,0.0396842181
0.8144463701,0.7588500903,0.6942273571
0.5158352161,0.4855745413,0.2674851746
0.9893260522,0.5169389340,0.7827554282
0.4926184034,0.5236782069,0.9376537599
0.5777580685,0.6672512012,0.5566682439
0.2649105664,0.4759135607,0.4845751754
0.5632246754,0.9469062954,0.7907423687
0.7150010050,0.5554516227,0.7176340338
0.4446040111,0.2432942869,0.2328824494
0.0651937860,0.2138713379,0.0944956786
0.7251030457,0.4656563982,0.7883338169
0.7988523120,0.4102243621,0.5412000698
0.4939148059,0.7335992539,0.3602261858
0.9160728682,0.7813124755,0.7568209149
0.0832190829,0.1108395950,0.0477714850
0.9843396675,0.8190259875,0.6220588112
0.2609611763,0.7936726300,0.2055641388
0.0357697916,0.0452545954,0.0226109855
0.3307028898,0.6542989214,0.4520373112
0.6386540153,0.9036013636,0.7418858171
0.8714334195,0.8840150210,0.9595563700
0.3544011414,0.9891496526,0.7524946058
0.6524137590,0.9706057914,0.8316092596
0.3257826915,0.9267050578,0.3830641465
0.0951670308,0.6080134691,0.0872601599
0.0565845455,0.0544791866,0.0685649799
0.9375703279,0.6079310350,0.7738921880
0.0691230214,0.0664318116,0.1489384685
0.6735307413,0.7610551576,0.6738961036
0.7248973032,0.2377502836,0.4912421152
0.8219485712,0.7186517506,0.7679961313
0.6117604758,0.8577968182,0.6698769030
0.9619404254,0.9030475231,0.6210622971
0.5468106810,0.9732119048,0.7835371929
0.3493728460,0.3190296367,0.4311893214
0.0294318438,0.0328630690,0.0262299313
0.7505716722,0.8341680532,0.3517196202
0.3980216807,0.2665941745,0.3257762548
0.6672480344,0.8901266062,0.8703650269
0.1642422134,0.6736700049,0.4899678751
0.0633798560,0.0833036624,0.5341846738
0.5625339451,0.5574741237,0.1823525503
0.2631107808,0.9370237963,0.7276362413
0.6712491573,0.4096527912,0.5673092711
0.9721135787,0.7805159397,0.9782123678
0.0234249439,0.0520480788,0.0708052000
0.8581908517,0.5031414670,0.4658334114
0.5661942229,0.5568552136,0.9366531136
0.3093209491,0.6305525546,0.2422176635
0.7487402659,0.6130289761,0.4501203541
0.5383763725,0.8458525486,0.4259262410
0.3986965142,0.5316334654,0.2830457354
0.2994178313,0.2680472302,0.4844618792
0.4956007625,0.3462301591,0.6869674188
0.5644206130,0.6441473474,0.9584394082
0.2650141478,0.0850398548,0.1002444607
0.7558711130,0.4913902757,0.7627402227
0.4016142243,0.6543805568,0.2935306147
0.7132428264,0.7426966440,0.9736473687
0.1321522290,0.2309835241,0.1966611038
0.1381414755,0.2309860361,0.3158560330
0.7443406935,0.9195284742,0.7645491217
0.6502800293,0.5969937315,0.5943625228
0.3597544233,0.7515286044,0.3098024778
0.4815269541,0.3245117473,0.8274223227
0.7084252013,0.8844477960,0.8679597740
0.0287097165,0.0179980230,0.0214461000
0.5253862280,0.7477108850,0.8203222125
0.3628421605,0.3331993590,0.2671010306
0.1800985802,0.2249021972,0.2145630426
0.6369148048,0.6241661452,0.5049322183
0.3312511502,0.3380691972,0.2824151733
0.9049972057,0.8231840872,0.9221604825
0.5809088437,0.3450317384,0.6027088012
0.2015200242,0.1101225880,0.3228709713
0.4472875915,0.3048785156,0.5738568808
0.1796375942,0.2369527150,0.7093139479
0.7181006364,0.2891165546,0.7674968530
0.7747683896,0.9510561357,0.6918800041
0.9393814493,0.5757047953,0.6603078834
0.8926661713,0.3945982194,0.8973843719
0.5752748612,0.5067659638,0.3602410996
0.4464556457,0.7097256938,0.5737481935
0.1877809602,0.1092794508,0.1033821792
0.5767182800,0.6301524669,0.3996164424
0.0613978339,0.0684433798,0.0400907676
0.7033454746,0.9968368561,0.5360348796
0.2549431260,0.2389143791,0.3137521060
0.2285508340,0.1534987203,0.2703836580
0.4272025843,0.6749600182,0.5558488629
0.1421867045,0.1795749945,0.1367629556
0.6621959127,0.6941659593,0.5500600818
0.1129622822,0.0592025017,0.0612083399
0.0656893293,0.0378006061,0.0365091221
0.0066935284,0.0061128941,0.0072559241
0.0370883816,0.0217940606,0.0443043800
0.0749281926,0.1217141087,0.0567243722
0.5585726919,0.5497741155,0.5452547024
0.4937041826,0.4296439693,0.4165641745
0.1487538211,0.8874535286,0.0624374812
0.7259011762,0.9688075326,0.9975570239
0.5189034999,0.7040586001,0.6724339696
0.1328913727,0.3657408262,0.1352562305
0.9271071050,0.9921293258,0.9033428916
0.8256638022,0.5511062275,0.8318953955
0.5431747587,0.5811644516,0.5272302924
0.8265338484,0.7410539704,0.6433125940
0.2978504617,0.1659702878,0.6308868497
0.7450727705,0.5615851450,0.5746064762
0.5347987991,0.3587767024,0.5286429556
0.7060102145,0.6845652417,0.2626055981
0.9990520449,0.8622037289,0.9901925433
0.5546334183,0.3999167263,0.6971800156
0.6778711138,0.4370487619,0.8186933903
0.1775111453,0.8201501820,0.1113492798
0.5966188874,0.6849917883,0.6446325344
0.0454848950,0.0284837323,0.0255236476
0.9352883147,0.4788433649,0.9276564614
0.8353438522,0.5883276494,0.6108506116
0.1355799986,0.1293464345,0.2397531337
0.3399409611,0.5422510229,0.6446654906
0.0316363139,0.1912779363,0.1359153973
0.9850465660,0.7112204421,0.9601937729
0.7336414469,0.9303469090,0.9581070536
0.8677211222,0.7163797075,0.7161108585
0.0806318195,0.1350707832,0.1359810174
0.4880911692,0.3641880116,0.6685540316
0.6344791616,0.7682578589,0.3163229828
0.2803855691,0.3683643568,0.3390080403
0.1125246460,0.1963976426,0.0677741118
0.4404548512,0.3785241675,0.6417402749
0.5285086830,0.3804634807,0.4119085358
0.5702631584,0.5596803327,0.6016454907
0.4558569961,0.5032156283,0.7783978443
0.4669406587,0.6064368395,0.2609048118
0.7130803967,0.7322566831,0.9017395512
0.9288407054,0.9367475294,0.7667800967
0.0830340488,0.2754970406,0.0973034476
0.1941577771,0.4524490710,0.1629642594
0.2456680599,0.3780327990,0.7933197607
0.1703311111,0.6467343381,0.1845351606
0.9884633005,0.9179445153,0.9784294872
0.1398575795,0.3656605625,0.1972275754
0.1393977473,0.6181079043,0.9302060014
0.6209013086,0.4092961177,0.4308209047
0.5897082471,0.5533621857,0.4397074965
0.0599478430,0.0514375851,0.0820189954
0.5123577930,0.3764221130,0.4194345897
0.4631756288,0.4651478541,0.3351325285
0.9873193193,0.9409730742,0.9865160359
0.9702703229,0.7691548385,0.8944761564
0.8545385196,0.9008555904,0.8824133714
0.4260826968,0.2070376184,0.3554023530
0.0322923421,0.0328758718,0.0167235101
0.3409157024,0.2738005530,0.3981952744
0.3134680699,0.3233577339,0.5795466171
0.8756649125,0.9849873743,0.7526748180
0.9117167215,0.5828419733,0.8602394722
0.9270377360,0.2982009768,0.8862748979
0.6153296561,0.4894438596,0.7179801267
0.1855559240,0.2405420867,0.3930697307
0.3828048191,0.3747283872,0.3391093994
0.3189953810,0.2734515088,0.1865877562
0.3993181819,0.3042949647,0.5275410953
0.9901576252,0.9019615803,0.7830025597
0.2881019451,0.3973277604,0.6692685812
0.1784025064,0.2500658067,0.1442403867
0.2500488476,0.3089467120,0.4530199474
0.3179361312,0.3613141706,0.7406273950
0.0437683879,0.0353430314,0.0440508873
0.5994294084,0.6096847862,0.3644298381
0.2563062435,0.3955824935,0.1887437664
0.6283329019,0.3669934567,0.4558368490
0.5320816154,0.5973060596,0.8646777637
0.6816984846,0.6458453228,0.9848746087
0.2244155045,0.0791299859,0.0950770103
0.2060412351,0.4368633341,0.5590784682
0.9203104834,0.6618103765,0.4263515727
0.2043341837,0.3325481775,0.1931123559
0.8707961637,0.9250362711,0.9503890844
0.5518900407,0.5048522399,0.5617078602
0.8981097737,0.9815120509,0.7200044943
0.7893225322,0.8628030831,0.6656102530
0.2594434235,0.2060133139,0.1919057769
0.6680635234,0.9045504687,0.4605578258
0.4367943050,0.1220046239,0.1976205535
0.1422344742,0.0475386563,0.3192923210
0.6301354025,0.4474418240,0.7322985112
0.9255642759,0.7470711948,0.9152486549
0.0922049840,0.1519973661,0.1116524304
0.4075814687,0.5225993497,0.4330623769
0.9102890658,0.2121221292,0.2417536338
0.5709042516,0.7602471170,0.5166725685
0.8842648596,0.5438891248,0.7292402150
0.9742533326,0.5419593812,0.3696560208
0.3157852892,0.4633221044,0.4849731421
0.2536649779,0.4666694180,0.5997142141
0.7417107460,0.5917333545,0.4965289942
0.8333373276,0.9986856471,0.8853732253
0.9076000846,0.9130722947,0.8097275239
0.3541259976,0.4448900296,0.5096826219
0.0138165843,0.0313522137,0.0153891192
0.1316922776,0.2440948665,0.1134883583
0.7990156839,0.8710839522,0.6204397432
0.6462481684,0.5024995964,0.6135119813
0.9892122654,0.4373645143,0.9283519824
0.3164342049,0.5920258540,0.5324503943
0.2099382216,0.2616554723,0.1826618157
0.8735236941,0.8119067468,0.5806568630
0.1360952672,0.1840538480,0.1986695735
0.7377337658,0.5042229709,0.7119698062
0.7260073953,0.6939604843,0.8099512776
0.8766460120,0.7379074746,0.7474349374
0.0432233287,0.0649722047,0.0359800595
0.7965927786,0.4952760376,0.4668732102
0.4793997809,0.9074216541,0.5562447894
0.9866006782,0.9186690379,0.9883832445
0.0224162331,0.1628586886,0.1072447644
0.8615861584,0.9643388737,0.7022422316
0.2988406132,0.2735213202,0.2176090578
0.1090337450,0.2044318615,0.1590030425
0.6945233044,0.8769309246,0.5973168437
0.3058010734,0.4259478544,0.1647603884
0.9009300540,0.7190561449,0.8585454460
0.0495917932,0.0709007142,0.0485093179
0.9314342937,0.6776286127,0.8251165097
0.5980401521,0.5586634748,0.4287037421
0.2297658548,0.1340340049,0.0770809462
0.6947798901,0.7670574763,0.8758775448
0.2771964138,0.5090245814,0.6919969036
0.2057102844,0.0547196682,0.0330098226
0.4430100315,0.4040857781,0.8763501028
0.4654729912,0.7482699860,0.6083194054
0.4210271548,0.4161310273,0.4183978703
0.4085664944,0.2234684277,0.2051131510
0.9514467079,0.9059358243,0.5476470088
0.9416554254,0.8522983057,0.6667673710
0.8744748213,0.8531764854,0.5293114307
0.9439743262,0.8493907132,0.5440333452
0.1283092887,0.1199492636,0.1357276605
0.5484124224,0.5319568342,0.7499397541
0.9240317862,0.2023831800,0.2245699181
0.1592473577,0.2522409560,0.0943506174
0.7053322627,0.7110022236,0.4222920694
0.0321493242,0.0242503548,0.0689634830
0.0816095142,0.1699017935,0.1608144445
0.1982364147,0.4429425995,0.2682252397
0.3185538813,0.4281580442,0.6168885560
0.3177679182,0.1350578130,0.1995908855
0.2425330318,0.2652276588,0.1839929177
0.0772431461,0.2327183531,0.2576193965
0.0276808401,0.0541196494,0.0208515317
0.9162502177,0.7551989060,0.5938199404
0.7825804328,0.5251916109,0.5169525893
0.5675517979,0.9349022676,0.8193676273
0.0905369415,0.0506476749,0.0504907649
0.0286423097,0.0588168209,0.0479989089
0.0935790706,0.1388264365,0.1033795018
0.9311897629,0.9680078840,0.7082109550
0.0838435465,0.3670054135,0.0686315418
0.2099744632,0.1076580169,0.0574212888
0.7772296319,0.7076281333,0.9986293163
0.6853044807,0.9964426360,0.8608561325
0.8613768282,0.5184104935,0.4046726439
0.6272350637,0.6784771645,0.9116166372
0.5451129693,0.4673837112,0.4595452211
0.5416051362,0.8250529880,0.4596775110
0.6186479085,0.3195646103,0.5474813450
0.7934378237,0.8764817357,0.9343574102
0.6475158973,0.4830363306,0.7628550269
0.8164022256,0.9982670131,0.3846729775
0.1632219069,0.1212669118,0.2234213378
0.9984427993,0.5750244236,0.8291274582
0.1797638086,0.4875572765,0.6631197497
0.2683524353,0.4212563851,0.3586051049
0.8690498363,0.7056522343,0.8828736714
0.7207535134,0.7338086875,0.9582797415
0.6088002148,0.3223901845,0.4970936091
0.4441279745,0.4062592603,0.3825661575
0.8829979022,0.8264681045,0.8950688524
0.1399847375,0.3894530428,0.5482588897
0.3572968167,0.2448783742,0.4590643655
0.3674983524,0.2456499772,0.1208302900
0.2762668772,0.3467494090,0.3209044504
0.0911307689,0.0449531515,0.0393148562
0.3631090910,0.7989800771,0.7818617159
0.5123044839,0.8596584065,0.2919279097
0.7861251647,0.9005718073,0.9221230823
0.5795159563,0.5906896196,0.8703659042
0.2376205283,0.1963589753,0.5912625642
0.1255825274,0.2294235330,0.2293570187
0.1066328003,0.1191019112,0.1026874953
0.9924706891,0.6717105140,0.6600162257
0.4169839314,0.2222436756,0.2496815907
0.9062773616,0.6899424295,0.9345048584
0.4225230330,0.5829481612,0.7817702796
0.4586242291,0.3803481804,0.8140040197
0.0252275127,0.0409211784,0.0045115100
0.6625701477,0.8245031997,0.6696549298
0.7925328494,0.8914551020,0.9632912373
0.8009032066,0.8584759338,0.7417233938
0.9940026957,0.6185214699,0.6732636791
0.6082021345,0.4425090933,0.4615501304
0.2608917184,0.0588204516,0.0560189822
0.6526798068,0.6299222758,0.6773227880
0.5219471760,0.2617178441,0.1664487107
0.9486362021,0.5090139221,0.5054233565
0.4567479467,0.6420516528,0.4276485777
0.3103618161,0.1417109282,0.1659625092
0.9997960039,0.3279908271,0.6056745679
0.4168769924,0.3643459209,0.6483651153
0.9296499859,0.4631925029,0.5577118643
0.9148068297,0.8666003751,0.6245172913
0.1728102041,0.1596376767,0.1207352743
0.5562047025,0.2172154584,0.0937738737
0.5417380383,0.4200101767,0.7754402462
0.9206506938,0.9106288409,0.8560180260
0.7073381374,0.4275258428,0.8705130453
0.2566070656,0.3031642998,0.2740990191
0.7803389564,0.6332959190,0.9068674574
0.5868714179,0.8847966669,0.4013670746
0.6847591369,0.8004496962,0.7736060542
0.3726359141,0.3872207578,0.5319092124
0.7256771194,0.3301261337,0.6655136533
0.2797284321,0.4510763226,0.1806972243
0.0112153178,0.0091761397,0.0094467534
0.0919768599,0.7900853210,0.1439736999
0.7806550507,0.8929339999,0.5012714684
0.1182469015,0.0552494535,0.0785552694
0.2562600278,0.4391381691,0.5410692584
0.2120382651,0.1232611086,0.3138411476
0.7573889262,0.5315360080,0.9711555781
0.6939485774,0.9227647419,0.9096515125
0.7099330622,0.3926362720,0.6147454661
0.1084087473,0.1570531729,0.1091805996
0.8729347069,0.4210618204,0.6735067220
0.3550204335,0.3970884095,0.9038422012
0.8904972989,0.7128790018,0.5098356372
0.1810066602,0.5999810165,0.1081385933
0.3316634622,0.2484358039,0.2208649890
0.1920043125,0.1827909839,0.1649835567
0.0958905586,0.0825786720,0.0681292667
0.6346907715,0.6990983035,0.5578746260
0.8936263754,0.9912240256,0.8858702127
0.9006151721,0.5380274346,0.8810842335
0.1176549027,0.4219414725,0.3076140000
0.3768851138,0.6430505025,0.2961907296
0.7540428495,0.6657155218,0.9167925756
0.3493531717,0.2395004370,0.2714381503
0.1179792423,0.0839911994,0.3167281322
0.4908302462,0.1847454958,0.4218210861
0.6823571866,0.8673496167,0.6061808521
0.3069001070,0.2710047985,0.1814724535
0.1943670504,0.0576189957,0.0397410811
0.6726964756,0.9769200318,0.8454573987
0.3296572639,0.6217460092,0.9986559793
0.2156238748,0.9374482827,0.2951737106
0.7474303402,0.6912761734,0.7125625343
0.4354694919,0.2653495169,0.3851646799
0.4207160335,0.4958056265,0.9505255579
0.6116564406,0.5292729143,0.9778384062
0.3871493611,0.5203547959,0.2748721872
0.9071404639,0.7839078712,0.6700089301
0.4167003452,0.4813359377,0.8701692841
0.9316016053,0.5446105763,0.8309153409
0.7618736372,0.4685939483,0.3915553583
0.9395264086,0.5946623138,0.4399435629
0.0453908990,0.0320837718,0.0503251729
0.0100491715,0.0230894809,0.0188269248
0.3532192880,0.3766348559,0.2660395240
0.1464144935,0.1413389928,0.5266405922
0.0324414915,0.0203567039,0.0060997675
0.9328517041,0.9378461179,0.8046046615
0.8851384064,0.6191935954,0.9315984375
0.0466362085,0.0593490844,0.0607586970
0.4357280103,0.9176560279,0.5370040768
0.1224945157,0.1621110057,0.1503079746
0.9418403108,0.3621291598,0.5068768963
0.0246573450,0.0164377001,0.0216881339
0.8253503944,0.9263381280,0.7631270986
0.7115945281,0.8763846392,0.7908907982
0.1540278181,0.1736833264,0.2408905626
0.8534970434,0.8888273767,0.9922318561
0.6219711189,0.4258750239,0.3288415713
0.8016267216,0.8528277252,0.8138633264
0.6998111432,0.7981741830,0.7321979628
0.4189464525,0.3930237101,0.4162834089
0.1210317621,0.3271043952,0.2348885444
0.8049672691,0.6669501148,0.9376716196
0.9056376714,0.6808967996,0.6903258329
0.7662009976,0.4920905676,0.9260705315
0.6620472051,0.8573948313,0.7791837696
0.2618457565,0.7141501101,0.2273372832
0.0882927139,0.1251230527,0.1203636780
0.1043331547,0.2372187264,0.8804834551
0.9017149706,0.8767717855,0.9756997861
0.5130337223,0.4993476959,0.4122708212
0.6104652902,0.5381726525,0.6314369241
0.5982353618,0.8089033356,0.7285516693
0.7860269622,0.6743244624,0.3407322521
0.1110717923,0.2583736885,0.0748390507
0.5448826712,0.9961271575,0.9886325365
0.5123893991,0.6380799558,0.7379548147
0.3182461799,0.2295463181,0.3890989757
0.8764241178,0.8709747129,0.8893467486
0.4350791334,0.6344511180,0.5309896874
0.2977301729,0.2314683825,0.7281177477
0.4228248929,0.4126478262,0.6109211816
0.3556178907,0.3281458926,0.2502782600
0.7443452558,0.9037605907,0.6214940442
0.7029836662,0.3498788841,0.4953424649
0.5717643962,0.7263839826,0.4327845138
0.8596579959,0.5697019414,0.4606154241
0.2963764157,0.3379490995,0.5973476103
0.7851502367,0.7281512004,0.9483747545
0.0744088195,0.1712809512,0.1952480778
0.7234170444,0.5912444363,0.9168798504
0.0927181200,0.5104148363,0.0888155057
0.7077768253,0.9295912520,0.7414663312
0.2277495184,0.2101981998,0.9498076796
0.9438732258,0.7866995989,0.9447240206
0.4071154036,0.7187559889,0.2338181733
0.6133033436,0.4989987099,0.9664134872
0.0554233988,0.0995245410,0.1065595192
0.0883600158,0.1514279891,0.8683724082
0.6919877336,0.9159980106,0.8228139582
0.8479610874,0.6025811831,0.3662604217
0.6642738944,0.2079693253,0.6599599857
0.0196065372,0.0165145328,0.0096827195
0.8181159613,0.7853100858,0.9898219230
0.1808341741,0.0979941510,0.2034406243
0.5226520925,0.5986630998,0.6000689192
0.4716754051,0.9929968686,0.5255638186
0.3551737329,0.4188091476,0.2642459296
0.7355888657,0.6312505104,0.8592765230
0.1827950033,0.3025905418,0.1837251925
0.3749293988,0.6569304454,0.5169089715
0.2701804483,0.4893955358,0.5221099274
0.5416641668,0.6540120596,0.7279468038
0.2588810688,0.2926277352,0.3792013918
0.5984816243,0.9706735269,0.7158888187
0.6922941325,0.3322258859,0.5068269134
0.6265950609,0.8836373153,0.9167211706
0.7278848004,0.5601992951,0.7126917835
0.7601168412,0.3325523626,0.2845635054
0.2394836191,0.2195790770,0.3983389019
0.8036555267,0.6477793850,0.7162995546
0.4873707711,0.3794474764,0.8206279009
0.7876189823,0.9502755419,0.5429675465
0.6742090709,0.4820662955,0.5716415261
0.2866912584,0.2089866759,0.3177531921
0.6567358294,0.6040814679,0.5805846306
0.2570915019,0.2112582956,0.2450416257
0.1442298065,0.1792684776,0.2098715570
0.0706824004,0.1546551257,0.9085370454
0.0291329144,0.0143373035,0.0272308086
0.3125022055,0.5140344315,0.1487753009
0.4061274416,0.6670309787,0.5343778579
0.0747765942,0.1820060197,0.2559800589
0.5285036046,0.8516612881,0.5441109183
0.1667306313,0.5723914098,0.0832536339
0.8187245733,0.7432621596,0.7741346075
0.9066454203,0.7503779406,0.8960487761
0.1385077285,0.5238020860,0.5578898650
0.3255402465,0.3997428215,0.1624633061
0.5155445593,0.6799535958,0.4556455548
0.6055830635,0.5864522177,0.2698694736
0.6220922849,0.3326644681,0.4575373325
0.3853920389,0.3691491770,0.1971378299
0.9228883501,0.8590382284,0.8070920172
0.5338053891,0.7501555171,0.6550235520
0.1489683347,0.1157844128,0.0971101433
0.0684523148,0.1592560109,0.0953592744
0.4780107941,0.7571969678,0.6131627490
0.8847541555,0.9601418774,0.9853790903
0.1787921982,0.3646565503,0.2374183057
0.3732541267,0.9861674519,0.8181347566
0.6797421561,0.8482884923,0.5625949009
0.2959355678,0.7779042575,0.2915340744
0.2131366839,0.8623984942,0.2137136702
0.5432111071,0.6296139179,0.5176376509
0.6593674718,0.5412809741,0.5620328064
0.6337732832,0.4568597947,0.5514259240
0.1414537642,0.2652165563,0.2181884494
0.4169608239,0.2125182321,0.4193375263
0.9205526211,0.8008419011,0.7586905781
0.5964338835,0.7884185931,0.8250944666
0.8563797019,0.7706631480,0.6840786138
0.4840912744,0.2042066589,0.0855106567
0.8273580970,0.8408189477,0.7081648736
0.9763288289,0.9001604437,0.5869242081
0.8207645572,0.7686803129,0.8668860811
0.0863278015,0.0840254462,0.0986261402
0.7694982846,0.9389095872,0.7967047620
0.3330762577,0.5865484789,0.1672039395
0.7762938555,0.9646268240,0.4375676619
0.5884741596,0.9143287516,0.5450141343
0.6829288141,0.9696469786,0.9942210800
0.9242458576,0.7504896249,0.5164311625
0.7485208540,0.6235864498,0.4823840633
0.7651631557,0.4442059811,0.2279645443
0.1174826784,0.3199662634,0.1116835743
0.0284454363,0.0274922402,0.0243125630
0.3866922682,0.8537689721,0.8886797929
0.4484305770,0.3465265259,0.6340166336
0.6076621003,0.5721347282,0.5906897186
0.9779007202,0.8557335569,0.9256202134
0.0598979830,0.2426250782,0.1566263188
0.1107547253,0.1951853594,0.1963992932
0.2191550804,0.1322927719,0.1308465119
0.8498827757,0.6997239554,0.6595028444
0.1135143039,0.1067916485,0.0740238428
0.5403885028,0.3396994536,0.6222905908
0.6017590482,0.8828106350,0.7814196222
0.9323710388,0.7163439405,0.8732665984
0.1650216991,0.2698068917,0.3392608373
0.3310779718,0.7304034814,0.3696230575
0.2359120627,0.1551800699,0.3334362103
0.8609948850,0.9539541641,0.7207404843
0.4891828274,0.6107629309,0.4885268710
0.0224165814,0.0425353806,0.0281712086
0.5853157854,0.6391064877,0.7734915346
0.8090768362,0.7839286649,0.9945930347
0.6188600964,0.7370854341,0.5663066854
0.9624293896,0.6393722366,0.6485037284
0.6816528577,0.4511251348,0.3305569716
0.4837204071,0.6970827589,0.2681732140
0.2269637099,0.2501523356,0.3119373759
0.3458008143,0.3566139327,0.4157361789
0.8979220815,0.4967655240,0.9002211445
0.0645998142,0.0462439561,0.0455124158
0.6292295646,0.8769922278,0.5419579701
0.2228832385,0.1547767829,0.2758930165
0.6965240412,0.9108414254,0.9292098020
0.9782121041,0.8528669813,0.5523296935
0.9911897183,0.7585736622,0.7643819767
0.1199772691,0.0996017482,0.1352466819
0.8087609555,0.9234501688,0.6745486178
0.7867897759,0.2656302800,0.7190529857
0.5738631065,0.1596889507,0.3621072423
0.5175646365,0.3272756428,0.5711088128
0.6568167928,0.8083172981,0.6553172116
0.3986599676,0.4721703442,0.7127735274
0.1386880247,0.0659336447,0.2787098969
0.8116006826,0.8831406992,0.8723334958
0.7116074374,0.5164359107,0.3779539799
0.3475839403,0.3669904117,0.3993864176
0.5279454650,0.6873032775,0.9008979790
0.7975613400,0.7688084326,0.8971472662
0.7466590951,0.5538409926,0.8538573673
0.9141432955,0.5838286697,0.9083737764
0.6930677064,0.8085562628,0.8497865476
0.3656750241,0.5551985495,0.3637310344
0.1971088170,0.4484830103,0.8363485254
0.7285100913,0.6626680296,0.7416769548
0.3908339760,0.4387014963,0.3375858213
0.6700993351,0.9339404476,0.6816979972
0.2008179928,0.1233886798,0.2226522622
0.9359896794,0.8520887668,0.6519464773
0.3552130094,0.7283651609,0.7937894391
0.9196587704,0.6791963058,0.5211601082
0.4337671743,0.4772361310,0.3917137879
0.6364652168,0.3689890410,0.3241226856
0.4405881880,0.4890010433,0.1488695836
0.1846622972,0.2649442371,0.4087640716
0.0131253234,0.0178023282,0.0297803388
0.8907735167,0.7782777110,0.4748775796
0.5944586220,0.4434000074,0.8820944837
0.2094914647,0.6638286941,0.1203646369
0.0171948424,0.0171690847,0.0144872587
0.3172123408,0.2790182292,0.1656424792
0.7870498659,0.9702152327,0.7345563437
0.7164595123,0.5376458961,0.7769119979
0.6236602722,0.8724705111,0.5778605393
0.6690175861,0.2913324838,0.3517932001
0.6884061076,0.6959887297,0.9480805000
0.1753437882,0.0510490791,0.0780549554
0.6702232573,0.7362046182,0.7074296990
0.6367324026,0.8284932470,0.5802817097
0.9119418427,0.5780205309,0.7277608416
0.6276009344,0.6418136525,0.6849048394
0.0307944045,0.0377361616,0.0949658033
0.9662128378,0.8347233503,0.6672165343
0.7365138074,0.9552389139,0.9529025958
0.8225461562,0.7761502241,0.4386818449
0.3690068150,0.5486671527,0.3079272506
0.6999918933,0.7773300767,0.5298351677
0.0663449252,0.0599238727,0.0425208696
0.8548503798,0.9002912051,0.9677610876
0.3313361544,0.5220613503,0.0636788801
0.8550924468,0.8988475689,0.8225223410
0.8666876529,0.5961472220,0.6992254975
0.1619485576,0.3247265112,0.2702849290
0.8715410070,0.8638037515,0.4500334069
0.5758269552,0.8045120924,0.8584071691
0.4135971176,0.4429294051,0.5264505585
0.6427527990,0.5221397435,0.7376542468
0.7219392627,0.8203262155,0.7894001863
0.2117028014,0.2754128528,0.1511239713
0.1272968257,0.0565180433,0.0327389928
0.2944233782,0.8438373918,0.2431525466
0.1855392380,0.1868221279,0.2884094896
0.9757974238,0.8837494414,0.6634159011
0.8733930477,0.9642735000,0.7784345929
0.0433120380,0.0943182794,0.0640540323
0.6486533646,0.3579377327,0.4194941718
0.2849310004,0.2839173026,0.4347743124
0.5155573821,0.3013664728,0.4686993173
0.4965298921,0.3878630563,0.2994612732
0.6664688926,0.6291078738,0.5538982574
0.2650570264,0.5601480765,0.6687949443
0.4353549660,0.4923329026,0.9173809744
0.3917310987,0.4222566543,0.4987044642
0.8791990637,0.4974733078,0.3125273157
0.7120443800,0.5849484936,0.5129822826
0.4158637478,0.9225175070,0.4780434470
0.4924010954,0.7980956030,0.9702866885
0.7532949301,0.1843617051,0.4348915702
0.1306022721,0.4179704825,0.0780318182
0.0531299902,0.0502177140,0.0889364823
0.4111757576,0.5624235670,0.4172725475
0.4820690358,0.4946393875,0.3709954442
0.2499218389,0.1090772452,0.1662778957
0.7463600596,0.7069280241,0.8959984724
0.1210972952,0.1031544384,0.1144497959
0.3285635669,0.3419895657,0.8795110832
0.8050623588,0.7205863303,0.8679673526
0.0982205315,0.0814473617,0.0614228469
0.1711896890,0.2759702057,0.5068759366
0.8007224197,0.5630008378,0.7611149149
0.3758749972,0.2541859997,0.4084087067
0.1757294236,0.1459765382,0.4149010471
0.7259071898,0.3609265603,0.2795623107
0.1509453191,0.2353910927,0.6319712632
0.8230938530,0.9279594991,0.6168778633
0.8554404443,0.2838401387,0.4650583865
0.7856025707,0.6349781114,0.7624902218
0.2582352263,0.1956445740,0.2542500784
0.5595541021,0.1671998630,0.2457952811
0.9435381228,0.8805168202,0.8903448884
0.3962923514,0.3475643884,0.3718160856
0.6628455219,0.8141924710,0.8866154735
0.3595844019,0.6045700913,0.2507476547
0.6532219434,0.4702781973,0.7431341846
0.0747323171,0.0405598374,0.0664753869
0.3872849460,0.6067355741,0.5361949122
0.6787692657,0.6247982194,0.4648698573
0.6453383989,0.9072254567,0.7116370975
0.8188659047,0.4776516204,0.4777833561
0.4448460404,0.5006514668,0.8648677346
0.6758748845,0.8460003100,0.9435953172
0.6134613520,0.1919221008,0.7793744600
0.5217364829,0.2356402166,0.4306623688
0.0304792551,0.0175566153,0.0414759485
0.7632308242,0.8066783599,0.9867086815
0.1692593076,0.1417562387,0.4862374667
0.0782056791,0.1240336597,0.1203681016
0.8906336226,0.9243671326,0.5372239761
0.5460025043,0.7106942950,0.4940773128
0.0555513741,0.0883265667,0.1640226983
0.2779699733,0.3055248671,0.1619881536
0.4257033301,0.2428158368,0.2724287894
0.2486252828,0.4359109176,0.6832234421
0.5622913449,0.2000165717,0.7361763602
0.7878315281,0.2776162350,0.0912885134
0.0931755999,0.2443956047,0.0455960062
0.1655631186,0.4829993080,0.1977919861
0.7501715843,0.9032225438,0.6784178609
0.1248197002,0.1917820507,0.0705533343
0.9062317209,0.7626790258,0.7374520782
0.0927836280,0.0406375350,0.0489918728
0.6170299406,0.8314676661,0.5856525204
0.7530573752,0.7670340585,0.9336216136
0.4907933801,0.1488101144,0.1093967370
0.5737986148,0.8203402878,0.9772543526
0.4080195641,0.5943394231,0.2528703344
0.9373894247,0.4829762916,0.4189159806
0.7630593097,0.4308275448,0.7736146962
0.4097391267,0.5073564618,0.5203195066
0.4456344647,0.5116951777,0.3094220659
0.5800545696,0.1677036342,0.2997671459
0.2671608376,0.2737049477,0.2623807435
0.2423987308,0.1452823151,0.5070012809
0.1659138662,0.1155865057,0.0975650800
0.6696706192,0.4119578373,0.5256738256
0.5456228426,0.6872726250,0.5720326512
0.4998381400,0.8285035104,0.8048531554
0.6346983760,0.5556634857,0.9653835931
0.5451984272,0.7981964922,0.4862598138
0.2211381980,0.6061850553,0.1827050925
0.8488249748,0.7921490232,0.8337911448
0.9348604020,0.8631286017,0.9039005824
0.6366985850,0.5034717321,0.4815681807
0.0562698593,0.1476924600,0.1811290604
0.9523841230,0.9254219854,0.8055906179
0.1350302631,0.4419677180,0.3759017364
0.0161993907,0.0132373634,0.0189875777
0.8279250368,0.9172003784,0.8068941449
0.4551160927,0.1502259279,0.4447583162
0.0443085106,0.8125568547,0.0920083343
0.2851523265,0.1903424244,0.1320442442
0.3199768201,0.6187299164,0.9350154615
0.3367845147,0.5063563804,0.5483251695
0.1949331109,0.0598140220,0.0962649143
0.3438270920,0.2838412250,0.7762938668
0.1591391461,0.7270316985,0.5178004999
0.3005530886,0.2482010971,0.3381611196
0.8027920410,0.5868753060,0.9317288940
0.6604124669,0.1769826362,0.4855814385
0.6359964257,0.9516493641,0.8128211866
0.0655762556,0.0318732534,0.0563632656
0.3535816531,0.4779802136,0.4406932646
0.7017027169,0.8044772317,0.7668814092
0.0823882594,0.0809045583,0.0636108352
0.7759351306,0.9985095843,0.8955042363
0.8497688851,0.6742991955,0.9331233373
0.7766878340,0.6778544832,0.8934702066
0.3816771614,0.5996157633,0.4994315275
0.3591755714,0.4754133765,0.3413626184
0.1794739149,0.0455792683,0.0403722564
0.1718771557,0.7592397049,0.2938500577
0.8558855401,0.6246626238,0.7348984023
0.4003340543,0.2151888811,0.3296718185
0.1547276530,0.1277713124,0.1366467631
0.7875976407,0.5833840691,0.6934143036
0.6419355080,0.7004080780,0.7118564662
0.4643265807,0.6174767164,0.3610451641
0.5905391460,0.0622717535,0.0423335871
0.4730153247,0.4102790810,0.3992684561
0.5435541096,0.7890570703,0.5374135162
0.7547890999,0.1502867445,0.2773550152
0.9773951959,0.9982778527,0.7555235339
0.6775416212,0.3100890741,0.8582537970
0.4431833778,0.4386087447,0.2803019631
0.0906421001,0.0981254020,0.0568468274
0.7906209675,0.9430964341,0.4743304947
0.3585410202,0.3386971968,0.4590496240
0.0874368786,0.1315163355,0.0865609935
0.0048449620,0.0107212262,0.0143889428
0.0550291383,0.0477779621,0.1328467172
0.8636626213,0.8432018923,0.6026647867
0.6866069316,0.4839426393,0.5672106177
0.3499576555,0.1942962781,0.6983061118
0.5481665128,0.2585508338,0.4709377165
0.9466872244,0.7534184547,0.9691584594
0.3080068128,0.2863102969,0.5011496906
0.0164013236,0.0112510680,0.0090387551
0.4963581886,0.2616123823,0.4065133159
0.9425769122,0.8644388159,0.9770918187
0.4305777114,0.4380585470,0.3655666514
0.1589370119,0.3849087182,0.3590101307
0.3368495852,0.3575826774,0.7122637282
0.8165175697,0.8588998330,0.9359411076
0.6900220729,0.7455447158,0.9332392705
0.4055132350,0.6038799772,0.4147854164
0.8690582767,0.5823893334,0.8771227850
0.5338744892,0.6669333761,0.8566420820
0.0232557441,0.0566974076,0.0177556233
0.9586004948,0.3886776333,0.4601815137
0.0952738208,0.1972143934,0.1603581242
0.1823409141,0.2203779242,0.3164963393
0.0128002516,0.0081535112,0.0479646820
0.5459696895,0.3893694339,0.4224272851
0.9156261268,0.8899558799,0.5979276209
0.7695450178,0.5283058361,0.8102290278
0.9316053773,0.9935872446,0.8953509720
0.9069314616,0.8427148310,0.6978389662
0.3708253576,0.4224578907,0.5489957688
0.2292976943,0.1546262568,0.3041894821
0.0788798267,0.0380501551,0.0458135617
0.2927733262,0.2726543549,0.6853117285
0.4663949600,0.6325048104,0.9200262165
0.2516460970,0.1940172635,0.1376193676
0.1604617263,0.2525436080,0.1623190209
0.2064747469,0.2171076911,0.1164090046
0.2714089241,0.1623613532,0.5494328310
0.7437443273,0.6366255313,0.6983038150
0.4604145126,0.1032939866,0.2602605060
0.6986095058,0.5976024933,0.7530058075
0.4733542064,0.7998294962,0.5756765165
0.1852970897,0.2671839813,0.2346493248
0.3128454936,0.5335492939,0.3972168498
0.7648980121,0.7256585681,0.3214444843
0.7018698573,0.8110429626,0.8858602935
0.5079274548,0.7506837073,0.5952738191
0.8928549575,0.8587094389,0.9485031504
0.0419650535,0.0650824605,0.0299563213
0.9474405245,0.6714367156,0.9936900625
0.6815911631,0.1690162747,0.2332176049
0.4267810582,0.8845426359,0.5152302192
0.8295553595,0.5508120837,0.9651504702
0.3582629209,0.3604047411,0.2443594561
0.5010167893,0.4082896691,0.2785762835
0.5142474057,0.3723203662,0.1365341761
0.2097673290,0.6234328210,0.2609239323
0.7522300988,0.8958968991,0.7425399192
0.6464376026,0.2007551672,0.1950218749
0.8916546817,0.3123348584,0.2514925261
0.7268616063,0.4959641119,0.5127613198
0.2442158259,0.1115047734,0.1278505465
0.7002184143,0.8553057355,0.5916774111
0.1608444046,0.4603514801,0.5016074985
0.1215608292,0.0924502352,0.1722553387
0.0996241962,0.0758419743,0.1286260856
0.3378187715,0.1197699936,0.1995358521
0.9071287484,0.8268133962,0.7124759214
0.9698301284,0.6684750538,0.7449361713
0.4224610016,0.3659959456,0.7308115962
0.8402991093,0.9094225759,0.5856224352
0.8700920611,0.7499019101,0.9508737806
0.0158840251,0.0190849547,0.0373982139
0.0800281298,0.0886343624,0.0434537088
0.1367502339,0.0609166096,0.1141314457
0.3411797432,0.1942292130,0.7678545744
0.7034273468,0.5597516289,0.8932124951
0.9914079682,0.3155997260,0.4717026831
0.5240878409,0.8339396836,0.7491604096
0.6554481724,0.9869397537,0.9076979503
0.1615893482,0.6267224306,0.2241346998
0.7746824980,0.7873054348,0.4832555282
0.9207310821,0.6090915616,0.4379539016
0.7661977693,0.5140921940,0.6513473364
0.1520577860,0.1638441654,0.1388104213
0.5899416410,0.8288237911,0.9182814981
0.3512039097,0.3050304672,0.2583410734
0.8683192912,0.7670269604,0.7093427945
0.9742306326,0.6168610902,0.7555413657
0.5384979180,0.2975121726,0.5542659823
0.3833968851,0.5125800269,0.7738061774
0.0684521543,0.1383057208,0.0736261326
0.4025655508,0.3992757172,0.9353693052
0.5777334244,0.4862282188,0.7178615984
0.8441540225,0.9124604278,0.9683432398
0.8071338375,0.3551773629,0.7045415730
0.4225150512,0.3768821167,0.6563835225
0.7028710936,0.6293167754,0.6676595855
0.8817980338,0.9093469443,0.8993375380
0.6526526798,0.9193112851,0.7951960998
0.9927117200,0.9281618263,0.8400238423
0.6359072026,0.9145148839,0.3088844710
0.9012906953,0.4858593403,0.7115242470
0.9867205909,0.8486211990,0.3060800474
0.6813294845,0.1860072119,0.2599867777
0.0541119220,0.1939798774,0.0793199015
0.9523938695,0.5020387778,0.7218834257
0.8700624266,0.8065577521,0.8181680873
0.1707245904,0.0619002703,0.8277357443
0.7365930576,0.5208550906,0.7348550656
0.7092507977,0.3715455604,0.3979822552
0.1668211586,0.3431493506,0.1378678962
0.5002136495,0.2232458028,0.7996550256
0.1141324032,0.0497678769,0.0925729165
0.5227835405,0.7010941904,0.5245083499
0.9222288707,0.5912638913,0.5438653610
0.9892961791,0.9970126982,0.9817502283
0.9913723756,0.7585278834,0.9677537182
0.6129186636,0.6002070744,0.9021950601
0.7819735005,0.4158482297,0.6583912817
0.6720485665,0.7313251358,0.6429605412
0.2807655920,0.2998055620,0.2109180853
0.8411642621,0.8978174270,0.7521497102
0.4781682554,0.5549519876,0.4521490969
0.5566932339,0.7840961141,0.6463502181
0.9563750736,0.8337678110,0.7157858083
0.0108386086,0.0400701349,0.0074466547
0.7199993275,0.6647256177,0.4758212153
0.5619223909,0.7766155165,0.6385164068
0.9795942040,0.8622949768,0.9972054470
0.4466818574,0.8487219788,0.4832531017
0.2067916915,0.6316228202,0.1256458116
0.8427012481,0.8596174096,0.9477432798
0.2581529352,0.2693988877,0.4761010868
0.0728915204,0.0578977960,0.0604234558
0.7811731493,0.6101956272,0.9492773744
0.8301298552,0.5978119355,0.8175815383
0.6740473957,0.8945770699,0.9512696178
0.1408707870,0.2035963920,0.1608331588
0.9815546831,0.5959114038,0.8403776385
0.6051849491,0.6194013484,0.8520344571
0.6064169242,0.9899033444,0.8219054645
0.8364685603,0.8578030915,0.9314264180
0.9462229751,0.4884718558,0.5574829384
0.0355658539,0.1082553797,0.4699915960
0.6833338699,0.9689533323,0.3787289178
0.8657929924,0.5447863647,0.7737497825
0.7180475402,0.6783880025,0.6608409954
0.7863802348,0.2896081352,0.2284656010
0.2550653820,0.7567323120,0.4403939088
0.4691560333,0.5125866268,0.6614391448
0.6411318821,0.8469088025,0.6292210426
0.3108600402,0.1608878149,0.1211676733
0.6075365343,0.9219518306,0.7182879680
0.5970517949,0.2140700200,0.2034297047
0.4635611639,0.2732863950,0.6124917627
0.3795502640,0.8229401653,0.5277147865
0.0479894236,0.1681302790,0.0594658741
0.4167344213,0.1946554075,0.2434268839
0.9101838240,0.1155585085,0.2166912308
0.0946885237,0.2809036962,0.1086550659
0.2068652114,0.2208081008,0.1664150625
0.9006249973,0.7016140726,0.7711330453
0.9685953081,0.9938156993,0.9950056039
0.6422537585,0.3253801316,0.7829016210
0.8245656567,0.6216715746,0.2718406514
0.0063236953,0.0202869922,0.0120113646
0.3719401803,0.1197504540,0.2020634982
0.2821239097,0.1673635360,0.2435210762
0.0497553870,0.0611024192,0.1051481629
0.9587383559,0.6794123261,0.9492285663
0.6812360072,0.2739727811,0.2485358733
0.4945345538,0.4526751099,0.5252228805
0.5754387507,0.6308735368,0.3204401762
0.3019168347,0.3309756371,0.2617252519
0.6836647791,0.6223043441,0.8241608737
0.6799559264,0.7274995669,0.5957124156
0.4356121346,0.6561306696,0.5896773635
0.9523760571,0.6283046267,0.4962101192
0.1885469536,0.0679735053,0.0417375640
0.6964669115,0.2622226411,0.3771817950
0.3069218435,0.6398662183,0.3883987110
0.1540016818,0.3719064002,0.3409692740
0.9008751701,0.7931278583,0.8370821134
0.3119745410,0.5022844923,0.3865428879
0.5112009638,0.7022786686,0.6033410312
0.6205359466,0.5157870747,0.4079689175
0.9033304198,0.7212370391,0.7423011463
0.2585775272,0.0710160899,0.1710884560
0.4087195344,0.9935424365,0.5494534552
0.2781863251,0.1389657385,0.6223848608
0.1437955651,0.1640456906,0.3569379573
0.2300899239,0.1607002464,0.5157020229
0.2775161970,0.3885471204,0.1480078962
0.4878097176,0.3103526650,0.4111038317
0.2436189434,0.3204628379,0.3292402534
0.2316587280,0.0204080097,0.0291291776
0.3874892668,0.4370280798,0.8473453953
0.0479730298,0.0533394309,0.1846456710
0.5962168572,0.2173458969,0.7295997704
0.0820600102,0.1149484390,0.0658901411
0.5456022537,0.7785560324,0.7176692423
0.1715660267,0.3722449303,0.6890785152
0.2810764179,0.1943355054,0.1133555931
0.1412953289,0.0826441195,0.1066920585
0.4107219288,0.4231991313,0.2779327352
0.7615237917,0.8893999032,0.9449132801
0.0457872133,0.1380428526,0.0958733524
0.3027028058,0.7128399062,0.7174227630
0.7670226592,0.1754934063,0.4118120429
0.5260287258,0.5103547800,0.5114387039
0.7253797540,0.9760410244,0.6451045123
0.5505101120,0.5955197794,0.6958709391
0.5217021652,0.5709067956,0.8449862366
0.8288848568,0.6002688834,0.9051642672
0.9952923337,0.7005579414,0.8515365418
0.1858434652,0.5311756692,0.3030617508
0.1877607116,0.1805291138,0.2961999537
0.6057005318,0.5421085545,0.5167787471
0.7871712482,0.7764595936,0.6737969833
0.1260661874,0.1717058590,0.2756853588
0.9270921412,0.7444486262,0.7050291249
0.3646119451,0.1561509186,0.4153293216
0.2024968289,0.2585576749,0.4090972030
0.9823471619,0.3512977722,0.2618444728
0.0379448783,0.0721230843,0.0376159112
0.2739610520,0.4358931249,0.2384568635
0.8011439221,0.8391663855,0.7756572106
0.8673795758,0.9557452902,0.9696375366
0.9262025807,0.8201544629,0.7439839983
0.8864300090,0.5011506841,0.9750453987
0.8834334191,0.9945611404,0.8135187169
0.9060923515,0.8770807744,0.7384399046
0.9606908494,0.5947342172,0.6626416373
0.3626740108,0.2959442025,0.2240002212
0.5182308387,0.7426219574,0.6626010238
0.0199365815,0.0132927966,0.0227600299
0.4189907032,0.5521942640,0.5963783073
0.7747781615,0.7259174890,0.8509601347
0.0106110168,0.0132586014,0.0110078645
0.4616691209,0.3723724066,0.5177287270
0.9717158692,0.9912582918,0.4185067540
0.9583278002,0.7880287796,0.7726576529
0.5775561972,0.5187066157,0.4671563506
0.5206297836,0.9932701592,0.3770485656
0.0272369940,0.0345080245,0.0781987524
0.1316241742,0.0693617958,0.1399142274
0.8854941824,0.4183063225,0.4642533383
0.7231047008,0.7209858781,0.9215774840
0.8589316715,0.5195480985,0.4059289521
0.6949367947,0.6447257896,0.9117967720
0.4664008953,0.2984250101,0.6471064473
0.4559827912,0.2825220364,0.6218765932
0.5012548651,0.5871622108,0.7868779711
0.5406802050,0.4211880138,0.2557984720
0.7616017685,0.7925999131,0.9861281311
0.0060684232,0.0039154198,0.0028252445
0.3580603017,0.1993407834,0.2849287382
0.3028736455,0.1456147926,0.2022307733
0.6193341519,0.7070355655,0.7021002769
0.8618159462,0.7458381167,0.6452453591
0.0792739750,0.0764675360,0.1599927625
0.0962338481,0.0649984455,0.0655695249
0.5377297519,0.5990408759,0.6112099375
0.4787154797,0.9588851241,0.3898808205
0.9061653048,0.5407960152,0.7340464564
0.4503623938,0.6598186112,0.6193941235
0.1298601891,0.1713209558,0.2362524158
0.9189725154,0.5446799312,0.6640893436
0.7446044437,0.1849530572,0.2637644295
0.3057164484,0.4630478571,0.9675003054
0.8386891848,0.5280658592,0.8640958599
0.9178429174,0.9607588904,0.7374900523
0.7816596731,0.4410116682,0.9045280747
0.1348004042,0.1251168285,0.1952908086
0.7995792498,0.6592840937,0.4209523843
0.9344621627,0.9306841901,0.9025584569
0.2199104250,0.2748707170,0.2785129337
0.5050997170,0.7126374628,0.8654249624
0.2793990767,0.6430942464,0.4601625191
0.4139373457,0.2706084140,0.2517464881
0.4974235483,0.3521541384,0.4322781496
0.4281199547,0.7345446522,0.4164765802
0.5632191452,0.6102942397,0.7894975177
0.7367516131,0.9402032796,0.7478348588
0.5500758542,0.7634999783,0.6206863382
0.0183494787,0.0206310926,0.0443597823
0.3109437044,0.4596289290,0.3209236655
0.6222910711,0.4756413903,0.5787030278
0.3383012122,0.2597789748,0.3246343980
0.5879343571,0.5883161119,0.4389115246
0.6884971361,0.5203603328,0.8857415068
0.2626455737,0.2530991796,0.1835135647
0.4898279194,0.4160284928,0.3580610989
0.1571222800,0.3723716754,0.8345052523
0.2506593990,0.4873916096,0.3793839319
0.0468085507,0.0557521092,0.3211172022
0.0653677871,0.3661447425,0.0571774285
0.1500871004,0.3329898638,0.1619202393
0.3803505914,0.4840579572,0.2289639349
0.6101993514,0.7502656227,0.8366646586
0.8146726763,0.9926886920,0.8970325127
0.6410610082,0.3143460770,0.4162092752
0.6321921269,0.7859394023,0.9203132732
0.3844002667,0.8875622855,0.2572557725
0.8267208528,0.7006606033,0.3882135025
0.4178791256,0.3835313526,0.4599341133
0.6470783122,0.8448008607,0.8871917220
0.1257728825,0.2131522526,0.1044523187
0.9449140862,0.8759848835,0.8179453179
0.4976607225,0.3674654172,0.4453605282
0.2442812372,0.6889173282,0.2558362614
0.8164811232,0.9715625822,0.9681462495
0.1483323059,0.2161553561,0.2132821905
0.8131008002,0.5137246585,0.7698557220
0.0355573645,0.1444439163,0.0326711394
0.0563404772,0.1156965852,0.0865497541
0.3914681050,0.2170223260,0.6837258173
0.2432433279,0.1888529272,0.1686843139
0.7186518512,0.7417568504,0.9856456014
0.9738300043,0.9894462569,0.7800685002
0.2208090296,0.3258174221,0.3502685951
0.2674064157,0.2387601186,0.3659732284
0.7392084414,0.9410303439,0.9609494685
0.9647947498,0.9634120988,0.9722607285
0.5511675032,0.8434256077,0.6345156984
0.5013407359,0.6947608936,0.4826191557
0.4580508998,0.6755368250,0.7124885212
0.9651797488,0.3216095229,0.6561632865
0.6775057903,0.4604825537,0.9928660160
0.7392393415,0.5014537722,0.5373969994
0.9983099207,0.3862703526,0.9202454807
0.2580369704,0.6889487732,0.1884639310
0.7265117510,0.7984465388,0.5244553863
0.5895885720,0.4579083919,0.3020328013
0.6590280100,0.7617504378,0.6432607041
0.7749958306,0.9735687195,0.7896101820
0.3081296282,0.5428340976,0.2917438149
0.6879001814,0.9670247647,0.6219929252
0.0100643776,0.0212765350,0.0159666420
0.4247644127,0.4825005428,0.5911128235
0.6909050328,0.5453033090,0.2481505420
0.3493567387,0.4689992182,0.5361613569
0.2609274502,0.4462361032,0.4615251485
0.4281579201,0.5350907156,0.6574372183
0.5611488431,0.6160144433,0.6619452073
0.1586348654,0.1182912183,0.1150820784
0.5818926163,0.6576615983,0.8717054831
0.8013467363,0.4679281591,0.5184086063
0.0529455335,0.1323664920,0.1547985826
0.1053345162,0.0992782848,0.2659123463
0.9598681648,0.8356694024,0.8557887386
0.9905372350,0.8651405445,0.7454997795
0.8057015573,0.6603650010,0.6278123063
0.5160997921,0.3284096016,0.9544193928
0.1609453880,0.1554811509,0.1075146836
0.5975293802,0.8883191654,0.3451740585
0.6208827008,0.9083057686,0.5685305631
0.0522822269,0.0436106456,0.1199161041
0.2304911700,0.9354586389,0.4626076582
0.6266262261,0.6136917567,0.4948537882
0.0092383751,0.0820365952,0.0617413820
0.9346710614,0.5271877546,0.4920258462
0.8405192268,0.7312299854,0.7368243293
0.2346832842,0.1948853899,0.2918991648
0.1380820642,0.7557121763,0.1396317712
0.2734796147,0.9327766552,0.5724844463
0.6035873485,0.6057544437,0.5806242404
0.0425178556,0.0536721205,0.0641750824
0.4177526312,0.6669922300,0.4217445008
0.5665313098,0.7121241644,0.9350162580
0.9209212241,0.7394325354,0.7827797156
0.4041235226,0.8924517030,0.3545148531
0.9666585237,0.4119671055,0.2716313181
0.2442053263,0.3232998878,0.5150845906
0.1008020012,0.1632820370,0.1126834108
0.4518455273,0.2656465220,0.2979198674
0.0926491388,0.2645410829,0.2900877023
0.9709468911,0.8236535359,0.7909443348
0.9533796562,0.8229882702,0.7637084206
0.5831732508,0.4466992647,0.8483276324
0.3005344576,0.4454741054,0.5240676678
0.2962423794,0.3480184012,0.3386870985
0.5389449485,0.9365867012,0.6527106353
0.3527395423,0.3126545142,0.3650144314
0.8356515392,0.4159856347,0.2871022306
0.1001241456,0.3088073061,0.2046627297
0.9369014654,0.9978616894,0.7511211634
0.4619982167,0.3250195456,0.4558229541
0.5299225587,0.4578086558,0.9079138885
0.2843049414,0.4204675703,0.7795101790
0.5515547712,0.3153152296,0.8052947663
0.6529922218,0.9837299378,0.9605242479
0.9465522894,0.5810944360,0.4517823027
0.5840778809,0.6734838205,0.4635294629
0.1480254908,0.1932746570,0.0782291247
0.8415328863,0.2990656731,0.4458714639
0.7795839845,0.9109466754,0.8098496557
0.5306419900,0.6410703638,0.2589936220
0.2493302995,0.2996842394,0.2121226226
0.7320103110,0.8775396824,0.8294905757
0.0535047647,0.0624375379,0.0664228952
0.6102114469,0.2420639276,0.3754905550
0.0510138082,0.0208710899,0.1218143862
0.8511708439,0.6780671683,0.7977941584
0.3754486092,0.3124426743,0.4795512080
0.9200663815,0.6891003927,0.7845963926
0.0848204423,0.0476879250,0.0688445431
0.4131280435,0.3791981649,0.4012494679
0.3172556739,0.4823042744,0.5705165005
0.4245978457,0.6387385551,0.4232326626
0.2456460258,0.6673581135,0.5776530404
0.0013006213,0.0013414146,0.0027710360
0.7756487959,0.8775338036,0.8386045176
0.4544636643,0.7555936901,0.2913947152
0.4087620700,0.3329245311,0.4927746351
0.3688818863,0.3342268016,0.3449496258
0.8954898127,0.9930375978,0.6832745435
0.2756771319,0.2808285495,0.3694820768
0.0063397651,0.0040834082,0.0033521731
0.3394191450,0.1731652936,0.6786986684
0.2150821484,0.2102327842,0.3255302975
0.7390941104,0.9704946558,0.6958758319
0.3664129634,0.2596888113,0.6291197232
0.6098310012,0.8908853182,0.6245196628
0.2262676236,0.7835540194,0.3097174911
0.6247834141,0.8750196698,0.5816415210
0.6690021836,0.8160785066,0.5921373349
0.2074143370,0.9182643963,0.0930026266
0.7494510513,0.4937779476,0.9263097907
0.8213271214,0.3131226363,0.8416489648
0.0549980009,0.0908011278,0.1418286298
0.8588173434,0.9474956186,0.8895476780
0.5104556868,0.4924996854,0.4195944786
0.8907477051,0.4756757937,0.6186131171
0.7703470425,0.9286077260,0.7759377631
0.8924173329,0.3871330719,0.3649914692
0.9509605641,0.3732201289,0.4112949698
0.9521189561,0.7254700171,0.7416394498
0.0287698285,0.0313337657,0.0323630019
0.9514677602,0.8757332038,0.6104461860
0.6921450811,0.9969052556,0.6051327227
0.1211205570,0.1215426442,0.2483860309
0.6544462136,0.6598869627,0.3936472374
0.2627802614,0.2410396047,0.2534952400
0.3197023236,0.1821860764,0.1118944027
0.9472864652,0.7360143117,0.8148275637
0.8138624490,0.8406005533,0.5866236716
0.5121325596,0.6366002032,0.7031674709
0.9392111052,0.9620877388,0.8816163563
0.1760111114,0.1702156475,0.7065285501
0.9779715884,0.5764547150,0.7421512143
0.2791380911,0.2066781730,0.4351069208
0.6242335671,0.8848218770,0.3995253999
0.0167226762,0.0287093540,0.0372958819
0.0721592882,0.0592694019,0.0928420351
0.7193698622,0.8458053025,0.8654737013
0.2069497133,0.4284465971,0.2314229921
0.0316355193,0.0431090828,0.0314504082
0.1269265287,0.3392902255,0.1832725321
0.9461181071,0.8414961789,0.9876170736
0.2996152191,0.7643030743,0.7172280602
0.6904753957,0.3927161935,0.5816529299
0.2533138968,0.2317565974,0.1611502495
0.7328187091,0.6749894843,0.6181484315
0.9441822796,0.8046227673,0.7676668216
0.2161016023,0.4774866970,0.2554169753
0.4793482451,0.3199050981,0.6151935811
0.4788984144,0.3570726198,0.4650561426
0.1461271704,0.1964852936,0.1236358128
0.3998566973,0.3673706153,0.5085751986
0.9793180983,0.3980546139,0.5401770342
0.3412233447,0.7587240386,0.6021064294
0.6640193509,0.5699459010,0.4958697804
0.9746713713,0.6722093099,0.3434940076
0.1044008182,0.6425668308,0.0794703274
0.6090753986,0.8077065891,0.4380296533
0.1185106140,0.2416730645,0.0766150047
0.2826707573,0.5192778898,0.8347207992
0.3152929353,0.1173347035,0.1802863464
0.9315694086,0.7513935823,0.7994719630
0.4828062933,0.1983968925,0.1093870113
0.4496599677,0.5354504139,0.3670758240
0.9070948999,0.4792447284,0.8617555398
0.7589656432,0.3706466731,0.2749687175
0.5500585044,0.5420339574,0.6303532605
0.1992124846,0.1383774392,0.1740999595
0.7048194501,0.4444338814,0.5856481517
0.8229863773,0.5621690352,0.6062852024
0.9385139104,0.9968273324,0.9121349529
0.0241396791,0.0865079608,0.0336410518
0.2866691039,0.7016506895,0.8587675580
0.1474996026,0.3493827428,0.6888734416
0.1238621618,0.0465182426,0.2164932937
0.2157921067,0.1639027955,0.2368176697
0.1245906420,0.0958727121,0.2801578283
0.1526947194,0.1387198284,0.1641822250
0.2021425706,0.0712551349,0.1370774463
0.7809305383,0.8791779472,0.9690444475
0.9807242811,0.9538584955,0.8601863462
0.8114302920,0.4810372195,0.7697646146
0.7549086481,0.8041660190,0.5481235566
0.8975961495,0.8994494030,0.4197581822
0.3919224456,0.3547881322,0.6377145527
0.4764499666,0.5346625870,0.6015754659
0.4020659106,0.4368942732,0.1502366947
0.5166932540,0.4821404258,0.7052955610
0.8808536135,0.3550128346,0.4253550137
0.0905633000,0.0666281235,0.4512739206
0.5831818265,0.6028793547,0.5974042721
0.1341899215,0.1591132304,0.0451943908
0.6033776111,0.6268011159,0.1286750711
0.4361426452,0.1610096800,0.1870513517
0.7007042848,0.4206105269,0.2922738552
0.8186113773,0.8559523620,0.6932689025
0.4373465312,0.5078205515,0.5308463779
0.9364720145,0.9098466052,0.9458712746
0.0675407867,0.0909824545,0.2732963028
0.8883200529,0.8317136289,0.9229574250
0.5994893732,0.2083227193,0.2550061024
0.5850504356,0.4716602378,0.6596171845
0.5378375014,0.3415334302,0.4131280310
0.6151451968,0.4112698327,0.2332872261
0.5362091139,0.8307936648,0.7921796539
0.0630599440,0.1223878660,0.1993818468
0.9758888630,0.9755982784,0.9550236016
0.7297625186,0.6825766173,0.5478891244
0.9647617951,0.8633582713,0.6505294886
0.4153904843,0.3999323352,0.8014940256
0.5367582542,0.6223691645,0.7494363120
0.6053346980,0.3878878877,0.4536671019
0.5464609018,0.7807490994,0.7451433155
0.9247822265,0.8043206765,0.9892294882
0.8063671970,0.6859223298,0.5968440047
0.3049635620,0.1300821412,0.1532940403
0.1316999893,0.2591787253,0.2713526421
0.9651548442,0.6901657222,0.8863456119
0.4753434147,0.4436278499,0.3423643649
0.3982816278,0.1799188359,0.2276700507
0.3932446338,0.5962972048,0.6416415139
0.4948749422,0.6224466065,0.7015893746
0.6654313117,0.5649248058,0.4266042300
0.7879842596,0.4796957460,0.6620001072
0.4991397999,0.6814326439,0.7296055239
0.9876936164,0.9459473563,0.8876182842
0.9030939225,0.6388049011,0.7465498333
0.6348894317,0.7388686983,0.9567177508
0.3671596363,0.4384637842,0.7380590271
0.9049876601,0.2178039774,0.3760711182
0.7103654078,0.9586402192,0.9222573170
0.2856087491,0.9139067034,0.5381559689
0.7379029508,0.7717810206,0.7851021527
0.1559368388,0.1454653728,0.1771737868
0.4352826398,0.2423377623,0.1471390598
0.2092787976,0.1933427630,0.3865706815
0.0404265068,0.0252014838,0.0359951584
0.8455744036,0.5446532886,0.7295455544
0.1803987813,0.4754013414,0.4954998575
0.6574670257,0.5674711718,0.9654858511
0.6927661290,0.1451421065,0.3443074499
0.6365072450,0.5672597452,0.8633258220
0.3505234375,0.7645746979,0.5948379663
0.9314434022,0.8772259009,0.9279376597
0.0137633170,0.0441804649,0.0184550574
0.7206748069,0.8334302682,0.6263950111
0.8783934915,0.8454437550,0.9652549949
0.5321611868,0.3403667864,0.8643405421
0.5972390526,0.5058508283,0.7625854228
0.3343181669,0.5970265377,0.5902818641
0.2368645459,0.3267635721,0.7691213356
0.3382631032,0.3700527991,0.2256968478
0.1212398299,0.1080909893,0.0534368262
0.8788934503,0.9704218375,0.7909517835
0.3807083120,0.5694652798,0.4715351541
0.6953979658,0.7472629071,0.7513922427
0.9953505217,0.9386862673,0.7449515679
0.2288847980,0.2592489855,0.3071808479
0.7772419131,0.4261424164,0.4304930052
0.5351924857,0.9932047620,0.4714346946
0.6319573500,0.7626871058,0.3802976598
0.7269781782,0.6404864339,0.3970614217
0.0082549124,0.0115471214,0.0068244756
0.8678377010,0.9748595504,0.6594481019
0.0137273957,0.0109835295,0.0154798580
0.7255297994,0.1697405002,0.4879289715
0.1364204567,0.1911371614,0.1016506949
0.8896692493,0.7265689432,0.6877157815
0.5903612176,0.6043690427,0.4747846464
0.6370666477,0.7108550711,0.4286728859
0.9190506371,0.5916454016,0.7638599662
0.4353267966,0.2518467298,0.6193170780
0.2991177660,0.3457180933,0.3400966529
0.6783101791,0.6501066439,0.6182756898
0.8716987373,0.8998503592,0.7817722987
0.0021788810,0.0099167536,0.0011724745
0.8932925123,0.8889712745,0.7566145376
0.5996086113,0.9776152405,0.7469299287
0.0912613061,0.0911632883,0.1413995378
0.0292965612,0.0353403928,0.0807803369
0.2286559286,0.4541641299,0.5036807068
0.2612441935,0.8921321723,0.2184046458
0.9625458427,0.7035592480,0.5497379053
0.7417222587,0.7532495136,0.2463173960
0.1691770819,0.3300618450,0.4251492208
0.7734455203,0.7182239047,0.3985768988
0.5596130047,0.6549949995,0.4508567703
0.6046966343,0.5755110335,0.3835090678
0.0789787978,0.0804546862,0.1938943371
0.4563308541,0.2784330371,0.2943491118
0.1408520308,0.0818871884,0.3903774189
0.4913432481,0.8850996599,0.9187541137
0.5920416100,0.9870259353,0.8973325701
0.6757449042,0.6622617388,0.7665406377
0.0701139419,0.2169599456,0.1427849212
0.6940773609,0.4649168214,0.3709561501
0.5323855723,0.3662337985,0.7307336948
0.6912227666,0.9882495706,0.2816999945
0.2778875033,0.4747073160,0.4961452378
0.0162888567,0.0845563903,0.0451752233
0.6197245864,0.9536708798,0.5019720565
0.2234706616,0.5174917797,0.2482897169
0.3601165999,0.6570674932,0.4023171066
0.6081962060,0.9655354287,0.7323144357
0.7625819989,0.3586624673,0.4935439242
0.9984604464,0.9364667081,0.9109961969
0.1624028000,0.2118868668,0.0445306857
0.7948523382,0.7072666264,0.7132700939
0.6695667654,0.9272708882,0.8371916984
0.5066080788,0.1631663309,0.4523268083
0.7786863071,0.9682960664,0.6009400070
0.0137989496,0.0250711816,0.0257116752
0.1752614612,0.2014279970,0.2951426199
0.6256147859,0.8027304752,0.7088426136
0.6805457489,0.1737877025,0.4228102106
0.1543864363,0.3089443942,0.3118618483
0.8027963909,0.2577929704,0.2599201224
0.9088508799,0.6425697221,0.6636009530
0.2534745906,0.0639785754,0.0542265925
0.7261030556,0.8696237372,0.9013043889
0.6044150113,0.7549628100,0.5381528459
0.1960552112,0.7687101046,0.3658312515
0.4510850881,0.2044629105,0.7696761689
0.1326312964,0.5116220690,0.0900218469
0.4134084296,0.5831389099,0.5082150767
0.4348233649,0.4864091173,0.7497617233
0.9230823826,0.6986093168,0.8703354567
0.9602146666,0.5941717092,0.8997844868
0.4287907395,0.8558010524,0.5986944785
0.0474762026,0.0872565406,0.1500121651
0.4033693661,0.7422794600,0.4799038266
0.8484747547,0.9810014972,0.7248251229
0.1846466355,0.1687952145,0.1761882987
0.3764631816,0.2100384181,0.3294707777
0.7055222722,0.7775109278,0.9083180579
0.1737312965,0.3259827458,0.2816959142
0.5512600658,0.6732305164,0.8766729874
0.1555951569,0.3854725222,0.3677148747
0.7308569768,0.3088234989,0.8551085991
0.0738916325,0.1936037052,0.2648342593
0.6562854632,0.5160907428,0.8353501162
0.8883122893,0.9149134303,0.7614248263
0.5412297317,0.8943171635,0.8313708137
0.7358013316,0.8145686935,0.7434482001
0.7117723408,0.2433664911,0.3274308488
0.1876739525,0.1171315383,0.1265235448
0.1417798844,0.1069931592,0.2129042467
0.9049257012,0.6100243227,0.5945810315
0.3811347581,0.1669617807,0.0854573662
0.4774998905,0.7849865635,0.7046557359
0.4566336777,0.4480342631,0.2763933827
0.7430519506,0.4099016991,0.6371887019
0.4872392956,0.3888178724,0.7412738396
0.6846848859,0.5562675290,0.8099074542
0.8001452247,0.4909846168,0.6849763412
0.9107591088,0.8380935233,0.5401442110
0.7639345657,0.6045258058,0.6558210747
0.9359695259,0.8292387980,0.7791456210
0.5136404700,0.4670258420,0.2206543752
0.6359177737,0.3463253778,0.5462796524
0.3545579178,0.2829401234,0.4852909351
0.0325499553,0.0285749090,0.1116997107
0.0569294161,0.0822314181,0.0643262475
0.5151595339,0.2941765961,0.7366300629
0.4284905048,0.3880292509,0.3651655085
0.3588275444,0.6453400158,0.8081739689
0.9096929938,0.4766951393,0.7534407256
0.9955640200,0.7737531211,0.8748346609
0.3978418778,0.5818059244,0.8693094050
0.4433597993,0.6129893726,0.3168325769
0.8678580100,0.9138715517,0.7832400610
0.6311202761,0.5437722090,0.2735956286
0.6515061725,0.6383267386,0.7074195816
0.3116914510,0.4025834849,0.4937448318
0.2108850572,0.2881176633,0.5878261091
0.4933410744,0.9839455973,0.7193045408
0.8093877583,0.5580312946,0.5120040757
0.4392885437,0.4794445763,0.8090450600
0.0156488439,0.0605543199,0.0359776411
0.6724780835,0.7945071156,0.8508067900
0.8983812346,0.5277007599,0.7360039957
0.6523565916,0.3904512052,0.7171453714
0.5724341763,0.4297340146,0.3736471762
0.3634398537,0.0726882710,0.0824402642
0.7909240168,0.6109616721,0.8632197921
0.1908298892,0.2830336112,0.4286262865
0.9745584762,0.8697156481,0.3981699818
0.4676398315,0.1855433641,0.2607648752
0.7762366628,0.9276595123,0.7887515979
0.5770848662,0.7026679389,0.7760588667
0.2706161430,0.6094572347,0.2648624075
0.2515916945,0.1738548596,0.4926801517
0.0050649763,0.0077038304,0.0064699460
0.4603776250,0.4125448766,0.7737436437
0.6904529068,0.8950128972,0.7054016740
0.8622932998,0.9325969541,0.5428951838
0.3726837199,0.5896191886,0.9384363196
0.7986462915,0.9780290720,0.6428395128
0.9395826744,0.6422098392,0.7078087830
0.2085548759,0.2723707063,0.1386316071
0.1274587056,0.0759525391,0.1181641812
0.9441302444,0.8158560308,0.9804614523
0.6573286764,0.5551923219,0.8801477757
0.3614541075,0.6340842430,0.2344547670
0.3745039835,0.9258996917,0.6761699753
0.3856629244,0.1270790585,0.4534715828
0.4012338257,0.3260231465,0.3199294772
0.6698978125,0.9805783319,0.5502984154
0.5478897909,0.6001027250,0.7546895566
0.6323480065,0.4556314754,0.7048140031
0.6705321711,0.2610184758,0.1965817893
0.0593909523,0.1429824417,0.1154507660
0.5744801922,0.5230527329,0.7347225430
0.3865840330,0.4713400751,0.7193141083
0.2034097433,0.1637230549,0.3431212234
0.9628866850,0.4144495368,0.5693761429
0.5897663327,0.3910511186,0.2681929991
0.7109044885,0.6925246015,0.5245606015
0.6551068648,0.7801100120,0.7097289874
0.6758651778,0.2076974544,0.7902965957
0.3291353699,0.5255515974,0.1726501496
0.3654220901,0.1890444235,0.1771158230
0.6627452263,0.8214399596,0.7342230337
0.3250112100,0.7803644771,0.2955715405
0.5581962309,0.6216692421,0.9090592126
0.2147753601,0.3483595223,0.7984558542
0.8498238146,0.6591987652,0.6413523353
0.4203459286,0.5316958996,0.1661781835
0.3198959546,0.2259080074,0.1711356419
0.8965499837,0.9294692492,0.8240565995
0.3107990836,0.2247549759,0.2916982792
0.8091822733,0.9218598777,0.8417727733
0.5876880532,0.8340286309,0.6150449745
0.6746786265,0.4693245455,0.6519116710
0.0143483686,0.0120145373,0.0088842062
0.3495623269,0.1518394461,0.0870750463
0.6687052450,0.8183125172,0.9856776770
0.5173662548,0.5821591204,0.4290252802
0.9085009715,0.8660454734,0.8810453582
0.2387132024,0.2474421692,0.1444798424
0.9937578070,0.4830089323,0.7604771329
0.8547675716,0.1074267553,0.1945409129
0.3557122539,0.1393013303,0.1007285898
0.5501633372,0.6429551003,0.7062480162
0.2356557460,0.2695886185,0.1281572154
0.7095256581,0.6425601313,0.5876972099
0.3043206320,0.3282407889,0.6080397749
0.5557426948,0.7314204446,0.6899755190
0.4712926600,0.9484136063,0.8604099820
0.9937060122,0.8475360263,0.9617718695
0.4244937815,0.4954332818,0.6895334974
0.6826134129,0.3798365747,0.3411326538
0.8976929048,0.7938841100,0.6286223427
0.3168295332,0.2553337196,0.2998939685
0.1144741955,0.6616213924,0.4036304406
0.4655997333,0.9098213642,0.7629548837
0.6874937703,0.6331563530,0.3660333040
0.3049766541,0.1821711267,0.1390148131
0.2625825158,0.6383730634,0.1588361617
0.7412725502,0.4827485411,0.7293046839
0.3719774247,0.6152533463,0.4007204789
0.4910184568,0.2622004187,0.8586126672
0.8315288657,0.2321697873,0.6338991901
0.6465890229,0.7769762257,0.6683954344
0.8608767092,0.9709517234,0.8068659304
0.0801035232,0.0088538308,0.0078937724
0.1646752467,0.0611225541,0.0612645764
0.1010749704,0.1266578381,0.0215143514
0.9705865915,0.9944912088,0.7372284924
0.4866893156,0.5517550275,0.5008690184
0.0389536094,0.3580913877,0.0563079773
0.5643568449,0.7876036750,0.7827943174
0.5975833131,0.8634747024,0.6543863156
0.5226793778,0.3355972183,0.3395834212
0.1631100273,0.1050930890,0.2856854777
0.0027321407,0.0019481766,0.0047822081
0.3355948454,0.3816202967,0.4925254923
0.5148282284,0.9276856601,0.5373658704
0.8275623027,0.8283239015,0.9505390737
0.4073188813,0.5333057832,0.3253579324
0.5806526427,0.6429494582,0.5025780524
0.4317312937,0.8129359410,0.3805401449
0.9607857616,0.9644326383,0.9134599893
0.5618788512,0.4947844553,0.6938258683
0.7935194835,0.3644837087,0.9797099712
0.8243240917,0.8170259667,0.7790615965
0.8408826813,0.6166059432,0.8717215307
0.1972897086,0.2336761827,0.1728866746
0.9211144437,0.6332511164,0.3116040093
0.2120921147,0.2404618653,0.3926715812
0.0296704086,0.0258173992,0.0468689179
0.6568782983,0.9761336691,0.9983012247
0.0248010996,0.0279190041,0.0491022151
0.3556538698,0.8558142115,0.5672535047
0.7936437684,0.7977763809,0.4608139535
0.0872447556,0.0686537402,0.0240802877
0.9420567075,0.8973832824,0.8145777166
0.0545920714,0.0350857385,0.2215726719
0.4061825634,0.4707569117,0.2601659496
0.5205886758,0.4690682026,0.3403214699
0.1064846291,0.2242696166,0.2071309142
0.8046980936,0.9633161814,0.8297520348
0.4118654630,0.2907450311,0.2326676588
0.6404469382,0.9340313211,0.2259418961
0.8662376920,0.5658926880,0.3964771181
0.3568305128,0.3079438516,0.3599953323
0.8556589397,0.8945766942,0.8119075467
0.2335272039,0.8887168567,0.5183326777
0.1378211482,0.1891746768,0.2528981313
0.5054502732,0.8533366035,0.7072887899
0.4460483551,0.4967906580,0.1929043111
0.5238640584,0.9407228780,0.2461613058
0.0072366614,0.0021965816,0.0014893805
0.9082729684,0.5930515721,0.9886567347
0.4423424680,0.0611636946,0.1133149554
0.3705840760,0.1839042125,0.2202375256
0.0531767482,0.0904606140,0.0472536249
0.4632596083,0.1477431877,0.1960241299
0.0150538435,0.0395345790,0.0089310189
0.1804595875,0.0721868633,0.1654488803
0.3077383153,0.1572753774,0.5573110776
0.1720023093,0.0742518503,0.1670572017
0.7183276185,0.6815089343,0.7026632406
0.5818220542,0.5194387638,0.5090916853
0.2910114314,0.3804155362,0.7904322518
0.2208104397,0.2315387606,0.1349738442
0.4910427058,0.3959200959,0.9489377715
0.0437075046,0.0702182325,0.0483598033
0.2046613741,0.2267031614,0.1448006081
0.3778353068,0.7265064676,0.5083280610
0.8403521501,0.7058527005,0.7040755057
0.6204817959,0.1789942229,0.4916324318
0.9823969888,0.6253606930,0.8975664595
0.2269644422,0.7473630071,0.6705657647
0.3770487322,0.3155565717,0.7412766197
0.2919891078,0.4656295698,0.6119302141
0.0494790303,0.0343484197,0.0349278557
0.8407447737,0.8443879129,0.7748087162
0.6525438504,0.7662142500,0.5116333985
0.8036831856,0.5395774696,0.8820197531
0.9374285571,0.3900977485,0.7725419951
0.9798779806,0.8286470177,0.8005981868
0.3950671092,0.6265824327,0.9183334370
0.7848679795,0.6877110665,0.7159734434
0.7494236838,0.9819312930,0.6694766196
0.7290422374,0.9398776236,0.8118809924
0.8097170297,0.7824790643,0.6377724350
0.0206398544,0.0141478377,0.0115957481
0.7361726638,0.6170809437,0.8117048656
0.5502314685,0.3549539942,0.6415660274
0.5472003783,0.5031499310,0.3665908354
0.0287329306,0.0191990054,0.0165989844
0.3304063270,0.1746777654,0.2792783563
0.7599049913,0.0969253992,0.4957977204
0.9328469188,0.6950478253,0.9199844384
0.3339277875,0.4425156899,0.4953213851
0.5924353025,0.7093496911,0.9988794012
0.1109814601,0.0781540562,0.2306372555
0.6306883451,0.4574245272,0.9008410895
0.6456194275,0.3121614282,0.5760508538
0.9073980733,0.8399555132,0.6713129475
0.8016486852,0.9046428108,0.7702849908
0.9017706358,0.7462094138,0.9655348749
0.0798928050,0.0378110937,0.2537719267
0.0803194140,0.0897559861,0.1538475076
0.1167652485,0.0711042811,0.2300208627
0.5996670101,0.9121735250,0.6600867742
0.5415145718,0.7570864639,0.9943766803
0.1974751037,0.1445783210,0.1659622671
0.4187737837,0.3352551848,0.4019110431
0.3971013428,0.2728927314,0.1709069896
0.6080469198,0.8433996496,0.5738956011
0.5237679966,0.4903336352,0.5707922421
0.5862763136,0.7995455253,0.5782458230
0.6275687908,0.8609836778,0.9363551638
0.7744889788,0.2283713298,0.4312630257
0.6973034516,0.3228523197,0.2789682373
0.4192591951,0.3921329655,0.4827735624
0.4299557374,0.5337590081,0.5370195983
0.1130409479,0.2050727580,0.2282537665
0.5113285661,0.3721329139,0.3180181588
0.5534186001,0.3308557477,0.6495768324
0.5153303094,0.8016653216,0.6780930036
0.6773784829,0.5684734754,0.8400626718
0.3812180519,0.1656951771,0.1308289340
0.5504802345,0.6457531565,0.9407949041
0.8019517239,0.9298281477,0.4788469169
0.4812748077,0.3545756913,0.3668583086
0.2332442679,0.2270568071,0.1003546868
0.0802029386,0.0172791046,0.0307653575
0.7496823377,0.7706785086,0.6358437397
0.6162895036,0.5128620559,0.6631394370
0.2857031893,0.0644481854,0.1176869264
0.5227557370,0.8001176610,0.8829962587
0.2975150033,0.2625464664,0.5134690299
0.5666778609,0.3736282235,0.5323780868
0.5925876860,0.5530270861,0.8109787625
0.6046258446,0.3872071593,0.4071798312
0.6375312506,0.9164491967,0.5374752346
0.7959507432,0.7853199163,0.9370408416
0.5590635503,0.4227207611,0.4639974600
0.7671592821,0.7282345944,0.8876892087
0.8443105372,0.5685412973,0.9938625313
0.1980860316,0.2850343526,0.1797579597
0.4923143395,0.9224213017,0.7467367292
0.2541088069,0.1250593987,0.3036446372
0.5080971172,0.6727101513,0.5041588554
0.0050088774,0.0093690526,0.0096127017
0.8313578219,0.2732192750,0.1872423632
0.7674474806,0.9731201512,0.9894130930
0.0159065041,0.0585629142,0.0190045408
0.5944548262,0.5173852114,0.5188280609
0.8958708414,0.9637130006,0.9321941604
0.0714294240,0.0979382809,0.0795235733
0.2073158990,0.4026928905,0.4255263586
0.8793376802,0.5806588552,0.8230023724
0.9411737106,0.9471924356,0.9303965814
0.9653721895,0.9593876666,0.8734978064
0.6323493877,0.2736465141,0.4286854668
0.8825367748,0.7131957616,0.4707273198
0.3408467315,0.2252864941,0.1665310424
0.6628771283,0.8086047978,0.6148559859
0.9794374509,0.2192074578,0.4774780966
0.7222611923,0.2794682994,0.6047710870
0.0639874969,0.0323535403,0.0146933463
0.7668250363,0.7824876966,0.7193199700
0.8234171374,0.7626571695,0.5455737383
0.3568922402,0.4155319795,0.6764008495
0.5172775435,0.6091845403,0.8844668874
0.4444036889,0.6795310179,0.3703301603
0.7763733162,0.9289722704,0.7053171121
0.0218484577,0.0365416743,0.0402320669
0.5751906704,0.6353264870,0.7210415823
0.5230615792,0.6463004428,0.4376593925
0.5359305351,0.4656945044,0.7616889387
0.1313953698,0.3251405502,0.3026318708
0.1217616458,0.2010915659,0.2860491021
0.6525652672,0.1635895762,0.5408209761
0.1519284977,0.2920108335,0.2811494876
0.9708832324,0.6727832220,0.8530048876
0.1981486668,0.1369601396,0.2087251339
0.4598290697,0.6908050587,0.8157193520
0.1650443932,0.0342241726,0.0789364061
0.4604329185,0.7122301059,0.6334362849
0.9409765261,0.4504318630,0.9910122583
0.5117418611,0.4656153295,0.3543137958
0.1378514187,0.0955961552,0.0774913139
0.5065297683,0.4776871431,0.9699771408
0.9289726521,0.9579104353,0.8564783841
0.5333773816,0.4905172740,0.3305999253
0.0287165144,0.0515440072,0.0281526312
0.4200323373,0.6755271718,0.2931395579
0.8947574516,0.8871923846,0.9035364941
0.3035078178,0.2711102210,0.8768490278
0.7715782855,0.7656481539,0.7831518406
0.2917323145,0.2836228894,0.5281727701
0.8074108108,0.6703738000,0.5026230667
0.0175667035,0.0090666621,0.1453450650
0.7323876323,0.9187804280,0.8745654971
0.1196594980,0.0638322443,0.8837426577
0.4317914011,0.4732312419,0.5856076613
0.4951486967,0.5762765120,0.6807120141
0.0579598128,0.0421212769,0.0343064252
0.0678729432,0.0848389349,0.1535926590
0.7967223766,0.2595134671,0.3021099856
0.4261060039,0.4188401044,0.9007780322
0.5618942023,0.7694386885,0.5865955253
0.8485292047,0.7980479766,0.9936602424
0.6392345967,0.4588181727,0.3680384349
0.1123139049,0.2440275085,0.0794562402
0.2661931673,0.1373846724,0.1425700465
0.3059907676,0.2309550300,0.3535822222
0.3233897293,0.6210990420,0.3030141073
0.1410915316,0.5936259814,0.2699180991
0.6055303089,0.6774399353,0.9312264012
0.5695978545,0.9499798256,0.6777612719
0.2387082573,0.6787106987,0.2979180193
0.6534296452,0.8359884105,0.7339384726
0.0480093880,0.0413918792,0.0512996762
0.0912423371,0.1260572010,0.1045216673
0.0134377487,0.0051560211,0.0028700635
0.7846101031,0.8153516758,0.9482384695
0.9604458349,0.8164742130,0.5947544867
0.6711225887,0.9682685618,0.7050820013
0.7689138848,0.5828667270,0.7400514384
0.8195593332,0.5546736950,0.5955298699
0.6161632642,0.5990829736,0.3876543868
0.4664983823,0.3605559918,0.3715352293
0.5534079516,0.6802937520,0.6513723259
0.6798338215,0.8671273674,0.7158511025
0.2121711035,0.7429661391,0.5646085726
0.5462526541,0.7149179386,0.4526319294
0.4832199410,0.9223195045,0.3451216018
0.3369521690,0.2599832471,0.4251464568
0.2340025268,0.4488496727,0.2892400244
0.6677638561,0.8110640281,0.9670341785
0.1174245738,0.1519466566,0.3592492782
0.5557935907,0.3444252426,0.5714705344
0.8324657844,0.9221428410,0.8341709238
0.9091684358,0.9983708380,0.8994313356
0.6158957123,0.7501152495,0.6807207287
0.2085196964,0.3880325154,0.2427713546
0.9073551192,0.6970870457,0.7111738136
0.6528890631,0.8303150504,0.7858090379
0.0163192228,0.0477828397,0.0486474163
0.8299609482,0.7404667201,0.7320329499
0.0620711304,0.0444886540,0.1180856879
0.6728386369,0.5340443644,0.5669070317
0.5282438028,0.4614278819,0.9564862918
0.9007643506,0.9797487532,0.6734170128
0.6907231875,0.9273154590,0.8165151191
0.1111602136,0.1027178296,0.0636150217
0.8050599425,0.8818704144,0.9288238231
0.1950209910,0.0694544231,0.1158893899
0.8334906057,0.5508621419,0.5000219547
0.6659650108,0.4980836203,0.5810232789
0.0654544955,0.0945943930,0.1279407028
0.1654602722,0.2211797204,0.1926319680
0.4599479493,0.2582222229,0.1364731732
0.5955998486,0.6119581794,0.5417320207
0.2815493759,0.2346426095,0.2815475943
0.5546963992,0.3856193715,0.8105966464
0.6975006493,0.6673752199,0.8682047688
0.0582599647,0.1198987393,0.1586098807
0.6125292281,0.9533732259,0.4328499415
0.3591024455,0.4555416609,0.2724691450
0.3030596153,0.3451498312,0.5480932253
0.1900147490,0.2019118132,0.7085219354
0.1885998420,0.2250443319,0.1335029641
0.2081716012,0.0720075312,0.0840684583
0.6139464122,0.6119316717,0.7064599071
0.1890016912,0.1371098391,0.0848242569
0.8960468711,0.5990646184,0.9916694514
0.4996206293,0.8734849754,0.8379181075
0.2327100777,0.1955176713,0.1905306896
0.4574973665,0.3204210393,0.6943195515
0.0991663073,0.0528270233,0.0594439782
0.1514412520,0.6134293453,0.2462468756
0.3078948564,0.3788717510,0.2109089407
0.6438939666,0.9088240642,0.8539347727
0.7852192289,0.1799907499,0.3839182063
0.6200686411,0.7008934819,0.4997925416
0.4416194242,0.1870846296,0.1653871864
0.7328903196,0.9124564897,0.7159827834
0.6856426181,0.7553411799,0.8178004533
0.5686166260,0.3170766374,0.7727193960
0.2834922373,0.2285761108,0.4369506768
0.5291862955,0.7750183886,0.4051849633
0.6195525937,0.6815678185,0.4761416605
0.3750432517,0.1842447313,0.2351039386
0.6263458126,0.4447087980,0.4613330036
0.7778927459,0.7202732906,0.7297470117
0.0461949495,0.0331505198,0.0217432701
0.7140271353,0.6812706981,0.5942885875
0.2082731393,0.2664667019,0.1591600014
0.3770071179,0.6035461379,0.4176176717
0.0076747881,0.0165572322,0.0063464541
0.6039916624,0.3850459056,0.8826445393
0.2205870874,0.3529449214,0.4751875832
0.6397561795,0.6565105197,0.6339076853
0.9085338128,0.6349116120,0.9814278189
0.6615585512,0.4455670902,0.4708232053
0.0546950752,0.0568683378,0.0674688572
0.8814596557,0.9046350356,0.6885568162
0.3062737379,0.5928329436,0.2740657774
0.7957450882,0.5822171626,0.4516700901
0.5761191443,0.6503760537,0.6666078884
0.8744405347,0.8176786486,0.7221750671
0.2659851984,0.3240227911,0.5762889075
0.5844236836,0.6223821415,0.3101101453
0.8596254109,0.5696992285,0.9026329036
0.5452751396,0.8967534268,0.8802304722
0.3837242760,0.6419928262,0.2095226029
0.3132251999,0.9446211184,0.6141709838
0.1002288531,0.4261649485,0.1284272258
0.0682616313,0.1298044788,0.0729124203
0.3906626677,0.2639586935,0.1695161483
0.5575316961,0.5324658441,0.5516894906
0.2990180798,0.2224053901,0.1875005834
0.8500037117,0.9575158167,0.7673746851
0.6167615939,0.3959177689,0.5500122334
0.0877161463,0.1154276278,0.0687894653
0.6094070814,0.9214674376,0.5277967929
0.9456627027,0.8060616095,0.8545674724
0.2201839334,0.1705202863,0.3085028170
0.5537084554,0.7740228940,0.4206011376
0.4049038490,0.5435426822,0.4608128110
0.2073643745,0.0749211664,0.2515420934
0.8035017315,0.7893235046,0.5683317795
0.7084619029,0.9458220228,0.6968623426
0.7594310892,0.8580249076,0.5662180774
0.4232914502,0.0566258237,0.1420341051
0.0149566421,0.0245115387,0.0203092209
0.2080458100,0.4069868734,0.1341409915
0.0073145934,0.0284685132,0.0084234899
0.2405192113,0.2399433739,0.2175020307
0.6908021424,0.6568422378,0.7226297910
0.0141098419,0.0095257687,0.0071898342
0.0027972639,0.0061327962,0.0096542605
0.7745330394,0.5555237768,0.7186486474
0.2961572449,0.1628518627,0.2293398793
0.2243294149,0.3473358522,0.4108273873
0.6046743812,0.9988010492,0.5862015232
0.4988765348,0.6834634372,0.3993928829
0.7557855162,0.7702937792,0.7283167516
0.1619907418,0.3935495647,0.4351884249
0.0429539076,0.0678157722,0.0487045898
0.3883604210,0.4764861853,0.6017968183
0.8995116506,0.8052457041,0.7761167822
0.5652438440,0.7315098756,0.6637544528
0.4067168732,0.5311962483,0.3636810553
0.4623289990,0.7108750825,0.7265384072
0.2229174804,0.1974738557,0.1867084662
0.4639414967,0.4793201243,0.6081212542
0.7154673014,0.8653929481,0.3983997521
0.2135306057,0.1818497013,0.9102458149
0.4623965468,0.4312992517,0.1685187498
0.1619826457,0.0862724838,0.8436151108
0.9355766911,0.4467123666,0.5300553461
0.4959475148,0.6288910602,0.9836543741
0.8792437681,0.6750877617,0.9246531398
0.6692544273,0.6682741885,0.7131666149
0.4443539905,0.9525249690,0.7026429543
0.8414790467,0.6683644421,0.7777198894
0.2250435079,0.4372853841,0.5478687095
0.8657438500,0.4846931159,0.6130428476
0.4079433677,0.3767265243,0.5809216698
0.8827809624,0.7376384275,0.8069665451
0.4591424819,0.8997021066,0.8709869840
0.9906390408,0.8284298881,0.9044014256
0.6214690248,0.8470658803,0.6612911484
0.0416050814,0.0507989955,0.1554693861
0.7304660936,0.7651731735,0.7164044371
0.1540448732,0.2813235566,0.1829557884
0.2305694973,0.1644654171,0.2388244317
0.9162770650,0.8819428029,0.7653884523
0.9734809954,0.8714445393,0.8802159317
0.4666352737,0.7274867117,0.6175729247
0.6612881327,0.8389533679,0.5465086177
0.5614727601,0.5421270641,0.5977950289
0.3005222877,0.2540523603,0.7705241772
0.8945459314,0.7922563155,0.8964903333
0.4071212931,0.5688644820,0.7016623842
0.7256596828,0.5972514754,0.9191321033
0.6362207296,0.3569179126,0.5182143874
0.1877977587,0.0368057977,0.0728578273
0.1766932077,0.1393558947,0.1631761171
0.0448119348,0.0663044517,0.0472226480
0.4995320419,0.7246213997,0.8838531650
0.7423579439,0.9456661383,0.9168933712
0.4567674709,0.4461291305,0.2493680099
0.0253154653,0.0653688578,0.0420049357
0.3957225610,0.8721823629,0.8393500000
0.8033086830,0.4710924468,0.6842187016
0.7517594423,0.4466597842,0.3047362964
0.4881499220,0.5858224059,0.6563662058
0.8713149152,0.9905913317,0.9533963290
0.4063307226,0.8087038611,0.7517431951
0.0839395897,0.0273343211,0.0258244421
0.8000367351,0.5843210411,0.7392691964
0.8088289249,0.2790072400,0.2120101586
0.3957005917,0.4266617924,0.6147526995
0.2599459839,0.0954245390,0.2188085185
0.7073658010,0.5373487128,0.8301457416
0.1968601057,0.3097649275,0.6735025496
0.5283000994,0.8489850203,0.2387226939
0.0562286226,0.0363487636,0.0307487242
0.9904972861,0.8780745565,0.9445490135
0.0951137888,0.0531018166,0.1059436559
0.6430890908,0.2953801064,0.4263283263
0.4777202192,0.2082736262,0.4270694429
0.3981248926,0.5052937020,0.1654873631
0.1495288943,0.1384428914,0.1177456033
0.6995637541,0.2245323655,0.2779515850
0.8553424389,0.9489039859,0.9685591489
0.8972140097,0.6259598778,0.6025973803
0.1277544316,0.0924751615,0.0653983604
0.9167656614,0.9030515679,0.7405377592
0.4595970798,0.1725021602,0.1739615170
0.4185038710,0.2001069658,0.5711089051
0.8547644266,0.6893692733,0.9229395098
0.8616574264,0.4465539776,0.5555158631
0.4111482635,0.7509767863,0.9695724345
0.1052331247,0.0827837122,0.0567145900
0.1789035574,0.0845111631,0.0800061401
0.0786662770,0.1772690029,0.2544594131
0.4020924754,0.6064802240,0.8216852591
0.5927903590,0.5913599278,0.7788644426
0.4286764418,0.4388499602,0.4343133897
0.6186652957,0.1895936491,0.4402052035
0.2796230032,0.3721203161,0.3338593901
0.9275587174,0.9866363858,0.9740422297
0.4775170335,0.5290418264,0.1563099659
0.1897639919,0.2460420701,0.2004841696
0.4113662560,0.8378774431,0.7082012765
0.2112117117,0.2566011425,0.5902055258
0.5040145805,0.5142040529,0.4178166856
0.1339014318,0.1821361495,0.7127229889
0.2732343071,0.1229707709,0.5763502622
0.7165556185,0.1737558796,0.1717237607
0.2770563675,0.2758989205,0.4924370949
0.6286105706,0.6584044615,0.5528693429
0.5150423430,0.3341655653,0.6289179966
0.8916543122,0.6908501345,0.9466536393
0.0949522857,0.1880413090,0.0562008860
0.2639504340,0.1733950344,0.2797837205
0.6545438413,0.5947867570,0.6077441024
0.6383941437,0.7281173721,0.4194553059
0.2690293341,0.2423565185,0.1630649112
0.4875515395,0.5466634306,0.5380899878
0.7337426521,0.9571861223,0.5970968875
0.5933355490,0.8958889358,0.7521898597
0.0377941106,0.0548073563,0.0987240753
0.8496119571,0.9965338751,0.8391947599
0.0002300830,0.0002806726,0.0002679466
0.0534115804,0.0481063668,0.0412161383
0.7541334146,0.6299076102,0.2825888775
0.3613402007,0.5816770516,0.3041935050
0.5824207630,0.6245301692,0.6249869078
0.8065454659,0.5401264309,0.3218670249
0.8543163203,0.9791472393,0.6415020906
0.7561324301,0.9221467221,0.9106076307
0.7004067917,0.4042758552,0.3134564748
0.0581663204,0.0916156407,0.1140529433
0.2834563117,0.3535070448,0.2335083049
0.8274786657,0.8120617346,0.8517277251
0.4966036923,0.4480615314,0.6477181936
0.1842414516,0.2201662178,0.8761716304
0.7542341817,0.6369921448,0.5178256732
0.9324036754,0.8244086683,0.9108869567
0.4770291896,0.4131990261,0.6205815908
0.5364750334,0.8914674021,0.5755598444
0.9423883389,0.9417925222,0.9270154855
0.3244969713,0.0630733557,0.1599199113
0.3186539743,0.4603542841,0.6350633941
0.8392322405,0.3160087933,0.6102333721
0.5656161893,0.7583251256,0.8416291544
0.0211974897,0.0442624857,0.0247613642
0.9127292375,0.7996837171,0.4251578094
0.5279418611,0.5535593173,0.5004379014
0.4229066002,0.8205615366,0.7999162723
0.2248531376,0.5815626419,0.1736778072
0.2261280751,0.2139770207,0.3426951462
0.8797304288,0.6188535869,0.9432343927
0.5007776058,0.2773649885,0.3640282378
0.8808489705,0.6181574754,0.6987651450
0.1872221040,0.5490291731,0.2008945623
0.1626185092,0.0694702915,0.1444932426
0.3898616452,0.8416315215,0.5358053258
0.8327349869,0.6434965972,0.5125275522
0.3167451824,0.6713203453,0.5382538392
0.8563467260,0.9134460004,0.8708740112
0.9174132081,0.8523045118,0.8220589849
0.9815528506,0.8508242999,0.6949411856
0.9714219990,0.8672354753,0.8581065199
0.5749586154,0.3287835237,0.1921270130
0.6750816119,0.5359350592,0.8818733683
0.3535985209,0.1721011239,0.3145143202
0.4329965765,0.3405965413,0.3136179617
0.3135047045,0.3129068744,0.3558086550
0.8133823662,0.6087870612,0.7893370639
0.5909858510,0.7780312752,0.4384563848
0.1915463828,0.7210252350,0.3472298398
0.2972185371,0.8254464206,0.7460003749
0.0468886795,0.0348305242,0.0263405211
0.6652126111,0.9518854761,0.9103264829
0.7497059645,0.7283935860,0.6065988459
0.8830725801,0.5038842127,0.5082603573
0.9011005753,0.6341389674,0.8201489249
0.6457166554,0.8739831562,0.6570190025
0.9874146304,0.6227535344,0.9802217417
0.7124607201,0.3372497940,0.3941430974
0.2303111793,0.1638987491,0.1894866392
0.1477261562,0.7679609609,0.6057630529
0.6015311751,0.4951819262,0.4118304407
0.7372286211,0.7387426913,0.3677669892
0.4173509556,0.6651517655,0.5768070116
0.1709584366,0.1928841998,0.2570606254
0.8060281831,0.4205377080,0.6009867546
0.4392211480,0.2757159450,0.2317337332
0.0242297782,0.0361939724,0.0157646282
0.8167913782,0.3837983331,0.7115026366
0.2666827930,0.1094507483,0.2032958423
0.7380754462,0.7746264008,0.6858273387
0.5305362670,0.3773549931,0.2674034190
0.9590428109,0.6106721543,0.9395883588
0.3734616334,0.6999731139,0.9995842142
0.7074761067,0.3227254541,0.5301706324
0.8010218877,0.4811413390,0.8927517603
0.7738970039,0.5779565282,0.3923325743
0.0015797232,0.0035634317,0.0050833548
0.1008673986,0.1541100899,0.1833774721
0.7249431064,0.7055396405,0.5091458371
0.7008446935,0.2734152540,0.2205050522
0.9057821812,0.8159807350,0.4896652027
0.4916474049,0.5651945753,0.5332122309
0.8823739359,0.5827928926,0.4641074366
0.2847312122,0.0861102196,0.2763487145
0.8631788986,0.7085233971,0.9228600952
0.9848348567,0.3603678159,0.4338569971
0.1815242785,0.1456082273,0.1419773744
0.2185991615,0.4170980536,0.4506569836
0.2333157014,0.8895850974,0.9208416273
0.2109039224,0.1790665293,0.2032236328
0.6931208733,0.9587722204,0.4363352974
0.9519015567,0.6018889575,0.7633138725
0.3963217837,0.4312165663,0.8658082557
0.3264246626,0.2208430077,0.6704455769
0.3137036989,0.2856764821,0.6390657406
0.2335403573,0.1455001278,0.1628020336
0.3216369151,0.3212764419,0.4890435094
0.8992063095,0.8104042957,0.5907509651
0.8228726362,0.9958166941,0.7177498322
0.9172951145,0.8193332171,0.9516910330
0.0630179202,0.8299380155,0.0692652873
0.3312241793,0.8338383228,0.2212643772
0.4865617168,0.5058650523,0.5146904416
0.1317419168,0.0793119889,0.1664360989
0.7644639026,0.7824201324,0.9379186899
0.7538420491,0.8911064449,0.6791466106
0.5333312940,0.7379556831,0.8090216935
0.9542601284,0.9945594213,0.9650204324
0.7750747712,0.5650009182,0.6720461159
0.9665380153,0.9597265203,0.8924147301
0.5231405458,0.6518816738,0.6307594425
0.5054874852,0.3733345895,0.4860638273
0.9387908108,0.8183714540,0.6634119571
0.0999540655,0.1893524842,0.0983632114
0.6296450393,0.8250806048,0.6775803456
0.5383260247,0.9206349460,0.8200814413
0.5347157487,0.6895967254,0.6119038954
0.6761176770,0.4704542480,0.9310856173
0.3652084690,0.7369733197,0.1485926004
0.7616223874,0.9582820363,0.9388783189
0.0318862434,0.0142138556,0.0270583808
0.4129176240,0.7211617427,0.9746930844
0.1338178423,0.0502014021,0.0442147548
0.0770133556,0.0186289687,0.0284086038
0.0837979864,0.1017744858,0.0577454190
0.5384218580,0.7532784550,0.7461720785
0.7151728468,0.9610663629,0.2654476245
0.7894217638,0.8269291042,0.4870736461
0.8960650344,0.9458924576,0.5909959693
0.9406057453,0.7470069893,0.9965057932
0.3747399217,0.1461990874,0.2799214931
0.3055692352,0.2347646326,0.7995269850
0.7131477837,0.9631795082,0.7805468688
0.9851461173,0.7923035067,0.5347656589
0.5612012669,0.0815052589,0.0754353442
0.5764435840,0.9288121880,0.8550287620
0.4487747218,0.3260636792,0.2567987710
0.4940040876,0.8134571300,0.4716647218
0.5154507838,0.4566088200,0.3415119624
0.5852753912,0.5320098833,0.6340741698
0.1565679703,0.1517739001,0.1357386168
0.3312180395,0.3650299407,0.8507148188
0.2796151780,0.3152011850,0.5020144740
0.3856354126,0.4569697169,0.6850645667
0.3188542033,0.6136376300,0.5529266772
0.7227037252,0.7103069733,0.6029630549
0.9740410201,0.8389531885,0.9541235668
0.2413065618,0.1780202468,0.0906412543
0.6515859824,0.8426402098,0.5931121996
0.6218913555,0.6785602906,0.6651523591
0.5562632193,0.4160165811,0.8400528650
0.2552376494,0.3397419726,0.4553660812
0.8045302882,0.2270654818,0.3798398401
0.5353228345,0.3859113610,0.3726394034
0.6016098631,0.8647038648,0.7903507886
0.3860081076,0.5693085196,0.3818685066
0.0978436948,0.0363501184,0.0382956274
0.4637129392,0.5760476261,0.4950067262
0.8278125033,0.5904296401,0.6165749983
0.6900926805,0.5878892904,0.7178321588
0.9642376289,0.4296873277,0.3728614327
0.6045725386,0.3020953381,0.5620336470
0.1941328825,0.3887800888,0.1278070230
0.1235024260,0.1699791740,0.1164904073
0.5788872122,0.8489876745,0.7165591127
0.0217613792,0.0310216865,0.0395978031
0.4610377589,0.4774076469,0.4027210940
0.6816930116,0.3965194934,0.4778774780
0.8263475067,0.7317218318,0.7390273445
0.3043308492,0.3514991202,0.6931638515
0.3699410131,0.1657555328,0.5784150250
0.2052450327,0.3887194082,0.1581901458
0.3742530151,0.7622435302,0.3723094856
0.4836374344,0.4103918039,0.4370191139
0.9381281152,0.5797602247,0.3668380378
0.3531777465,0.5088077612,0.5716933500
0.2682604636,0.5888260195,0.4027371976
0.3114266671,0.2344285573,0.1887497190
0.9480373578,0.5419393440,0.9314448373
0.5903711378,0.6408842829,0.6530017781
0.1106438385,0.1114692438,0.1120935320
0.9655798250,0.8734032951,0.7919147060
0.4222317857,0.1928185145,0.2724020181
0.0325671588,0.0237743268,0.0886773606
0.0225750328,0.0165067260,0.0103678331
0.3731486251,0.3416967152,0.4698694823
0.8224961333,0.9073007293,0.6988062913
0.4088336612,0.4235316522,0.3377949152
0.3542111267,0.9100956044,0.4218835096
0.8874903699,0.8194469703,0.7056273495
0.6583531652,0.3332976732,0.5653077025
0.8183866404,0.5473347880,0.7916354389
0.8865435233,0.5096336316,0.7123338092
0.1010922545,0.2542979090,0.0821165518
0.5503624825,0.6118464527,0.6294691812
0.7880537300,0.7066024769,0.9797139078
0.8211889471,0.7005396469,0.7030260442
0.2761564316,0.2959740493,0.1782616935
0.2193058152,0.0668496501,0.1198963891
0.9827120307,0.3304093757,0.8183530569
0.8286645745,0.7410318311,0.5855783563
0.0353453187,0.1119554729,0.0424923419
0.7062081478,0.8095397495,0.7561882710
0.8906255909,0.6594399406,0.9524543375
0.0939537156,0.0755819329,0.0733967922
0.2057058055,0.3559723165,0.7917337624
0.9792900545,0.9533947344,0.7798336849
0.5255303415,0.3813859636,0.5503140130
0.1105406622,0.3432749561,0.1853940522
0.3722743542,0.4238588015,0.4938219043
0.5539059744,0.6847433792,0.6111162485
0.7564505730,0.8113362044,0.7449278882
0.4028818870,0.5241984338,0.6378331880
0.5762130593,0.7465690442,0.6002452130
0.9020134721,0.8169271975,0.9259388799
0.3601049282,0.3866352372,0.3834666784
0.5260093932,0.2964642137,0.4327540428
0.6976334363,0.4343047240,0.2347052982
0.8103553326,0.6952823022,0.9813287218
0.2180935862,0.1877984306,0.2071875929
0.8539628683,0.9817903832,0.5688676133
0.0045117487,0.0114726084,0.0166920335
0.5342616023,0.9733781174,0.9166975676
0.1539085454,0.0685099648,0.0626186838
0.0970869418,0.0914012901,0.2397252913
0.9938322366,0.6324685665,0.6610793414
0.7996716561,0.8734147617,0.9311332377
0.8671428288,0.4911330325,0.6519934475
0.3440916720,0.1727633914,0.1684295813
0.4823986243,0.3610898093,0.3207379939
0.1848406674,0.2902206428,0.5608481710
0.5856318034,0.4063523501,0.7374830847
0.6863609377,0.3461411708,0.2125623403
0.8354345345,0.9274810783,0.9135191873
0.4331238163,0.1853392656,0.8598628388
0.8213247610,0.8233726025,0.8419412623
0.5276072918,0.4799781352,0.6383710038
0.4961756464,0.8036670779,0.4589161668
0.3760604850,0.6248163973,0.3687083979
0.3731571501,0.5724111265,0.8979382554
0.4996119130,0.8397042298,0.5841498854
0.6880493317,0.3212098868,0.1021066997
0.5992767593,0.7349294952,0.8533936534
0.5814859326,0.5107328863,0.3889739959
0.9439616165,0.8397006559,0.9534042871
0.6367836882,0.6312654065,0.8850871824
0.0712909471,0.0679066617,0.0710979374
0.2168159580,0.1742941089,0.1851856058
0.0441223428,0.0199337348,0.0946252557
0.0369756691,0.0590433188,0.1611371120
0.5328445629,0.5566333024,0.4469857108
0.1896739258,0.0768290048,0.1630760361
0.2660160863,0.2440247597,0.2718883145
0.2253931738,0.1673792056,0.1243377999
0.4201406848,0.8262900751,0.2077077620
0.3176308399,0.9492235697,0.4468451137
0.3761357673,0.2262005403,0.3359947850
0.3425546736,0.3795793196,0.5418760507
0.3247773597,0.4179217595,0.4626198228
0.0308692561,0.0204864002,0.0332357965
0.8146759581,0.7563159723,0.6392082771
0.3209942215,0.2063830965,0.3738451971
0.5593106302,0.4417256300,0.7367491318
0.7726947707,0.4972979316,0.4118263481
0.8765188712,0.9009047557,0.7786888331
0.9557394818,0.4373745532,0.1709794192
0.2348808366,0.2838677872,0.2265797992
0.9235761480,0.5084550342,0.7162690202
0.8934350526,0.5333778161,0.9357021047
0.7754077000,0.8613361466,0.7123860861
0.7645487291,0.6536707498,0.5109809532
0.8240359733,0.3142610198,0.4762366209
0.5975818182,0.8647458387,0.9296978892
0.9248806928,0.7286008159,0.5005830451
0.3164184989,0.3757099068,0.2874983646
0.9610577091,0.4145263917,0.4886241369
0.6039256505,0.4814538314,0.8170658909
0.6500200535,0.5431725734,0.6697142164
0.4301500985,0.3281236186,0.1830351467
0.8710274304,0.9768222967,0.5459563444
0.4250420538,0.3054571933,0.6412506317
0.6918334761,0.6332020036,0.9642221995
0.5822992117,0.7480698605,0.6619566858
0.2125375617,0.4666268066,0.7851964048
0.3415334672,0.3283807067,0.5622489300
0.5616240598,0.3126617041,0.4430360383
0.0839819656,0.1502100103,0.1220457348
0.3785660514,0.1698869566,0.1234255829
0.7653475143,0.1858100683,0.3541894934
0.7565610583,0.1894383954,0.2522392449
0.6904028710,0.6871553240,0.6428306373
0.8227359915,0.7879192315,0.6149236690
0.2164807421,0.4473621799,0.1860421003
0.3696453052,0.4163476207,0.7730259630
0.7643344659,0.5853917811,0.4675407183
0.1809388428,0.1490119397,0.3574242564
0.0265658874,0.1114520901,0.0515105066
0.6024258534,0.5016340945,0.3763374488
0.2299690232,0.4702630302,0.1821145048
0.9128806260,0.4465105177,0.3604168649
0.3924635945,0.1980428644,0.5307440108
0.6957234128,0.4926966895,0.4359919394
0.3939042161,0.5252153527,0.4114707206
0.9821253805,0.8421652194,0.9974088157
0.0957237383,0.0686843547,0.2096609515
0.8724217271,0.9088491043,0.8712576292
0.9526489339,0.8372847752,0.3950700129
0.8986024011,0.3511267324,0.8734126300
0.3745317566,0.1330197087,0.1689772268
0.7417429285,0.2988951635,0.5970647643
0.4597124685,0.5030878199,0.6194508341
0.2465519631,0.3223368745,0.4065930450
0.7586504216,0.6918519433,0.5332784983
0.0696749225,0.0868082302,0.0866645049
0.7157283133,0.7951292556,0.5789496435
0.4925366114,0.4445528479,0.4806232685
0.5797376424,0.9981104486,0.9987670867
0.0478807375,0.0295538765,0.0444249887
0.4992089355,0.1995543363,0.1449421942
0.8110161798,0.8510733158,0.4146599100
0.3634715855,0.7938377047,0.4535012950
0.2254472235,0.8258678364,0.2158442993
0.2767499140,0.8232046953,0.2390491863
0.1881312215,0.1266120371,0.1918571544
0.7392777622,0.8343990666,0.5858573414
0.3796154752,0.3607157275,0.3463643531
0.3954989102,0.3515470569,0.4376428223
0.7734026261,0.6310419382,0.8862618324
0.0960781210,0.3359057172,0.1211288604
0.4857150810,0.9827412854,0.6467642271
0.9180667131,0.1441325520,0.1880551261
0.1249387190,0.0451701395,0.2348848244
0.6604920931,0.7156713585,0.7179185631
0.4490061782,0.4982049032,0.8230028267
0.9707380380,0.5854259434,0.7419013503
0.0350038666,0.0671270832,0.4931480073
0.2761418314,0.2272478962,0.2100301958
0.7047407480,0.2656562147,0.6542449241
0.1025296016,0.5863886345,0.2227279810
0.8928481435,0.7534169941,0.7366562234
0.9228729954,0.4533394431,0.4135267511
0.1108690294,0.0915458479,0.0522837468
0.1028846263,0.3693360719,0.1422365073
0.5570737585,0.9513515545,0.6130979390
0.9129243035,0.6112808299,0.6361531495
0.3795013242,0.3116847486,0.3031363370
0.7866907334,0.9081985090,0.6683483636
0.9281859627,0.6349865110,0.7277400845
0.2478450012,0.1209240433,0.7330020974
0.0191959250,0.0366748298,0.0159591726
0.3967511084,0.2644695331,0.8095344136
0.3834468361,0.5276477223,0.8502879492
0.0896244299,0.0414592144,0.3134799260
0.6743266486,0.1565525360,0.2626230913
0.0648677162,0.0193425949,0.0134630289
0.6849820723,0.2715421902,0.7639958344
0.1746449283,0.0562161788,0.1063472425
0.6222458844,0.3504049933,0.4532667234
0.4461460521,0.5580840463,0.2204799283
0.2670512654,0.3931973648,0.5807017378
0.7738280893,0.7149172634,0.8761107538
0.7812500614,0.8673831565,0.4747237566
0.3435460931,0.7035170476,0.5020828342
0.0292182452,0.0286827918,0.0855358174
0.8290562529,0.5671581763,0.8458940910
0.5551020983,0.5853492419,0.7016997170
0.6529984253,0.8623390039,0.5188555530
0.8512067752,0.6997173525,0.7008261261
0.9823069835,0.5832847146,0.6908571787
0.7518369616,0.4178661675,0.4250485005
0.3539976946,0.2162849001,0.4240322474
0.4413546488,0.5427709578,0.3458576657
0.5895734610,0.6281975978,0.3929031465
0.9455383957,0.8879478234,0.9007120843
0.2394486200,0.2721508898,0.2399746381
0.2219931521,0.0953284041,0.1578658025
0.3592874377,0.2108419734,0.1193248866
0.2786860196,0.5200867686,0.4996928411
0.1462589815,0.4069595890,0.1792234340
0.6396499890,0.8384676624,0.8441159088
0.2896763188,0.2371224041,0.1760479539
0.3485758797,0.7997999542,0.5792926319
0.0408656138,0.0237622771,0.0131745637
0.9600024267,0.7126864981,0.6037461005
0.6776464254,0.2505313165,0.6541676316
0.2209589168,0.2145121868,0.1136340010
0.1411997115,0.1346144107,0.0960274913
0.8126719561,0.9922389949,0.6226148234
0.6358769138,0.4036849989,0.6449415947
0.3507518473,0.1942659908,0.4077456185
0.0682728847,0.0625152481,0.0631060832
0.1694814454,0.3033739290,0.2790837108
0.4571717159,0.3244288315,0.2946093550
0.1790449329,0.0954238762,0.1243556289
0.4411478025,0.3504548809,0.8268070782
0.7374544332,0.6530373010,0.5649562031
0.1093602224,0.1431024547,0.0982509603
0.1110434426,0.3593679198,0.1425597800
0.7228229193,0.7887699925,0.7715549310
0.3232671452,0.3298709401,0.4309405281
0.9997234514,0.9004184770,0.6445967725
0.9404482245,0.9574028590,0.9549029426
0.7651313526,0.8682396118,0.9411183274
0.0968299174,0.0081998200,0.0080882674
0.9687737402,0.8807823517,0.9629596784
0.0285104184,0.0482033112,0.0438166681
0.6966808661,0.9705556736,0.9095446075
0.3001642789,0.1749706571,0.2220805212
0.0994171278,0.1303799965,0.1383189522
0.3140594045,0.6319431692,0.6328662861
0.0528760269,0.2492145187,0.0312464780
0.2829742330,0.3416763222,0.3385593035
0.1442370164,0.1220305268,0.3061282536
0.3323557706,0.1945068568,0.2017595284
0.7493074325,0.4997272837,0.8025861808
0.6774050038,0.7442373698,0.9669493940
0.4708400803,0.3782595088,0.4411327964
0.4210548580,0.3433959625,0.3783570095
0.8243900901,0.3831522676,0.4265945222
0.5748565340,0.6778538045,0.7363400368
0.0601693797,0.4492280758,0.3034137438
0.7309693139,0.6731119132,0.6180684025
0.5426594831,0.0988334267,0.0998408810
0.3019615312,0.6325562316,0.3642112516
0.9760798452,0.9981566557,0.9739947724
0.7255824797,0.9708659128,0.8062303177
0.7206533760,0.5778295099,0.3603209485
0.8832390836,0.6222143078,0.3402172008
0.8824317648,0.7715613016,0.6940612153
0.7620184012,0.9519856190,0.7002951899
0.4593995557,0.6352845190,0.8970734258
0.5649519484,0.4098864965,0.4098282053
0.1423413381,0.1017031614,0.0871573466
0.4354130055,0.3880462882,0.3079451762
0.5670672112,0.9174561435,0.4525387342
0.6805397301,0.6184799256,0.4773495656
0.2959694019,0.5078784846,0.7842364462
0.7544017990,0.8138662348,0.8016638319
0.8567888528,0.7891334812,0.4163433083
0.4743393594,0.3558933159,0.4833423631
0.5088601473,0.4321656359,0.3288755223
0.9765635426,0.6935323883,0.7523291241
0.6653414600,0.9149003427,0.9013761820
0.8721168530,0.5952594726,0.9882626121
0.9636559570,0.7253466013,0.7207752403
0.4607100869,0.4216663106,0.2990137035
0.6934172746,0.9069727322,0.6482874932
0.4137174260,0.1692337660,0.2297103237
0.2934211970,0.5567009399,0.2793592485
0.6429489891,0.4575285569,0.4307374226
0.8254648950,0.5156176009,0.3955467386
0.6561737581,0.6631788293,0.4779792925
0.9470006345,0.9549047160,0.9032766411
0.1401988840,0.3794480073,0.1310529771
0.5847548017,0.4054344691,0.9837573345
0.2144961994,0.4805106444,0.6304610042
0.9042908319,0.6359716137,0.9646853341
0.5173235427,0.4523980314,0.4815756118
0.4720130451,0.4825291463,0.4097105826
0.5896419524,0.5110096894,0.8841333332
0.4692078865,0.3741711382,0.8049815780
0.8311578407,0.9408331404,0.7523859360
0.3867964378,0.4935122688,0.6647978285
0.5289592931,0.7994693281,0.6510665631
0.5878441055,0.3931647662,0.9536955553
0.6675045180,0.9463558615,0.3992923305
0.8595191065,0.9030305570,0.6237250536
0.0780503581,0.1157144488,0.1062406682
0.8805353347,0.7896302294,0.4552609251
0.6979104511,0.1854044020,0.5160442677
0.2340759101,0.4524759331,0.4230743612
0.1694987982,0.2184735111,0.4711018556
0.4699798292,0.9538381315,0.5305597888
0.0878527200,0.2338500484,0.0834868139
0.5304422612,0.7842320904,0.5731710544
0.9856267818,0.9102944949,0.6357532890
0.1139601760,0.3194631422,0.1848682551
0.9093662699,0.9096435314,0.8739460722
0.2706040431,0.2151889064,0.1475104985
0.3331217859,0.2497090540,0.1779971381
0.7600220882,0.6833417466,0.9605292144
0.4312140882,0.4009379368,0.1329788775
0.0039639498,0.0034552314,0.0056634531
0.2409990809,0.1947042886,0.3617182607
0.7779890103,0.9163474522,0.4798878526
0.1914602559,0.2827873466,0.8669105476
0.6826140448,0.9450017699,0.9691520911
0.4827868013,0.7846322910,0.2752868453
0.3208414543,0.1468995485,0.1875310481
0.5911698703,0.1940169630,0.6578881056
0.8472116502,0.7614136868,0.9670459548
0.8077794646,0.9827749615,0.8238037521
0.0001860759,0.0000752198,0.0001222625
0.2060868477,0.1432513456,0.9584556334
0.4655339758,0.2214594059,0.2992642842
0.2961792426,0.9092010998,0.4803615320
0.3626271625,0.0961785012,0.1446986179
0.4026273625,0.4473405726,0.2551842242
0.9903658643,0.8922801488,0.9523462022
0.6258638389,0.8668897347,0.4632956771
0.3390168437,0.9905115189,0.4939358411
0.0600142735,0.0646274549,0.0518952577
0.2283571609,0.6565955769,0.1974622993
0.0574702676,0.2185068120,0.1002633721
0.2025616032,0.3200993108,0.1327017245
0.6628590801,0.9946276853,0.7993318358
0.1978168146,0.2761608035,0.1628966079
0.3697804543,0.5434361030,0.9841571848
0.3322013492,0.4549658557,0.4440225004
0.2875289340,0.2728272672,0.4372620813
0.2483761385,0.3065426854,0.1191068938
0.1033446886,0.1130110799,0.0625854273
0.0205788504,0.0203235544,0.1308953694
0.5485798762,0.7512209519,0.6841109909
0.0957364841,0.1211659286,0.0886701843
0.7387792013,0.6814982181,0.7302117002
0.0924015710,0.7400149066,0.1165021036
0.2070436141,0.6566078299,0.3443718830
0.7690768370,0.7995847658,0.9978914695
0.3131758563,0.2392421742,0.3342168827
0.8387012515,0.4245789499,0.4320297286
0.9588657349,0.9670229272,0.7661606672
0.5883223379,0.6030998989,0.2860503359
0.3723416023,0.2169292554,0.2955942102
0.1550774670,0.2322242444,0.1003080158
0.4233579884,0.5811897568,0.8030404586
0.4964507246,0.5658672688,0.6205312669
0.6485884725,0.5402293666,0.8947130287
0.9329711324,0.9844186631,0.9454894682
0.1470992222,0.0511991375,0.0945645790
0.6167292648,0.2228106307,0.5876325724
0.0595631260,0.1461093636,0.1559882775
0.0473253810,0.0639293222,0.0478890037
0.4222670921,0.7048379937,0.5813121578
0.6510536023,0.2694697256,0.1420019451
0.5318627967,0.6367437322,0.5876687854
0.6043295887,0.6776772432,0.9407254641
0.4330716643,0.4149305490,0.2189139182
0.4073083593,0.5491329851,0.5368156609
0.8382564976,0.8419707537,0.6388863847
0.7807179579,0.3332306223,0.5129991756
0.1746241057,0.4290500384,0.3578765177
0.3144887513,0.1759636705,0.2486742644
0.5852192297,0.6138252046,0.5100670662
0.1768235946,0.1653443251,0.1162972823
0.9909021377,0.8583538527,0.9889715554
0.3998651121,0.4468041718,0.2049480001
0.0539514791,0.1024735278,0.0703070325
0.5429618013,0.7307756842,0.5202225137
0.0567707990,0.0697666301,0.1183153772
0.8586360965,0.5682175042,0.8086192060
0.0784186744,0.0991110507,0.0455666523
0.3750960242,0.4327504414,0.9632747269
0.6999080074,0.5331193324,0.6265484933
0.8315894803,0.9050081832,0.7440699617
0.1680574029,0.0875209158,0.1154459519
0.9686344119,0.9252705003,0.5483003766
0.3394448504,0.3477771635,0.2008260293
0.1974657583,0.1208545425,0.1229438344
0.6026839821,0.9968195609,0.8913001594
0.9308360924,0.9948772215,0.9575610503
0.8518312153,0.7065684508,0.7776097127
0.4995322402,0.5481282286,0.8264590762
0.6676132891,0.6698993716,0.9261097604
0.5510874806,0.7929021654,0.6439137660
0.3191738315,0.1817260024,0.1866039618
0.7308585138,0.8924062548,0.9633631848
0.5333121060,0.4567283065,0.4463022863
0.1080295872,0.1595976635,0.0579145898
0.7752165134,0.4225245931,0.6268752700
0.8112867802,0.3760779766,0.0953558152
0.6344920687,0.9536676415,0.9357524945
0.3247235437,0.5225430359,0.2648146150
0.9846368951,0.8254462227,0.9437791479
0.2615715574,0.4497080225,0.1539733811
0.3618903026,0.4370151463,0.3988909850
0.9531253109,0.5173350303,0.5797426774
0.3667312472,0.1164369138,0.4153993627
0.9940094954,0.8632258949,0.9591668546
0.4711182578,0.8814191437,0.3739168781
0.7003393372,0.3215257092,0.5482623896
0.6957553872,0.4716855029,0.5892015696
0.0994743614,0.1254847227,0.3241405688
0.0032411093,0.0035975767,0.0344678990
0.9342268007,0.8430436147,0.9928376993
0.0665171538,0.1329839296,0.1255949250
0.4588979440,0.6713404792,0.5785443001
0.5875651220,0.3477482558,0.7089268032
0.6968912422,0.6145997700,0.8816521488
0.9723434800,0.3890928628,0.3862820898
0.2964114624,0.5123744705,0.3541352773
0.1525713977,0.1616177443,0.1707945442
0.7450673271,0.8120817993,0.6174758736
0.8750353203,0.7553972109,0.6722059219
0.6993436378,0.4056218884,0.4466382053
0.8026331851,0.6203458262,0.3499946002
0.0788330560,0.0333742972,0.0548356250
0.8333618167,0.2884238076,0.4738985662
0.0710739232,0.0750219106,0.0476482611
0.8363619215,0.6270056700,0.5491931869
0.4979737138,0.8722740865,0.6091978665
0.5585315687,0.7587065805,0.6722852362
0.6769117409,0.3956001991,0.2663500105
0.6455220701,0.7347183370,0.5700611737
0.2648813649,0.1391169570,0.5288763514
0.0709678215,0.0947676702,0.1310621447
0.9642299414,0.6723184329,0.5849493524
0.3042726060,0.2569312595,0.2693282314
0.2323513859,0.3438899642,0.2135815441
0.4584977655,0.3541373110,0.5916540750
0.3560061581,0.2992205940,0.3042428763
0.6024977517,0.9569705002,0.9550891273
0.5990067479,0.6223046370,0.7671400619
0.6644850901,0.6054057990,0.9221820990
0.7375019002,0.9149210966,0.8598568649
0.3906232092,0.4982359569,0.3452239297
0.7708282382,0.5124995080,0.7504922651
0.0981820744,0.1904449873,0.1173451438
0.5495938872,0.4265780043,0.8775135763
0.1055699726,0.5536848826,0.1338318455
0.6015564922,0.4432962710,0.4151621212
0.6220088290,0.4783783022,0.4497744120
0.1355954632,0.1783927324,0.4439741250
0.7973362267,0.7746647927,0.6787078096
0.3815173446,0.4808925272,0.7561412272
0.4821055026,0.3303749228,0.5337668150
0.2040503846,0.1081948944,0.0804478244
0.4973917785,0.5352094092,0.6360032083
0.8737416585,0.6369746774,0.9296560797
0.6586214664,0.7656208394,0.9568775585
0.3703947568,0.7911361818,0.8230703329
0.1701797827,0.2120414605,0.3556975063
0.3728468674,0.7495853625,0.2422332543
0.9383606190,0.5459617678,0.6904531973
0.5778865944,0.2642180363,0.3088364314
0.2450191086,0.0853376830,0.2294694442
0.1400784665,0.3211808512,0.1637604227
0.9349402922,0.5134811135,0.7197546968
0.2764601383,0.1276029106,0.4660741775
0.0987738067,0.0332562535,0.1006528800
0.2773344343,0.5569139044,0.3706015999
0.7771740171,0.7497867154,0.6563815112
0.3216237680,0.2779567476,0.6337782422
0.5143520116,0.7614470036,0.7066738515
0.8397130583,0.9346700818,0.4536925261
0.6901468779,0.9275003393,0.7997046860
0.4686836900,0.7663308766,0.8765907145
0.7577994908,0.8622647040,0.9815800599
0.0637347425,0.1363851643,0.1228754487
0.0643989757,0.0511844778,0.0515469759
0.6680691128,0.5694102402,0.2108770074
0.4804587240,0.3001303297,0.4748330613
0.1359209877,0.1222751594,0.1877248357
0.3594911007,0.5104234912,0.5885553463
0.8158868042,0.7277171708,0.6991874649
0.1898150286,0.2171043202,0.6886557382
0.9863023118,0.8420210514,0.7202045812
0.5567323166,0.3876752134,0.9519544060
0.9263455202,0.8262041652,0.6978911573
0.5516132934,0.5432623281,0.1790221347
0.4214036919,0.2713867514,0.4954538307
0.1289652263,0.2670858104,0.4128229009
0.7477080648,0.8943263593,0.9666947316
0.2964885698,0.1355670352,0.1459565693
0.3637399410,0.1959913118,0.5876275984
0.9256640173,0.8491713960,0.6344936150
0.4187734589,0.3101646682,0.2282728928
0.3832029141,0.8744424179,0.8825749232
0.5629850755,0.7345010977,0.4044707947
0.7817913551,0.4654295651,0.5219302134
0.2836712636,0.3327053045,0.5050196425
0.3484795396,0.1123655215,0.2675546423
0.9803532738,0.9734554722,0.8405161278
0.0732724404,0.0580216994,0.3294690520
0.2058515932,0.1901458726,0.1665678781
0.0024215663,0.0011908799,0.0014372954
0.3316328791,0.3985696077,0.4000994849
0.7920236793,0.6918427446,0.4534567355
0.3017886206,0.3729135288,0.3659591542
0.8192319264,0.8420258408,0.9159720132
0.9516049943,0.5659780503,0.3151709864
0.9478484647,0.8294148454,0.9664683764
0.7590360547,0.4174934040,0.8581801700
0.4064490314,0.6498778237,0.4089211860
0.7714922312,0.8846830385,0.8146618445
0.8018575758,0.6037664420,0.7585237502
0.7440099657,0.6584547944,0.6538238216
0.7356088189,0.8316017872,0.6502330834
0.4251099913,0.6438769407,0.4753443538
0.7374645713,0.5134041781,0.7527812962
0.4896912336,0.9060714816,0.6366135694
0.1211184866,0.1411585743,0.3020883948
0.9595253280,0.8842638009,0.7800240620
0.1242812039,0.0929171276,0.2568085589
0.1177130641,0.2420375025,0.5939964275
0.6010046346,0.6377923588,0.5452887972
0.6395173830,0.4231009246,0.3143349311
0.9712031588,0.2891020157,0.6358053771
0.6287853748,0.8562956110,0.3726379288
0.7397180489,0.9478923143,0.7262202879
0.4298663763,0.3582215040,0.0913734911
0.4265464287,0.2949659986,0.3944450382
0.2577672449,0.6946835526,0.1915983406
0.7288427497,0.9700352240,0.6875406716
0.1381965576,0.2102475848,0.5023301773
0.2727119850,0.5608788804,0.2849894419
0.0039972391,0.0061452561,0.0041942616
0.7752041336,0.7855074000,0.7007652847
0.9040820799,0.5926641511,0.6727262179
0.5963899568,0.8047701315,0.7906280388
0.3375770930,0.0511739878,0.0455194945
0.8044108666,0.7865783334,0.7067302805
0.3621123224,0.2943397741,0.5842122892
0.7861717279,0.8551505600,0.9223497890
0.4914280384,0.6753644399,0.5890371789
0.6623439538,0.8114461189,0.9023928523
0.6336184215,0.4408919011,0.1807926323
0.4793061525,0.3376640215,0.6662111702
0.6230117063,0.4724678540,0.5837595391
0.9697895881,0.7823345365,0.8819312002
0.8301748773,0.5730724129,0.9853576295
0.1277028049,0.0792410661,0.1357923564
0.4191615345,0.2069815379,0.3843668594
0.3051854112,0.4157413134,0.2980878371
0.5191865393,0.3290048537,0.4526132857
0.0358276551,0.1514592837,0.0329493459
0.9318888717,0.6286609509,0.5273924130
0.9495359975,0.9261821132,0.9425082756
0.3643615238,0.7160186266,0.6251531333
0.0542895148,0.0419107206,0.0405342167
0.2219877187,0.0763210881,0.0712128076
0.8414492718,0.3165788881,0.3939661180
0.4123244810,0.5557998676,0.4960367732
0.7734119045,0.3941018216,0.5548347253
0.1033902012,0.0413454387,0.2560736108
0.9821266283,0.6861018807,0.8456708797
0.6249457452,0.3906924821,0.3145138601
0.6718384178,0.3896839603,0.2611789232
0.7596967867,0.8088206958,0.8475846615
0.8022856155,0.7532244418,0.8692110786
0.2377369666,0.2123077762,0.1989970927
0.2443175323,0.4935419488,0.2523092757
0.6870853365,0.4746686681,0.7287062547
0.3434923159,0.2282513009,0.4563767681
0.0058673809,0.0076950499,0.0122685422
0.7487517438,0.7025847591,0.7537237266
0.1903435204,0.1066133383,0.1553572939
0.6741628047,0.5351282848,0.8496796988
0.1737327650,0.4598351265,0.1847876915
0.9234259607,0.6873965074,0.5023942190
0.7884563736,0.9541574174,0.9905174603
0.7555979806,0.7006711656,0.8738258142
0.3330400538,0.4958706129,0.3133191769
0.3482695923,0.2314031001,0.3546264360
0.8867346292,0.6617907437,0.6582362694
0.8722900470,0.8426106479,0.9822597989
0.5617921602,0.9353509716,0.7966201703
0.0168258882,0.0770966922,0.0118124482
0.6333850808,0.2236031612,0.2072112414
0.5375301045,0.8343657399,0.8183239399
0.0505383847,0.1280923520,0.0955007911
0.7189084639,0.8695760647,0.9010371383
0.1116212036,0.1170377464,0.0883184782
0.5111348083,0.6172242603,0.8112980613
0.2625855036,0.9718264520,0.1137758421
0.7604687178,0.9257361247,0.7021339279
0.7338184561,0.7475046055,0.3507087783
0.0143252601,0.0087595530,0.0392318110
0.8463444382,0.9534791245,0.8177503430
0.1041213363,0.1088093520,0.1042527684
0.4467939095,0.5616217810,0.4320921507
0.0713918498,0.0792294783,0.0596436030
0.3230515840,0.2776493294,0.7526966831
0.8504195879,0.9995433933,0.8160268486
0.8775732895,0.5149728146,0.5673442598
0.7155368813,0.3724482717,0.6637693886
0.1987881548,0.1061930099,0.1053193633
0.4212261709,0.2776207548,0.2259508105
0.0777551816,0.1133520739,0.3212573926
0.4848050609,0.1792570645,0.3179609434
0.6214153116,0.8423783601,0.6161612555
0.7581398809,0.7318603627,0.6830978500
0.0050952962,0.0131387229,0.0091304574
0.9906903891,0.7487455088,0.3865965131
0.9583168928,0.6786037625,0.9864800794
0.6987527029,0.8185319817,0.8179524216
0.9511948113,0.9905399531,0.9369599643
0.6950559739,0.8532435946,0.8509570230
0.9061256293,0.7659927865,0.8266787295
0.1481852212,0.5917220023,0.4844411009
0.9693868144,0.1200652896,0.7494025462
0.5169653007,0.9911322263,0.9598468157
0.2791756138,0.6122836550,0.8531218012
0.5817069316,0.1817420042,0.1468612245
0.5460101934,0.6406444292,0.3608061763
0.3332397325,0.4220596322,0.6025276918
0.5821426477,0.4220503308,0.7361505321
0.2769125389,0.4907027735,0.9908008807
0.6406282441,0.4699192090,0.3415952713
0.7113662301,0.9060301276,0.5974038791
0.0177864958,0.0081825445,0.0061148099
0.6453493362,0.3652632911,0.4158929772
0.6392937369,0.9900039407,0.4748824767
0.3600645953,0.2549858697,0.1374189359
0.6006675563,0.1718792738,0.2429299023
0.4693019823,0.2523046748,0.3780936480
0.4564639895,0.4192340499,0.5558838651
0.2846827303,0.2642903167,0.2521035588
0.1420038841,0.1760298936,0.6840661469
0.9547454955,0.3930066204,0.6706307786
0.8834993610,0.9995476771,0.5870602348
0.8082660132,0.6419050554,0.9667580517
0.6924532681,0.1301587226,0.1589003296
0.5457780596,0.6761112693,0.4640724287
0.6782652057,0.9028085738,0.8929384438
0.1986304941,0.3070628615,0.1223411451
0.1707872830,0.3157888627,0.3051074571
0.9677053968,0.9916814369,0.9717927399
0.8536522313,0.7484367456,0.6874618925
0.0865215045,0.0949392904,0.0793592167
0.6147330511,0.7212369983,0.5436186289
0.9280434771,0.4131563963,0.7553695333
0.3903215741,0.0462827959,0.1188228477
0.8475096758,0.7305518265,0.5879102468
0.3457925478,0.5067618848,0.6176516052
0.0680405882,0.0799147443,0.0766333755
0.7703610228,0.9448865841,0.6911564631
0.7395879303,0.4190536191,0.4049977267
0.2699311540,0.1337314514,0.2215467954
0.2143154889,0.3014357466,0.8231114382
0.4521630115,0.8491346137,0.9984949904
0.5307631569,0.2245951935,0.5271881640
0.7749416156,0.9149155190,0.9290217511
0.3339637242,0.6273359089,0.8109650025
0.0829180721,0.1455219498,0.1869568550
0.1829493886,0.2462282965,0.0960334533
0.2183329658,0.5595343310,0.4552668110
0.1162798100,0.1517830260,0.1318775843
0.1538165841,0.1108082113,0.0963029374
0.0389219157,0.0518870329,0.2478245004
0.9029842347,0.7031131643,0.7136637945
0.4414677087,0.5901206409,0.6271731129
0.6674008012,0.6602261897,0.7986482268
0.8252977351,0.3601923987,0.2299382608
0.4204802340,0.9773741036,0.4776962036
0.8085452802,0.8000503684,0.5237091899
0.4626051662,0.8049715070,0.6393430553
0.7370486856,0.7914323697,0.6918552754
0.8563364438,0.4547939438,0.5439998448
0.0579046059,0.0826977208,0.0931065369
0.8511338698,0.8915424032,0.7769669701
0.0483065778,0.0176432768,0.0166683418
0.6620674375,0.7141327086,0.4952355579
0.3584429628,0.3600597560,0.4463421325
0.2501493193,0.3103280239,0.5282074700
0.3805111552,0.8531239970,0.6035099551
0.2850360698,0.5487776335,0.5649215479
0.7955798377,0.8703761536,0.7176742673
0.8504660882,0.9344309905,0.8433828380
0.8645856429,0.9931353988,0.9049980490
0.7391733598,0.7078040175,0.4842038985
0.7574250420,0.6884186376,0.6987489096
0.2920229523,0.3095700807,0.1372270347
0.9445917664,0.6420050128,0.8474459086
0.5979154813,0.2637384952,0.5328367466
0.4079287556,0.4960471099,0.3116179157
0.2226709891,0.4728961151,0.5013884572
0.4953122477,0.8317037370,0.4051937270
0.2982885332,0.3619161001,0.2379147240
0.7300643368,0.5722938024,0.8933275669
0.8500290313,0.8861068720,0.6600792980
0.7383681851,0.8782445446,0.8082213002
0.6944338079,0.4416520576,0.9174595924
0.0675964219,0.1931469656,0.0819764042
0.0226260706,0.0255336535,0.0082402625
0.5638031341,0.7137214080,0.6376928531
0.4557123058,0.9643080682,0.3354598964
0.4546904551,0.7391730818,0.9237129310
0.6283549728,0.4984493955,0.7713411547
0.3376356738,0.3569955793,0.3984975508
0.0174428560,0.0251172077,0.0330085685
0.7067324269,0.4744435688,0.4730697799
0.1970758626,0.3573322399,0.5564094334
0.7074552140,0.7229064499,0.7378889256
0.1182312342,0.0545066748,0.3846937380
0.0998880866,0.1042792399,0.0298088183
0.3596962633,0.3390378541,0.3403058631
0.3311844911,0.4208498500,0.2687538514
0.4839401478,0.9853438875,0.5150001001
0.6870560090,0.3820844090,0.3771179000
0.7644440835,0.8805033572,0.7994496047
0.1956849132,0.2168265796,0.1362484296
0.7066745487,0.9479360797,0.9870795846
0.1851263054,0.1945438004,0.0681293708
0.5692029546,0.5023988509,0.7444547451
0.5797904943,0.3491817981,0.4365454261
0.0487964150,0.0579275866,0.0504824528
0.9431768960,0.5711084281,0.8911908946
0.3150801512,0.2674366760,0.3831761136
0.1447835008,0.5209749565,0.2848902814
0.0560292420,0.0782877142,0.0939450603
0.2308041835,0.3663561633,0.3297712294
0.8849846822,0.6507883794,0.9123679295
0.2513485202,0.2958311433,0.1228466230
0.1602521389,0.1776816474,0.1123739115
0.2041770278,0.1507790856,0.1169049422
0.8128558648,0.3954310391,0.3604769400
0.1245555828,0.7191000182,0.0945378458
0.1783546822,0.1497224969,0.2469759266
0.2760099040,0.9108814248,0.8806824555
0.2122760634,0.1793989882,0.2638549936
0.4312772123,0.6361004679,0.3663359404
0.0486304376,0.0535044324,0.0659248492
0.1708132663,0.1751813817,0.1016919296
0.9027510750,0.6261838572,0.7965616596
0.4672360873,0.3571443679,0.4700784554
0.5326718973,0.6634232950,0.5666177504
0.9261663345,0.7525745191,0.7550904086
0.0973695198,0.1863750627,0.0414489636
0.0189392468,0.0189608973,0.0164808060
0.4478713244,0.3539844677,0.3327430966
0.1523042922,0.1212464302,0.1484814324
0.7787584500,0.8796800797,0.9925875880
0.9198400160,0.4520655555,0.6217220947
0.7860134396,0.8739795310,0.7254882458
0.1802657906,0.3313671288,0.4757622175
0.9068541934,0.9171862746,0.9153849992
0.5120386459,0.5859934604,0.1761666959
0.2119777456,0.5428643130,0.3605997563
0.7657849976,0.4042167129,0.8575479996
0.6538409451,0.5121218954,0.6589912726
0.4142667814,0.3256279569,0.3620998828
0.5431619122,0.2594301180,0.4913061547
0.7025183809,0.8279213282,0.6836242423
0.9497540197,0.6108509542,0.5102112626
0.5849271851,0.6146684861,0.7315263223
0.3315559706,0.6684104081,0.9004784896
0.9388401275,0.6469172813,0.9177321183
0.1216851032,0.1332538912,0.1484548915
0.8621273064,0.4206787774,0.6722510973
0.3479057548,0.6981828991,0.2761641572
0.1945776160,0.2006250918,0.0871306456
0.5689048883,0.4131747067,0.4921077987
0.2382379210,0.6870141409,0.8944921937
0.8739238127,0.4660546235,0.8185047524
0.6794071594,0.2819484356,0.9723100203
0.0708396035,0.5518807059,0.1009188858
0.7583596690,0.4033621140,0.4437004491
0.6483035820,0.9238117787,0.8983280813
0.3167653179,0.3542407112,0.4884729105
0.2202819472,0.7925358887,0.1066965104
0.8228003351,0.8264839037,0.6524344431
0.8016024886,0.8940271521,0.9619759369
0.9972974832,0.5163900941,0.9156324268
0.9713499322,0.7059312752,0.9734553155
0.9188246525,0.8422215774,0.8807023657
0.6435400006,0.5828872993,0.2188933696
0.4650179877,0.3120305637,0.6349453962
0.0160175702,0.0078349070,0.1164333157
0.5243054157,0.4666109577,0.3542897663
0.1469364328,0.1828749675,0.7652032602
0.8578434050,0.3910061917,0.5980336113
0.2772578055,0.2930971778,0.2229411172
0.4044315307,0.2721201490,0.2843445857
0.0070729799,0.0055466914,0.0243104653
0.9832308158,0.9252954360,0.8704081230
0.9488899503,0.3191010425,0.5408126589
0.1744199908,0.0497353278,0.3241320474
0.1825192284,0.1898443910,0.5712783438
0.1689122431,0.0840332240,0.1076912791
0.0386840503,0.1327665133,0.1925516375
0.9760336714,0.9586868355,0.6688771589
0.7900940891,0.9598509775,0.6560194405
0.4182819379,0.7572218254,0.6551027513
0.8025500816,0.4947294201,0.6417604925
0.9082251754,0.5202684861,0.7289318078
0.9070458304,0.7201469385,0.9127260076
0.6462856316,0.9925158750,0.9537687601
0.8718178784,0.4014239534,0.4461757463
0.4515102591,0.7412352385,0.6234055581
0.3719636798,0.4843037191,0.5617543129
0.1330021847,0.3357292287,0.1981235477
0.4772472918,0.5338403974,0.9672588783
0.7710840464,0.7230587787,0.8729462647
0.7481109857,0.7940604246,0.9370477018
0.4673534917,0.5325469033,0.3584405936
0.3389896629,0.3733106148,0.5141832729
0.1097309415,0.0163288520,0.1139558209
0.8469580552,0.1798056049,0.6953449852
0.9956781230,0.6789645473,0.2652325628
0.0291124291,0.0259341986,0.0856613447
0.2407172726,0.2490504397,0.1751316170
0.5544234143,0.6093333044,0.5828984321
0.2395467761,0.4505927981,0.2322099066
0.1940542297,0.2806380466,0.2891652626
0.3271492958,0.4399922809,0.2052693300
0.7049718243,0.7304067541,0.7974436061
0.8353349802,0.8128173991,0.7139011298
0.8832245571,0.7792751383,0.9729054203
0.1467271969,0.0859220326,0.1690652945
0.5289308094,0.5070157872,0.9435563850
0.9716570983,0.7085150304,0.8226361027
0.4591880331,0.5052369064,0.5983892156
0.3988372498,0.3471161999,0.2533840889
0.5809261721,0.8479713426,0.7399309720
0.6922459279,0.6537759773,0.7509383625
0.5385550468,0.5676687410,0.2457347846
0.2855096619,0.1363170048,0.1805344123
0.8520915282,0.8023827704,0.9840286187
0.2192536769,0.2703114460,0.3817410912
0.0959729913,0.2279299210,0.1535597552
0.7934294778,0.8567915954,0.8235462390
0.4138251618,0.2205796372,0.8856633694
0.8302399904,0.3583842716,0.3796107935
0.1682436161,0.2935912211,0.4393162343
0.0980757026,0.0727716867,0.2869635461
0.6857914117,0.7044102318,0.9662243262
0.9712806064,0.6347012127,0.6967244438
0.3875636633,0.1267506634,0.0792387535
0.4295397502,0.3547042761,0.3092614329
0.7066981062,0.9842450159,0.8816168307
0.0088923346,0.0148525033,0.0243451348
0.3277019408,0.7970916426,0.5079207853
0.0322564055,0.0862910736,0.0258477920
0.8232745103,0.2573687990,0.1710712595
0.2020251082,0.1797260364,0.1745043259
0.8393191814,0.3148582165,0.5486730100
0.0200072759,0.0216437367,0.0157307416
0.7542194921,0.2756314771,0.2711287710
0.2441287746,0.8151062239,0.7996832513
0.2736344625,0.2053684101,0.6888316019
0.0578025556,0.0461014614,0.1149565864
0.4286243691,0.7551418485,0.3765160374
0.5059880780,0.3628093324,0.9747108684
0.9513367615,0.9197823315,0.8169988383
0.0882074973,0.3437237078,0.0678352222
0.8272794960,0.1203538100,0.1733789534
0.1199450589,0.2249751572,0.2357947672
0.1212731304,0.2283988481,0.0606284585
0.7501222109,0.0671963380,0.2223553290
0.1205657989,0.0662623091,0.5761494196
0.3020089711,0.2264446584,0.5766641079
0.8811615125,0.8617549740,0.8100300526
0.2796051571,0.1627651908,0.1177856228
0.8017572431,0.5123863233,0.5863148709
0.6624677205,0.5264420063,0.9554929791
0.9381637095,0.5903625363,0.8949927807
0.0281070795,0.0147196812,0.0086727827
0.1960523009,0.5696356291,0.4619843324
0.5223075307,0.7521912561,0.8716243009
0.7318458196,0.8900958881,0.9469510422
0.6135336722,0.7845129897,0.8426622363
0.3685623272,0.5545268360,0.3788623123
0.6966027708,0.5959688464,0.8252191180
0.1292913111,0.2001780746,0.1953440053
0.5428885624,0.6298369868,0.9391825737
0.6433044767,0.8347013935,0.8971154855
0.8199738019,0.7649670459,0.8496926519
0.6812652292,0.7561063907,0.5634994556
0.0410344511,0.0129499781,0.0119030885
0.6803349737,0.4933185848,0.8005222863
0.8764037670,0.9430453837,0.8156912020
0.5095212214,0.9933747228,0.5465725005
0.1358196084,0.1706591743,0.2057918309
0.7743778066,0.5806542412,0.5713494863
0.4210002984,0.6278913869,0.3810267908
0.2949697935,0.2653323735,0.1547578427
0.8343832045,0.8452194612,0.9818573881
0.4029813722,0.3185882052,0.1981432012
0.7975335528,0.8364725281,0.9817225988
0.7950659514,0.9568632381,0.5627121708
0.2160915334,0.3547914129,0.1808752386
0.3144736953,0.4548850247,0.4109887735
0.7169555862,0.9315573223,0.9164352772
0.6566414452,0.5382344156,0.7003949034
0.5522774475,0.4240771960,0.4222795429
0.8307246041,0.5205745915,0.7732083049
0.7166849307,0.9019348272,0.6442851009
0.6156921038,0.8480933178,0.6886676517
0.2479167355,0.5146120591,0.6859476692
0.4172002008,0.2875835632,0.4582843998
0.5479425882,0.3565604284,0.6371932885
0.9274198143,0.7828228800,0.9345167574
0.8494779772,0.3559253157,0.2322660055
0.8084193581,0.8470603947,0.7644338604
0.4641479377,0.4904764546,0.7266133994
0.2522723337,0.3506332297,0.5393702874
0.2982525812,0.3513756475,0.5004292881
0.5589446144,0.5420237897,0.5701920744
0.7351346223,0.8238502737,0.6494192976
0.2607151808,0.3655689765,0.3806246505
0.7031254647,0.5419603660,0.5312493995
0.2408227242,0.2549518089,0.4576625150
0.4766588323,0.5556899457,0.9733886414
0.9101839772,0.6218497625,0.7418043907
0.2275375950,0.1076782121,0.1237317051
0.3582777528,0.8099718205,0.6459420554
0.2897603036,0.8257299873,0.6473233201
0.5008900586,0.2956248848,0.3949070250
0.7027729495,0.6622910031,0.9552231155
0.4111224521,0.9251568766,0.5329953741
0.3115623240,0.3432289244,0.3593519560
0.3718380976,0.1940307825,0.0668806867
0.2302269037,0.8744875223,0.9468850000
0.7662813356,0.6090573528,0.6602720357
0.6624175789,0.4425813457,0.5341310973
0.3610953218,0.2015251657,0.3208223133
0.0829371562,0.1134100148,0.0722776871
0.6009802938,0.8386226585,0.7776058567
0.4767476789,0.3145279265,0.2552760554
0.9669612017,0.7372738893,0.5297919498
0.0774088143,0.0635120195,0.0356982761
0.9497665980,0.9599212951,0.8872825572
0.1432249302,0.0674352014,0.1186669877
0.7913605388,0.8401219982,0.9317441534
0.5689841951,0.2598082947,0.5190760349
0.0281870020,0.0154542039,0.0124772050
0.5322018527,0.5635402841,0.5685127580
0.7127499382,0.6894913629,0.4955414586
0.1870281451,0.1957689562,0.1020367651
0.0619712393,0.1016727397,0.0746293950
0.2926153969,0.9144615114,0.2541465664
0.9369686430,0.6232025885,0.9442801402
0.5503149175,0.9929569174,0.8294214004
0.3979545629,0.6959741103,0.3748791987
0.5326077231,0.6444262036,0.6664558927
0.1389225608,0.1855378513,0.2588640808
0.5516095067,0.4505473335,0.5709625615
0.2199921832,0.3821226736,0.3311409223
0.5900661538,0.9792019972,0.6169263092
0.0734687568,0.0768464680,0.1046771480
0.0390132947,0.2348904530,0.0845330767
0.5266372368,0.9280759037,0.7341011028
0.5973274061,0.6114795635,0.5601562481
0.1920681608,0.4133551792,0.1819026836
0.0875398374,0.0629707837,0.0453718001
0.1660520538,0.2244613638,0.1152322843
0.7301380093,0.8297749003,0.9645193102
0.8284356165,0.8832302294,0.6509959400
0.6482524475,0.6943808435,0.8029383544
0.9989663395,0.7229480160,0.9465362106
0.2032703955,0.5906167572,0.1274106613
0.3136313514,0.1565535585,0.3018328050
0.8110880476,0.8643580216,0.8513998951
0.4601266804,0.4564262798,0.6385426481
0.4634871412,0.7570705446,0.6668636220
0.7266177572,0.7224263215,0.4239268760
0.6325523247,0.8047660830,0.9429110097
0.6457738213,0.3947464306,0.4068808810
0.0870010299,0.2635436448,0.2616135029
0.1285797697,0.7546285938,0.4071438710
0.0350221037,0.0279339991,0.6747700641
0.6036104850,0.2952492628,0.9225362084
0.9124149946,0.6643942730,0.5602701933
0.8790001048,0.6824942674,0.5762494021
0.9028895043,0.9494705157,0.7609238534
0.6157571280,0.9034113972,0.7726612752
0.5251507013,0.4282543479,0.7024381498
0.0387215623,0.0334356211,0.0350593893
0.2247394491,0.5219192490,0.6081994827
0.5795275044,0.9328186319,0.7197419420
0.0312951083,0.0296198251,0.0412142437
0.2882053728,0.4307284233,0.7021717479
0.3066265941,0.3392301716,0.3913212411
0.5101575376,0.7888720249,0.5066305907
0.4320561738,0.8638490304,0.8214523255
0.9257613934,0.7959991603,0.6476201046
0.0835563278,0.0390458079,0.0470566560
0.9101151266,0.7339417433,0.4103797679
0.4612795560,0.7653057412,0.4838908218
0.4899164591,0.2035043881,0.4742726878
0.9172299673,0.9352043783,0.7733242752
0.7272845948,0.4076087062,0.8306924231
0.6372751834,0.3808403016,0.4044810839
0.4219619200,0.6342833368,0.5626735525
0.8344530630,0.4217589834,0.3022644687
0.5572556525,0.9544944255,0.6307773912
0.3771146187,0.1787138102,0.0722684905
0.5379974139,0.7473255706,0.8385230402
0.0750203846,0.1094027323,0.0915603173
0.3415604448,0.6500076539,0.1568831583
0.3899590219,0.3544806313,0.5602091545
0.5721966531,0.7286520946,0.4430429279
0.7993580556,0.9245050133,0.7262256837
0.4579934297,0.5087732355,0.7026107534
0.1292192280,0.2425030375,0.2294036780
0.7502795688,0.8990918367,0.7421419234
0.0319745591,0.0645041530,0.1239684511
0.9929636095,0.6538629312,0.4161268414
0.4595335712,0.2000337635,0.4291100819
0.5060923132,0.1868861520,0.4095443574
0.3899500419,0.5404625589,0.4292701334
0.8597878838,0.8498264185,0.7920863380
0.8241476805,0.9518817069,0.6037199269
0.6038418546,0.3903509936,0.8677298675
0.0942743452,0.1069239780,0.0614345890
0.4891519932,0.7420974669,0.6986659041
0.7297538866,0.4005563537,0.2934867147
0.2879411119,0.5952985541,0.6372487726
0.0181648506,0.0324989765,0.0232491884
0.3007855194,0.0901544899,0.0585008326
0.6139627010,0.9521000942,0.9371266889
0.2486401944,0.2216818761,0.5753468497
0.3476555707,0.2616975791,0.3817043395
0.4354312150,0.7787292532,0.9615914666
0.4751126579,0.5414511399,0.1920337304
0.9516942949,0.5970381445,0.8635438084
0.0146702232,0.0137373249,0.0405515132
0.3708285099,0.3855930179,0.6941316110
0.0460342770,0.0186572039,0.0942195094
0.6375956075,0.6569337439,0.8325126041
0.7618586641,0.4433283757,0.7213643905
0.9272397055,0.9461476945,0.4587360941
0.0508051209,0.0854437983,0.1755642867
0.0764810976,0.0523356129,0.0718266393
0.2406080530,0.2359376741,0.4756729115
0.4515522797,0.2193318915,0.4001653009
0.5722868244,0.8833969180,0.7973747824
0.6439790422,0.8471108824,0.5755453538
0.1970039867,0.4857454123,0.1774682632
0.8036367065,0.7512349122,0.7706306875
0.3786935430,0.3033377983,0.3547112458
0.8922799337,0.5396138214,0.9300786901
0.3189501216,0.5070912048,0.3974713521
0.4799682336,0.7257478999,0.7301954009
0.4468270148,0.5371955435,0.4605779795
0.6174950758,0.5983108133,0.5952537290
0.1536637785,0.1473575389,0.3225027147
0.0587383593,0.0948570891,0.1917604985
0.5177122126,0.5350914675,0.3636180405
0.2356749789,0.2963140961,0.1672821425
0.7706147156,0.5368069590,0.9927609498
0.2280874711,0.3712458258,0.1910562574
0.0648373117,0.3974736385,0.0570424906
0.0468931179,0.0271020219,0.0493844980
0.0477581531,0.0348409943,0.0596647902
0.3316660775,0.3110280151,0.2210352448
0.2331658583,0.0611959498,0.0902817194
0.6714872625,0.4269474642,0.6104018795
0.7951875853,0.8809168679,0.2773932073
0.0312525361,0.0218731779,0.0595225628
0.6398185336,0.7102109173,0.5389411214
0.1274116406,0.0767885505,0.0673418140
0.1103450946,0.0856930205,0.1394495108
0.4225353667,0.6355748026,0.2399832312
0.3294387118,0.5555970383,0.2955505839
0.6186754961,0.9708592962,0.8051718701
0.4218652512,0.1869155042,0.1788725249
0.2686589554,0.3362413556,0.6384991050
0.8257424656,0.9404226828,0.8905935899
0.1653488040,0.1001726035,0.1239118090
0.7575416806,0.5870964580,0.7546336298
0.1027054317,0.4703478670,0.1281058358
0.8131386119,0.9171674057,0.6462381730
0.6744879382,0.3183834360,0.3967028617
0.3133322595,0.3034071268,0.3751148648
0.5475092604,0.2537795203,0.2824839143
0.0659133312,0.0755350881,0.1490213519
0.4453380861,0.5101868330,0.4525619245
0.6512092773,0.7926407477,0.6700825658
0.4027687737,0.7569556882,0.6856828216
0.8048785063,0.4169094298,0.7643450700
0.2106615825,0.2757138803,0.5583836574
0.7602615653,0.7841469246,0.9832459576
0.6025159521,0.9839801012,0.5675884199
0.2219222947,0.3008001759,0.3707537529
0.0894618789,0.0655494278,0.6324897351
0.7207581043,0.7936586422,0.9393416474
0.4182506888,0.6692884024,0.5734303920
0.4651017108,0.4159714941,0.4344898179
0.7193863881,0.6416962206,0.8463437926
0.2782333168,0.3795434044,0.2775680912
0.0305065050,0.2961060124,0.0659042791
0.5733642062,0.9422214374,0.4862272248
0.2102700847,0.9857795205,0.5974318610
0.8142272942,0.9532141355,0.9806063802
0.5864054610,0.1623977192,0.1853220935
0.1078794755,0.1726969691,0.1061990470
0.9056004164,0.9835835919,0.9635228670
0.2049575087,0.3447071126,0.3297646382
0.6615167306,0.4458203921,0.4358065601
0.5743769576,0.4396123800,0.6135013325
0.9272946393,0.7637770336,0.7479914468
0.7575823959,0.6658779704,0.6687099962
0.5328537466,0.3419399455,0.5199773336
0.2974913979,0.7899653324,0.4303995333
0.6601531379,0.4895608911,0.4347432759
0.7963529571,0.8544341454,0.5148111239
0.2819689684,0.5433745354,0.4920858077
0.1450350134,0.1390980550,0.0982256363
0.8076421861,0.8010382896,0.6842156273
0.2289563756,0.1910041335,0.2958211216
0.7694788440,0.4891346754,0.2485623132
0.5540676601,0.1824196373,0.7614703292
0.7232263789,0.3866940459,0.8643869576
0.0995716573,0.0511668427,0.1268646525
0.6446258752,0.4316783470,0.7802273524
0.3092742897,0.8598555312,0.3683900628
0.1940946945,0.1364778666,0.6393024702
0.3161547475,0.2266196309,0.1356851408
0.2836560899,0.7952589974,0.8287461219
0.1629271498,0.3889171092,0.2109751346
0.7084026751,0.4873741889,0.4988355020
0.7855437019,0.8834318629,0.9122108571
0.4020717701,0.4979978460,0.3170967083
0.8993656330,0.9989778822,0.6684864578
0.7779204468,0.8517182514,0.9543636843
0.8499549059,0.4480681534,0.4032712378
0.4250828093,0.3005389853,0.3184084753
0.2761154179,0.7698844652,0.2880217560
0.9768959516,0.6116191526,0.9330228858
0.6717981785,0.7316386168,0.8627835553
0.9270909990,0.8523151418,0.7453116597
0.5321513094,0.7127751221,0.8282058116
0.1384921725,0.3852186536,0.4407468091
0.9887802811,0.7450556300,0.9225457101
0.8039792641,0.7960337786,0.8313790232
0.4290454630,0.8618223683,0.7212900591
0.5987515192,0.3116598251,0.4709061066
0.1667603062,0.6831033446,0.1141972438
0.2821586785,0.2122686094,0.1948548298
0.5316492742,0.3762037464,0.8741612250
0.9572344504,0.4135232280,0.3588593806
0.3719535656,0.4664780782,0.5503830630
0.5003375587,0.7165687562,0.9823942980
0.7098890295,0.4518153385,0.9203024844
0.6841817809,0.4780754066,0.5594332444
0.5008476785,0.7394919212,0.3563266630
0.6983722748,0.9184386558,0.7139976563
0.1017325725,0.7654982130,0.1845113550
0.6775888424,0.3055661563,0.5959830171
0.4465203776,0.6463067801,0.4854582233
0.3335395648,0.4704938959,0.1559500014
0.2198100368,0.3067672626,0.4558843084
0.7772305260,0.7292322412,0.6053337371
0.2131103524,0.3693481707,0.4101112620
0.7666759983,0.8832146051,0.9271019961
0.7206848700,0.5534508255,0.8689450179
0.3468358767,0.9940639240,0.8188267620
0.5663268616,0.6594286574,0.7181188563
0.4121550920,0.4853992641,0.5340673096
0.8981025736,0.6127128108,0.4193426513
0.1865828098,0.1902407340,0.3579387837
0.3734553835,0.7034822523,0.3862741454
0.8626537779,0.7007384551,0.9406342956
0.0500029262,0.0106962498,0.0119106147
0.8897357124,0.9456479414,0.7819339230
0.5378637491,0.1795025738,0.1197295700
0.0177074962,0.0381498919,0.0036608471
0.8787771630,0.9923492514,0.8496105296
0.4321607441,0.2517204981,0.6661733385
0.0639274394,0.0343116994,0.0634289982
0.1644824252,0.1044271634,0.1108807489
0.2567058893,0.6940056112,0.3357178082
0.9152836614,0.6311295029,0.9357872661
0.2622615433,0.1394171830,0.0967311259
0.3628290077,0.5792824754,0.4379585041
0.2767290684,0.9470343094,0.3357493908
0.5896425291,0.9063362006,0.9514680143
0.8569684888,0.6554779292,0.4757069936
0.9131143117,0.9741389685,0.6838649483
0.5710556062,0.8204676583,0.5630624060
0.1133938083,0.1216433191,0.0587798680
0.4699400298,0.4987333302,0.2945783200
0.6635104464,0.6912155405,0.9645647361
0.9839845623,0.8818038029,0.9943274360
0.3183453207,0.4127003569,0.7523255196
0.3007313729,0.2548770330,0.1357125735
0.5240234688,0.8622312467,0.5279461568
0.9339380113,0.7570838520,0.9989075124
0.2626151804,0.1045927813,0.0930715049
0.6151761728,0.8947979966,0.9300586493
0.8902011591,0.6604472067,0.3969667372
0.0575682363,0.0814156824,0.1525960743
0.1972780621,0.1311373859,0.1269238994
0.6108047025,0.7659530218,0.7052154632
0.2608005443,0.4700480645,0.3446806691
0.0876727991,0.0929994214,0.0845047659
0.5325040579,0.5528014446,0.6694336872
0.9216543359,0.9263503753,0.6355277539
0.7739970498,0.8994779846,0.8323115794
0.4538072898,0.6149174035,0.5738172661
0.6283753153,0.8484618094,0.3954344991
0.2352304391,0.3645907153,0.5336488657
0.7461757110,0.4418118173,0.7218095267
0.2089915951,0.1643137520,0.1170324210
0.0359319539,0.0365750825,0.0212307076
0.7897690970,0.9795097791,0.8148728738
0.6645346312,0.5550052314,0.5443896529
0.5231025510,0.6683034448,0.9926294326
0.2154078406,0.2326553121,0.1364655713
0.5734096743,0.5725002154,0.6520944104
0.2155594233,0.3430525836,0.2235747595
0.6105711195,0.4941733009,0.3175292920
0.2007200487,0.2782923807,0.0948032379
0.8692445113,0.8002597287,0.9170614043
0.0824558178,0.0423224644,0.1107246529
0.6524357612,0.6002677007,0.9208408719
0.3158623823,0.3930447856,0.2398018784
0.6245344144,0.8423339556,0.9942136813
0.1182600424,0.1713420189,0.5564140471
0.6255389511,0.4340523859,0.3288770768
0.3241177450,0.1823139209,0.1617529750
0.1078267429,0.1064925240,0.1683215952
0.3786917379,0.6456909551,0.7258290802
0.4454836892,0.3892714396,0.3812402985
0.0381826634,0.0589176866,0.0233643551
0.1143962426,0.2010234239,0.3483099635
0.3429841687,0.2597522250,0.7000282417
0.8367779448,0.7643759781,0.9017792140
0.0853598821,0.1059937201,0.0455879960
0.1927418249,0.2983694449,0.7555637502
0.0362047596,0.0048547258,0.0060588726
0.4620566562,0.4221692356,0.5237891062
0.1599453049,0.2012080303,0.1184390016
0.8054884135,0.7234256468,0.9972764467
0.7046525811,0.6201640778,0.4266631332
0.8544693800,0.8388742164,0.4956886310
0.0087881721,0.0073072328,0.0079000621
0.4595847483,0.6800428329,0.6648667792
0.2490328058,0.6985431710,0.3312859341
0.3624188319,0.3662353227,0.1706991856
0.9088777511,0.8446297229,0.5600398750
0.9873172552,0.9347814962,0.8204494224
0.7000804473,0.9486927608,0.8041310172
0.4031324544,0.4180015406,0.5726263850
0.0732132815,0.2187838668,0.0906920746
0.7575426201,0.6505383410,0.5271132468
0.7288016426,0.9470013919,0.9655928207
0.3614136156,0.4795033607,0.4294004821
0.7992344011,0.6328132399,0.6056719423
0.0739707438,0.0446825916,0.0646285527
0.1933099361,0.1826715718,0.3199052128
0.2917322486,0.2382414077,0.2425143395
0.0739530718,0.1357558160,0.0745333135
0.4562463392,0.2260654108,0.7865465337
0.9835544120,0.7121607970,0.6181747935
0.6670924817,0.5640803575,0.5979884052
0.2887111982,0.3477499455,0.7298969814
0.5775405307,0.5064233269,0.4807083088
0.0171362646,0.0075274211,0.0184545508
0.1350043856,0.1748775713,0.5214204944
0.7101521949,0.8336838020,0.2193981006
0.9445732991,0.8125263793,0.9273155776
0.3880907064,0.1055775687,0.1221066579
0.5779770726,0.8140140164,0.5170441774
0.9800594191,0.9273143882,0.9729516503
0.7334349744,0.7338149947,0.6885049080
0.9241745623,0.7155755759,0.8459285330
0.2976458293,0.6220537506,0.6927296612
0.5513051131,0.3813700470,0.4703398524
0.0714393492,0.0418042683,0.1295542131
0.6238955693,0.2192236861,0.3066334277
0.9137602757,0.6925417010,0.7966875572
0.6376565291,0.6310485956,0.9604133019
0.6184181324,0.6388489983,0.3005573430
0.7064924188,0.9844118880,0.8826047730
0.8992908828,0.5586120629,0.7710377127
0.2995402347,0.4665130812,0.2950211047
0.0194301236,0.0152994442,0.0610276180
0.8612943170,0.7685806320,0.8468210687
0.1037439396,0.1181082694,0.4643274968
0.0754383539,0.0601460008,0.1626954782
0.6608168762,0.9563294045,0.8907814508
0.7527313639,0.7626596352,0.8169199558
0.1147684430,0.0930684369,0.0600870971
0.7601100084,0.3826174162,0.8882572082
0.7371956885,0.5991519123,0.5102338901
0.1729206507,0.0413683306,0.1976129389
0.6255432419,0.1604249152,0.4769472040
0.7683509477,0.2757198750,0.4891717537
0.6739843422,0.4550844435,0.5034670291
0.2562635409,0.2052144275,0.2234302935
0.4159075138,0.4204534046,0.3462424388
0.9161470945,0.8987737431,0.7740693758
0.8294009992,0.3531314403,0.3631877942
0.5087395037,0.2183121076,0.0934474761
0.3107536277,0.8881710769,0.4109324536
0.5615925786,0.9637247986,0.8701121329
0.5563454106,0.2041635282,0.3188905100
0.6370458665,0.6381200373,0.6703013495
0.3413482259,0.2619503752,0.1772014566
0.2409671336,0.4899787176,0.5026889616
0.5733935853,0.8730834570,0.6567200660
0.4291915027,0.2640591784,0.6039730805
0.6274089957,0.9085105385,0.4305232590
0.0251736149,0.0839024190,0.0458938578
0.8990706429,0.3729211441,0.5022864926
0.8409249027,0.5178480903,0.3743982258
0.9246272144,0.8636152992,0.8833417893
0.6309210776,0.5413733804,0.6981615770
0.1156934285,0.0654121015,0.0872963767
0.0609587104,0.2045807783,0.0354449452
0.6524260619,0.9686204679,0.5960408448
0.8532571241,0.5567290437,0.4867194879
0.7522999345,0.7997180356,0.4582929197
0.3801844809,0.1178340197,0.2064262979
0.2012044666,0.1725765099,0.2089185818
0.5319945212,0.3527976396,0.3678639661
0.2873695906,0.7556680064,0.2314595398
0.9402358393,0.6186390007,0.9795088155
0.5911030438,0.2658648114,0.3062770125
0.4367143569,0.7844469790,0.4049365581
0.2992229172,0.2230852888,0.2301479841
0.0459673360,0.1704729942,0.0414881060
0.1496940374,0.0728291084,0.1398852216
0.9824193275,0.7091886697,0.9589702285
0.7410454024,0.6865915873,0.6303394559
0.9355571668,0.4139131551,0.2790773101
0.9005174343,0.5491044855,0.8468321266
0.7023860088,0.3979472027,0.3713347119
0.2602201866,0.5449087474,0.5792717116
0.6461826749,0.3216434051,0.3836949928
0.1688842028,0.2840989655,0.3829077543
0.2056340181,0.1745322878,0.1530889709
0.4543162884,0.5096269635,0.7955465874
0.6455398676,0.5648717322,0.6179646092
0.6768889144,0.9625345270,0.6465917026
0.9980371116,0.6499260953,0.4066665207
0.0007096884,0.0118287195,0.0011790006
0.6769242973,0.2840722278,0.5723117383
0.3489416397,0.1348390729,0.3823844443
0.3310632051,0.3782283069,0.8977314970
0.2345936192,0.2281961403,0.2588054322
0.7765790642,0.2720437444,0.3960492778
0.1509734714,0.1146723099,0.0829432107
0.9529312973,0.9741844742,0.9975149380
0.9509357665,0.8349455148,0.7487075957
0.3939664644,0.1836673092,0.1509925505
0.1418225647,0.1823452439,0.2795272493
0.5351190545,0.7591696905,0.9156104538
0.4704834920,0.3592942508,0.3105929642
0.0228503202,0.1528664717,0.0365071298
0.4951123511,0.9335811770,0.5164615606
0.2270129967,0.2271441971,0.2489236407
0.0647113716,0.0542777856,0.0599572131
0.3683495271,0.1773493722,0.4026061398
0.6739523286,0.6214582975,0.9847865183
0.1732074300,0.3035704988,0.2476091744
0.8862173270,0.9826923111,0.9677055193
0.8784400406,0.7869226344,0.6812566237
0.4625941635,0.0752490214,0.1327272220
0.4302490534,0.6046846922,0.4910578243
0.5967544481,0.7704686459,0.9561270816
0.7132680344,0.7043827449,0.4919852737
0.2002148146,0.1029974989,0.1614254004
0.2339108281,0.7883638475,0.3892901432
0.8899217115,0.9492366705,0.9576174657
0.7782463126,0.6395804064,0.4984193965
0.6546687427,0.9010728727,0.9536983107
0.3954489302,0.5101407825,0.4870980198
0.1701886180,0.7101719824,0.1668115246
0.8654916435,0.8615155432,0.6053067450
0.0093809857,0.0166597390,0.0132314994
0.5157863179,0.5033772858,0.5494369946
0.8796492656,0.7370763704,0.9710402746
0.9012532351,0.1641033907,0.1573633980
0.4077050881,0.6700096001,0.6132346388
0.0506582282,0.2073942769,0.5243683249
0.9885241812,0.9809722020,0.7696507853
0.2596126781,0.0955825036,0.1512740767
0.0553476451,0.0763711882,0.0727390863
0.7527431894,0.6110209459,0.2696976019
0.9058171206,0.9310449200,0.9500295624
0.5681671910,0.9566945102,0.3803565987
0.4519408241,0.4587635820,0.7018398755
0.3173140055,0.3384296216,0.9552061010
0.3215466233,0.7526350894,0.7009944414
0.9264598295,0.7596345235,0.9843206288
0.6066918009,0.6073320593,0.7171981197
0.3933383554,0.6078464825,0.2814378561
0.9152471062,0.7556098123,0.6538011078
0.1607133483,0.1546303982,0.1800768611
0.5059104948,0.3213524653,0.3281382181
0.3106343803,0.2834479136,0.1377661991
0.4604667980,0.3274885756,0.3587288967
0.9326879631,0.5279252032,0.6535429374
0.2413531190,0.4346380886,0.3110861556
0.4301889377,0.6326433109,0.2394770702
0.9840087634,0.7603626919,0.5951502964
0.7147659290,0.7824909909,0.4989936828
0.7118432219,0.6201762728,0.6220597383
0.0893642859,0.4599397903,0.1652633876
0.2927037184,0.1148253709,0.1246128994
0.9133450075,0.8031131462,0.8193932878
0.0059664148,0.0069095922,0.0352554805
0.5386792734,0.5001122253,0.3852512637
0.3740418737,0.3216121578,0.5458339511
0.0041196663,0.0047830413,0.0135655882
0.5205531653,0.2358788774,0.9496526996
0.7351867927,0.6864783195,0.9170290781
0.7803574633,0.6977992233,0.7828756431
0.0135541116,0.0078349238,0.0296291058
0.1247089022,0.1342551159,0.2486881532
0.6665841634,0.1199897491,0.0626971497
0.3655197175,0.2709236159,0.4698577783
0.4553529451,0.3898340683,0.2123733906
0.3908044707,0.1291544815,0.1577449454
0.2228681112,0.3317227445,0.2109280509
0.8938503975,0.6334023142,0.8497437272
0.8675211652,0.8021130379,0.4811604016
0.8282225519,0.8714971417,0.7780595300
0.7124831322,0.8809262049,0.7074046029
0.3146475228,0.4239015630,0.2889702796
0.3778157967,0.6361355748,0.2651657071
0.2841093939,0.7831868602,0.2771129250
0.3525171285,0.3222821725,0.6309047817
0.8361833869,0.8331436821,0.8350623140
0.9765319183,0.8602758821,0.6412088038
0.4868927905,0.8617672953,0.7612676431
0.2123491289,0.2337888314,0.2138166342
0.2184382790,0.1957676985,0.0977795954
0.3158462159,0.1848557844,0.4524770993
0.5918298500,0.7764699933,0.9557559588
0.0870156271,0.1090805384,0.0416519621
0.5555893654,0.7842956683,0.7363535816
0.0115040513,0.0174698764,0.0183199551
0.6871410558,0.7742114534,0.8207624528
0.0051042422,0.0098052015,0.0097177523
0.3369976719,0.9390590539,0.9924242096
0.1206695113,0.7100219324,0.0775580221
0.1479570726,0.1489431782,0.5791029422
0.7911324915,0.5777994702,0.8352559043
0.0890751440,0.0577203738,0.0439655213
0.6865001662,0.6067297790,0.7137574735
0.0685850681,0.0298411395,0.0780953875
0.4059973933,0.4931604125,0.9719917922
0.4198794075,0.1133505952,0.5304547965
0.7738824072,0.3383215419,0.5157247150
0.5040446669,0.6231033237,0.9295712452
0.9538139633,0.6651906096,0.6357859612
0.4211654261,0.3669000299,0.2365646406
0.7385122263,0.7453152247,0.7961395683
0.4767709078,0.6277935274,0.5169435992
0.5736273462,0.9731697693,0.7701914855
0.3103227431,0.5168475514,0.2384954554
0.9426398801,0.3664396803,0.3198526273
0.5807552611,0.4174420130,0.3922183336
0.9491396555,0.6865887881,0.6641566067
0.1397974418,0.4012890227,0.2502253914
0.5127751090,0.7223915634,0.6886948079
0.2937568860,0.2777311192,0.3020730086
0.0350491658,0.0863231897,0.0817406800
0.6999866061,0.6966056671,0.9273409024
0.4114035941,0.1953097912,0.1319100688
0.0844284557,0.2825736198,0.0561130254
0.7024669519,0.7649274888,0.9319849793
0.5184702735,0.5587164986,0.9549555719
0.3536692046,0.4622701949,0.9988971215
0.9252096885,0.1692434514,0.6424142897
0.5873833761,0.6749682007,0.9525881689
0.5654381091,0.2558701056,0.2342074371
0.3895010282,0.2443096127,0.2532067557
0.2032041169,0.2325293857,0.1101866966
0.9586129776,0.5268778166,0.9607712881
0.1351209591,0.1572048913,0.5462022660
0.5954135961,0.5500779847,0.5120602452
0.4510959465,0.3364929774,0.2772803345
0.7754522722,0.6815836398,0.9202366927
0.7510903887,0.3252369645,0.1259691652
0.4367507842,0.2608414838,0.2170014616
0.3494373788,0.5627835381,0.5307835694
0.1684115238,0.3647156257,0.1872838000
0.5755215531,0.4376954305,0.6292137146
0.2724261072,0.2905565975,0.6140000190
0.9191312910,0.9597222532,0.8392108365
0.7177665708,0.8767627685,0.8311418471
0.1601193566,0.2246949484,0.5995190490
0.8544858153,0.9636649292,0.9257317486
0.2309696835,0.1149034857,0.0685467382
0.9458473129,0.9530565933,0.9373465587
0.3298228972,0.3896114494,0.8475754613
0.5594643595,0.5208968894,0.9367889577
0.8842734886,0.8426504145,0.9868007553
0.3319938193,0.3980628151,0.7019246223
0.3814252173,0.5350298114,0.8455670718
0.6392459392,0.4559311626,0.6544686713
0.2194352904,0.3306028298,0.3464138833
0.8207790639,0.2940733735,0.9144742449
0.0797286789,0.1795932249,0.0691945903
0.7308349783,0.6650616604,0.7122678230
0.0385575308,0.0403159258,0.0455152160
0.0995714460,0.1236058440,0.3506964660
0.1809533508,0.2741406838,0.0987206028
0.6943112854,0.9681005526,0.8696298760
0.0810806227,0.1023690096,0.0978679552
0.0116733643,0.0160350969,0.0332909008
0.7437256805,0.9287587127,0.6737990360
0.8856132842,0.2961411773,0.0689549944
0.5965974462,0.8505246994,0.8182446874
0.5266163076,0.9060424758,0.9273591845
0.0554929038,0.0427381839,0.1333181308
0.0121960023,0.0157145612,0.0088194412
0.2506699188,0.1876522045,0.7517185167
0.1258820957,0.2232027078,0.1533884807
0.3667577395,0.2894024974,0.7926205359
0.9053628664,0.8283157452,0.9936556921
0.1840045419,0.2079500001,0.2840996248
0.0134649290,0.0227249430,0.0280868710
0.6596841334,0.8484066247,0.6951530811
0.2992811083,0.3713397441,0.9602674826
0.4534812947,0.7872353493,0.7650230088
0.7634405396,0.9394090154,0.7946147898
0.0479011989,0.0669959332,0.1136073385
0.3490459187,0.3570261573,0.6494887248
0.9933693242,0.9361389157,0.8636792290
0.1374692684,0.1120459430,0.0732958875
0.0689116007,0.1247242112,0.1918183310
0.1809345813,0.4555158693,0.1246917108
0.6043045111,0.7801069303,0.3974235653
0.3734852523,0.3192808501,0.2009764057
0.7115032885,0.1901328296,0.4531791446
0.8428363081,0.7665264727,0.9560927770
0.2706746348,0.6958891334,0.1862412162
0.5821591742,0.1713024163,0.1554808989
0.3764511562,0.1553111209,0.1214987988
0.1214774376,0.3436882259,0.1655773728
0.7344848810,0.8985252879,0.8230732398
0.0094845656,0.0050753346,0.0101128890
0.4759873319,0.4299274663,0.5188042736
0.5132230041,0.4240057698,0.4089109290
0.8667125719,0.9527548726,0.5032590900
0.2820075986,0.9198889042,0.5453819954
0.2941507542,0.2996161760,0.3325650478
0.9300543374,0.8451027188,0.8165071597
0.0394636539,0.1108936211,0.0452635577
0.2719437487,0.4791281421,0.3252549112
0.4953143663,0.3500507861,0.4270325327
0.9862737060,0.5756661051,0.5317295362
0.5449208142,0.7104317016,0.3246695949
0.1601777395,0.4646724564,0.1926360070
0.2926415757,0.4020850598,0.5865133369
0.5566758020,0.5653480314,0.3858948683
0.5105636017,0.5018182219,0.5726015605
0.5391353595,0.4419435162,0.7210738600
0.5964533584,0.6996403288,0.8404392848
0.6613935136,0.3654701115,0.5005781754
0.7584152755,0.5742737584,0.8368004386
0.0595825740,0.0794756217,0.0455499007
0.5334082643,0.7682267676,0.4300285205
0.5931311254,0.5804563009,0.5191209081
0.3788038903,0.2667378786,0.3339166858
0.0786519698,0.1410958828,0.0949099824
0.2739512858,0.3149952607,0.1047712724
0.1419265958,0.0863596121,0.3403522726
0.7232433175,0.9662654491,0.8368394294
0.2110321128,0.3172106640,0.1757405664
0.2696631849,0.1339516456,0.1890074537
0.9723330500,0.6942239883,0.7851371689
0.7251931390,0.6557509649,0.7612551688
0.6610881534,0.3546975255,0.2474923776
0.3247999025,0.3532297389,0.3611417907
0.5910330606,0.6279439398,0.5264586514
0.1114978109,0.0581547290,0.0443869483
0.9060908616,0.4523261154,0.4101224906
0.9425576498,0.9920455912,0.7492278189
0.7698587568,0.8344282138,0.5673765264
0.9965989001,0.8098536649,0.6932701994
0.9710336273,0.7546940932,0.6926731808
0.9636915029,0.8213449942,0.9857077037
0.1173747926,0.0679657050,0.0643847513
0.3756681752,0.2464222633,0.3085643114
0.2649152593,0.6473209492,0.8827019346
0.0975768812,0.0837102226,0.2410301919
0.8137460934,0.5779240625,0.9107971297
0.5345645081,0.1891425892,0.1550332267
0.8744499320,0.4181045855,0.7332989890
0.7458396245,0.7218030479,0.4347131782
0.0446323427,0.0440179521,0.0326998891
0.7854646814,0.7126960975,0.7242072760
0.4433489056,0.1599881084,0.5887830909
0.2136835290,0.4589929110,0.3161677640
0.3760092025,0.6680447521,0.5411982578
0.3187587866,0.7145748076,0.1518320479
0.8831582504,0.7150902894,0.5277202950
0.9626588237,0.6128075538,0.5570344854
0.4164230248,0.5488783531,0.3287118207
0.0894495363,0.0467444493,0.1137578011
0.1947830345,0.1070834604,0.3067524478
0.2610697792,0.2127433925,0.8231541987
0.4046377277,0.6486184776,0.9456552790
0.9987291238,0.9735053505,0.5838140147
0.1095804432,0.0451728680,0.1434538005
0.3490564840,0.2867148048,0.2886359153
0.0599037619,0.2222889447,0.0898108075
0.2211760634,0.1335155907,0.1471167969
0.9757170621,0.9576646308,0.4865287199
0.9230073205,0.6387350555,0.3902821052
0.0593412657,0.4306169150,0.1009028239
0.3820268768,0.6520563100,0.5204020430
0.1738635542,0.0462968357,0.0993521652
0.4751673986,0.8384730904,0.5118122614
0.7740642021,0.9919111998,0.7915518837
0.7591340550,0.7347871219,0.3652274033
0.7343790877,0.7184858327,0.5004718493
0.3126664335,0.2754725872,0.2057537872
0.1827020041,0.2037205071,0.2801294226
0.1960137671,0.5414233472,0.4127130185
0.7228818668,0.8718664851,0.5521547300
0.5012794490,0.4500193312,0.5271307306
0.2829784808,0.1340076919,0.1374895021
0.8981440749,0.7269352710,0.9227332423
0.6213985393,0.7233961189,0.9853575163
0.3248041098,0.5351843323,0.5056582480
0.2701521793,0.3393724686,0.3066554023
0.5024899033,0.3270024360,0.5448529171
0.5274040067,0.6053981599,0.7294734924
0.9688034211,0.9980294594,0.9114576367
0.5421469702,0.4539667790,0.7385986495
0.4963417817,0.4655018785,0.3900174912
0.3965876741,0.5858696522,0.4149467984
0.8282150025,0.8365505399,0.9507365468
0.0298775723,0.0438734291,0.0348128623
0.5623939292,0.3557321777,0.3652277507
0.5604360343,0.2781730572,0.3930937424
0.7564334865,0.8125545480,0.5576733413
0.9516095544,0.8777820309,0.8611803117
0.9479887685,0.6753234147,0.8074233491
0.5181019347,0.1833457938,0.2745659346
0.5541285210,0.3477753491,0.3006087999
0.8948330215,0.4990432047,0.6753908883
0.2147930125,0.0780371138,0.0321331271
0.8454817853,0.6954263294,0.6404177450
0.0396239665,0.0345960613,0.0491801820
0.7198826130,0.3823537436,0.8510406903
0.8800087049,0.6361560399,0.8596802487
0.2107795798,0.1410192058,0.1429366754
0.3645741230,0.3001907279,0.3480080410
0.8124346498,0.9101128781,0.8535803940
0.9796415740,0.9950604680,0.9963333486
0.1853091186,0.1938570603,0.3531436805
0.6153755047,0.6867705043,0.4899837806
0.1238349294,0.1227570627,0.4167190810
0.1183710980,0.3633969308,0.4170244680
0.3565502517,0.7406418311,0.4893052274
0.7082298932,0.9468376231,0.3569117098
0.3130678099,0.4468732182,0.7795375909
0.0554476916,0.1145087496,0.1191888787
0.4281050001,0.6113033866,0.5055318932
0.6352452021,0.7426214773,0.6462024698
0.7316389894,0.5922217110,0.5993466684
0.3502910444,0.7117049668,0.6318521869
0.2458063215,0.3922530156,0.2371743539
0.9663479948,0.9351949866,0.9194844303
0.9180460501,0.4319402965,0.9812220499
0.1758623581,0.2229192575,0.6020063163
0.9412342169,0.7454166665,0.7413588627
0.1702062547,0.0797506341,0.0267274156
0.6667158453,0.9496582172,0.4169091886
0.5797470077,0.6391762056,0.7560686561
0.3537597255,0.4504724182,0.4791529154
0.8118620301,0.8285183570,0.5851129739
0.0298582313,0.0415056858,0.0167385800
0.8245166258,0.5691322415,0.6742439284
0.5195951497,0.5524071957,0.9990386877
0.6020096328,0.9906967001,0.9208006151
0.0709033239,0.0831152925,0.1379499583
0.1075907945,0.0492198917,0.0706209861
0.8530762324,0.9454963519,0.9398800544
0.8674310133,0.4577962457,0.8822853421
0.2464602167,0.1730038281,0.4306638321
0.8476380940,0.8858054868,0.7400981386
0.3530707775,0.2684213851,0.5601924265
0.7085105521,0.7419964419,0.9290901726
0.6264061668,0.6236096146,0.9734867497
0.5303958430,0.6804629291,0.9001073386
0.0883694093,0.1248078591,0.0301136135
0.6604652308,0.7129250302,0.7029241136
0.4792689809,0.7521907028,0.7553641375
0.8155550113,0.2736395663,0.3150875782
0.6954060263,0.8397129739,0.6600112939
0.3144924352,0.1635335840,0.1150911461
0.2189648648,0.2702547386,0.2501138756
0.2061016738,0.1223356779,0.1452262110
0.0229002702,0.0452366571,0.0168307555
0.8421852772,0.7893293350,0.9260494175
0.4788939496,0.4011508341,0.2903768836
0.4752773774,0.9123308456,0.8276872958
0.3796288018,0.4029092515,0.9906173215
0.7741274304,0.9326756133,0.5212976479
0.2574703765,0.5204874303,0.4399018704
0.8930162726,0.7325096469,0.7181167307
0.3029993363,0.4180356347,0.2329130702
0.8063822026,0.7485628513,0.3956734920
0.2321146834,0.2599431715,0.2118124226
0.6403170616,0.8859841333,0.8200487664
0.3689337104,0.9989821469,0.3554982758
0.2643653570,0.4307653935,0.6530460588
0.6945499229,0.5754247811,0.8052376569
0.6063646026,0.5680925282,0.5649898213
0.5221213477,0.5065231443,0.8496331607
0.3414778450,0.1905281543,0.2778797943
0.4732167011,0.7379056409,0.5001099529
0.3563380306,0.6046216344,0.7406667106
0.3822870005,0.5884330081,0.7885449521
0.2536265301,0.2809258479,0.3432602963
0.9514475994,0.9789148490,0.8739006294
0.7257466960,0.4412844098,0.2389446014
0.5062391544,0.5928781714,0.9191279123
0.9824058427,0.9701690517,0.7865807240
0.6236782062,0.5347707855,0.5252628252
0.8896422649,0.5053798039,0.4898520050
0.1637840581,0.3355205324,0.2304023519
0.7631213964,0.7971497757,0.5638489453
0.9255531997,0.7518728296,0.8556871358
0.1733878770,0.2391379683,0.5232785542
0.5886034546,0.6665220606,0.4833655677
0.3533231898,0.5728200810,0.6900769829
0.1403962247,0.0464519581,0.0895247622
0.7052249211,0.3705709589,0.4819849273
0.2236336608,0.1079838433,0.0875067123
0.0176197375,0.0078539354,0.0141187867
0.4461202726,0.3522864556,0.5244087747
0.9175103348,0.9359059325,0.8649788440
0.2702484576,0.2645592019,0.9967866028
0.4014946808,0.3613550896,0.7492147166
0.1562522994,0.1079885418,0.1189530529
0.2654071077,0.4984551288,0.2211553247
0.9506697628,0.9398683621,0.9722418247
0.1080419927,0.1474884975,0.1113994621
0.1200516792,0.0715792867,0.0538286539
0.9864387873,0.9329505247,0.9752233606
0.1076137733,0.3073375762,0.2365158225
0.3680284820,0.3999854857,0.4264479611
0.9930914219,0.9302445924,0.9503034421
0.9064199967,0.9742836639,0.6938331517
0.0003478743,0.0044835273,0.0022552997
0.3654714909,0.9454153890,0.3264201003
0.0358395699,0.0765456178,0.0215118014
0.8816439147,0.9174737893,0.9612356132
0.0226671074,0.0157696517,0.1363459873
0.0243556806,0.0643139602,0.1190288754
0.7144198828,0.6131130034,0.6900699987
0.8979369502,0.8016680681,0.5305675203
0.6613383003,0.9906341715,0.8863386206
0.2691760695,0.4146084657,0.3417856979
0.7045679964,0.5993737840,0.7803044859
0.1557665935,0.4291489473,0.3328526080
0.1055232009,0.1070555471,0.3143346094
0.8743013567,0.9796511764,0.6788848737
0.1809056020,0.3181244513,0.4127217898
0.3891515503,0.3672037147,0.6558070578
0.9726384951,0.7330545381,0.7143987185
0.4260120991,0.4485791023,0.9310345215
0.9637552327,0.7072570872,0.9505636407
0.2889957429,0.7013202719,0.4957343016
0.4289179111,0.3140315366,0.3189320028
0.5667878395,0.7801206631,0.6011840708
0.7241243681,0.3605968616,0.5480678153
0.0772561262,0.1597839578,0.0858416461
0.3024948462,0.5679090661,0.6208040556
0.9738142775,0.8343332167,0.7592747975
0.0119565456,0.0046076354,0.0041282300
0.7564466865,0.7111112066,0.5382006384
0.4417274513,0.5411138230,0.4715851052
0.7220575013,0.3138290621,0.4297285463
0.5583682080,0.1424395271,0.1226792057
0.9002167702,0.8428021660,0.6230237065
0.9912043941,0.6465008106,0.8213810306
0.8903044372,0.9548353912,0.9660823769
0.0539856725,0.0354483475,0.0579563293
0.8276158004,0.7269619703,0.8717586755
0.4293029286,0.5223019960,0.4081100235
0.0195684194,0.0413063550,0.0089223095
0.8279414180,0.5129645189,0.6388421982
0.1788590836,0.4838822533,0.1192360733
0.2980446738,0.1022148731,0.2261969286
0.0635040777,0.0435135347,0.0650566972
0.4335696369,0.1685865754,0.2226082999
0.8168074292,0.6448717401,0.9458846049
0.1123652372,0.1570569989,0.0736172993
0.0694344826,0.1282553863,0.0705978023
0.4295900977,0.6995992561,0.7167898202
0.2730511938,0.2578480327,0.2167264020
0.2564889694,0.1161832232,0.1938453559
0.4090682954,0.5028533319,0.5634400646
0.7813834554,0.9933817514,0.8643863087
0.9691494479,0.9160111333,0.7830970167
0.0437684653,0.1390756539,0.0350525176
0.1049143397,0.1262918449,0.1609314880
0.6481689621,0.1939896404,0.2213717510
0.4627692306,0.2381407227,0.2691446905
0.4891639334,0.8997523243,0.4962989644
0.0900952015,0.1042139900,0.1129809995
0.2194327354,0.1561142846,0.1840989756
0.9359885001,0.8357737592,0.6449322624
0.2852712021,0.2809744326,0.3073262144
0.8330146602,0.8456727237,0.9916724394
0.1007542088,0.1333743045,0.1184759972
0.3423016206,0.2054424128,0.1765504096
0.5468128036,0.4780628780,0.4881182740
0.4053090318,0.5027059292,0.6963712075
0.9449997926,0.7998965397,0.7979911656
0.9780470339,0.5290966668,0.8195851043
0.7613660955,0.6617385917,0.8014733268
0.6000580385,0.4947437060,0.4630747191
0.7823083974,0.6154310453,0.6259018527
0.4630474061,0.7633995597,0.6831352182
0.2116418462,0.7079698454,0.2710576592
0.9651281034,0.9726447865,0.9840585772
0.5439708071,0.3189521965,0.5047697293
0.5167572130,0.7180712330,0.5799538453
0.8065135267,0.8923397738,0.9015715618
0.0948106878,0.2711939254,0.1298145977
0.9037398871,0.8869319075,0.9154046142
0.2856499433,0.2672427475,0.3535326520
0.8009939155,0.9880958572,0.9413428349
0.6575252446,0.8575383834,0.9694977304
0.4092015810,0.3063645820,0.4027531953
0.5229074201,0.2448596310,0.5333720234
0.4267713450,0.2405975615,0.3616794883
0.9555227538,0.9854585554,0.8450171297
0.7534351125,0.5715548248,0.9215040054
0.8784077679,0.9074793353,0.9932728870
0.3014006047,0.1543666906,0.5075223835
0.4423399169,0.6910747574,0.2802752141
0.6412872023,0.7817699320,0.9141421949
0.8414534812,0.7991396516,0.4749759425
0.8788197520,0.8959166820,0.7902004215
0.8585955383,0.8110176349,0.8770957196
0.3133172339,0.2988812506,0.2058436036
0.8202053103,0.4589324910,0.2557063352
0.9537098378,0.8338526667,0.8736638621
0.7474140090,0.9989561830,0.7932415180
0.9641310970,0.8555794178,0.7482660441
0.4601537377,0.4931282778,0.4674401941
0.4886034443,0.2983032402,0.3639107141
0.0055368124,0.0072735079,0.0064807813
0.2680010382,0.2843095697,0.2314095823
0.2970790216,0.4130193915,0.9055963647
0.1029046448,0.1685766297,0.1185574779
0.5541097020,0.4225243493,0.8050576836
0.7566266221,0.3149273522,0.3348125888
0.4592170908,0.7947925383,0.6097509509
0.4201042756,0.6758484095,0.6140356064
0.8029429538,0.4322663938,0.5078969281
0.4379661435,0.4548726399,0.4129621475
0.5430729083,0.3539522851,0.1745310039
0.6334592263,0.7334464946,0.6857566011
0.8964681635,0.4774736628,0.2836255284
0.7691574762,0.4575949427,0.5392670806
0.4171653228,0.5004257375,0.3097718446
0.4809580906,0.4066622522,0.6408053737
0.7808427599,0.6115865457,0.9412045376
0.8331649918,0.6231635977,0.8418908727
0.0307486584,0.0102608419,0.0158365521
0.9565160942,0.7942019928,0.9846720275
0.0379207013,0.0536784889,0.0173783461
0.6414144615,0.8018665621,0.3197658338
0.9496903124,0.4317027179,0.2461283003
0.8934057803,0.7555070203,0.8895994472
0.8241521862,0.5350902531,0.6037150976
0.8151023043,0.7631018205,0.6358691332
0.7187041601,0.4087397015,0.4176794719
0.6327865232,0.9531220585,0.6058910581
0.4945014524,0.2600215120,0.3209859106
0.9012796682,0.9090742103,0.9027719610
0.5946011042,0.5058572858,0.3311591562
0.0249536537,0.0285373061,0.0115038075
0.8073746641,0.5496403824,0.7185788646
0.1904791017,0.2063839002,0.1922456826
0.0957964961,0.2134164507,0.0714552767
0.0620602289,0.1723624868,0.1254602617
0.2887051239,0.3324849344,0.3400739732
0.3116535876,0.3045011305,0.2231823533
0.7533376582,0.7699193560,0.7302705634
0.5258877526,0.7766955650,0.7131197876
0.7110910774,0.4724069020,0.5671190369
0.7073078587,0.6233163586,0.5200157668
0.7605384145,0.3132043209,0.2126101506
0.8740698262,0.7894473502,0.6753636030
0.3935390392,0.9383253219,0.5413450395
0.8328506077,0.4611749051,0.4258420345
0.4762459427,0.8593053121,0.7835544136
0.9011046978,0.9260092011,0.9774220868
0.7230424283,0.9366710416,0.9406159226
0.6283374077,0.5871576558,0.4489683422
0.1478882847,0.2064669192,0.0754489312
0.9308682492,0.9376709981,0.8407583244
0.5890154711,0.6553082124,0.3213034706
0.7558617085,0.7918921897,0.7810567952
0.0803741242,0.0795486810,0.1294761488
0.6667242018,0.8285342681,0.9851532571
0.7393144755,0.8070370573,0.6397132731
0.1040699011,0.4908605197,0.1683031518
0.8597902875,0.7587260891,0.5056562669
0.4275032240,0.5182356895,0.8945156995
0.1034064563,0.2962618293,0.3981968603
0.8583842825,0.5048900952,0.6382851685
0.9134244543,0.6572052500,0.3979470472
0.7632057805,0.4893479428,0.5900046909
0.2974025785,0.1410454247,0.1078300246
0.4727840704,0.6586718458,0.7899545140
0.1716937149,0.2268845643,0.2315263079
0.9227083674,0.6044660556,0.7221269357
0.9726945044,0.8782524915,0.5884235773
0.6662965836,0.6898273861,0.7375232550
0.8726029510,0.5486994601,0.8310596025
0.3341237247,0.7812548554,0.9953318423
0.8130291235,0.3056324216,0.7825801389
0.4897550733,0.2112483860,0.2141045712
0.2985200961,0.7685300177,0.7745337795
0.8322096177,0.8022407928,0.9220183465
0.0599985787,0.0160471371,0.0437005969
0.6663787971,0.9756711891,0.9779423156
0.3414757261,0.1334008788,0.4647499406
0.1716342558,0.3148797393,0.3187899110
0.9901555134,0.6503779343,0.4440470356
0.2998982092,0.3974160234,0.1888653267
0.8246281890,0.7016490785,0.9716399255
0.7301911713,0.9978413148,0.7687328119
0.9371546490,0.5409021392,0.5648986759
0.3207479210,0.7825434021,0.6140430198
0.4639293703,0.4945721212,0.2720971566
0.0507730968,0.2099393487,0.0982392731
0.1443408349,0.0538133427,0.0597440056
0.7411796911,0.4633518922,0.4416139691
0.6512393791,0.1614837123,0.2132626181
0.6028318284,0.5784706746,0.8569021862
0.7714599249,0.8092779143,0.5935031992
0.3912052216,0.9269891296,0.3575100623
0.3256055675,0.4839833761,0.2606127615
0.0145182974,0.0184368230,0.0673633984
0.3236527152,0.2704365116,0.1057110256
0.0618386552,0.1841796802,0.1438074517
0.8401867636,0.8327152203,0.6190596726
0.8244892774,0.2213520180,0.1254637414
0.8811881711,0.8373891857,0.6458326873
0.4060902340,0.2361342921,0.1310214848
0.4405666827,0.4368510388,0.5593545469
0.4256988008,0.3314548296,0.4422053875
0.1179703808,0.1068715707,0.1241226084
0.6974899692,0.5709393668,0.8101640684
0.5559520657,0.6503799343,0.7803576840
0.0169938683,0.0177094747,0.0340363551
0.3801880430,0.4826630800,0.2453253447
0.0528396983,0.1773164476,0.1012476507
0.6638098334,0.2970271808,0.2698357917
0.7195119362,0.7859824650,0.7939855612
0.7641991073,0.3614558704,0.2383622805
0.1796242804,0.2687794888,0.6803447902
0.9830386678,0.7887912171,0.6548923602
0.3293858279,0.4388696386,0.2574691821
0.3029735926,0.1438982143,0.0794939675
0.6334665133,0.4416587942,0.5081456570
0.0472040746,0.1050832907,0.0416010627
0.0721483931,0.1032794001,0.1581248427
0.5836537108,0.9181951346,0.7433884208
0.4780860120,0.3782079323,0.2152681560
0.5312394684,0.3784036240,0.2030019884
0.5108146882,0.5897856213,0.3824421421
0.7498937875,0.4455478596,0.5925927393
0.8714501247,0.9664392050,0.9913223342
0.8380913940,0.5111384411,0.6694600387
0.1970902034,0.2491085892,0.2230551660
0.6102312566,0.8203357364,0.3034474506
0.7898799505,0.4445486617,0.4240619012
0.7880407017,0.9546490622,0.6738764422
0.8541625525,0.7601219408,0.7697284793
0.4680922473,0.4380721000,0.8332715512
0.9401930225,0.8685248425,0.8861793977
0.6707701927,0.4681579462,0.5809432263
0.4371641073,0.7282004694,0.8109898510
0.8362952277,0.8987893043,0.7818117673
0.3171446247,0.6357448740,0.2595582250
0.7834023207,0.7878168522,0.7644197334
0.2623276041,0.3734493816,0.2928253647
0.6353601369,0.8263577752,0.6642137284
0.4027166787,0.1790489477,0.3387081298
0.9598302572,0.7162040364,0.8347576924
0.1702792375,0.5163663891,0.4718326681
0.2980930464,0.3708995646,0.3417191368
0.7995631867,0.6495727228,0.7007179691
0.7321179494,0.8025689151,0.5721483854
0.7067758115,0.9384632984,0.9939168739
0.6856341545,0.3393005811,0.2000770402
0.4986117929,0.3252275591,0.3807669002
0.4725288474,0.5431183614,0.5532743902
0.0954067382,0.1142509899,0.0655631187
0.7800753718,0.9044500415,0.9190194116
0.8660133353,0.8369021259,0.7166753137
0.7457237748,0.6378858175,0.8813888239
0.4220634266,0.4035857506,0.3670781570
0.8851370734,0.4232770103,0.5521886105
0.7710237455,0.8574345762,0.4362585784
0.8436243244,0.7507884178,0.4466737137
0.9460363728,0.8797719886,0.9716423461
0.9552286328,0.5998551658,0.7876225106
0.5913856389,0.4273714607,0.5590229196
0.4536097553,0.7112982152,0.3875088404
0.9572955720,0.8328487468,0.9617258645
0.4236265976,0.9694750498,0.5701133272
0.5576907017,0.2996518003,0.3145544032
0.5717361103,0.7173946844,0.7990746164
0.9499766201,0.8726884632,0.9090941355
0.4476803414,0.6917276654,0.5034182392
0.3034756852,0.3095573452,0.4149918457
0.3526954393,0.6875059840,0.6155062125
0.3286540047,0.6411612522,0.1718067220
0.7511873166,0.6795891878,0.8260544648
0.2469377435,0.3834065878,0.4422616205
0.8976496770,0.9064282997,0.9755474977
0.8903877825,0.8226837642,0.6266449437
0.4030797513,0.3062139439,0.3961690057
0.9836080916,0.7000352663,0.8154928518
0.5809442216,0.3703995235,0.3558966459
0.1689942412,0.2239969218,0.6195600282
0.8839037588,0.6675699851,0.8617189121
0.9795265988,0.9458731271,0.8042868274
0.0344026350,0.0724934625,0.0337118446
0.0290594865,0.0223548324,0.1273625533
0.1316785406,0.1715131839,0.0887409085
0.4918451250,0.7177424076,0.3758097012
0.7313069092,0.8485651852,0.9338448915
0.1155649202,0.2939193334,0.0750782394
0.1445627670,0.3679151113,0.3957196173
0.8634562788,0.5592452842,0.9242827808
0.8338458638,0.8532674077,0.8891422476
0.4308902230,0.1458477417,0.1392130861
0.1192993964,0.4864390059,0.0464854284
0.2648590503,0.6181940594,0.3921083699
0.5891157337,0.7690821861,0.4470625495
0.7868636315,0.6171855681,0.9481133491
0.8447776775,0.7486758994,0.9336432838
0.5441528828,0.7679942551,0.5818523786
0.2971018836,0.2924173488,0.2818750852
0.4040883939,0.3132704005,0.2585547762
0.6783766223,0.8627325342,0.3530987487
0.2302470103,0.4368373609,0.3085236256
0.7264820124,0.5816199261,0.8836902505
0.7237103307,0.8430561758,0.7681451467
0.2537881805,0.4438783759,0.3488632717
0.0110000546,0.0228507833,0.0272346325
0.1998856045,0.0839210542,0.3168524295
0.9612318722,0.7830241338,0.7591733276
0.4976539335,0.5693080876,0.8899025389
0.4039970017,0.2952455957,0.2610927541
0.1308098072,0.0785449131,0.0835472660
0.3369577123,0.2058450839,0.9937267349
0.5185059331,0.1730686200,0.2562073288
0.2828349031,0.3857152698,0.4033778927
0.9504180921,0.5407733566,0.6689180658
0.8627976061,0.5085880217,0.9419469779
0.3007104927,0.1414257024,0.2506531472
0.8630943860,0.1567722388,0.3293083495
0.4146999712,0.7661563514,0.8054188234
0.2650481937,0.2360550328,0.1544994742
0.4386069744,0.9041409420,0.5909880984
0.5026982197,0.5176739997,0.7568385202
0.1741987194,0.0481032270,0.0380423154
0.1989742936,0.1516787308,0.3587791789
0.0097699459,0.0119153525,0.1222389201
0.4993884001,0.8707830493,0.5685676084
0.2848521366,0.3587081341,0.4701898611
0.5949482268,0.6875575902,0.9500116434
0.7121014772,0.7988508489,0.7669330077
0.0594837052,0.0491436231,0.0786209233
0.2874525970,0.3239604392,0.1642295098
0.8381095271,0.5014266533,0.9537020916
0.1385573652,0.3814130671,0.1553780244
0.1925600079,0.7722467226,0.9461294672
0.4105813741,0.5379128994,0.4437380982
0.8500866076,0.7251948402,0.6725080910
0.6208719996,0.3710807319,0.6238835690
0.0442576559,0.1863178918,0.0469068228
0.1779583426,0.0614137985,0.0958778070
0.1830644501,0.3159941675,0.6088098892
0.7343396571,0.3720260201,0.8373431797
0.8281546987,0.9114766727,0.9729980530
0.1733596535,0.2294116647,0.1659690308
0.6312340544,0.5234759291,0.7995992685
0.8289094408,0.9517670295,0.9310299383
0.1556128006,0.2244031586,0.6411882644
0.4784626693,0.6078869414,0.9189182542
0.5440215307,0.8825734812,0.9008213712
0.3487935177,0.0690577745,0.1011436929
0.1585009768,0.0990449765,0.1269359934
0.5970893270,0.9466776400,0.9880992035
0.2369710107,0.2291904114,0.1765174403
0.4049520942,0.2598062610,0.1212376714
0.0582634027,0.1004164337,0.1579074069
0.2421726779,0.3406075781,0.7054345772
0.2074524143,0.1199431993,0.3790057983
0.2017934090,0.2418047793,0.2850927040
0.7682559232,0.6274615311,0.6270426004
0.1865980811,0.4004641081,0.2930202980
0.3351918316,0.5445946680,0.3350236854
0.9910899288,0.9743868228,0.9768659753
0.4340709481,0.5347336697,0.6791822154
0.6911173694,0.3495647756,0.5033114354
0.5159159545,0.7103827766,0.9071932419
0.8903654350,0.8203024808,0.6633817969
0.2375964256,0.5277971274,0.5605042732
0.8617079407,0.9387444147,0.8378391089
0.6240220362,0.4482830070,0.3342091531
0.7191087137,0.6437427661,0.9969176419
0.6953574578,0.9656075938,0.8785717923
0.0142228595,0.0166657234,0.0165174976
0.7109048956,0.7372332180,0.9408212581
0.0842198694,0.0794629629,0.2139781457
0.1168749315,0.2090165814,0.3287766695
0.7050559545,0.7650461661,0.5926896501
0.4838729754,0.8482239325,0.9822946460
0.2923019599,0.9035330291,0.5135188645
0.8424227080,0.9482174236,0.6845462459
0.1489166508,0.1400662725,0.0913534913
0.0791900722,0.2102762316,0.0416291923
0.8592816522,0.1464483852,0.2709952134
0.1642278932,0.1114318268,0.2730734333
0.6061765526,0.5736134320,0.7131617169
0.9614763497,0.7720101808,0.9510017313
0.2839941386,0.5132358493,0.1393240442
0.3744514867,0.3117357180,0.3855680231
0.3840606473,0.3278255958,0.4684121406
0.7883969785,0.9742790447,0.5221935105
0.5857468381,0.6405107698,0.7131418551
0.8871215344,0.8413895163,0.5959931272
0.3395943755,0.6385346949,0.6895231516
0.6556113691,0.3925386474,0.6563167914
0.8584646251,0.9900486097,0.5946401640
0.0712561189,0.1126087498,0.0863480007
0.9260206871,0.6955233761,0.9742307926
0.1909186781,0.1293172825,0.3019572858
0.8342306408,0.8985340332,0.9465313189
0.8862157741,0.6958144778,0.8288820757
0.8816949764,0.9153330648,0.9537954661
0.1732000033,0.2085992029,0.6144235508
0.9708321449,0.8946034445,0.8587812997
0.5101429441,0.6082691207,0.7071749376
0.9985591689,0.8970559398,0.5549968759
0.9361538208,0.6489856997,0.6267618620
0.9600645580,0.5277242145,0.6279662342
0.3785416880,0.6369180417,0.9689003902
0.2272851690,0.2267525386,0.4068948361
0.6543728526,0.9836314874,0.5256014831
0.2159014724,0.1877570324,0.2759902884
0.1368884601,0.3162611852,0.2640781836
0.2612461799,0.4620061989,0.8267536397
0.4464821043,0.2314076052,0.2620088555
0.2731320907,0.2210920904,0.1513063884
0.0675801597,0.0817965141,0.1136033822
0.8041657233,0.7052932127,0.7403278894
0.1501316780,0.0974314497,0.3385958719
0.0959563516,0.1112418963,0.5493155001
0.7173974113,0.9604770970,0.5604778996
0.5616232645,0.4608086671,0.7345307326
0.2176812831,0.1983978777,0.3763636120
0.0523556711,0.0501270734,0.1134330248
0.7214236784,0.3638849440,0.6791289930
0.2978115669,0.2927243974,0.7700276227
0.2934411733,0.2376268599,0.2575583929
0.4793269895,0.8177436059,0.6397591321
0.1907105437,0.1412697806,0.2141129549
0.1066242757,0.0181940450,0.1031475078
0.4416591902,0.4483830447,0.8579324939
0.0481628751,0.0506386155,0.1198851823
0.8993496994,0.9039747716,0.6995829041
0.0451375853,0.0397196069,0.0475307821
0.0454400490,0.1626242959,0.0840728943
0.6792005848,0.8746410567,0.7959179816
0.8287903673,0.4533848389,0.5774631730
0.9390486192,0.9244334221,0.8463601146
0.2586236402,0.5700581270,0.5002584821
0.4085993218,0.2744039312,0.1829029398
0.9445499018,0.9633444417,0.9688880619
0.2433100379,0.1426813396,0.1055022009
0.1202217169,0.1413079884,0.2517980398
0.3074578415,0.3387881558,0.8455572778
0.3836137649,0.6930615399,0.3411566567
0.4169538400,0.2028846127,0.3186173435
0.7711207477,0.6524887992,0.7708794717
0.3583613383,0.2498199073,0.6427558896
0.9190695942,0.4030210662,0.9352483054
0.3298919900,0.4905551294,0.3489621616
0.9607789542,0.9774622276,0.7127577468
0.3799731429,0.7020012058,0.3619830336
0.4611552541,0.1680079210,0.1095685674
0.6786493707,0.8587365025,0.9328487607
0.7613673022,0.6128750920,0.6373041279
0.1909196404,0.1620270459,0.2647729030
0.3735618287,0.4622224647,0.7792661525
0.6896040764,0.8000446358,0.3343030953
0.2018740810,0.2696324104,0.2433960952
0.8897241218,0.9325584725,0.8692802192
0.0487570653,0.0219132108,0.0404192891
0.2147086689,0.1007464564,0.2164710936
0.8782838514,0.2947205396,0.1995530186
0.2134248019,0.1589757766,0.3061185228
0.9947709206,0.8617225119,0.9055988771
0.4052464925,0.5903409217,0.4981306811
0.0888434807,0.0668965453,0.1136532882
0.3725822335,0.3463759545,0.5717039355
0.2510539007,0.3482697565,0.2993676090
0.8540156930,0.4078142055,0.9080563412
0.0434247516,0.0459249791,0.1119069246
0.2036090610,0.1966101888,0.3392423488
0.4465229486,0.3890275426,0.3523068744
0.0892776181,0.0444284394,0.1067118637
0.4062650150,0.3729669567,0.2478494726
0.2870411260,0.1886486510,0.2526524150
0.6697062597,0.6775337770,0.6258009520
0.1138132891,0.1001251553,0.0586195519
0.6270505589,0.6444945562,0.8109117921
0.5959742922,0.3408480948,0.2914004928
0.7256773389,0.9482195080,0.9423903979
0.3694321312,0.2686070994,0.3807310109
0.4423539560,0.7978341465,0.9322194780
0.0592064716,0.0956440629,0.1455189569
0.4930201729,0.5991989169,0.5566956471
0.6785258394,0.8493167355,0.7612146655
0.0797890962,0.1054175217,0.4561250054
0.8392605271,0.7218445375,0.9998448277
0.5197156200,0.5865742239,0.7213200415
0.6661851018,0.9596633867,0.7226177905
0.6848834230,0.7453165787,0.8665550378
0.9748249186,0.8319157456,0.8439623450
0.8172368598,0.4984283516,0.8205912348
0.4779560098,0.4889735048,0.6764948253
0.8407448193,0.8187012953,0.8330858756
0.1062786364,0.1063756260,0.1275087324
0.9757062977,0.9140186974,0.9082092827
0.9365902011,0.9261864001,0.8010060728
0.6844732108,0.7774823683,0.8131246425
0.0357048717,0.0269581494,0.0192709852
0.7588069109,0.3871835406,0.6340387223
0.4230573460,0.7115972464,0.9903229669
0.3327151487,0.4610358288,0.4263090141
0.6208521735,0.6879885947,0.9640135009
0.0716807089,0.0743864235,0.1562839104
0.5479619771,0.3287206069,0.2575673559
0.7127183280,0.5224047969,0.6544683011
0.2307401591,0.1527375073,0.2730047345
0.9047008677,0.8253516556,0.8177409199
0.1789631411,0.0915600337,0.1321889411
0.1899088958,0.2553903688,0.3776466781
0.5458776461,0.3590701774,0.9796828087
0.5971601449,0.5075795713,0.9852353912
0.0721459771,0.5189949000,0.1346451463
0.8940535957,0.5433449078,0.3606702192
0.7748023869,0.8628718851,0.4978089505
0.9525787819,0.6036404973,0.9273730382
0.8931610565,0.9558784885,0.9310340500
0.3812671523,0.7752519794,0.2727077147
0.7398464063,0.2955956460,0.4473253457
0.7435191616,0.9911451066,0.9903336662
0.4188888952,0.5301213316,0.4814770531
0.1483024958,0.1509372646,0.2888840925
0.4631011855,0.3194481935,0.3866661034
0.3631365643,0.3249757884,0.5192246690
0.0087094384,0.0018613304,0.0044003226
0.8932873718,0.9893159202,0.5661272241
0.2672050143,0.5818784494,0.3239796930
0.2457736102,0.1813373184,0.0894127011
0.3456676203,0.1964247161,0.1193041542
0.0253956810,0.0210849320,0.0838151183
0.6869606820,0.8223270758,0.8183654951
0.3031730938,0.4664945735,0.6299143617
0.2607311250,0.1280678270,0.1607907317
0.3801206436,0.2340682679,0.2898263243
0.6108302488,0.6687538196,0.9284119859
0.1805090295,0.2805582074,0.1661427567
0.2444723068,0.4620749928,0.4712555591
0.4150266865,0.1646937800,0.2105270403
0.4039075540,0.5073689334,0.4194064162
0.1117881689,0.2514469790,0.2400288957
0.7915178693,0.7653475143,0.9516373014
0.8838499083,0.9443866817,0.9609874449
0.1438362407,0.4350694113,0.0574875575
0.5595209719,0.7898199926,0.4825740048
0.9950283527,0.6141346914,0.7670998588
0.4345076923,0.9665401735,0.9260802385
0.8151974192,0.4958752770,0.6609231614
0.1747875437,0.2253515676,0.6743846309
0.3682516419,0.3031577800,0.3579080246
0.8721689389,0.9399053664,0.8142219871
0.7330815135,0.6472121161,0.3231439145
0.0334723046,0.0187799687,0.0446012773
0.6799609035,0.7137813626,0.7594791709
0.8331157389,0.9027273862,0.9527569643
0.7761399121,0.9413184238,0.8491033437
0.9103325773,0.7565797719,0.7369661158
0.1229422017,0.0870453729,0.0796155567
0.7220062143,0.6069163569,0.7497514374
0.1086458550,0.1514199462,0.8028393187
0.5422114015,0.1216523604,0.2586318984
0.6762194085,0.5395446206,0.5223773485
0.9625666332,0.9971621464,0.9048131435
0.2678087523,0.0849403436,0.2714815132
0.9827791247,0.5401574463,0.8497080936
0.3608134587,0.5635392321,0.3562996795
0.3073874300,0.8358871924,0.8834034936
0.8673623738,0.9078910272,0.8419163450
0.4683911748,0.2621556505,0.3841613156
0.5150492962,0.8062248884,0.6544523002
0.0120341818,0.0392898884,0.0475598927
0.8136610126,0.9886836355,0.9830048188
0.5574459966,0.4557401902,0.6430115613
0.5617114214,0.0864930336,0.1349397271
0.0606254827,0.1237267445,0.1717896271
0.0940383594,0.1583209136,0.2256118738
0.9163207933,0.7371891359,0.8351855620
0.2038540520,0.4784708725,0.4273833365
0.1492589225,0.2580929051,0.2730564484
0.5822097347,0.9567142726,0.9356119513
0.6408213455,0.8749982987,0.9532111235
0.3771714119,0.2076318548,0.0505582243
0.8110476596,0.6059054690,0.5316264131
0.4722237408,0.7349107547,0.8744184670
0.2582304723,0.2846449319,0.1567602916
0.1435876942,0.1444194113,0.0610874023
0.3102068475,0.4140126734,0.2612958059
0.6410375588,0.4940861491,0.5510592504
0.7004120057,0.5432422230,0.9346548066
0.7671741990,0.6871485648,0.6075965073
0.3820406287,0.2533063558,0.5921733222
0.0521362523,0.0360175465,0.0326854027
0.3011412206,0.1494032346,0.1979300722
0.9424960388,0.7209120213,0.7228535640
0.9710294537,0.9728103775,0.8203284118
0.8086298149,0.7042649169,0.5066919057
0.9402027513,0.6508908883,0.9284269267
0.3695114452,0.4454714243,0.8499127154
0.6525321749,0.5190837740,0.1513586224
0.3206208920,0.3853312627,0.2495521145
0.0291389092,0.0038772809,0.0026375749
0.2774068974,0.4746337398,0.2346025875
0.4728474844,0.7113324746,0.2616156278
0.6273305649,0.7174701683,0.8131699275
0.6591403999,0.8337460529,0.2835636761
0.7663934707,0.8373005020,0.8644994200
0.5158675546,0.6213269595,0.5802584751
0.9525459539,0.7685235795,0.6565938215
0.2037144406,0.1115581206,0.1165916118
0.2551657788,0.8988512016,0.3952842392
0.1034491702,0.1183329844,0.2376422434
0.3897205692,0.2121035798,0.2526127683
0.2181821448,0.6355959376,0.4416696036
0.5508520239,0.7081990704,0.3728932100
0.8844984759,0.8201730276,0.9218866385
0.4762813214,0.1443920888,0.2155598198
0.6008664297,0.8637564974,0.8077037010
0.6775128383,0.5845322575,0.6735430110
0.4957532404,0.5637901488,0.5196158857
0.4388952152,0.4249688516,0.1610511376
0.5686649774,0.3003636188,0.2440548331
0.1493793913,0.3849998251,0.2251453399
0.5885082100,0.1964036207,0.5585133419
0.0916978348,0.1352632558,0.0654637819
0.1305743817,0.0667550643,0.8368146191
0.0114293716,0.0158183500,0.0137254203
0.5449307486,0.5143267429,0.9560764664
0.1697748677,0.1418200556,0.1724457922
0.7259203593,0.6227565445,0.5372979688
0.8568873211,0.6420626967,0.9209687462
0.6057894124,0.9294189287,0.3080521516
0.9146199842,0.7613226089,0.9779727710
0.6943802899,0.8592032591,0.6904686419
0.0562020308,0.0395415272,0.0333464433
0.2986351329,0.5258745176,0.5332076952
0.7520911061,0.9279529941,0.7227524187
0.8437071480,0.9618904857,0.9883219993
0.3199370950,0.7511910110,0.2375337069
0.6582280654,0.9895293830,0.4469083874
0.8278345132,0.7847995712,0.9340093678
0.3265105969,0.8868405531,0.5513630089
0.9388753513,0.9877338611,0.6482126507
0.1356074747,0.1648561335,0.1631592226
0.7168198605,0.8774962155,0.9698792028
0.4692816844,0.1375482535,0.3497894244
0.6268233390,0.8956591114,0.9839123021
0.1516181147,0.2282830912,0.1894689071
0.6521914700,0.1781618307,0.6053443061
0.1015479531,0.0248582957,0.0433966017
0.8183096963,0.6111178448,0.3797938741
0.0690394949,0.0231293005,0.0619249449
0.8919074421,0.7741214621,0.6198547388
0.7774504032,0.8669376039,0.7076678940
0.5752784448,0.5479264347,0.8563971437
0.9746528564,0.8995546673,0.6501715036
0.9481868088,0.4669015163,0.7181814067
0.5544913429,0.7090516549,0.8696033064
0.3533487440,0.1330209756,0.1079890556
0.1878261599,0.2992142287,0.5332927618
0.7757129583,0.4474863311,0.6950615375
0.0676475648,0.0636405855,0.1185494624
0.8003460346,0.8874867516,0.6221923067
0.5762286131,0.3906507403,0.2783110222
0.2850820130,0.6597254970,0.2179789824
0.5586788358,0.6351750199,0.4052600049
0.6409601410,0.5876123717,0.9940530445
0.5604695828,0.8178170483,0.7115784659
0.6498757967,0.8108325182,0.8023358462
0.3532013228,0.4114173752,0.2334924768
0.1958883459,0.0748755223,0.1671408578
0.5336023414,0.8672473234,0.3334956002
0.9485039065,0.5539622748,0.5985082075
0.0975731424,0.1600544499,0.0649856626
0.4037994847,0.5866840984,0.4303101223
0.1081979340,0.0957661347,0.1137930571
0.9392406182,0.9507667399,0.9776212921
0.4998863363,0.5652668349,0.1225924530
0.5018833722,0.6583748990,0.9664273020
0.5983572315,0.9393617788,0.7729880284
0.0761221557,0.0675403793,0.4243917258
0.8622268347,0.3929351354,0.6264819112
0.2427678184,0.8111207939,0.6189427622
0.5505830306,0.7616721922,0.5915595337
0.5022500660,0.4822172011,0.7531198176
0.8444660505,0.8304611729,0.9507449546
0.8983242746,0.9755460668,0.9756661518
0.9030631108,0.8958125349,0.9468009282
0.6726063066,0.8547548125,0.9293945528
0.5575259696,0.8669447944,0.8522603767
0.9298098912,0.7170448353,0.5768727165
0.8195366016,0.6883116720,0.7422544533
0.3035496998,0.4933042300,0.2246218720
0.8378050381,0.8804340945,0.9612117654
0.0052567152,0.0140817232,0.0137496607
0.3642268387,0.6082927874,0.4409157595
0.1762784356,0.1086648705,0.2311881159
0.7160404805,0.9295719656,0.7061126077
0.1426621906,0.1287980107,0.1769882186
0.7929814890,0.8134237503,0.6739497086
0.1142587056,0.0871165032,0.0923760661
0.7094049722,0.8792959941,0.9161782347
0.7275973674,0.8202788881,0.8558490986
0.0479306290,0.0859553894,0.0445225759
0.8516639652,0.8131993352,0.9223157660
0.6164491078,0.8977197774,0.8046177884
0.9317931528,0.5182130300,0.2015242502
0.7522774231,0.7411795098,0.7506253702
0.1305185572,0.1221968256,0.0854541688
0.7212887951,0.4678527161,0.5764876377
0.3855639329,0.4415125129,0.2995262512
0.5798977205,0.4781079290,0.6537860975
0.3466149531,0.5749237985,0.3400344005
0.6975653664,0.7114838092,0.2352466517
0.7183891209,0.5046986903,0.4388607417
0.8020151277,0.7438056136,0.8859207875
0.8986782487,0.4716029036,0.8404474193
0.5697488945,0.2362820402,0.7552045914
0.7225846926,0.9654057768,0.5788927843
0.0786168905,0.4599077793,0.0940682993
0.1815354861,0.3727117589,0.0903616046
0.8164545638,0.9495128293,0.8128655889
0.8925819391,0.7835903465,0.7793890136
0.2393836013,0.3943051465,0.6276231988
0.2892157256,0.2652913817,0.3861464886
0.5474376195,0.5637020457,0.6900074886
0.9076999251,0.3878798480,0.6263438509
0.5484009394,0.4471790450,0.3876824505
0.8444590585,0.6345326264,0.8935913048
0.0297078677,0.0551187897,0.0351319466
0.1416918622,0.2075319403,0.2559699577
0.2192071158,0.0844459232,0.1892832106
0.3081936162,0.2059202030,0.3991142250
0.0811373904,0.0678748841,0.4236820674
0.3953293871,0.5606649053,0.2346659903
0.5059550702,0.2888838881,0.4486715208
0.6941308958,0.5932248518,0.4915315936
0.1228691294,0.0694267004,0.0602004468
0.8768110014,0.7196123011,0.7943662672
0.9522933148,0.9687759583,0.9669122275
0.5477180109,0.7646579488,0.7745049836
0.5858915210,0.1701659297,0.8903103480
0.5808275759,0.7510659317,0.7152060149
0.2987419616,0.3892524939,0.8563727913
0.6093859166,0.8580358606,0.2297958311
0.5601033593,0.3385463847,0.6570567287
0.1105531774,0.1256763611,0.2150512403
0.5060425438,0.9448068726,0.7873972435
0.8473678336,0.6582701340,0.6459702773
0.3503009616,0.3664232970,0.4221180710
0.6355799812,0.7486151918,0.7120071293
0.6650652214,0.6914510433,0.4489424043
0.7714791016,0.8584465339,0.8711104444
0.9115669423,0.9861424082,0.8451130171
0.9065534323,0.9444688801,0.9880956721
0.2567942920,0.5441084082,0.3172784307
0.8416491261,0.6961649379,0.9613032647
0.2362511106,0.8495078161,0.5787929126
0.4662089771,0.8378940728,0.8345667469
0.7514249514,0.4740343603,0.6638906522
0.7075438111,0.6026388234,0.8073100980
0.4665116868,0.3000288630,0.5625789196
0.3604445058,0.6102075626,0.1714978967
0.7127324610,0.5522996684,0.9901506770
0.0819675822,0.0798238103,0.1464956872
0.7128634583,0.6978206465,0.8292532228
0.6376134721,0.9438652816,0.9083593062
0.6472611981,0.5264270807,0.1804420538
0.1161846382,0.3587927424,0.4054047426
0.3619222012,0.4756005477,0.3971305370
0.8684470403,0.9218204272,0.8868021379
0.3796110269,0.2916281269,0.4865044739
0.0391073586,0.0467017587,0.0994417245
0.1730768733,0.3617408298,0.3059720637
0.8497991078,0.8766142923,0.7783915011
0.5211065911,0.5998134930,0.9593812988
0.6488677623,0.9084814528,0.6752039197
0.8707134095,0.9772942093,0.9120404811
0.2092824087,0.1080810472,0.1076100261
0.2062999575,0.1891562929,0.1278369555
0.5816294054,0.4876679012,0.5564785132
0.5303642989,0.3784897686,0.3539847390
0.1106508173,0.3472012821,0.5886766977
0.4777895457,0.9525513898,0.6990305377
0.5886718040,0.5576916170,0.6615376937
0.9045572020,0.5976371991,0.6272236424
0.6405276377,0.8166579578,0.6951128993
0.1141570126,0.0606333224,0.0510763727
0.0265708599,0.0465745898,0.2257647273
0.9066983569,0.7094537924,0.3980899143
0.7998352710,0.3307954738,0.3062681208
0.8213473153,0.8438486893,0.9289596463
0.1513192595,0.1556832976,0.2116796606
0.0913911306,0.0925266429,0.0195699034
0.1960779558,0.1841989793,0.1204577804
0.9832017564,0.9633300802,0.8838545398
0.3577935454,0.5279985226,0.7999108934
0.1560355981,0.0918037492,0.2346224563
0.5089304065,0.7890814160,0.4017606847
0.4647443719,0.4000279041,0.7936896363
0.3947985376,0.2115831090,0.2745961226
0.0082959194,0.0161320425,0.0135061024
0.6449291978,0.5855153130,0.3102176945
0.2363331624,0.5038118833,0.4955182098
0.5188670360,0.4977367033,0.7412536595
0.1860255286,0.1797921433,0.1578944573
0.3109394212,0.9391301510,0.2836079623
0.5316105224,0.4355009927,0.2164992872
0.2510985114,0.3422993035,0.1224590462
0.6472058294,0.5704435100,0.7107714865
0.5289016207,0.4813063864,0.8419745055
0.2043672844,0.1818114954,0.1499808690
0.1784598450,0.7546146644,0.2211646001
0.8858906958,0.6899893117,0.7136801667
0.1090929570,0.0555801141,0.0498246830
0.0492454328,0.3975081293,0.1539596856
0.9603496101,0.7819683346,0.6821299144
0.8010339996,0.9777124887,0.6904915397
0.6901570165,0.9642983252,0.6252558323
0.1695482700,0.2287821707,0.2552244199
0.2395730059,0.2097310273,0.3129020019
0.0647298433,0.0707643912,0.1135598984
0.2177389368,0.1279926630,0.7176257274
0.4737184228,0.3120282798,0.5205821269
0.0541937192,0.0336208097,0.1075655903
0.1103936093,0.2051214327,0.2836988378
0.6506135805,0.6806543488,0.6300937134
0.6637326249,0.8391860400,0.6597610662
0.1047909497,0.1122611764,0.1302207681
0.5125134359,0.4306779216,0.4544879544
0.4863141637,0.4414610886,0.7592733907
0.7737435950,0.9129939339,0.5940636566
0.2455815177,0.1616917261,0.1848309172
0.4075900522,0.2366347794,0.8666089119
0.8254110736,0.4162147567,0.6218789702
0.7992400208,0.5543899244,0.8643809480
0.2705363887,0.6698535551,0.5060381621
0.0082722836,0.0068798115,0.0102589624
0.5818766878,0.4803319260,0.4568250592
0.0791674948,0.7717287877,0.1378703973
0.5808501942,0.9845351353,0.8547327712
0.3882067358,0.1583050175,0.1336774725
0.7986063666,0.5084653131,0.1761654509
0.2657021855,0.5979466550,0.8528592589
0.4598201312,0.3229815800,0.4097688719
0.1792750853,0.4343939165,0.1980759175
0.4293225304,0.4948237420,0.6039253941
0.3031726418,0.1901320395,0.4195095719
0.8315225164,0.7398237237,0.8482677018
0.3251843144,0.1023133962,0.1434752283
0.3253161962,0.5471350751,0.3190945650
0.5860743496,0.5835712112,0.3318589872
0.5405900687,0.1901711661,0.8569298461
0.5352687427,0.5992263105,0.3942436762
0.6553908893,0.8883141276,0.9230945418
0.2530911622,0.2798985284,0.3520878891
0.3317047169,0.5598348881,0.7382100122
0.7441493776,0.5766846258,0.6516340328
0.5752935418,0.6549748438,0.5622878612
0.7327481429,0.4056286282,0.9248967895
0.3208446095,0.3528873789,0.2801772631
0.4975483656,0.3414687152,0.6547252624
0.3709353154,0.2351922718,0.5968248393
0.3061088655,0.8791740814,0.2769140418
0.3428883716,0.2184591509,0.3199262073
0.7026106777,0.5627306061,0.6130054618
0.5585858968,0.5726498741,0.9526448318
0.3773804847,0.5784716464,0.3842204889
0.1214512351,0.7802002079,0.2513631398
0.4351491656,0.4413299771,0.5366640516
0.9626009550,0.8837421125,0.5902018072
0.2879056217,0.2803604904,0.1824439883
0.1210123368,0.1267402401,0.1510913004
0.8221061850,0.5492112748,0.5381309090
0.9304759058,0.7446132680,0.5659992261
0.0029726603,0.0017441193,0.0041341667
0.5522758794,0.8239157676,0.5673201464
0.8721750432,0.3784195474,0.5707982236
0.1003138598,0.0895228972,0.1299587177
0.1276239648,0.0425837022,0.1075799400
0.3100261993,0.3460338305,0.4213545569
0.2599099598,0.2941157742,0.5723745498
0.9862631222,0.8406324505,0.9250502149
0.0300304889,0.0477931066,0.0292706683
0.4247027743,0.7415104759,0.3083019445
0.9598636671,0.8677097027,0.6527598826
0.1069034589,0.0995064755,0.0973122064
0.6347036761,0.4934694938,0.7353305678
0.2490754634,0.6765137127,0.2435853103
0.6025240612,0.7925303898,0.7313081398
0.3851685084,0.1683827691,0.1600833657
0.8191108293,0.8812118841,0.5660514779
0.1227046763,0.0678019413,0.1483064223
0.4190826390,0.5524128531,0.3534178719
0.4199497677,0.7890328141,0.2723710199
0.4251195133,0.2570637476,0.1440340469
0.5310264864,0.9694272842,0.5869018664
0.5602326180,0.9617433598,0.6427972613
0.2906216283,0.3519800215,0.4250455019
0.5753259937,0.7216677354,0.7273447801
0.1947775935,0.2260000349,0.2783937749
0.4865602736,0.4396078875,0.8144641279
0.5296476895,0.4738038044,0.5686389673
0.2767468214,0.5237081321,0.2341399105
0.7568993991,0.1166559156,0.0735024030
0.3446285249,0.7009649614,0.1904871880
0.9563602595,0.4288086130,0.5323396614
0.9830478910,0.7746541495,0.8430686768
0.1167031703,0.2087251059,0.1396765100
0.7147801192,0.5079864524,0.6828038044
0.4536104157,0.9157684255,0.9052798872
0.0780429435,0.0979933852,0.0926850984
0.2030519801,0.1306172360,0.1714081240
0.3328365647,0.5358855078,0.2661788409
0.7276916980,0.6751262824,0.4964119574
0.4863189265,0.8327100294,0.2100724597
0.8797439852,0.9370389423,0.5186607019
0.4102708673,0.2554446857,0.6623600774
0.7666082882,0.5475742509,0.4308407065
0.9870661245,0.4802545466,0.4780279793
0.5331068412,0.6437765001,0.5019581679
0.6859708119,0.7663260655,0.9911473533
0.9066117314,0.7691262441,0.4444882484
0.6482281296,0.5051437501,0.2184299450
0.5443662859,0.6579312990,0.5556460016
0.2917564195,0.1542561588,0.2018146985
0.8320080985,0.9491126207,0.9496476818
0.7414146147,0.5246341947,0.5892227337
0.4743246634,0.5633299016,0.4623940413
0.1311225558,0.1192113330,0.0584141371
0.7944921950,0.9022287953,0.6779289720
0.8873639956,0.7559704103,0.9851321850
0.0565223517,0.1491131673,0.0576204255
0.1680324759,0.4429316389,0.2575414990
0.6601833399,0.4208848657,0.8232849256
0.0994658845,0.1787072898,0.1280625189
0.0662860687,0.0405989041,0.0533473715
0.4960126458,0.8422073684,0.4803930917
0.3899805787,0.5433664418,0.6159939948
0.4564940571,0.4545616214,0.8155976038
0.2455540141,0.0603824190,0.1728849405
0.1875815748,0.1345897364,0.7371275363
0.4504574271,0.1949415344,0.3538693723
0.3142165048,0.2817566019,0.3190404492
0.4321728154,0.3422127439,0.7552219252
0.0038016100,0.0201323039,0.0083349843
0.2601530095,0.0211595615,0.0303237424
0.0619128703,0.1287411582,0.6533966971
0.6497448397,0.9756064022,0.8333793712
0.0603735026,0.0688666438,0.0518547933
0.6872926638,0.6818449795,0.4839286995
0.3058850500,0.5399506731,0.5179871088
0.9195925947,0.9750677766,0.8394550139
0.0689665498,0.0783140787,0.1851794054
0.4387310462,0.8198951771,0.3600851494
0.4134198072,0.1216795686,0.3951277135
0.7580448894,0.9541222069,0.6087165302
0.1561547902,0.6619515695,0.4430330575
0.7941587390,0.4516901417,0.8493343410
0.9479872310,0.8486184006,0.9278561836
0.3187746910,0.5531045462,0.2931715829
0.4999480467,0.6353668516,0.9413200269
0.4601416155,0.3814218534,0.7102946988
0.6576521449,0.9867784424,0.9482181264
0.6755032564,0.8887519587,0.9979955824
0.1071723510,0.1027516118,0.3066929791
0.1328827724,0.4994249360,0.4802974569
0.7503775558,0.9390818131,0.8157816063
0.6793830267,0.2310026031,0.5614410079
0.8306567751,0.4820963211,0.5381722596
0.4796567920,0.6901872788,0.7404845294
0.0165659483,0.0357903493,0.0163220480
0.3474385004,0.1047537120,0.2128139386
0.7134731672,0.4910008841,0.2082946467
0.8473257902,0.7968944313,0.7274271765
0.7808140838,0.7595309890,0.6430107295
0.8495911077,0.9759537743,0.3789985702
0.5380249478,0.6751724312,0.7007142140
0.5599929371,0.1946870916,0.3101071380
0.5994862780,0.4141785343,0.4200708634
0.8743172023,0.4032397670,0.5526277697
0.3460317406,0.2489277737,0.3651742286
0.6531317866,0.3445662841,0.1459966172
0.6634828809,0.9121322523,0.9895020644
0.2034312534,0.3215317546,0.4949200065
0.3230252681,0.3439495860,0.2811870441
0.6206229102,0.3317828486,0.4322420356
0.1418538456,0.1752229449,0.2134427251
0.4269366272,0.4970728190,0.4700062918
0.1765341841,0.3321952498,0.4695032016
0.4675420822,0.4365252510,0.8112661692
0.1473839717,0.3198473208,0.4243782222
0.9700013298,0.3941971621,0.3237989280
0.7212842283,0.5953284294,0.8764447495
0.2424624844,0.0950747875,0.0703336610
0.8618752172,0.7276405794,0.7859660668
0.5744621658,0.9993620364,0.5122503213
0.8176366603,0.6578004979,0.6712389193
0.8725526625,0.9512933406,0.7972740978
0.3298778596,0.2475579647,0.3466971243
0.5740175601,0.3826393778,0.8123832433
0.0655728009,0.0278981207,0.0278885951
0.8939484241,0.8846320534,0.8228313550
0.8264297320,0.9244576088,0.5484122098
0.2631156555,0.4252302417,0.2555971202
0.8075168047,0.9828648712,0.8614453763
0.7514005313,0.6547378631,0.3888105389
0.9730611059,0.6517039201,0.9009748757
0.6771425757,0.7885887361,0.7728350434
0.8540354261,0.6982586490,0.7612072487
0.1079181065,0.2019467410,0.1474635724
0.4177259805,0.2620664819,0.2107172245
0.5404040254,0.3186978963,0.3878235287
0.5799437272,0.4673867931,0.7119125104
0.9845433876,0.9414058049,0.8556299498
0.4931211355,0.1949459363,0.2453989733
0.8212477752,0.8462196183,0.2871096416
0.4201288652,0.0790405060,0.1089437575
0.0584158888,0.0345516007,0.0483035563
0.9009118076,0.6314670898,0.7808504070
0.1478399830,0.2386386952,0.3569941996
0.6925073733,0.8630484193,0.7832739813
0.0468819165,0.1258514580,0.0358603715
0.5643863185,0.4935003744,0.5526657187
0.1320728370,0.1046427246,0.2698946500
0.9378403041,0.6241351663,0.6772836115
0.7678327099,0.9528385914,0.9967618340
0.3736741225,0.8890887257,0.6144664456
0.3967870885,0.2778394291,0.3205592133
0.5722449426,0.5458341959,0.2350840419
0.0331260131,0.0160049903,0.0280675184
0.9594279702,0.8496191432,0.8131856244
0.9971908927,0.9257530973,0.9146674010
0.5377966969,0.6487687350,0.1542450116
0.3611846067,0.4411060036,0.3114763663
0.9254539839,0.7383428358,0.8437925557
0.4151476387,0.3597384255,0.3627765459
0.6964919842,0.7621160713,0.8066511475
0.0110896126,0.0161976616,0.0197002930
0.5933494936,0.9935888864,0.3300063482
0.8839116563,0.4180181239,0.6939723706
0.1569403694,0.3663089060,0.1074468397
0.8891847133,0.0945760119,0.1729588733
0.6671708804,0.7062174133,0.2763864850
0.1284816513,0.3053135298,0.1617406657
0.3917746139,0.7675822082,0.7081493085
0.2570925176,0.4754547656,0.9537729483
0.7076711629,0.7801328463,0.8573676138
0.7753265540,0.4374037104,0.4264157730
0.0076660180,0.0229862162,0.0128511874
0.6487857963,0.1621677293,0.4518592571
0.9961303240,0.7557643687,0.9607496219
0.6505804825,0.2916681597,0.5761001920
0.1716920902,0.0769813401,0.0781255866
0.4615172124,0.9259346089,0.4564614702
0.7450291294,0.9260591780,0.7809992176
0.6252748804,0.5981132525,0.5970984632
0.6409762176,0.2773859065,0.5911986481
0.5331004549,0.5677769756,0.5092233613
0.4133755218,0.6983716885,0.7619166059
0.9379813407,0.9623320854,0.7336533668
0.0881224813,0.0456590771,0.4181611608
0.8422766966,0.7996429138,0.4857044383
0.5503931301,0.5923115292,0.9082349323
0.6443201021,0.4107685039,0.7184480006
0.5791874319,0.2712430838,0.1997014342
0.7443642518,0.5478040961,0.9375754949
0.5195779562,0.5172531073,0.5078612658
0.6959536421,0.3778578144,0.8062164784
0.2357352388,0.5796131897,0.4250830124
0.2583769090,0.1413255515,0.1353269167
0.3871905557,0.5387840475,0.2229500902
0.4306305023,0.2637622852,0.3834822174
0.1449889660,0.0960937490,0.1766404001
0.9774122750,0.6481643019,0.9739749003
0.3552935474,0.9725645961,0.9518307737
0.2009674054,0.3195224958,0.5399106960
0.3389995377,0.4610303019,0.3849207758
0.2301613514,0.3450967761,0.4127493668
0.4044806018,0.3254215932,0.5562451657
0.0807680381,0.0598495341,0.1908701681
0.3283382461,0.1493701591,0.4419770270
0.9685687051,0.7571863770,0.5663478802
0.7763243823,0.8566744704,0.9571278707
0.3618179778,0.2404957520,0.1486606150
0.5674232362,0.1550012028,0.7563372773
0.4675018984,0.4979986534,0.5525655123
0.3866274547,0.4061311082,0.3344551169
0.0299122581,0.0799388171,0.0451218478
0.4512750665,0.5098203100,0.4037671758
0.8317105249,0.9028694711,0.7977521909
0.1252189229,0.1144017705,0.0829090111
0.1923948855,0.0706844878,0.3909415621
0.1514007066,0.1542697040,0.2145561016
0.6247508327,0.6164972986,0.8206448404
0.4509057475,0.3865491110,0.2404957861
0.3751996649,0.3672612101,0.1892886315
0.5319194940,0.5591949257,0.4066392548
0.7472697927,0.6816331235,0.9946837757
0.3314057859,0.3545741740,0.4027419732
0.7262984498,0.1286018764,0.4446658534
0.7160998749,0.7318803061,0.8820255640
0.7393039284,0.5524794741,0.7122528168
0.1162389106,0.3113423551,0.1714703740
0.3728097766,0.2619634552,0.3728745309
0.5453965460,0.5645301971,0.4789748762
0.8104227616,0.5761531226,0.8437230209
0.7582552156,0.4704436567,0.3186285176
0.2101717624,0.1914422578,0.1250062170
0.0495697599,0.0735000450,0.2328799990
0.3530390190,0.3267635745,0.4153077521
0.5818077013,0.9956535039,0.6025449443
0.4304527429,0.3938355345,0.6272516176
0.3923762843,0.4990099046,0.3465180984
0.2942668762,0.3869961679,0.2824349687
0.0825701770,0.1225336695,0.1530141845
0.7799870262,0.3908908078,0.7575600165
0.3383251883,0.5691793721,0.3176575863
0.4412613362,0.7707717316,0.8889908580
0.0206219344,0.0283719110,0.0092551542
0.5039715595,0.7001201182,0.5516725863
0.3538076316,0.3206448458,0.3640041140
0.0870148560,0.2903063449,0.3637912867
0.6005865027,0.6657819072,0.4860222369
0.2158516825,0.1474438765,0.1958680100
0.0987885885,0.1647872392,0.6025302756
0.3787588442,0.3659976292,0.3599282872
0.1879437453,0.1342491040,0.0777432230
0.4725869276,0.6016141539,0.2232245929
0.8830764288,0.8075013177,0.7109192334
0.7694010391,0.5147567246,0.3199928015
0.6389970626,0.4765467370,0.3585037808
0.4373524714,0.2906467058,0.8864531595
0.5988759027,0.4770083214,0.9231223432
0.8847350785,0.9977930749,0.7003845749
0.2722117963,0.3058409523,0.4315446535
0.5286202200,0.3639535941,0.4176876137
0.3425581079,0.5132164879,0.8638175730
0.4589286919,0.4152711792,0.5638526038
0.9446431866,0.9342721763,0.8841188081
0.2453593903,0.1757722065,0.3079477166
0.4443213775,0.3732467108,0.3173465980
0.0430988901,0.0212041897,0.0590241419
0.8992323725,0.7208004241,0.5955649516
0.3921971097,0.9278997843,0.8242542086
0.0054380786,0.0105880108,0.0090291097
0.3138620286,0.8556407014,0.4998786582
0.8671769585,0.7484085194,0.6693269951
0.2179159082,0.2543794659,0.4089095840
0.3360841331,0.8561126507,0.2368104308
0.3810479206,0.5809131950,0.2751551237
0.8495395212,0.8126430467,0.7571705903
0.0498450719,0.0446651960,0.0601994270
0.4979545825,0.6096988307,0.4724020288
0.9534502695,0.4683744294,0.9964429675
0.8472524584,0.9617831414,0.4926314906
0.1777337444,0.2079409204,0.2901556424
0.6555584224,0.8278362675,0.6342462680
0.2842576661,0.2573940009,0.3795827793
0.6289128863,0.3047142190,0.3404401759
0.1115054150,0.1750853226,0.1537576675
0.9239674536,0.9134455157,0.9128140483
0.7661624276,0.5094343776,0.4106292299
0.9657404038,0.6501072339,0.8748085666
0.1026761512,0.1163520022,0.1734874321
0.8172491443,0.4403502474,0.3391994397
0.2109389050,0.0586137589,0.0856997199
0.2987030549,0.2731548888,0.1708274970
0.8739967805,0.7672897824,0.5996992318
0.9715823467,0.2617318392,0.4743713780
0.4392111101,0.6219015623,0.4500562170
0.4383463986,0.3193630361,0.7074059856
0.5572745925,0.5028736313,0.2177700033
0.8989413139,0.7173395975,0.6568149754
0.8004988690,0.7467289542,0.7081876877
0.4297017194,0.3346126478,0.9334426304
0.2811837714,0.7896338257,0.2922209808
0.4223992795,0.2359267591,0.7657837610
0.9763528652,0.5039416951,0.6084392163
0.0378260476,0.0148295211,0.0213195766
0.1931834643,0.1283446936,0.2846331851
0.1586819929,0.5908657637,0.1779217345
0.0411221948,0.0214034324,0.0614424341
0.3244015223,0.3475850850,0.3512466035
0.7602996918,0.7839163808,0.7562849328
0.8357153989,0.9076499561,0.7045290627
0.7746817820,0.8928981914,0.6424014356
0.7995732943,0.9887640357,0.5191169589
0.1735584082,0.8943217383,0.1932590810
0.4075249177,0.3330673012,0.2689567492
0.7649748211,0.5464925069,0.8437455049
0.4312667359,0.4890020804,0.4619382894
0.8470351946,0.9657408172,0.9601464943
0.7934097319,0.9522357118,0.9774274929
0.2154527985,0.1260866622,0.1270173169
0.8705273595,0.1486690278,0.1000793367
0.0059958817,0.0284979728,0.0072658549
0.7726327948,0.8422388192,0.6031823449
0.6765772271,0.7468705114,0.7347882525
0.3210210895,0.2729191023,0.4783725989
0.9057979528,0.9810295467,0.6229546038
0.2443208582,0.3321600350,0.4407009347
0.0753212793,0.1113021873,0.1877179486
0.6304929280,0.3614874994,0.3200634281
0.5055740423,0.3797518101,0.2366133910
0.8616598998,0.8359766384,0.8248356394
0.9362861967,0.4538422741,0.2392475171
0.3384136060,0.6620756523,0.5111679894
0.7878829676,0.4009596612,0.4830497073
0.1347550366,0.1538722601,0.0892469283
0.6838841860,0.7741204599,0.8624446762
0.2746381226,0.3705685192,0.2633790688
0.7833350328,0.2271667322,0.1835712295
0.7554879090,0.5523852075,0.6469521700
0.4511860514,0.7492787381,0.2746103882
0.3425393151,0.6794185779,0.5908947145
0.3833485954,0.7008750056,0.9492050991
0.0553963748,0.0192469612,0.0191688863
0.2087232088,0.4360209569,0.3472718197
0.3435543044,0.5222075190,0.6936419156
0.4948349480,0.6322426850,0.5779474165
0.5383180957,0.4838784910,0.8916943283
0.4129978352,0.7000312141,0.7458149677
0.6305774556,0.5383815454,0.4165668775
0.7774579158,0.4153488566,0.8649831300
0.6796181291,0.4466163841,0.5514130232
0.1775138451,0.8419193148,0.2454437658
0.6595756595,0.8872630501,0.4493280578
0.7285636186,0.3549250336,0.5172695198
0.8457247539,0.9697646566,0.8962544553
0.2791779534,0.5457455393,0.3530273603
0.9069347107,0.3837227286,0.4744540542
0.8559653358,0.5643757765,0.9657697667
0.0991059490,0.3695873332,0.1253380030
0.8772843514,0.9532808213,0.6762633921
0.0730671274,0.1065606078,0.1175069455
0.7488695817,0.9876505995,0.8177081467
0.7639519486,0.2974315668,0.2074223318
0.4307844322,0.6818775162,0.4509002318
0.7150847858,0.8105450351,0.5603084108
0.3815159133,0.3468744908,0.3217834107
0.4588472738,0.4463546155,0.1926059354
0.9658593928,0.6710072744,0.8843852117
0.0123776208,0.0225721688,0.0117213905
0.5432391143,0.1405226947,0.2184562872
0.8914029451,0.8718041096,0.8402357379
0.1890314424,0.1171367126,0.2597297013
0.0549264209,0.0873338018,0.0610322211
0.6075580462,0.9045946213,0.7329544725
0.5404798602,0.9464309407,0.6190767314
0.1533886739,0.0691040354,0.1645967413
0.1452505210,0.5392218823,0.4766531997
0.0291549968,0.0095237349,0.0123031084
0.3782896629,0.3609437068,0.6745290001
0.9926076700,0.7629864424,0.7191007410
0.3329002825,0.3300443070,0.7793207222
0.3693025485,0.2780150732,0.2346360826
0.9852525481,0.4414371878,0.3877399782
0.2746633019,0.2026452067,0.5296149982
0.2847030994,0.2694027078,0.5974094673
0.7896899875,0.3394227692,0.7304034597
0.1687210927,0.3219301369,0.1228881487
0.1377731909,0.1848222448,0.1335051401
0.3533348882,0.0872148601,0.0860355273
0.2779437402,0.1835788460,0.5696070205
0.8654179332,0.8201752248,0.6995836865
0.2341730847,0.2601826696,0.1189768303
0.1719143171,0.4499488700,0.3001633553
0.6022982831,0.3392534196,0.5612265923
0.9248752680,0.7385383954,0.7343154580
0.7291354446,0.7561606187,0.7204137328
0.2914242578,0.2074382574,0.3112922810
0.6937678202,0.3164006212,0.9424132694
0.0089474343,0.0156764289,0.0081130845
0.7059964956,0.5694333777,0.6712687433
0.5788190121,0.4417212371,0.4552461930
0.9167127756,0.7373987536,0.9031379255
0.5770557055,0.4914728104,0.6228858446
0.6936592096,0.8289121005,0.6997044063
0.8233722865,0.5869785107,0.8209345115
0.6522640933,0.3569920595,0.4504285767
0.7677938607,0.2572655401,0.1475897323
0.6533782579,0.5302151192,0.4454386353
0.6150574740,0.7786724614,0.7814447232
0.6109782363,0.7872945151,0.7840241771
0.6352981478,0.7060700980,0.8505279864
0.5477750520,0.7672479848,0.7606942510
0.2381002781,0.9307841156,0.6567780358
0.3480703465,0.5110500953,0.4282919750
0.5610166600,0.9677004818,0.5363557411
0.1825959483,0.0683821523,0.2193413958
0.0716361787,0.0511993242,0.1306046258
0.2308395584,0.4872378182,0.6011248257
0.7698679377,0.9928267438,0.8102530710
0.9154842697,0.7546415334,0.8311693004
0.7113548974,0.5269537469,0.6997562720
0.4073481018,0.6168797338,0.5260912028
0.0676259164,0.0592846420,0.0523905770
0.5901765875,0.3776122834,0.2109137790
0.7698744974,0.4354029034,0.7721935634
0.5053468786,0.7313175795,0.8522111189
0.9529711541,0.6744361803,0.9253434891
0.3502641597,0.4821763471,0.7591217225
0.0167293296,0.0240857537,0.0363462618
0.4290561850,0.6521789486,0.5182656706
0.1339006565,0.1420260498,0.1455749561
0.0645145238,0.7838978054,0.1651101546
0.0845075436,0.3128553722,0.1914000029
0.1042761707,0.1805216119,0.1693599715
0.2894357321,0.2501954458,0.1244701254
0.1786227661,0.1811678795,0.0837493055
0.8078438367,0.4981274182,0.8058665210
0.2638077294,0.3169986238,0.3518126373
0.2787149004,0.3407885584,0.4118091774
0.1114889257,0.3003488710,0.1723014625
0.2098736194,0.5506531224,0.2691766859
0.1786542293,0.5669074351,0.3295456687
0.6684791662,0.9003682306,0.8561180734
0.5424169417,0.9324306187,0.8243219000
0.2745662492,0.2738301971,0.2574158510
0.8982640554,0.9045836847,0.8283591003
0.4035379881,0.7109842251,0.3955038828
0.1153495096,0.3876994616,0.1164049958
0.2851938101,0.2147892943,0.3543576544
0.4997758446,0.2270495522,0.3079767909
0.1208201985,0.1404753867,0.0871456246
0.7114030729,0.9814941933,0.7870905536
0.5336674741,0.3722018425,0.2250153663
0.7080120166,0.7655963846,0.7027865740
0.4587866571,0.9620494712,0.4692354936
0.4697931317,0.5870849834,0.9321287218
0.6997188603,0.4971117342,0.6673043791
0.9087972720,0.9183254303,0.7163039049
0.4375858311,0.4965334668,0.5651445358
0.9722816664,0.5508935040,0.6514677017
0.6635286084,0.3237565442,0.6896110317
0.0173881503,0.0126614733,0.0158773246
0.5742796044,0.6211667248,0.6936860632
0.8114719388,0.7903064324,0.5080157983
0.3888071419,0.4073553878,0.5642064390
0.3526803170,0.7034221289,0.5058188596
0.1697907038,0.1616383499,0.3868911791
0.7971341206,0.9221787403,0.9832201706
0.9644202062,0.5171388872,0.7593378925
0.0578516846,0.0825607599,0.0911554665
0.6241226053,0.3957825138,0.9773936600
0.0409504748,0.1259877046,0.0662722813
0.9110289753,0.9749461565,0.6620875933
0.8190558902,0.7448082496,0.8909801913
0.3890489060,0.3452081914,0.8851799367
0.7505587454,0.5501336952,0.8043425511
0.5268425656,0.4098116904,0.6146359367
0.1127178160,0.6473998147,0.6012250123
0.8025903295,0.8605439834,0.9066979603
0.4544773472,0.7728255096,0.6221245088
0.7281750223,0.9897846948,0.6490337143
0.7131074519,0.7116083319,0.7584827589
0.2133141027,0.2310668658,0.4058487583
0.2144469307,0.6920947801,0.6937138300
0.5325019688,0.6032848817,0.7589011701
0.9621233563,0.6529627384,0.4277556838
0.0746947756,0.0866733159,0.2049922962
0.0790350349,0.1321830456,0.1133151578
0.7029524780,0.5105973034,0.8169480823
0.5025326811,0.9292697057,0.5522946720
0.6472944391,0.5409420741,0.5028503612
0.0669906979,0.0501678651,0.1004997421
0.6336345953,0.2392594272,0.1584460500
0.7515803541,0.8186328561,0.6005975322
0.5747102076,0.4003218637,0.3330753277
0.1447435664,0.3271516749,0.2831467934
0.1293981118,0.3587313345,0.1294117825
0.4952151848,0.7390940415,0.9054671748
0.7296055224,0.9231678318,0.6928935419
0.6250892533,0.2915391316,0.3947375866
0.7367681178,0.9165194276,0.8906277884
0.5334105607,0.9487093388,0.6506385477
0.4252583460,0.8637782204,0.8248252778
0.1760734495,0.0772648614,0.0748532218
0.1109133589,0.7037802974,0.2734057111
0.2073091112,0.2167727888,0.3312587021
0.1350245505,0.3107710077,0.1442559380
0.3784136804,0.1789016235,0.1629799504
0.3201385884,0.1916769642,0.5287988183
0.5163810217,0.7883988521,0.6344223301
0.8731155702,0.9327090015,0.9481154103
0.0603652020,0.3352554238,0.2103774998
0.0133604434,0.0199893589,0.0116590579
0.4069767893,0.2898055103,0.7694171530
0.1471619801,0.0919158421,0.0566826479
0.7129436210,0.4002550890,0.5012178849
0.8256762514,0.9604304941,0.6743212552
0.8254116682,0.9609573912,0.9094022591
0.3171471152,0.4381059352,0.4420662102
0.3212572235,0.1649625641,0.4125460525
0.6556799124,0.3507611596,0.6293194825
0.4389153313,0.3653328615,0.7879461521
0.2119328413,0.5782458408,0.1937987641
0.7800833172,0.9605142856,0.8397638655
0.3806513303,0.6713704698,0.2449772351
0.6739442385,0.4719881977,0.3380653862
0.5058474940,0.2332291864,0.6060479877
0.9671571683,0.5728526284,0.4366528501
0.2973498062,0.2076278425,0.3006543781
0.0448426956,0.0661331671,0.0431667311
0.4054247216,0.6678646958,0.2352609683
0.7804176499,0.4695658915,0.6787677959
0.3436441500,0.5717783969,0.5310817616
0.5717483636,0.1081442398,0.2313442406
0.3432495722,0.5211041871,0.9492049776
0.5658974981,0.4390138904,0.4916339438
0.0088192816,0.0208367331,0.0195118028
0.9330461885,0.7940262546,0.7536529679
0.6111285361,0.6985566801,0.8019916170
0.8377483847,0.4438835756,0.3947517195
0.3045504412,0.3082662528,0.3911097102
0.5529845513,0.4755202781,0.9942249156
0.4281376452,0.4730755946,0.5895411019
0.1435676536,0.7592737421,0.0880846442
0.2080553506,0.1609201570,0.1792005899
0.8661958133,0.5990451785,0.9838183830
0.3604853606,0.4901907672,0.4227387419
0.1471269209,0.1505752583,0.1618605811
0.7386695608,0.8929690331,0.9384628922
0.6801832336,0.8542293176,0.7530509749
0.1962440239,0.2243232849,0.1439124535
0.9464395565,0.8769608720,0.9319081487
0.2129583762,0.6754225091,0.1859387547
0.5673471554,0.8394827404,0.8036645987
0.2176098527,0.2199852699,0.1779175028
0.5155536189,0.3674211285,0.6617249876
0.8654237072,0.1554649302,0.1147945798
0.6714293446,0.8125259010,0.9364530121
0.5281232994,0.5769241364,0.4933058076
0.7187947713,0.4206383452,0.5597770779
0.5431982152,0.3137972472,0.5645219701
0.1721739515,0.8323707255,0.1400087134
0.0808720138,0.0529265710,0.0775163648
0.4069156446,0.4456171225,0.5138082839
0.4050186478,0.3486438888,0.8101590195
0.0810999064,0.0857350907,0.0789967122
0.9729210134,0.9736034769,0.8745026267
0.0324341325,0.0205497483,0.0446536723
0.7073242735,0.1304030030,0.1450644421
0.7280797881,0.7390843680,0.6077147255
0.8048560096,0.9480261998,0.8783955911
0.6655153608,0.5028198707,0.4098086948
0.8603682785,0.4341563285,0.6649876660
0.5316631292,0.3188892050,0.2875300852
0.6340247336,0.3979851518,0.9840060301
0.1735982273,0.3100845847,0.1383975165
0.2951013125,0.2669353547,0.2594431257
0.6009675214,0.9845334862,0.9841721404
0.4852409577,0.1477064573,0.8970687422
0.1461349290,0.1467476544,0.1135452904
0.6812144978,0.9501254226,0.8766932892
0.0276192846,0.0375842190,0.0145451750
0.4587801486,0.9560879725,0.9457005196
0.3251737308,0.2715285712,0.4423390599
0.4290654194,0.3261835788,0.6067981289
0.1549842879,0.1956209698,0.1405058064
0.3969937562,0.3018152528,0.3229075692
0.2044237320,0.4907220655,0.3962578347
0.5246589486,0.5625434361,0.6264117312
0.5568270892,0.2043109954,0.2526487901
0.3742535913,0.5261129659,0.4009765695
0.0606488719,0.0918973120,0.0840210311
0.7399257148,0.7378475272,0.6195228180
0.2894926759,0.7539203049,0.4074878193
0.4561194503,0.3297671230,0.6016150324
0.6078579719,0.4617615972,0.8486846890
0.2309929878,0.2612516652,0.2653794402
0.2778688970,0.7872184932,0.4262264544
0.2570321981,0.3367350751,0.1524183243
0.9746567078,0.3084894337,0.4253836762
0.6048575216,0.7443958723,0.9026254590
0.1626850472,0.2232513957,0.1069498566
0.1764914816,0.0514577797,0.1437287828
0.8478925577,0.8790107967,0.7753531357
0.2620952062,0.0764626989,0.0950092667
0.2330243422,0.2732551832,0.2971873166
0.0180904598,0.0185845610,0.0370059142
0.6222534062,0.9055076270,0.7044397435
0.0166290159,0.0158347026,0.0337586941
0.9518356889,0.6939163437,0.8836638199
0.7140261032,0.6344038196,0.3272650483
0.1846608846,0.2156156987,0.1884414256
0.2544058685,0.0436997839,0.1134093794
0.4422562308,0.5211274906,0.8212039419
0.6470928747,0.7881079519,0.6340860413
0.6968198477,0.8747873756,0.9740628308
0.2555559764,0.6425624082,0.9161399280
0.1597901766,0.1072891449,0.1529827737
0.4140971039,0.2284519757,0.2692861548
0.7660371163,0.8915835709,0.8178699278
0.3878923143,0.2814102938,0.2270765522
0.8673439537,0.6679403014,0.4407235868
0.8472046001,0.5486652909,0.9952998573
0.9172565738,0.8887900003,0.8247501261
0.8781892902,0.8986661877,0.7783199238
0.1194592243,0.0755185065,0.1093116017
0.5304417788,0.6089939755,0.7352860646
0.2184974157,0.2899750063,0.3798105209
0.2493950617,0.2660097808,0.1588480265
0.1971694324,0.3768582866,0.2691059606
0.3843874681,0.2342755344,0.2130843127
0.6896058610,0.5606941933,0.6714735997
0.3428787331,0.3542901902,0.3802722230
0.6830965490,0.4964977176,0.4944811949
0.9760068802,0.8085972062,0.5740013084
0.1337228164,0.0700891435,0.1925871798
0.4648817177,0.4729206448,0.6704639688
0.9589994714,0.8315342403,0.9982365957
0.7812723467,0.6899759727,0.9308213751
0.7140051732,0.7800764451,0.5819571606
0.0392507370,0.0531389757,0.0282083937
0.9221973477,0.9629625606,0.9926310425
0.8538620056,0.1616574809,0.1095665531
0.2659825737,0.5029077896,0.3216233472
0.4793371988,0.4008921051,0.7240293521
0.2689626981,0.1223082198,0.1238214900
0.2475701392,0.1948723967,0.4247483702
0.7785511381,0.4204325526,0.8557813491
0.1209575076,0.6444636558,0.1735626685
0.2437794607,0.2886728445,0.3325472800
0.4876689995,0.9187131127,0.8339847985
0.0863128009,0.1083105530,0.1224361071
0.0057831217,0.0144623690,0.0115045228
0.7083142644,0.5227388738,0.6783393027
0.4561837065,0.8790112035,0.8714404672
0.1134163495,0.1094190923,0.1765023028
0.8560362372,0.9720238968,0.7811452917
0.7137710585,0.5655362561,0.5748581987
0.5820887426,0.4898315361,0.4745426291
0.3078700490,0.6152815082,0.5389078923
0.0587423717,0.1985006066,0.0607740259
0.5756594842,0.4059156442,0.7860216161
0.9668909065,0.5384610639,0.5412148078
0.9993555501,0.3017472310,0.2538173433
0.5935533309,0.6761093968,0.7455646905
0.1190840925,0.7668310821,0.4295522375
0.1233859021,0.1454584842,0.1052782816
0.0016072935,0.0202819633,0.0030970821
0.0029972884,0.0034923276,0.0024191798
0.6412904426,0.3466297571,0.3176261665
0.7756791872,0.7047522724,0.3812422892
0.1984867090,0.6287848790,0.8144889167
0.7384914877,0.8290770395,0.7351265345
0.0122758850,0.0306742362,0.0292296061
0.1367048811,0.1543259738,0.0535563350
0.9065173598,0.8154974231,0.9364511442
0.0094705844,0.0152872931,0.0133611758
0.3207369644,0.3662304613,0.3599199910
0.7228573011,0.7919073216,0.9464530142
0.9836493671,0.8596908120,0.9422262087
0.8499557935,0.2301224727,0.6426948832
0.7743055458,0.8114112970,0.6888661174
0.1865043865,0.1243678951,0.2971959730
0.0425978513,0.0325169773,0.0363528084
0.2711043616,0.5835140793,0.5345181261
0.5183426690,0.6869712260,0.5974178661
0.3625951485,0.1233539036,0.1542932129
0.7163276270,0.9514271006,0.9061626430
0.3378555216,0.4381560900,0.3633081309
0.3572164711,0.5803870098,0.3250841451
0.4985121342,0.5032023159,0.5442464071
0.9458164066,0.6151844168,0.8945379396
0.1813093807,0.4744667140,0.1238168916
0.0106036424,0.0149651764,0.0165329097
0.5114616782,0.5731349718,0.3699098439
0.7091334909,0.1856916938,0.7998716276
0.3962795138,0.2325781021,0.9874004375
0.8404517621,0.5856311026,0.5821366281
0.3518347511,0.2283544306,0.2528139774
0.8655058945,0.5463976885,0.5450796874
0.9470215929,0.9455117519,0.9624753058
0.2481896219,0.1970052072,0.3242708908
0.9956357785,0.6522764148,0.8133830872
0.9990270600,0.9168345291,0.7292811366
0.7701186227,0.5565061954,0.5829094158
0.6621759072,0.9681382275,0.6663382884
0.4596086932,0.8471983030,0.9988760488
0.0228940932,0.0762376422,0.0248903012
0.7192010979,0.4476688202,0.4595167035
0.2928199278,0.0250163926,0.0286852904
0.0157865916,0.0240137676,0.0113344842
0.8072409495,0.8315432053,0.7915007206
0.2276550319,0.1526696085,0.1066712579
0.0137929066,0.0197244411,0.0321119516
0.9160189385,0.4924006703,0.3584198275
0.6697500911,0.4704016417,0.5263438560
0.6547002398,0.6714606408,0.6736083754
0.7349732730,0.5943470553,0.5018555443
0.2257009548,0.3039994361,0.7734300477
0.4793303268,0.2502568757,0.2856343742
0.7350166040,0.5731477537,0.3406677175
0.0516682474,0.0963258271,0.0304752248
0.0837794310,0.1896391780,0.0950560269
0.9267244938,0.9749067051,0.7408557603
0.6791807277,0.9524011548,0.8022218520
0.5097759715,0.4953155446,0.6965657369
0.7434472555,0.7753164445,0.2881227228
0.2826823446,0.7689548649,0.5464250678
0.5659867313,0.4997306739,0.9297942321
0.8976170946,0.6014971723,0.5261082392
0.4867602000,0.3877178884,0.7130126587
0.8912458386,0.7025066017,0.8717384337
0.7364064348,0.2737913217,0.4959434975
0.0838102910,0.0536337369,0.0820117695
0.9027719586,0.9568045077,0.9310400865
0.6381143250,0.3427596237,0.2760904915
0.9748182699,0.4888138367,0.7340561520
0.3742377715,0.4664092331,0.4236038812
0.4712068234,0.2578984007,0.6777381001
0.2498391601,0.2112165017,0.4178603371
0.5648109491,0.6263949999,0.7072041185
0.9617642660,0.4313525306,0.4943496036
0.0707350583,0.0907785626,0.0653338684
0.3540652458,0.3999654739,0.4207568919
0.4403191749,0.9545589268,0.6009795688
0.9366884728,0.5874001299,0.5999306972
0.4111864855,0.3680241382,0.3551230208
0.8662330536,0.9095173440,0.8912721010
0.6303941095,0.7154997653,0.4484170323
0.9393251783,0.9836417835,0.8860818302
0.9109413091,0.5760652177,0.6675866621
0.7220042504,0.7478734383,0.7581316038
0.1461060320,0.1925045647,0.0920909446
0.4036001153,0.5424751157,0.2825895288
0.4031612092,0.1295292429,0.5130277434
0.7236590738,0.2611208185,0.5334054394
0.2919651646,0.6662925948,0.2522296192
0.9023330070,0.8196008669,0.7766601523
0.6781309589,0.6140541576,0.6353068468
0.5213081400,0.6867755978,0.3548734070
0.8878789138,0.9926191076,0.6580996891
0.5450869725,0.9351585189,0.6510098515
0.8471482050,0.5037431736,0.5563923593
0.8985023106,0.7491206628,0.8350087885
0.0805475388,0.1382591738,0.0520012514
0.8350285055,0.8901103094,0.8365368639
0.0116117865,0.0087282447,0.0106619657
0.7456691352,0.8954218532,0.7051511700
0.3693883955,0.2797739436,0.5841933281
0.1198124161,0.0789562899,0.1037369935
0.6702440235,0.4662261460,0.5122270896
0.0352081096,0.0160030779,0.0098452255
0.7044692571,0.9011335672,0.3567328449
0.3583827431,0.2366532410,0.1703910937
0.0566291851,0.0191630859,0.0789030960
0.7942319142,0.7313394872,0.5766165462
0.2606120522,0.2014144718,0.8447322512
0.9246512965,0.8224937726,0.6485644697
0.6298594531,0.5780709219,0.9436760486
0.7793057073,0.5470885200,0.5391927389
0.0283881534,0.0289470573,0.0240973207
0.6641040929,0.9495812970,0.8069253822
0.4445692679,0.4385050099,0.5141126348
0.7710617819,0.5474148609,0.6926695043
0.2242357832,0.4671031527,0.2943689911
0.4536213695,0.8539787827,0.2514182304
0.8395470331,0.8148191489,0.6708427853
0.9809303568,0.8131512385,0.4609733389
0.8717678402,0.9459902218,0.2939595691
0.4187669143,0.2724853928,0.3585821964
0.3310256120,0.4218609351,0.3720919982
0.2686754130,0.4983165932,0.3116917394
0.4633563396,0.6732682649,0.9039572371
0.4826451159,0.4766392416,0.2496510207
0.9242601105,0.3375135442,0.2262351178
0.7114977797,0.5511956312,0.4899965906
0.3360165406,0.2833972439,0.6958628540
0.4522844303,0.6991953670,0.7709198934
0.0530824642,0.7042019272,0.0527645015
0.6337035022,0.6894923064,0.9009700259
0.8659349972,0.2541327872,0.8461831260
0.2788730022,0.2924154591,0.2404606044
0.8119241269,0.9378870254,0.7166005842
0.1363196407,0.0543557804,0.0447292860
0.5625920558,0.1210952102,0.1466858859
0.8953315897,0.7947744118,0.8590429668
0.1755062379,0.1162186084,0.2308046628
0.8316399171,0.7800822270,0.7403571571
0.7112434891,0.8221412469,0.4846659109
0.6877607600,0.7472613884,0.7050164274
0.4620336943,0.2435752476,0.4614043963
0.4367955574,0.7512602508,0.3173590713
0.1035705176,0.3247862573,0.1354347568
0.0700470694,0.0509966332,0.0405573151
0.5591135189,0.4284618008,0.7700835842
0.2035952251,0.1639404534,0.5246241577
0.4377173106,0.5214714159,0.6436137310
0.0895824619,0.0764593941,0.2478755796
0.1345261832,0.5242798704,0.3337191650
0.2693911690,0.0927173510,0.1670459092
0.2252205425,0.3937278307,0.0431345888
0.5980642466,0.9831372596,0.7556161222
0.3214523352,0.5237700378,0.3191167779
0.2600034978,0.1688073821,0.9820848184
0.0514338618,0.0653889796,0.1317762271
0.7984526352,0.8237080991,0.4731690920
0.6488738257,0.7865695916,0.6215333856
0.1197841919,0.2486806047,0.1487600506
0.1679718182,0.1269536927,0.1291551700
0.9882065098,0.8001792250,0.5554938289
0.6701351927,0.6971956667,0.9100358273
0.7904518524,0.7864497175,0.5949268971
0.0400736708,0.0502827559,0.0327099363
0.8891485918,0.7701929881,0.8132513162
0.8361228228,0.9647659117,0.5737074395
0.7762666107,0.4854797302,0.6828712315
0.0234156099,0.0242842449,0.0633729544
0.9672804019,0.6312831655,0.7156032532
0.3281287731,0.1708822812,0.2065157795
0.8569742985,0.6546079244,0.3278202148
0.0929601291,0.1039695590,0.1356131005
0.9202856727,0.3218597483,0.5743888079
0.9051754272,0.9421160051,0.9253141006
0.9070230268,0.8858136782,0.6814702516
0.8879400444,0.3201116557,0.3816358538
0.7780875299,0.8701959682,0.7411534720
0.5177667572,0.4973469141,0.5930304407
0.4743410109,0.1646052132,0.1513173556
0.3154298706,0.1964002241,0.5033487242
0.7933001663,0.8489562965,0.8917531688
0.5186584097,0.9937564673,0.6459692352
0.8378734715,0.8043138201,0.5989102951
0.2511378667,0.6141569207,0.1978938218
0.5261333045,0.5100213038,0.4340317807
0.7808370821,0.6290473145,0.7750327681
0.6358649214,0.2684565342,0.3784153265
0.3498401401,0.6707179614,0.4872205021
0.0555139005,0.1630747398,0.0942618144
0.5101864277,0.5843486166,0.6032036567
0.8007522097,0.9529929282,0.8375022020
0.1077792154,0.1930612565,0.1347358917
0.7478371900,0.5247390766,0.7618763971
0.0246212861,0.0461032118,0.0276622777
0.4865794946,0.2418950114,0.7292734348
0.6896130777,0.8196429492,0.8551811901
0.8344903303,0.6028521995,0.4067756307
0.8720580823,0.8204834412,0.8828835138
0.5935028328,0.5826109181,0.6082733277
0.9119802808,0.8023796677,0.6354782337
0.7044657752,0.7608967935,0.9930760752
0.5699493392,0.2386715946,0.3920631239
0.8613004527,0.4334479596,0.3210502576
0.2902157809,0.0941276936,0.0798573243
0.4691301180,0.7243064800,0.7222956742
0.5372628070,0.5342349169,0.5039007315
0.0553242762,0.0204813092,0.0283672721
0.5563094346,0.4036950254,0.2127918286
0.4710973480,0.2745409327,0.2568828188
0.2433474843,0.1730529838,0.5671568455
0.4822172556,0.7580711688,0.5024652345
0.2380070752,0.3259581150,0.2570632225
0.1751598430,0.5281272131,0.1966661295
0.9905715013,0.6136023118,0.7377387801
0.8588592797,0.8873603896,0.7550112587
0.7741002405,0.6021142901,0.9036624201
0.2378216461,0.5529240871,0.5562997378
0.8209610939,0.9520592770,0.4619775185
0.0263590742,0.0197674765,0.1091390204
0.1745397392,0.1881778846,0.2179495441
0.1060120948,0.1193204479,0.1026364427
0.7572741549,0.8794643131,0.9206813216
0.6259909474,0.4112770277,0.4957415319
0.6426851160,0.6536903472,0.6406926956
0.7582671869,0.8942225943,0.9840901772
0.3043159341,0.3931198088,0.3099175729
0.0042662991,0.0048827897,0.0670176778
0.7906442417,0.7230406721,0.7004736864
0.6196346060,0.5597024507,0.1340422554
0.0119572061,0.0177908654,0.0163634186
0.5129280538,0.6703660237,0.7764733182
0.3101150993,0.1607977760,0.2736501327
0.2578854525,0.5966584608,0.1477300121
0.9629212099,0.8234910545,0.8983558941
0.4800683985,0.5358866153,0.4246766681
0.6490005718,0.5532025135,0.7808599488
0.9542932532,0.9858339488,0.9433103936
0.1277153555,0.1327876070,0.6009310550
0.7071968957,0.9604992043,0.8906457793
0.9172000811,0.8710415352,0.1654442246
0.2693607041,0.6825411919,0.5143580689
0.1477993846,0.2964027128,0.2336615383
0.3965456922,0.9590205010,0.6254113912
0.7276912286,0.8586421144,0.9904920690
0.0680527058,0.0441017859,0.1222206443
0.5210126967,0.2673883062,0.4282929532
0.0483730161,0.1318802265,0.1292772065
0.2954036601,0.1796519948,0.2727366622
0.5683896731,0.6259709962,0.8617830195
0.7421409252,0.8551082777,0.6108762387
0.6739684376,0.5671693343,0.9813554002
0.3556863326,0.3663931436,0.6167470503
0.6757607618,0.5823806933,0.4869131248
0.2327775524,0.7482277614,0.3980975189
0.6070448774,0.4234119188,0.7755024475
0.4585561116,0.2360393795,0.3115455694
0.3374132624,0.7885069477,0.6556168546
0.4732989665,0.2476406392,0.3207786060
0.1886207483,0.1187336633,0.1459502903
0.2027087468,0.0742920318,0.1379305079
0.1018760828,0.1675685766,0.1272676108
0.0987608439,0.2624394201,0.1612649072
0.5386787336,0.8374936346,0.9577005067
0.1448558697,0.4414985306,0.0992971933
0.6996773528,0.3421970489,0.4919942389
0.5153676393,0.5353694470,0.6673279612
0.2035901946,0.3327408242,0.2487307906
0.5141057170,0.5179752147,0.5045674995
0.7894660451,0.4444610181,0.6993817222
0.4479692616,0.5797249800,0.9807205550
0.7879331982,0.8903633126,0.9938207508
0.6981903921,0.7755893246,0.9151953317
0.0562035795,0.0374200025,0.0732094062
0.5896547123,0.5212863002,0.4699730575
0.7908018044,0.7187252810,0.9415133927
0.0560137549,0.0860006520,0.1159389118
0.3730585412,0.2940366073,0.3223955237
0.7503859991,0.1678947448,0.1219077619
0.4428932098,0.6401636184,0.9852920687
0.3745946790,0.7355799271,0.6618822038
0.9232355177,0.7693973641,0.6333365804
0.3231984246,0.2587464773,0.2290231548
0.3199511959,0.6228082551,0.4119373237
0.3215509799,0.2586392815,0.1367691978
0.4234670343,0.4362509054,0.7987383321
0.6043024613,0.3983747879,0.4568685911
0.0998367427,0.1537433226,0.0817985819
0.4340314698,0.4560360002,0.4332648466
0.1504522239,0.0782918116,0.1544076502
0.1290850089,0.0518505497,0.0469009743
0.5852904165,0.7398173243,0.6808657944
0.8766642877,0.5667899938,0.9023744981
0.0589197463,0.0994976361,0.0688854721
0.5217960548,0.9302367747,0.9374425678
0.1225166730,0.2139326432,0.1225383344
0.9967326425,0.7531062179,0.9392302924
0.3006773730,0.8674662069,0.9488325195
0.3175849238,0.1661802114,0.4596432887
0.6206896134,0.4269676110,0.8295209237
0.7526058341,0.7567276122,0.8789555020
0.8767364091,0.7895436231,0.6743206504
0.2710371238,0.5115295150,0.1546979805
0.0380692314,0.0408230653,0.1335708200
0.9317314358,0.3347225644,0.4820626014
0.8805578409,0.4421516760,0.9606772010
0.6838173137,0.7917312192,0.5958620289
0.3250333152,0.4052069621,0.8706667736
0.2780075371,0.1888941667,0.2750785093
0.2667538328,0.3177001122,0.1179136653
0.7635221106,0.9095251095,0.9899471048
0.5150575966,0.4638284558,0.3647089313
0.1320147335,0.1264108033,0.2542444013
0.2873003761,0.2226775197,0.0670386795
0.2469594539,0.1328953290,0.1492058716
0.7529905705,0.8348827593,0.8536691132
0.6963843495,0.3531841404,0.1539822495
0.1444640470,0.1303884453,0.1670407415
0.9595334039,0.9252055926,0.7954586322
0.6966926267,0.7042894524,0.9571657951
0.9161148835,0.4728329583,0.3617763553
0.2510634288,0.2855079496,0.5115946355
0.3659161613,0.1044042129,0.6168029480
0.7216178785,0.8686583522,0.9084941180
0.9327309943,0.8078455054,0.7235294910
0.9571834898,0.8702732133,0.6071325430
0.5640435873,0.2510998594,0.3227616414
0.4524014213,0.7302092583,0.7999413087
0.4504901160,0.6447550085,0.8342185987
0.1636186686,0.1528580266,0.0640332758
0.6376705957,0.8300863686,0.8956724341
0.4510546636,0.5391964844,0.7044898053
0.9602225012,0.9886647382,0.9742864399
0.3167262395,0.4036554847,0.3815787938
0.6652487059,0.9977345036,0.5469810485
0.1216341350,0.1153571470,0.2040850722
0.4617069432,0.2929110867,0.6282529744
0.6890342729,0.5287619994,0.6686437293
0.3051092612,0.2037790452,0.1666687121
0.0771078216,0.1275030989,0.2794146795
0.8075352501,0.7065920014,0.9641522393
0.9909025085,0.4219896560,0.1139625947
0.8959893317,0.9203449146,0.9734783235
0.3905716465,0.4961466585,0.5042511209
0.2502734063,0.1653900362,0.2205663685
0.1043959660,0.1868401348,0.1549817180
0.6742159450,0.8490841193,0.2174277672
0.2469559469,0.7106908840,0.2474296203
0.1646124319,0.1574138276,0.1039913901
0.0587209186,0.7695487976,0.0301784556
0.7829224667,0.1798299159,0.2376072532
0.6295907833,0.7238548018,0.9648214826
0.0203128558,0.0144696114,0.0277769471
0.8959030134,0.1515398622,0.2797157358
0.1443746154,0.3718534459,0.3490053214
0.7426385921,0.4247525680,0.9101440758
0.4391482952,0.4831656374,0.5176896377
0.3024151675,0.4263962014,0.5370932943
0.1294401658,0.0994273874,0.0993316794
0.7664965673,0.5574434259,0.5907746856
0.7446764215,0.7567446708,0.5779042118
0.4518250277,0.3739284263,0.3452846652
0.1659481594,0.4664499829,0.2060636299
0.5366902336,0.4269980913,0.3252476944
0.9838305648,0.8465984605,0.9384751508
0.3681353449,0.1966623745,0.4783713390
0.3533904955,0.2613922791,0.3582924665
0.0216294651,0.0502367580,0.0325711537
0.8157323171,0.8627452677,0.8524473283
0.1752059482,0.3928924975,0.1921455311
0.6922073522,0.8675960511,0.7470294184
0.7520395059,0.8717765090,0.7813474443
0.2453514391,0.1637617413,0.2555216231
0.4290302606,0.9793655447,0.2855844470
0.8935043171,0.9155334385,0.9069045719
0.2988916184,0.0723682301,0.0235778126
0.4077910858,0.5142121830,0.7577270048
0.7247259154,0.3016410749,0.3940205748
0.9934811448,0.9630168718,0.6632057240
0.6044585945,0.6129976305,0.9058988067
0.9715502539,0.9258045833,0.8750641252
0.2451901042,0.2610402046,0.2767901479
0.5173320104,0.4288473658,0.9779578952
0.5351445179,0.7857005442,0.5872360434
0.2944489779,0.1445251516,0.2642474767
0.0551278078,0.1115893398,0.1075770757
0.8247427999,0.6808598024,0.9096498116
0.9905526442,0.7957088500,0.9577361190
0.4280350548,0.4950820275,0.5152281148
0.7226849481,0.6992238385,0.9972928683
0.9729097764,0.9360953126,0.5945941085
0.3653842163,0.6256125920,0.3196927230
0.1031118778,0.2127203053,0.0452870547
0.5032548695,0.8818573101,0.8842662659
0.6353899537,0.5277406557,0.3868276823
0.5164155692,0.3695584913,0.8535179038
0.4108369591,0.8195504777,0.5978592137
0.1138438065,0.0303506855,0.3181954631
0.3057098433,0.4030486274,0.6655739523
0.5703104638,0.9747368200,0.7051975076
0.5893679290,0.3311420121,0.3069042188
0.0925739026,0.0646647890,0.0652426188
0.6227217793,0.7139258938,0.6365635707
0.8433921005,0.9876336011,0.8579640692
0.4202595843,0.8384535883,0.5300601404
0.0596391149,0.1362674139,0.1926035969
0.1269283821,0.1624279420,0.1333513518
0.5993114741,0.1197379087,0.2293470412
0.7983540297,0.7099175886,0.7167672727
0.5136533569,0.4922855024,0.2805860611
0.6093675056,0.6058295435,0.6336030810
0.5655670078,0.8199169932,0.4618688705
0.2092080382,0.4573792453,0.4070260465
0.3719240785,0.4474586670,0.1384959452
0.5111099590,0.4988106992,0.7740478076
0.5273026519,0.7313741188,0.4416928851
0.9877669750,0.3441513880,0.4588986881
0.3156085255,0.5238747969,0.2556314658
0.6877928916,0.9309791539,0.5157204930
0.8872840909,0.9429128089,0.8130586967
0.6861756403,0.5076095996,0.9367637604
0.6302954302,0.5575281336,0.5860866978
0.7693398653,0.4705927172,0.1469833529
0.8015823397,0.5203454081,0.6000043227
0.8453347695,0.6868086696,0.6541770699
0.8374859922,0.9013929117,0.9704326001
0.7745425379,0.7309024577,0.8358799574
0.1481937023,0.1179862491,0.2423427454
0.6772718892,0.6720143212,0.9143654352
0.6099671121,0.4396713131,0.4297783777
0.2882177513,0.5182215439,0.3373534310
0.5108825320,0.4297391567,0.3743754362
0.7568244733,0.4500382248,0.3566114302
0.9773346546,0.6447113598,0.6191560420
0.0603800442,0.1039915308,0.0401335774
0.9296197197,0.8442760296,0.9979401890
0.7238635185,0.3660919865,0.6496435188
0.0100168045,0.0031498188,0.0030430309
0.7447901181,0.8759593686,0.7959160066
0.7096939927,0.3036719253,0.6409005311
0.1575379135,0.3370846262,0.4760132338
0.9291667016,0.8799177727,0.7445412536
0.3764761864,0.0977294133,0.2825297557
0.4510518914,0.9485839133,0.3016163994
0.2690616759,0.7538121779,0.5206202595
0.7156573439,0.1136240737,0.2860626659
0.2627180212,0.3865437244,0.6292431774
0.6319825519,0.8247249547,0.3127125094
0.4422460996,0.1472133028,0.2046368892
0.3978139890,0.5182316853,0.5563739513
0.4027625544,0.4942004756,0.9245827936
0.0055899234,0.0098759009,0.0165838108
0.1600222163,0.4096821887,0.3843112536
0.5136866545,0.8119883927,0.2215586580
0.0486435998,0.0399400798,0.0751268395
0.9303406062,0.6217819189,0.6366439872
0.8086028864,0.8085037458,0.7781882369
0.0891811066,0.0813407670,0.0699905314
0.9955276964,0.9727868045,0.9766124467
0.0192867702,0.0235966645,0.0154591183
0.4426256343,0.2005296543,0.3163008716
0.7572877172,0.4902871838,0.8359145482
0.8039176915,0.9693074872,0.9939053107
0.3894538548,0.2777907319,0.2407640424
0.4734938182,0.5100620321,0.3209650084
0.4172419950,0.9862711681,0.3540369880
0.7939457167,0.9064306636,0.6624202501
0.5875304027,0.5786048223,0.9386705837
0.0035256813,0.0055563360,0.0126044377
0.8300036293,0.9677809803,0.9912963540
0.2568149478,0.1775947708,0.1483212495
0.0283910236,0.0316734992,0.4225713986
0.6661498957,0.7629940311,0.5548853536
0.0368161163,0.0596200446,0.0813467177
0.3020276570,0.1865330869,0.2996917915
0.4599321257,0.3706613674,0.7427929518
0.9687748858,0.5325457606,0.7339693860
0.9859621516,0.8975301442,0.9775315286
0.2892227111,0.3739507041,0.5191994992
0.4680250938,0.2968542973,0.3655589491
0.7192280489,0.9646581770,0.9024286354
0.8295176942,0.9953534474,0.9580550197
0.8744016342,0.6894776825,0.7780014028
0.5213590948,0.2925185735,0.6098240128
0.2577691036,0.2696346859,0.2661995190
0.3139242336,0.4495975896,0.4653120605
0.8911687637,0.8207387233,0.6933679886
0.2055028842,0.1935336300,0.5205283738
0.2575023088,0.5744471522,0.2084640476
0.0522374220,0.2620655759,0.0691199178
0.3815563400,0.9596300178,0.7428495927
0.8488979145,0.2982607299,0.7238916886
0.4935493148,0.3408386466,0.3422925778
0.1416624520,0.6167729735,0.0955591922
0.3043493228,0.3663461661,0.3093942397
0.4840217950,0.9516051531,0.2307286156
0.8091246173,0.8156278062,0.5870956437
0.9155251193,0.9449838329,0.6811531010
0.4243420949,0.1316863836,0.1464835556
0.4557057194,0.7864169362,0.7349677058
0.0668535812,0.0842743058,0.0317134481
0.3282746697,0.3192048007,0.5371086850
0.9741351819,0.5133892536,0.8193585122
0.6598761568,0.8431931160,0.4970204204
0.9693880857,0.5720583566,0.7047012271
0.6341368636,0.9418893773,0.2744109999
0.3623146741,0.6993171465,0.1621448538
0.4276037248,0.8796606725,0.6835680864
0.4912727173,0.8316980996,0.2779486292
0.7182560782,0.7915852965,0.6058000671
0.3772840973,0.3291001180,0.2512047100
0.9586125883,0.8122123730,0.9593391776
0.6610976514,0.5613984144,0.9354048988
0.0391139389,0.0582657512,0.0844313481
0.9134935776,0.5662545663,0.4522336565
0.4585224477,0.3034093364,0.7069651350
0.6476089574,0.2064869564,0.4800063243
0.6797671144,0.2774541647,0.5770606434
0.2456031600,0.3847125955,0.3043062449
0.8133042892,0.8712292220,0.2943590537
0.5540670018,0.2763986180,0.3309482927
0.0906842570,0.1173193392,0.4229127711
0.4147763493,0.1813704479,0.0666750036
0.9894609927,0.9842778276,0.9410507495
0.7554982516,0.5118742019,0.4200607556
0.7464937453,0.5296398666,0.8769565198
0.2241789983,0.2596445632,0.1567114995
0.9313698211,0.4214870893,0.5237900225
0.2075212679,0.4350030461,0.2299282031
0.9404765300,0.9811353747,0.8101851019
0.8116946426,0.3687309518,0.9072120150
0.5414533650,0.5262751581,0.6861951426
0.7320265331,0.2625701971,0.1279112380
0.2284330241,0.4304086821,0.4391602131
0.2358731930,0.3237611374,0.4171855964
0.8350022930,0.7913659215,0.6778380968
0.0760652078,0.0397659327,0.0401522541
0.4140261532,0.3743489582,0.3108087646
0.6753069729,0.9272612501,0.6842716936
0.9784619719,0.5995865044,0.8868371902
0.0664869520,0.1965756387,0.0882650092
0.3973963212,0.3929437788,0.7925993920
0.1357987425,0.0576716169,0.0699677811
0.4697545282,0.3444421765,0.6634761210
0.0489526683,0.0989359853,0.0450104602
0.9578540163,0.9792329406,0.6811637152
0.9619233421,0.8796873138,0.7303191171
0.1633651935,0.3727015627,0.4187227231
0.4657060226,0.3442368408,0.6609959298
0.5587899658,0.7298512300,0.5702937692
0.1287549326,0.2899797138,0.1182192462
0.0500556623,0.1047438117,0.0713688466
0.5762128197,0.2934175235,0.5277537930
0.7880504780,0.6202963205,0.9095787552
0.7532323426,0.7458666106,0.7394301104
0.9591861030,0.9757990834,0.8687309231
0.4996007707,0.2839815653,0.7017178120
0.1362809698,0.0768301491,0.0932917056
0.0432594722,0.0836084877,0.0966834839
0.1866466772,0.1239950210,0.3424921885
0.9974475306,0.7617800026,0.6946684125
0.9620829161,0.8981325166,0.9354598911
0.5049437172,0.6353487375,0.5700942295
0.9592254203,0.9783050916,0.7828306876
0.3123468464,0.5471735148,0.1846898156
0.5134013378,0.3537692335,0.3776186303
0.0452241758,0.0713276047,0.0682229778
0.1995105411,0.0726719220,0.1213900457
0.4743240802,0.7507707563,0.6964711006
0.4054277762,0.4810764657,0.8108274302
0.2510441335,0.3723400906,0.6058477983
0.6734151647,0.4913303913,0.5525684017
0.1393584829,0.7043982706,0.2374471444
0.7757491146,0.6973790315,0.8596022991
0.1645083112,0.3544831384,0.2091709574
0.1087491661,0.0963767665,0.1147396893
0.5206676792,0.5314383329,0.8271978366
0.5662235769,0.4698258556,0.4110176094
0.5075774975,0.2778529200,0.3374158742
0.9101034341,0.7948002766,0.6769436947
0.8475188185,0.9091799388,0.6264665768
0.9252664012,0.8677361791,0.9830116783
0.5975680672,0.6256858252,0.6321239031
0.7099334965,0.5593490579,0.9541074766
0.7430945109,0.8150195799,0.6242644930
0.3407629580,0.3119827412,0.6709226694
0.6246369152,0.4614717259,0.9113541878
0.3465090985,0.4294887674,0.2987993396
0.9627247217,0.9446945178,0.8703230774
0.6805167645,0.4578060678,0.3700949203
0.3368663926,0.4072254774,0.7791426428
0.8538631882,0.8810395034,0.9480214207
0.2199862534,0.4411059376,0.6272248655
0.0577058948,0.0819263466,0.0408558903
0.9401902677,0.9167171924,0.5725656158
0.6100856671,0.3593930415,0.4189199951
0.0294836236,0.0642633408,0.0805536651
0.3940954317,0.5339802220,0.6389331966
0.8011277818,0.8147471199,0.3025927192
0.5170990951,0.8440852022,0.8119259882
0.1347393101,0.0728140708,0.1823176512
0.1454505143,0.3483675416,0.5071007501
0.1379089230,0.0903003803,0.1519902984
0.6366339344,0.2448658916,0.4064471369
0.1232995798,0.3097878670,0.2331029603
0.0944187996,0.1039512047,0.0695254868
0.0640594776,0.0234209595,0.0306687338
0.8828912949,0.5993657131,0.7982367005
0.7969023128,0.8637502265,0.7126125704
0.4947469580,0.3978386650,0.4636309466
0.9217823592,0.6392344941,0.8197864636
0.8840629622,0.8564695987,0.8562690472
0.9478909258,0.7014705805,0.9255705429
0.0941928093,0.1247324422,0.1385547486
0.7740029559,0.8790496350,0.5808633454
0.7915359586,0.8792726834,0.9508914600
0.7248930825,0.6028317192,0.9082185223
0.9046508375,0.6599446415,0.4831668727
0.4525716016,0.1543739055,0.7901553869
0.4639011617,0.5660002361,0.5775903999
0.5991339546,0.1785196194,0.8216819202
0.6731985384,0.6594639564,0.5200890699
0.7727125796,0.7401955170,0.3967217589
0.4336905237,0.3100675997,0.2451147451
0.4900732892,0.7215575902,0.6865550555
0.8091712677,0.6210973878,0.6045340167
0.4833152060,0.5789945492,0.9317507909
0.8173270433,0.7840729444,0.8813235582
0.2211035044,0.2820818199,0.1849583625
0.2362003349,0.2844668863,0.4280603786
0.1006109417,0.0581419755,0.1057840389
0.0258054251,0.0428571444,0.2819955745
0.7861414047,0.2756770266,0.4835387661
0.4034562179,0.5480616036,0.3763726319
0.3657052483,0.3232565122,0.2934333025
0.3427989072,0.3114692597,0.1892576827
0.3663988900,0.1797728529,0.4466993983
0.8171161756,0.5503828590,0.8761315757
0.8646443200,0.7273499073,0.7691537979
0.4575955034,0.5068559498,0.7370734844
0.4548545111,0.5733819617,0.7357337898
0.2313954243,0.2307518107,0.3092189210
0.9830357497,0.8243147059,0.9833608518
0.7613606171,0.8226355001,0.7335820083
0.1088416510,0.0672598951,0.1089390203
0.7262760162,0.2681424100,0.6150934841
0.7695927650,0.9270033247,0.9442112760
0.6671019298,0.6726667717,0.9445548981
0.1300927925,0.1818617862,0.1135749429
0.4715287400,0.3111851341,0.3730925672
0.5398933624,0.6049141771,0.3796098401
0.9854158624,0.8649601911,0.9973736643
0.3317099793,0.2251495121,0.4335585811
0.8932672204,0.6159576579,0.8236666285
0.2239816690,0.1657145114,0.1583592954
0.9065368356,0.6271916282,0.2878600382
0.2113269180,0.2044249249,0.2744951275
0.0569406280,0.1154732226,0.0839068620
0.5232961654,0.4789341218,0.3681680116
0.0405174316,0.0419785081,0.0495122606
0.4597051989,0.7536093051,0.5105527416
0.4383784448,0.6303821011,0.2077925901
0.8507331555,0.7341009928,0.9147643138
0.7452317353,0.9565773178,0.8003404562
0.3731969382,0.3627525284,0.1515637928
0.3711070160,0.7417767475,0.5712087847
0.4409903135,0.4193282798,0.2438016836
0.8386599972,0.5281563367,0.6410895635
0.4911547642,0.7348228477,0.6517571726
0.3932698663,0.8800169627,0.4361513258
0.9990725119,0.7316829924,0.8763591797
0.5003795497,0.6971669452,0.7374244838
0.7834516656,0.6929467058,0.5457405094
0.7846657289,0.5749470777,0.7328485131
0.7295430742,0.7937855062,0.7958684052
0.0585034584,0.5407856689,0.0576790897
0.3410369553,0.7884695074,0.3877561004
0.3417850610,0.2584164160,0.4182245932
0.1748687142,0.2839139690,0.6704643685
0.6035121790,0.6018082020,0.3340397170
0.6561052212,0.6799086374,0.8901780913
0.0036245463,0.0078749901,0.0066510764
0.0111905579,0.0675743837,0.0084588134
0.7301044271,0.2288366258,0.3691772339
0.3630308128,0.4000234123,0.4980939592
0.5071890996,0.4158073620,0.1680162642
0.0126323707,0.0084183199,0.0152039128
0.3399722163,0.4112782725,0.7152278739
0.0984644977,0.2523113868,0.0749439185
0.6550107683,0.4897945391,0.5939753520
0.7001820154,0.8436828183,0.6027064394
0.8678742928,0.7287515318,0.6944844522
0.4788850903,0.6788240675,0.8380684051
0.7018004416,0.9503838233,0.5950783203
0.9504290533,0.6074479613,0.9453408953
0.3915381343,0.2763207253,0.6482516867
0.9855113651,0.5603826281,0.4541070063
0.4792883404,0.3456737505,0.7285451365
0.2418115463,0.3596147329,0.7747753129
0.6912085083,0.4212762900,0.5354141336
0.7629696950,0.5678284824,0.6030422051
0.9538998326,0.2089017832,0.7983962549
0.8558780993,0.9109948642,0.8244818162
0.9291033150,0.7583883102,0.9332220612
0.4088380927,0.2168884075,0.4481677873
0.4184200412,0.1312722940,0.2499092615
0.6634574278,0.9588146558,0.7709040150
0.8865821855,0.7159392766,0.8643271097
0.4185375844,0.8135504516,0.7929903239
0.3290237561,0.7617749529,0.3074053755
0.6574484729,0.4027034993,0.3461224927
0.5719799397,0.8572122046,0.4339330906
0.7884390972,0.7837306361,0.9861636791
0.5760920241,0.8955507508,0.4443622692
0.1778604480,0.1764084817,0.6399299955
0.8579803060,0.8854791988,0.7779273583
0.5160154360,0.6830126745,0.7504744394
0.6600754190,0.3657087272,0.3535471316
0.8057360711,0.4942772076,0.4896146979
0.2372833929,0.3362171034,0.5735631243
0.6927792188,0.6595350017,0.8895965288
0.1157649839,0.3045516592,0.3128984968
0.5145971258,0.3125542025,0.8377563013
0.3580544551,0.4785155195,0.3442574514
0.5602209321,0.3205182499,0.7029444062
0.7527216599,0.8855190250,0.9572146627
0.9632302699,0.2971052821,0.2745133296
0.9299327849,0.6875231254,0.6920307047
0.6939450637,0.8188369484,0.9160375915
0.5570046920,0.3020731483,0.3359096096
0.4095553474,0.2013439235,0.2640258593
0.0228096428,0.0408137391,0.0290840788
0.7961060556,0.4546971624,0.8806347041
0.9919907539,0.9394512137,0.9492963258
0.1765068661,0.2185984790,0.1836766287
0.1026961832,0.1344842174,0.0978735707
0.1784007940,0.3417852899,0.5184759336
0.5684510680,0.5778417456,0.5249690254
0.6594648567,0.7142099449,0.7181585538
0.0200762969,0.0366166239,0.0436965315
0.8027528611,0.7721469479,0.6453913809
0.1612540063,0.2168415536,0.1558411735
0.1652151047,0.2556319304,0.3585547113
0.6540625049,0.8501830515,0.6629188445
0.3511651923,0.4367550762,0.2999356341
0.6717269329,0.8663841691,0.7041201624
0.6935979573,0.3946901348,0.9020106464
0.5816673125,0.9713166655,0.7078458243
0.8526213888,0.7898334447,0.8594399746
0.7387092532,0.5390588729,0.9778861701
0.9526482371,0.9566927717,0.6051559055
0.8201469123,0.6170329666,0.9208463026
0.3633346091,0.2002889144,0.2318030140
0.4665411384,0.1798680159,0.3988960113
0.9941429202,0.9781410347,0.7434467561
0.9701647578,0.9643668115,0.7922435259
0.9675430125,0.8686044867,0.8787434130
0.1075210076,0.1201650105,0.1952975248
0.6263034104,0.8426304575,0.9390814873
0.9788487831,0.9814774547,0.9581171535
0.1864423825,0.4093527215,0.4067558289
0.4284028704,0.9164507029,0.9031957276
0.1074852306,0.0669418564,0.1536734650
0.6824325502,0.5732014325,0.9008168306
0.3305327810,0.5095820731,0.4022636047
0.8540261368,0.8707904844,0.9485446728
0.1751020674,0.1917221454,0.2454622188
0.4872132321,0.5367866850,0.8883639630
0.0083721425,0.0072435228,0.0240906691
0.5704069122,0.4682383180,0.7343299710
0.1873493961,0.5378087909,0.0447357204
0.2008749843,0.2813741473,0.2456227205
0.2753008999,0.7277696916,0.6234264421
0.1214786207,0.0737008765,0.0504847255
0.1064748264,0.2054949640,0.1726854863
0.9580724859,0.4418635987,0.5224681341
0.9742674920,0.9071459430,0.9533882580
0.6374129681,0.7831903068,0.9039248951
0.7053281862,0.9935725109,0.8453961643
0.3542180841,0.5268674930,0.8636713571
0.0167789321,0.0173133824,0.0367957550
0.4458688893,0.4554990020,0.3645524022
0.4198724445,0.2109484142,0.1043565341
0.5664854740,0.5506659515,0.5635270028
0.4078460185,0.3199191026,0.2296340896
0.6801863788,0.6558537079,0.9589203280
0.5434201436,0.8817194317,0.5192266891
0.4187233842,0.2780774345,0.3865260078
0.1723862809,0.1384375659,0.1460495571
0.8389219338,0.7081089187,0.9878741326
0.1470937580,0.1856785469,0.2083455699
0.4843254781,0.8132262799,0.9862848604
0.9007825905,0.7773706990,0.7603511786
0.9984137163,0.8932086450,0.7488091170
0.4560922972,0.8465631417,0.8814230547
0.7025461613,0.2362326535,0.3083616657
0.4036892291,0.1693189178,0.3248378503
0.3863281819,0.3363065961,0.1220326654
0.2524557950,0.4815414668,0.6438974499
0.0115910108,0.0250807945,0.0227320644
0.3077940657,0.2832427038,0.6439817083
0.5571745572,0.6022092246,0.5104524065
0.8914243886,0.9680965612,0.9151332829
0.3194414897,0.7467186471,0.3385391711
0.7597075078,0.4293469694,0.8258986752
0.1149993091,0.1929304972,0.1355722701
0.1226626370,0.0876089225,0.1633791969
0.2306324509,0.1222115087,0.3611006609
0.8954048364,0.5181713572,0.9372160809
0.9995935077,0.6121404425,0.5708723085
0.0816260111,0.0820608975,0.1171774936
0.1916401228,0.2990031924,0.6161949178
0.5190170678,0.6667342497,0.6703894476
0.6488697204,0.5778908977,0.2847899475
0.1440507276,0.1803581668,0.1850503711
0.5145298440,0.4381117526,0.6693359302
0.8449469655,0.9776647796,0.8128559264
0.1523767041,0.2565762317,0.2309049386
0.3642529615,0.4691627585,0.6298131900
0.3768803852,0.8326726964,0.5206513071
0.5412402287,0.8510093152,0.4586983108
0.3523643708,0.6111339453,0.4093489044
0.8040118914,0.7839100590,0.9196639087
0.2727821583,0.2138527583,0.1839673437
0.9336743034,0.4088370562,0.5099338164
0.3608290392,0.7109743747,0.3632713027
0.4137894408,0.7177699140,0.8114210800
0.4264768109,0.1786101688,0.3261109118
0.2767017541,0.1665136968,0.0797493453
0.8459270807,0.5688480931,0.9078558775
0.8053336174,0.8508460960,0.7313649605
0.5877024714,0.1877128096,0.6341735264
0.4540473260,0.4220781212,0.6690805951
0.1977555569,0.2359950183,0.8048499771
0.0698405795,0.2331370665,0.2048778746
0.3073422785,0.7230670123,0.6095264689
0.4562828895,0.7165598804,0.7565874750
0.8069681125,0.7536742009,0.5329946080
0.9239606990,0.8766768609,0.5797369994
0.9899999874,0.7030871849,0.3389195180
0.9330844264,0.7068905102,0.9557578177
0.5160481706,0.7585008980,0.4769751268
0.7027120948,0.7780483946,0.9087635719
0.3709396845,0.1831276770,0.7767786706
0.3151633789,0.2668879412,0.2451856273
0.6443073631,0.8666309238,0.6151633268
0.1027211092,0.1838913622,0.2205436921
0.7272076603,0.8793261142,0.6043522282
0.9973715827,0.9654979596,0.8488169720
0.6776220436,0.9774294605,0.7787975296
0.9326750779,0.9450017006,0.7663225422
0.6306629491,0.7099579133,0.5953049581
0.8007303945,0.5710888284,0.5044877576
0.5407461274,0.3162544712,0.3437532405
0.0502957249,0.0388111897,0.0479386262
0.1739978810,0.4430006844,0.1384510195
0.3301863425,0.5083357552,0.5638189217
0.2425215081,0.1267637840,0.1256315055
0.7647238567,0.9395785268,0.9557266697
0.3542872292,0.4015061607,0.5312387261
0.5974750219,0.4591008487,0.8298772664
0.4301163653,0.2943402647,0.2177364345
0.6283945189,0.7622681506,0.3605193430
0.6617540955,0.8532052420,0.8741304191
0.2749588452,0.2296509723,0.3372953970
0.8434949042,0.7677399300,0.7377969286
0.0886136905,0.0795305264,0.1340727497
0.7259884641,0.7796765353,0.6296355955
0.2116451734,0.3367666070,0.4707558567
0.2458840082,0.2921274201,0.2816204599
0.8285654554,0.8325499617,0.7450104928
0.7602565595,0.7744948649,0.5756284203
0.5748549548,0.3783210979,0.4313905987
0.1289576581,0.3494755846,0.5201090823
0.3572266229,0.6082883947,0.2399603384
0.0379723001,0.0542578098,0.0823631654
0.5000819339,0.5001360737,0.2358888671
0.7643194143,0.7939014354,0.7719711554
0.8832171763,0.7155089737,0.4536033884
0.7500899523,0.7877072538,0.9382350242
0.1125537357,0.1276052285,0.1744022492
0.8575524322,0.8578355603,0.5592010576
0.9879135025,0.5675758755,0.7985890413
0.6542204319,0.4047721561,0.4897977781
0.5154601832,0.3297945182,0.4243314344
0.1775458318,0.5696380163,0.2109679150
0.0320705423,0.1901236245,0.0280030958
0.6074410554,0.9887608712,0.3939886847
0.9438497379,0.6740500260,0.6824078455
0.7395620663,0.5910024029,0.6323860172
0.8944313246,0.7788753340,0.9202394488
0.9978683777,0.7531923600,0.6210123465
0.4994126794,0.8607685758,0.5277327049
0.1158926519,0.0595404034,0.3174334314
0.0921666477,0.1879660595,0.1233839088
0.4400328421,0.5720356569,0.3598211411
0.1158624838,0.0509741007,0.0371541543
0.6028332940,0.4216073424,0.4798945350
0.3024197747,0.2600537603,0.2150021167
0.4647496669,0.6771193614,0.9460214056
0.7921796641,0.8354337302,0.8979970851
0.3418405868,0.4112822473,0.5392633841
0.1450913818,0.1503112457,0.1453977801
0.2244345506,0.1972258361,0.1859138603
0.6545619563,0.9337347852,0.6355154582
0.0920586573,0.1519704175,0.2748910603
0.4714931453,0.4592604883,0.5195707262
0.6081354798,0.3828748090,0.5194564348
0.2076449173,0.1274766247,0.0614633789
0.9806423605,0.9365020830,0.6467643772
0.2512759965,0.8445259613,0.2990895089
0.2162882050,0.2371190956,0.7977128422
0.2182256173,0.2395071767,0.2135080797
0.4821157986,0.6151212446,0.9801507447
0.2551663965,0.2374170072,0.2621921440
0.7680402565,0.3594944016,0.3108292443
0.4446411287,0.1421427614,0.2015967759
0.6163782575,0.6045510190,0.6248527628
0.5929422333,0.6312352349,0.5407736279
0.8472776537,0.9847907236,0.6975916585
0.5296309551,0.7205789280,0.6662124996
0.1919096791,0.1183618627,0.0590209381
0.6806985525,0.4894882386,0.5463007373
0.1214744169,0.1764224149,0.1514445791
0.2366942027,0.4004340202,0.4216573940
0.8000892203,0.8128767769,0.4870296548
0.1021716623,0.2503229005,0.3901715492
0.5414984790,0.5910821149,0.9501606152
0.8614537552,0.5789089995,0.5753486397
0.9740441317,0.8609022089,0.9312762687
0.8077924528,0.7938822381,0.8130896825
0.7597285818,0.8701747100,0.9909986708
0.3692329985,0.1864144800,0.1548949979
0.9611388822,0.4579859290,0.3379419613
0.9942772723,0.5880640930,0.5008191204
0.1091817698,0.0983432686,0.1618331025
0.1821502734,0.2900135020,0.0801876080
0.5235396262,0.9795709658,0.7822324593
0.9312365099,0.8012457991,0.8186545953
0.8224424825,0.5033962852,0.3335250402
0.2163302493,0.1855454419,0.1388676423
0.1056343165,0.3041868557,0.2763802406
0.1309517011,0.1844539411,0.2651699641
0.9987483905,0.5071585028,0.5478497708
0.6568647410,0.4846524450,0.5613114797
0.2307919192,0.4843764332,0.4591712924
0.4074025562,0.3473731045,0.3146387063
0.7384320834,0.7986972831,0.6689092923
0.6144431771,0.4111745111,0.5950582625
0.5996069979,0.7689547830,0.8947195138
0.3853719874,0.5815744146,0.5145834677
0.9317607284,0.9438829477,0.9823821575
0.8010822317,0.9351684545,0.9454154065
0.0481078677,0.0320635208,0.0441781883
0.4782153272,0.2474839538,0.5029630477
0.0706516087,0.1746168150,0.0458159290
0.0209101609,0.0330309703,0.3349870527
0.5726335792,0.6319353218,0.6728101417
0.6457775625,0.3910683791,0.7051506801
0.9340401333,0.6465865337,0.9913644140
0.3181820740,0.5069933029,0.5067307488
0.3046321316,0.4365047375,0.8493108823
0.7322426548,0.7434086850,0.8371314486
0.8770451165,0.9640414270,0.9344906290
0.4712822024,0.6571035172,0.6406592097
0.8389715631,0.6906878304,0.9459101219
0.8966264771,0.8439705615,0.7413906730
0.7918874324,0.6679520701,0.4738539883
0.3546665988,0.4429635960,0.1846068145
0.2877221155,0.3237853230,0.2808863431
0.6206472051,0.7184276432,0.9295159120
0.8625622816,0.6786842662,0.8678557651
0.2960595155,0.9302187090,0.4193746632
0.3392498113,0.4204656241,0.9523968318
0.8728803712,0.9944252203,0.8046331302
0.0759948653,0.0905466767,0.1446962983
0.7163562948,0.2788378959,0.1361725430
0.8403715389,0.7006087246,0.7232374434
0.4489413719,0.8190013939,0.9234981322
0.6341894744,0.6210203783,0.5722645007
0.6439032173,0.5790036689,0.7649030564
0.0171915072,0.0201138828,0.0276445996
0.3006615731,0.1215815204,0.0863841197
0.8356773145,0.6523841158,0.4876760572
0.0856601096,0.0820437814,0.1048326411
0.8240960074,0.6736623255,0.9099358600
0.4332456939,0.1901904988,0.4287451032
0.6453515511,0.5664691976,0.3300755940
0.9779118397,0.8515037373,0.4704376108
0.3381762599,0.6009555028,0.9864944535
0.6387109468,0.4014412426,0.6753510013
0.3478295209,0.3415580764,0.1895933821
0.0548139139,0.0396957452,0.0166493966
0.6038990136,0.4926290651,0.4374319416
0.4754890500,0.7663935601,0.7649810075
0.9579061535,0.8690040340,0.4989459188
0.7627957367,0.7199502241,0.8233469574
0.4020429312,0.1624593225,0.3043610306
0.0655026187,0.1517114582,0.0973867331
0.7054588068,0.4427293726,0.7575373878
0.7739602998,0.6078806799,0.6106349521
0.4041996946,0.5561599380,0.4071151657
0.7479097175,0.2132382623,0.1892474830
0.0010242968,0.0009700903,0.0008314557
0.8337599167,0.6763553282,0.6376571939
0.9224239797,0.9995865577,0.8929241802
0.6993509963,0.4863466990,0.0753549898
0.8666463129,0.8476744850,0.6194277988
0.0205497070,0.0206997539,0.0501673392
0.8474632995,0.4036357100,0.4394838079
0.8409764025,0.9937315153,0.9151055632
0.2369141519,0.2656915331,0.2867557773
0.5587443010,0.8280708607,0.9707103165
0.0576636672,0.0262530267,0.0659274220
0.9746944294,0.6590420814,0.9678797290
0.6043293553,0.5797878460,0.4466083527
0.1915525781,0.4049766777,0.1119326993
0.8565144961,0.7671094092,0.7605708097
0.6238939687,0.5278097137,0.5684175959
0.2988973164,0.2442909732,0.3545507534
0.2552137275,0.1358303953,0.0729810705
0.0578260483,0.0622464180,0.0543198956
0.5689521474,0.6599996045,0.3091089097
0.9333430206,0.5879357067,0.6152135410
0.4424293480,0.1207622694,0.2366130855
0.0009594214,0.0015446132,0.0009456629
0.5391346570,0.7079509798,0.7920432478
0.5843415649,0.4565065474,0.5177197360
0.5992908284,0.5483298365,0.5548210888
0.8817233468,0.7165155339,0.9235593918
0.5388064754,0.9484835974,0.3878406437
0.6913178796,0.9313058795,0.6424240289
0.5116434703,0.6872126160,0.2837026087
0.3781563774,0.8510749346,0.1775480010
0.3613296360,0.3511608629,0.3938385659
0.6932064968,0.7810579798,0.4669456110
0.5970834203,0.4166979763,0.3387239690
0.8662642969,0.9015019162,0.5854521127
0.4867981244,0.2721515625,0.3289157321
0.1154322722,0.3248697776,0.0910664180
0.9840302836,0.6128779734,0.4893938690
0.5374002158,0.8287726984,0.4813953761
0.6093880152,0.9972201471,0.9386401255
0.9943999949,0.7378215603,0.7006963961
0.9309806063,0.9651555035,0.4484824235
0.3873447262,0.3469426054,0.7249860717
0.4710447280,0.7364943064,0.6311641763
0.6775265778,0.7873648248,0.8638693708
0.0782936178,0.1930916406,0.1558106456
0.2783361267,0.2288772736,0.2422712804
0.0060658983,0.0029668494,0.0027174950
0.0987410813,0.0444307474,0.1084862115
0.0444163957,0.0656428145,0.3343557857
0.2093733378,0.2249993478,0.4040000910
0.5454797499,0.8338418337,0.4290526839
0.2823752990,0.2140436510,0.1162177296
0.6136664122,0.1709370375,0.1748253775
0.7179333634,0.9553556607,0.8157603182
0.1309949408,0.1754595848,0.2543811900
0.0263752989,0.0633159439,0.0371821249
0.5087687714,0.4644595642,0.5958494757
0.0304435405,0.0939975719,0.0544761887
0.4985782826,0.5281243398,0.7487955864
0.3029779663,0.2487866187,0.2046380941
0.8788042152,0.9925137773,0.9977425958
0.1015476495,0.1230067802,0.1516586858
0.8990581117,0.6389342288,0.8203587640
0.1641194562,0.1523762620,0.4435498455
0.4341486215,0.8966241008,0.7620188521
0.1496934506,0.2256735482,0.2498384853
0.7090178858,0.5635635571,0.4886711509
0.1829722174,0.4068505538,0.2487706587
0.8107018493,0.7187958897,0.7408360756
0.9823736754,0.1780843490,0.2832629261
0.9492740395,0.8293228367,0.7703065525
0.2075977271,0.2220446217,0.1025051457
0.9753795054,0.9931886399,0.8620203991
0.0520857122,0.0656145503,0.0553199677
0.8503759956,0.9602883316,0.8332718795
0.0085851612,0.0088783897,0.0052836442
0.7978285946,0.5892573571,0.8432462343
0.2120285583,0.2703983706,0.2644306950
0.9169804533,0.8836116519,0.8244695195
0.8300311174,0.9724885660,0.9334027660
0.6186442436,0.6292518307,0.5471236049
0.2233134452,0.1647588231,0.1897193686
0.1548855169,0.0679457481,0.1350098599
0.6991160819,0.5594158963,0.9441161302
0.3316093889,0.7088232198,0.2895508175
0.2113062508,0.5965498879,0.3290220704
0.4591591473,0.6437874500,0.5192996219
0.1357338835,0.1320373219,0.0561902608
0.9417687089,0.7702824309,0.6755397297
0.1499761201,0.1047393321,0.0799103504
0.9370350358,0.8611582488,0.5709179001
0.9000673555,0.9102091657,0.6914672552
0.8209041353,0.9087769762,0.8718598474
0.5553179966,0.7203907328,0.9515077758
0.6581091352,0.2208372248,0.3560409125
0.9294119762,0.9513727354,0.7794193458
0.3719141869,0.2591291331,0.1766418654
0.0354322008,0.0738903965,0.0389169042
0.2098173644,0.1449471452,0.2586817723
0.0730137505,0.0658344715,0.0464806016
0.9506505942,0.9555549770,0.9625879227
0.0953569536,0.5114670165,0.3954574043
0.0650455302,0.0800947823,0.2110666456
0.3748288254,0.9603447808,0.4777940550
0.8726176591,0.9393166788,0.9442325032
0.8304541826,0.8471374115,0.5539758274
0.5586970544,0.5562387862,0.7269815924
0.3815720639,0.4184438605,0.6509579337
0.0569569670,0.0866813289,0.2303323329
0.0942257782,0.1965872262,0.1612054729
0.1726128537,0.2438377177,0.1202954783
0.4570695837,0.8052567069,0.5271161356
0.3643731598,0.2568183849,0.3387036001
0.5387371856,0.6587482881,0.5964030207
0.9718330321,0.7199860236,0.9296234156
0.6552427989,0.7088951011,0.9191968746
0.9298788978,0.9424266029,0.9868977520
0.1526278539,0.1343347273,0.1141038587
0.6813407121,0.6094283949,0.5508819499
0.3963427230,0.5689833011,0.9776239290
0.4142656216,0.2983492824,0.1522188713
0.8047359412,0.6636054754,0.6362532116
0.3985129570,0.3370303439,0.4496485734
0.2958560383,0.1485348468,0.2056564944
0.5709856939,0.7500617821,0.9316868713
0.9698686566,0.5124454163,0.7859662890
0.7463845548,0.3203529241,0.5270418857
0.3637324105,0.5057077925,0.8166728764
0.2057935822,0.2540353655,0.3225103769
0.5552444293,0.6043083250,0.7966621720
0.7111761350,0.3587600900,0.6527232776
0.3596488957,0.6997843396,0.3892285597
0.6742623346,0.7925555697,0.5735240193
0.1939146380,0.4003700116,0.1744528700
0.6424365817,0.3074294794,0.2431862487
0.2468867343,0.1582160897,0.1926789511
0.1947329425,0.1083071633,0.2756045870
0.5428425541,0.2450649927,0.2321072619
0.0515167716,0.1278822135,0.0495271724
0.8291081154,0.7253197282,0.7505402698
0.2764282638,0.4001334583,0.2861551748
0.7697467682,0.6220074859,0.6352775638
0.9506666379,0.8929575283,0.7715838407
0.4831966797,0.6476779759,0.4334262019
0.2671281890,0.3246738206,0.3890054928
0.8508880402,0.5864342576,0.2853847653
0.0645506662,0.0476238569,0.0613766353
0.1725953697,0.1800602871,0.9370112351
0.0255728500,0.0991714840,0.0579717393
0.6348826743,0.8120350039,0.8599123048
0.5246806432,0.3197548037,0.1540446981
0.4772150303,0.4802527472,0.9106657132
0.6970769588,0.3255146698,0.3664950527
0.3805854877,0.5121850109,0.3589626405
0.7452498320,0.8195256752,0.8231186908
0.4392789290,0.8364345828,0.6644027996
0.9466041684,0.6891579036,0.9750439405
0.0217592573,0.0203528351,0.0267820835
0.6368728909,0.7561861698,0.8464612171
0.8298546674,0.9930372730,0.9190488543
0.9794254696,0.8320802246,0.5607039005
0.0410941799,0.0397523248,0.1115873417
0.7307183401,0.6396631309,0.7255012337
0.3145642310,0.6522851999,0.5684227804
0.3817184575,0.5616325634,0.9622468194
0.8631551495,0.9039708005,0.7644855934
0.0269020840,0.0186521862,0.0339870716
0.4322589999,0.7597949055,0.9906765897
0.0168058662,0.0063365934,0.0177560400
0.2643438146,0.2556963143,0.3701572877
0.3246607716,0.1933224460,0.6681077767
0.7908178247,0.8991071208,0.7550727950
0.6161236071,0.4951029745,0.4787354389
0.3626782808,0.2637991443,0.4425007268
0.3172419547,0.7631691926,0.4623465633
0.6879546909,0.8634725986,0.8623134922
0.7801343913,0.8750778229,0.6900671028
0.4910962038,0.2045522721,0.3497518050
0.5861421430,0.5515765197,0.5837432174
0.7444091107,0.6259570950,0.4922908251
0.0076319732,0.0088263213,0.0305628015
0.8371918418,0.8857431338,0.8239875266
0.6622568880,0.7160200506,0.3531793919
0.7015484413,0.7156027846,0.6012466940
0.0714878549,0.0872180632,0.0274660242
0.2825184784,0.7015794804,0.2303725245
0.9945716064,0.9736230891,0.8889169918
0.3100200512,0.5771366582,0.7865295362
0.9654536482,0.8150587164,0.6942055196
0.9503438366,0.7843144838,0.7551223345
0.9772358455,0.6824403417,0.9898015885
0.4660919186,0.8837082477,0.2911769138
0.3477791919,0.9827353943,0.5553265033
0.0291027637,0.0453257303,0.0394614877
0.1738420152,0.1119996609,0.0639733237
0.1189069355,0.3030304249,0.1317274303
0.4333623362,0.7341746461,0.9056414103
0.1938896406,0.1765132585,0.2004678450
0.4054875361,0.4215063363,0.9149957302
0.1606888330,0.0440085680,0.1274737640
0.8024116098,0.4799943121,0.9641667963
0.6192559649,0.4319379386,0.3752328699
0.3588289457,0.3960688502,0.2637181110
0.1279037712,0.4092922217,0.2458680919
0.1720014785,0.2240004132,0.0476536290
0.2529474435,0.2901531305,0.1947402103
0.9392775681,0.5834968811,0.3230534789
0.8209588491,0.6759906378,0.4611520425
0.1756144750,0.4550382406,0.1524561111
0.8419807031,0.7590222007,0.6891841939
0.9074178606,0.6654075640,0.8552877042
0.6196591701,0.9749964649,0.5187374754
0.0183266180,0.0158979106,0.0094694525
0.6380009660,0.4553135334,0.2750414332
0.5218348273,0.7513167413,0.5790552101
0.8519629103,0.8047860202,0.5176543910
0.4297217735,0.3787587555,0.3790776444
0.1917808667,0.0925793713,0.6450804317
0.1387787648,0.2360302898,0.1009077148
0.8838768405,0.9205917539,0.7198067791
0.1510278976,0.3440209056,0.1445353139
0.2059125644,0.1698138776,0.2953922342
0.4362139324,0.7828910807,0.9928510764
0.8792778636,0.5995608949,0.8534697526
0.8439235200,0.5163794001,0.5494492988
0.3162637081,0.4973587015,0.4033549808
0.1259429670,0.1348365867,0.1865770527
0.1465819589,0.3284640941,0.1588822962
0.1581385411,0.1310977015,0.1789306144
0.4799767826,0.2307654626,0.3004477718
0.1160814330,0.2098940216,0.0991667612
0.0789720167,0.0874737882,0.4362506424
0.9022373916,0.7678633947,0.8392470556
0.0723780348,0.1733865331,0.2076693503
0.6457448521,0.7756913497,0.8685888337
0.9573892622,0.5911088300,0.6294142700
0.6970068451,0.3130472854,0.7205123706
0.0575109010,0.0375368021,0.0725590531
0.8707559476,0.9957127080,0.8261265082
0.9891753827,0.9740822283,0.9669661355
0.8682174507,0.8558345423,0.8532055372
0.2101896180,0.1086939282,0.0910736734
0.7402641726,0.6585769676,0.9289196204
0.9312514493,0.7445644115,0.9217825210
0.8144032091,0.8661350390,0.8481720924
0.2021879617,0.6146496490,0.2464760310
0.5685408181,0.8815586050,0.8728296413
0.9897630404,0.3908535817,0.1232965511
0.4861582433,0.2932596985,0.7714128871
0.6917814993,0.6719118724,0.7179056743
0.3683515122,0.2396712827,0.2756658237
0.5893213035,0.1718841554,0.7086767304
0.9305089579,0.4157501621,0.6384617646
0.7714976818,0.7309870867,0.8814304503
0.1589510794,0.1481327966,0.2568002245
0.2060937372,0.2205921579,0.1951239002
0.0050542422,0.0066044448,0.0036058925
0.9293022732,0.8608520574,0.7974715398
0.8352312345,0.6679275740,0.9120970372
0.8702007876,0.7465614164,0.9204966360
0.9678823971,0.8931973996,0.9353769667
0.4967052335,0.7178913546,0.8968180381
0.2689261726,0.9642048224,0.1327181126
0.2488884679,0.4970334979,0.6814066270
0.1715944431,0.2367636496,0.1814361849
0.5834381495,0.6782065441,0.8093663734
0.0437970700,0.0537072227,0.0226317022
0.4995874699,0.5780743795,0.5451118349
0.3120843798,0.1210642894,0.4122641661
0.4367140264,0.8925724195,0.5364666396
0.7343616494,0.9817893466,0.8942980286
0.8975647209,0.9920111522,0.5882517216
0.5676355835,0.5461846059,0.8505878029
0.1919271873,0.5429097298,0.5445894764
0.6775413536,0.7467005125,0.7881344261
0.2596225537,0.4465886850,0.3732689032
0.2529520756,0.7727483828,0.1938050603
0.6515074266,0.8057318046,0.8719963640
0.9053513180,0.6098437927,0.5440979953
0.6327148554,0.9868727242,0.3577164424
0.1012626377,0.1109453129,0.0771033100
0.3090276237,0.3914784224,0.4864576469
0.9268024320,0.6732748944,0.6510108294
0.9992344289,0.8974522541,0.8856851792
0.9599321363,0.2889699657,0.2130608376
0.2123984842,0.1581848874,0.6736793614
0.3036602374,0.3632245931,0.1389692979
0.1184811663,0.0949186138,0.2801456172
0.5487875965,0.9664092585,0.9923907855
0.7913425520,0.8661271510,0.6164969242
0.3519905160,0.3813497276,0.6577175386
0.5009520770,0.6165077186,0.8203594292
0.8374581833,0.5741578225,0.3041819457
0.7364429590,0.4118746741,0.7907673497
0.8840876919,0.9961553848,0.9104855552
0.4671810516,0.5352628929,0.2617830064
0.3430664836,0.3041955168,0.4134663443
0.1102560395,0.0313352056,0.0239028229
0.7114729981,0.5019940555,0.1433526737
0.6078963489,0.3621025703,0.7591691069
0.1216640552,0.0582845571,0.0879237232
0.0509976418,0.0780239439,0.0102903752
0.1693731543,0.0939498181,0.0839162974
0.1461129988,0.1300753629,0.1114424143
0.2458387696,0.5600956583,0.4021470708
0.2366557236,0.6464372272,0.2362860240
0.0918683768,0.0305380209,0.0170830385
0.7297187769,0.4477457605,0.5486760497
0.2141993548,0.3397231512,0.6642486476
0.2021694985,0.7426834638,0.6766264808
0.1288651271,0.2796331787,0.2947733519
0.4027686106,0.5508722785,0.3501611227
0.5895612932,0.5517107694,0.9902170711
0.5408566215,0.5893586270,0.7531312304
0.9808371934,0.9558109765,0.9874681162
0.2685996857,0.1388254955,0.2874943749
0.4743314759,0.8799836352,0.8725408003
0.4367750271,0.3377451677,0.3997313132
0.1670268660,0.2737450508,0.2722070734
0.5027614479,0.3092030946,0.2861234428
0.1783301401,0.2073139645,0.1645778233
0.2111135701,0.6251257753,0.4050595732
0.0428400967,0.1168102021,0.0814162097
0.1964020212,0.4828441287,0.2927739846
0.4130796660,0.3975343193,0.2541105447
0.6335259862,0.6777870809,0.8202846256
0.2741180250,0.5038536193,0.2046072354
0.5588156343,0.1477227766,0.1374980370
0.3110893565,0.7742416795,0.4276098748
0.3551752037,0.4811219272,0.4018768653
0.0133643870,0.0139639848,0.0176772532
0.9521768829,0.4322010339,0.6354388284
0.6795307649,0.3517618143,0.4033658341
0.2339924123,0.3529322797,0.1359270437
0.2935322879,0.3076396497,0.2864308264
0.2406476254,0.3893062286,0.1698300590
0.0863428506,0.0624870586,0.2174963039
0.4436345120,0.3872255098,0.3962685276
0.5175041749,0.5931334596,0.6258988807
0.5261819975,0.8108785094,0.3140974910
0.6518901444,0.8800007424,0.8142273478
0.2810407631,0.1785972945,0.4783637076
0.6754308437,0.7542111756,0.7779754297
0.9225264202,0.4457702953,0.2529125279
0.8664955994,0.3313008821,0.1253024374
0.4720296194,0.2962923500,0.2371494803
0.2486290020,0.1812309965,0.5406049058
0.4443636863,0.2747133491,0.1890568174
0.8786758033,0.7847308973,0.7850789404
0.5260819594,0.8576483142,0.7987615191
0.5193425754,0.3143198804,0.3468652200
0.7385607676,0.6833705232,0.6145808291
0.3747616861,0.2749936539,0.1951959570
0.4837225338,0.8186489273,0.2497240527
0.9756422799,0.6558242630,0.9006564642
0.2449414028,0.3562700735,0.3369479018
0.8914265285,0.9592578229,0.9645736798
0.9419293493,0.5434772431,0.5783452212
0.9512299405,0.9648600966,0.9587519564
0.3924722476,0.3887390136,0.7447501511
0.7157891108,0.8006228517,0.7446469977
0.0089837187,0.0214590778,0.0188789243
0.5303660111,0.3708353826,0.3320835663
0.7433648172,0.6225379382,0.8985109924
0.8901080138,0.7861971742,0.8859418476
0.6234321987,0.9835806981,0.8366442380
0.4516771228,0.3323804905,0.2638880057
0.7402007839,0.7662411293,0.7983386295
0.5568553005,0.7738423420,0.8061088434
0.9330272735,0.6800117608,0.9813462718
0.9110238207,0.8691761853,0.9956209213
0.5279775826,0.2746351603,0.5173957206
0.9817449469,0.2996323182,0.3021981713
0.1373318570,0.5371702266,0.3284448020
0.4965705269,0.6346511469,0.8132001232
0.5808683311,0.6646018612,0.6724056723
0.6745439253,0.6698575178,0.4207731936
0.9286019961,0.3098192465,0.4344045384
0.9759593441,0.3830204339,0.7945703806
0.4444433104,0.4266398514,0.8200761396
0.6789960144,0.9724531223,0.4713334500
0.5688292119,0.9867805226,0.7276230583
0.8052852978,0.5197618863,0.6726796520
0.9996291325,0.8915495863,0.7942480180
0.6179638306,0.9252641954,0.3105099237
0.7035615877,0.7769095392,0.5476368800
0.8355740843,0.6744561107,0.6003893824
0.7466528234,0.6424350322,0.4701632729
0.9116169848,0.8426449942,0.5915985079
0.5078387230,0.4769980817,0.7356736794
0.2038050155,0.0106902965,0.0299075941
0.6341489254,0.7732879265,0.6799945685
0.2405463823,0.1690139736,0.1960669775
0.4492618168,0.3668921602,0.8668824312
0.4738113680,0.7569350327,0.4546062244
0.7310058822,0.8963478339,0.7328919723
0.9821298030,0.9854302135,0.4331842375
0.1753877650,0.1625309760,0.7584868184
0.0654483009,0.1695486038,0.0366617196
0.6145223018,0.7867305662,0.8195141701
0.5572507041,0.3384043449,0.1738958757
0.5189431037,0.1193968288,0.1581976893
0.2487357645,0.1423096865,0.3261781353
0.9086616599,0.5683943074,0.6867497807
0.8852545201,0.9729862304,0.9012696446
0.0945176927,0.0936516755,0.2142961242
0.4571438405,0.3365359195,0.3565778789
0.7823987836,0.3663513709,0.6336395399
0.6756536842,0.4684872638,0.5540413332
0.9355451038,0.7899544163,0.8014908827
0.4035944568,0.7936438479,0.7539091588
0.9391591628,0.6741849710,0.5027969933
0.6749490398,0.9414607210,0.4877022701
0.4844698114,0.5543906943,0.4988412241
0.0142633106,0.0048177601,0.0138320324
0.0398222772,0.0077751881,0.0132475704
0.2532732271,0.8903393058,0.1846597085
0.7769534098,0.1238190150,0.2032328045
0.5799232913,0.7873353471,0.8215783416
0.0631199425,0.0251850694,0.0121427722
0.4515903136,0.2936470005,0.7817082659
0.0321645372,0.0310045699,0.0251901459
0.4844731673,0.7107423786,0.4093862432
0.4485121991,0.5255112136,0.5802982480
0.5466339264,0.5820333590,0.6158651770
0.5504381875,0.7887198524,0.4914348197
0.0790636448,0.0469457031,0.0640549219
0.2408615967,0.6454079569,0.1981178625
0.6173359440,0.8988705414,0.4772022911
0.8027770463,0.8559106937,0.5734943237
0.5802253107,0.7732320511,0.8257444058
0.3043142684,0.2438982828,0.1673277923
0.2090794597,0.1167581194,0.1292728128
0.4189907057,0.3471000096,0.5536130409
0.5685156551,0.6624399804,0.6256184313
0.5655561229,0.7437301984,0.7712007216
0.1914192088,0.3234711683,0.2488888399
0.7544288009,0.3944223721,0.2492008507
0.7641094775,0.9581504600,0.5281412166
0.7286112264,0.6656572843,0.3995759015
0.1613328511,0.1237033796,0.2243964664
0.8169711830,0.6303393696,0.5625827868
0.8585637939,0.9582174768,0.6574983952
0.7792995417,0.9045696816,0.6315962276
0.7922229329,0.5165974628,0.8027612010
0.5686758144,0.6559967340,0.5865425540
0.9977244015,0.4541528507,0.2266942009
0.7298613299,0.3082406198,0.1736826868
0.7412342367,0.9450623817,0.8563531389
0.7377159454,0.5613712276,0.7639882931
0.0929144153,0.0533124909,0.0556464077
0.7992004715,0.9950485885,0.6651681690
0.4393142417,0.4776254100,0.7214213219
0.1479208361,0.2501429426,0.1467643400
0.7961980991,0.4808635009,0.6336845208
0.6049050900,0.8558411113,0.9527460959
0.4222523306,0.6464837336,0.2242822534
0.5742533170,0.6034288910,0.8196881229
0.0499029744,0.1193176342,0.0788064138
0.2405411794,0.3325450691,0.3375225510
0.3828930542,0.3567956983,0.2678040033
0.5088397265,0.1790823460,0.4102477918
0.7057875376,0.8157342418,0.7181023064
0.3991337990,0.2584605230,0.1903766729
0.9928492948,0.9864286417,0.8333228976
0.1328082624,0.1562158943,0.3567757262
0.4665713256,0.7086889985,0.7280975260
0.7193068244,0.6439313553,0.7159444008
0.3955508164,0.3230183580,0.5409147513
0.2911256772,0.2058102379,0.1940522091
0.2004028962,0.2550268192,0.0914023232
0.7940129218,0.7518764977,0.7557796085
0.0426343762,0.0563757390,0.0725204630
0.7736567684,0.8609468562,0.3954493515
0.5389503977,0.9799347644,0.5438124254
0.0254768843,0.0296465739,0.0306710777
0.8399589394,0.5800133843,0.6442906861
0.5242376331,0.5597223296,0.5526688757
0.4954899353,0.8886541695,0.9904458495
0.9414843282,0.8658227430,0.7248011568
0.1281639364,0.2642217886,0.0665383531
0.9336117936,0.9191359940,0.8846896526
0.1116105681,0.1318611052,0.3110571897
0.1618094473,0.2185703649,0.1063636168
0.3389890449,0.3351122435,0.5141666586
0.8256606472,0.6187514375,0.6223325290
0.0898199923,0.0580381539,0.0996774574
0.4201410577,0.4958663114,0.6696831157
0.2909006097,0.8684816827,0.3006169093
0.9302550354,0.9220073645,0.9876665631
0.6040798057,0.2906503241,0.8844192693
0.7240207671,0.8895454938,0.9584490429
0.1049230939,0.0446930388,0.1634162821
0.6896300665,0.7169299747,0.7109092077
0.1432166714,0.1430008850,0.1128827476
0.3605782276,0.1747391158,0.6697365121
0.5025256794,0.1191626059,0.3855684849
0.6667618129,0.3722704597,0.8470060955
0.9272952097,0.1684748090,0.3905207223
0.4131625624,0.6712001757,0.3657518180
0.5117374018,0.7716339916,0.5702658426
0.8289524944,0.8073439868,0.5596832081
0.9380697615,0.7087436642,0.9362789489
0.4566445898,0.5397279248,0.8194456736
0.7690688663,0.2458098810,0.2007434473
0.4354315933,0.7974171872,0.5036005951
0.3753949376,0.5188584893,0.5321066092
0.7785655430,0.6959373028,0.8517632137
0.3033330504,0.2323870403,0.3153460256
0.2258230251,0.4193836397,0.4975937889
0.6075507887,0.3464380962,0.3178887580
0.2723088322,0.5049382906,0.8782614775
0.0755955990,0.0802595159,0.0425275944
0.4652866415,0.8422106321,0.8752745208
0.1976983581,0.2424964763,0.1997754771
0.1740461072,0.1966159941,0.3957439749
0.6539441372,0.6612901924,0.7714213968
0.2613264583,0.1595685268,0.9377718274
0.9754972884,0.8428858727,0.7954683581
0.5477010359,0.9737773065,0.9492740245
0.1080735444,0.2138495186,0.6927468541
0.1166765025,0.1188055796,0.1227871117
0.3964662916,0.8588961162,0.8125466255
0.0639227511,0.1165832221,0.1098688822
0.5602822284,0.2074406717,0.6488968574
0.9960327152,0.8019806927,0.9225966186
0.1877918533,0.1194160732,0.2046966210
0.2277658161,0.2875332810,0.2821445055
0.2098863931,0.2535648999,0.2720981282
0.0326649560,0.0357190860,0.0309713545
0.0627226960,0.0450528814,0.1926021522
0.3503752155,0.4796667196,0.2331910305
0.6070473960,0.6947512287,0.3894646106
0.0316902598,0.0454998694,0.0321946787
0.4757588308,0.4563420084,0.6266622734
0.4183970433,0.7309499353,0.8578347143
0.3072403691,0.2756099856,0.3157226050
0.1439847234,0.5527278760,0.2307003594
0.0180196406,0.0187943269,0.0196291611
0.8491853619,0.8605034904,0.9059504374
0.5722266533,0.8092959667,0.7634480530
0.7615497801,0.8606402033,0.8389594674
0.8830784296,0.7916483978,0.6924564843
0.4165913616,0.3268024181,0.4171295542
0.1967729332,0.2026314354,0.4509168289
0.9866688528,0.8593427882,0.7748951271
0.0953636328,0.1741713290,0.1445005631
0.8022637193,0.5104996385,0.7865900645
0.7789385437,0.5841907139,0.9351136170
0.0302869117,0.0254918006,0.0361192772
0.7130977411,0.8978893360,0.4157793431
0.8926111393,0.3261128366,0.3672747957
0.9087913459,0.8068999910,0.7728905022
0.1577337595,0.3238045525,0.3754133791
0.4390289278,0.1938799688,0.2693682504
0.5061155858,0.8854375754,0.8120782578
0.6807901054,0.8044674215,0.9076749668
0.8953081024,0.7802618729,0.3937794580
0.4118451116,0.9925021878,0.6349504930
0.2321283046,0.1225605767,0.1315567984
0.4170723992,0.5587904922,0.4228394993
0.7911654881,0.7607890127,0.6409778410
0.8380956372,0.9980396798,0.8487403891
0.3929996161,0.2787411342,0.3376532773
0.1027914235,0.0360783705,0.0320964223
0.8224948753,0.5893787335,0.3750697460
0.7780487602,0.9807318132,0.9858829566
0.8766784777,0.7915669264,0.9353493332
0.1589584712,0.0837525031,0.1650219013
0.5309076761,0.4561226319,0.4416232612
0.9059386078,0.6258033867,0.7450921551
0.8215610433,0.5398329968,0.7175840774
0.6419538841,0.3224408248,0.2862201466
0.4140687586,0.8993546716,0.7268438022
0.6656641963,0.8775435718,0.8731569377
0.7527748344,0.9387624132,0.9973020544
0.0107220516,0.0154470112,0.0354088197
0.5247496456,0.2594738962,0.6578089555
0.5500778795,0.8213471753,0.7939972611
0.9244458880,0.9049344937,0.7126197635
0.4162832722,0.4105085457,0.6845512460
0.2959307698,0.9908601090,0.4389445990
0.7357844548,0.7288217983,0.5796702321
0.8347927135,0.4189475759,0.5140740590
0.2039433761,0.3503661646,0.5343471112
0.4310864937,0.4038507054,0.3231593801
0.0429075664,0.0149515406,0.0235491591
0.5168475093,0.3477476317,0.6499349420
0.1416989301,0.4656097597,0.1177741321
0.8286368757,0.6676761878,0.8082453508
0.2305883617,0.2326385786,0.1845556581
0.7087751480,0.7258153000,0.7197015924
0.9272250319,0.9330347200,0.8379913793
0.8149174670,0.8278221870,0.5668316274
0.2827883859,0.1737708023,0.4089299410
0.7633397653,0.6548050059,0.7889672010
0.6509328356,0.5111484845,0.6836503379
0.5694945900,0.1361697844,0.2903139722
0.8047690073,0.7489192516,0.3957741438
0.0463121248,0.0876021963,0.0484641427
0.7211191651,0.4723433293,0.6395346865
0.7342975640,0.2387217728,0.2703554337
0.9332750042,0.7033884086,0.9022953042
0.1069782654,0.0639853202,0.3169502531
0.7073631427,0.7266144337,0.7112086581
0.8372308043,0.5283990640,0.6661397379
0.4613424585,0.4621574140,0.4974878791
0.2567772962,0.1839459779,0.2122856220
0.3656795359,0.3596900149,0.2860495757
0.6447001805,0.6350530778,0.5659135031
0.8225973686,0.7832864599,0.5316210107
0.3698189047,0.2969866163,0.2842347127
0.8673518165,0.9267446493,0.8630935428
0.1584499387,0.3027098671,0.3615733344
0.1413285467,0.1223583461,0.1049537176
0.1636328065,0.2312490973,0.1193009082
0.7127289218,0.9480427882,0.9301579536
0.3601859899,0.2879696400,0.2921304330
0.0371080146,0.0436499180,0.0425496853
0.9229192382,0.9590855910,0.6807880018
0.6456380137,0.7077627529,0.4449023702
0.6934398186,0.5148111837,0.4303121998
0.7050781684,0.6455482610,0.7679307100
0.5356287921,0.8697499739,0.8686582975
0.0718345265,0.2766107764,0.0573871547
0.0285419601,0.0383905837,0.0967506013
0.1781230790,0.2219522877,0.2275778572
0.0431090011,0.1894148594,0.1054818573
0.6774082896,0.5894173602,0.8042638282
0.4410962189,0.6669882915,0.5662239619
0.0113623263,0.0358922632,0.0073345063
0.5746159440,0.4537144805,0.3880046957
0.5809923795,0.5430654086,0.7837117598
0.1351212201,0.3149133670,0.5681106832
0.3423496997,0.6251742346,0.3111788416
0.0747983194,0.0320382358,0.2649400946
0.2013746301,0.1141816943,0.1850357256
0.3006472165,0.2002447912,0.3252615254
0.8342091121,0.6125559672,0.9548521666
0.1379025562,0.1380490687,0.0830495529
0.1764990552,0.3461713380,0.1473707671
0.8452609131,0.4353372735,0.6618022989
0.3749502438,0.9021478180,0.4666570501
0.6835672727,0.7969844300,0.6682004422
0.6047737763,0.9346053866,0.5800852306
0.3674110346,0.5010349024,0.8784936802
0.0296157624,0.0258382958,0.0449209985
0.9187538094,0.3666587617,0.3553501568
0.2727119281,0.1081808204,0.3949592476
0.1017008592,0.1028342169,0.0853259030
0.7203510688,0.8485745074,0.6653275086
0.3017793932,0.2412288569,0.1596803888
0.3529417239,0.4983772934,0.2615312702
0.6987475531,0.6222165263,0.5359646919
0.5426695246,0.7200872065,0.3062880212
0.4093389614,0.2411792720,0.5744235579
0.5824431596,0.3375444686,0.4806719558
0.1302626634,0.1256725441,0.1147925408
0.3444677742,0.2151173359,0.5542543212
0.9574379518,0.5603445847,0.7644631099
0.2776876238,0.3544250886,0.2842262047
0.7212112273,0.3805353871,0.5055967303
0.2574619129,0.2035487753,0.4007423222
0.6239647195,0.7832005994,0.4281746699
0.6005553454,0.7793520888,0.8370375054
0.4813677650,0.6023901633,0.3630362784
0.6196869414,0.7931178605,0.5977550143
0.8939902049,0.7129219123,0.9740178674
0.4155889068,0.4180496632,0.5379186552
0.6169252985,0.3996294163,0.5951269387
0.7773360221,0.8661926811,0.6208440266
0.2949234502,0.1126165841,0.1010250142
0.7609769474,0.9703553416,0.7258592925
0.5544295611,0.7586855419,0.6564500822
0.6665987732,0.6920778804,0.9131984118
0.0431432560,0.4288472360,0.0813259673
0.5324765386,0.5298373274,0.9171930178
0.7659661274,0.7309893766,0.6745583265
0.9218473326,0.9711324767,0.7604986311
0.3550961415,0.2441915871,0.6425200347
0.8876028878,0.9828236762,0.9945629184
0.9086196700,0.6978781579,0.7500113083
0.4285743876,0.5799755093,0.4983064700
0.2145138358,0.2832022398,0.2207212678
0.0255209131,0.0453815320,0.0342568128
0.5748581630,0.8614649135,0.5362564009
0.2307633462,0.9175598746,0.3885694729
0.2054019794,0.2094036126,0.1768801246
0.1157477743,0.1490213161,0.1867913152
0.7560954422,0.4731360376,0.7228503244
0.4250604771,0.6516190992,0.9967145855
0.7137124500,0.7259554789,0.3167761069
0.2904452447,0.7570477366,0.4691615518
0.7119033942,0.4342378183,0.2937335238
0.5712202671,0.9562719641,0.6652719919
0.8834236178,0.9291383590,0.8206412129
0.5355801440,0.6036758206,0.6792224425
0.8119842056,0.9601138715,0.9709903215
