0.5725513697,0.2089231866,0.1768203245
0.0800536812,0.2315388876,0.2018577869
0.6409541200,0.5444323138,0.5881278745
0.9644920731,0.6518047224,0.9653447665
0.2323165411,0.5012793575,0.6907107753
0.5679019579,0.6581342883,0.4352874970
0.7522888101,0.9441115906,0.7165132848
0.3925562830,0.3227225492,0.1784321023
0.7901096815,0.7152759288,0.7794461138
0.1807263909,0.2562193616,0.4205995480
0.3434778892,0.3638499008,0.5628318912
0.5105881385,0.3471014152,0.3171844322
0.7254619188,0.4745770401,0.6081026600
0.9453000513,0.8914052321,0.8085469924
0.9822405157,0.7224650555,0.7929999561
0.5071892117,0.6052252627,0.2582756389
0.8987719636,0.7209193995,0.7969560592
0.3089456367,0.4290225258,0.4109123754
0.0231059066,0.3660729665,0.1847794175
0.3235572614,0.4843362021,0.5593371479
0.1063468418,0.2850262521,0.0944958569
0.3243918444,0.2247992080,0.3260647989
0.0254992443,0.1487040790,0.0403691705
0.7546998607,0.4500596637,0.2109519203
0.1561557228,0.0506480981,0.2164484421
0.7871572687,0.7569286004,0.5297779285
0.8949391863,0.8236115271,0.8360652735
0.3169298561,0.4194725979,0.6609217696
0.8097451445,0.8514069224,0.9723274842
0.1498692424,0.0616395688,0.6557048039
0.7196769571,0.0611860698,0.2026769469
0.8840997593,0.8568902296,0.8373674446
0.1932005245,0.2400832257,0.3275115314
0.7624751194,0.8154281158,0.7761654322
0.6215991976,0.6681874511,0.9963404716
0.1045123534,0.0385918577,0.2958916543
0.7528643998,0.3303101697,0.8414497933
0.6979208819,0.8135621915,0.9519741028
0.2365729384,0.4993628848,0.1813689143
0.0680271712,0.0356742515,0.0646269217
0.1565000563,0.0229415777,0.1200154884
0.7456447244,0.5804930027,0.7178742943
0.5240764525,0.8499476796,0.5920374773
0.9519955863,0.7731699920,0.7857869407
0.2959918852,0.3248362500,0.6363414373
0.6427368956,0.6074775662,0.6203520682
0.6719398895,0.9064015231,0.5901922721
0.5575593456,0.3662296962,0.3625179575
0.1252284505,0.1414740358,0.0857370953
0.8499060088,0.6725966198,0.6456386366
0.0172571865,0.2968740059,0.4138884485
0.4191143336,0.6475938458,0.5794397443
0.5273863990,0.0847022939,0.1351947256
0.3453692366,0.4368904626,0.1085269787
0.0456643658,0.2838055406,0.1029629071
0.3908577943,0.3239913592,0.2383091725
0.9849146509,0.8438277100,0.6648242670
0.7165999029,0.7337501063,0.6803750549
0.9622965045,0.8452185845,0.8609027708
0.1766500953,0.4857246738,0.1631186321
0.7669708438,0.7097902276,0.9284667804
0.3760605125,0.7436158679,0.1844778386
0.4707279957,0.3494758112,0.6380034590
0.7076866334,0.9401564666,0.8714748373
0.0579515407,0.0131154084,0.1216191893
0.2214958021,0.0596976144,0.3539987624
0.4886706470,0.6934108528,0.8577020832
0.5151382609,0.2548819477,0.8952110389
0.4241047378,0.5053109593,0.3239803866
0.8562222408,0.6249119122,0.5091699450
0.9598425045,0.9594843121,0.9667714838
0.9541642819,0.2379399308,0.4377820696
0.0746712096,0.2392197488,0.3328555397
0.5171460938,0.3390406746,0.5858653979
0.5688021959,0.6993588776,0.7809290937
0.2836356455,0.3150296144,0.1250327569
0.6062417246,0.8511815646,0.4460431552
0.2245854614,0.6229045872,0.7957459741
0.6939452079,0.4766792908,0.4752863395
0.4943927965,0.4929785283,0.6199029587
0.4824828955,0.1906603458,0.5684260073
0.8286383765,0.8018516113,0.9190132952
0.4851559269,0.3268650568,0.5970755203
0.0178627375,0.0076987082,0.0125008580
0.3336570751,0.6272812827,0.3841889825
0.6848766668,0.7232063133,0.6731853138
0.7259226274,0.7040897589,0.7921698276
0.1367914099,0.3099877849,0.0837481842
0.6159067381,0.6901786804,0.9281682658
0.4956659310,0.4900070000,0.8490539907
0.9274190322,0.6332857535,0.9119843636
0.4574379326,0.0981461265,0.2980929590
0.1096269742,0.1722861101,0.0703682131
0.7982088052,0.8299142137,0.9971578986
0.9319972058,0.6225233588,0.7758502208
0.9146093466,0.6738333927,0.8632319699
0.4145657723,0.7403712942,0.4748725474
0.9325260207,0.9108460635,0.9256657302
0.7629113644,0.7861468056,0.7932224356
0.2929187536,0.3865003514,0.1688336909
0.8367219928,0.5379888821,0.3634386383
0.0345992640,0.2609070673,0.5148485516
0.1195345575,0.1652401637,0.1126189170
0.4291363443,0.6648211372,0.5692074062
0.0365732041,0.4953419042,0.0035080826
0.5851478341,0.1146598194,0.1878781184
0.0473219467,0.0128529991,0.4189572667
0.5471563798,0.4520791706,0.4686309514
0.7419429489,0.5143231612,0.9376310639
0.4013082196,0.1148139559,0.0951809547
0.8394577419,0.7163507898,0.8177026289
0.7626475489,0.7095405959,0.8078746324
0.0781017033,0.3412201679,0.0938059874
0.2904838731,0.3161931897,0.3880218363
0.9263634728,0.8545647707,0.7210426688
0.5312126944,0.1582236836,0.1474751020
0.8015061665,0.5081011738,0.1749356203
0.2781208185,0.5182593523,0.9835439580
0.9804133819,0.3484806018,0.1184478990
0.5720177553,0.9377901389,0.2336632297
0.1413199031,0.1118010545,0.1704978164
0.5356957830,0.3779296619,0.1459196361
0.6367548388,0.1316529426,0.1929788776
0.9332672340,0.4230917057,0.6415371221
0.0257835514,0.0289663620,0.0617112884
0.4939272773,0.4523031014,0.5162548809
0.8211380714,0.9123002051,0.9966374770
0.6949728890,0.9757651273,0.9513552556
0.2732815118,0.2385957271,0.1177387723
0.9698227261,0.8231116120,0.8741054042
0.2371798416,0.3747478554,0.6281794827
0.3805474396,0.1879073704,0.0103724500
0.5410738408,0.1929093506,0.5140532821
0.2916028522,0.3377076771,0.3340990510
0.5520806250,0.5816347611,0.4688488050
0.9813689848,0.9707377759,0.9254179596
0.1737299928,0.4214384282,0.3850574528
0.7339857199,0.5805125673,0.8894841336
0.7318989793,0.1776892074,0.3731258760
0.3629835414,0.2600763571,0.5413782937
0.5339588480,0.3957059470,0.4481587804
0.3371530510,0.1864665564,0.1884977845
0.2663114876,0.4320585824,0.2718046023
0.4879916318,0.6052288745,0.5565447182
0.5748666885,0.7523483603,0.5689273583
0.9593563244,0.9945029109,0.9779727901
0.3391394555,0.1456975534,0.2422342131
0.2064881754,0.0175274518,0.0042920954
0.3751670253,0.5660775108,0.4856435925
0.1412235377,0.1777248873,0.3712539485
0.3762333618,0.5994193230,0.2896419533
0.3181031079,0.2953761039,0.2147366595
0.5488648321,0.6443468161,0.7904480044
0.6858366570,0.3987614881,0.4874042037
0.6555562706,0.7978841810,0.7093530119
0.0671196455,0.1527115698,0.1943755288
0.4011508202,0.8189551381,0.4393728710
0.0202684503,0.0376417046,0.0860456990
0.9348328134,0.6873916661,0.6509870385
0.7341712553,0.6146215703,0.7601725242
0.7051805292,0.6229779609,0.9032581356
0.4982348783,0.5251001422,0.6090053231
0.6902836717,0.9245728816,0.6533201915
0.0137037825,0.0615106107,0.2079443965
0.1311011346,0.5823063103,0.2093523522
0.5033909800,0.4142815498,0.7389510082
0.9464803033,0.7244268361,0.9626759217
0.7561658094,0.7791063767,0.6956290483
0.2525551100,0.2852036680,0.9522946258
0.2971044598,0.1992089989,0.2810185620
0.5623497580,0.5546464954,0.2937238006
0.2116096833,0.2279031096,0.1808769427
0.1768651596,0.0450003423,0.3432274579
0.8134811589,0.5332847023,0.6087176800
0.8138588690,0.6424493232,0.5145822139
0.2162843561,0.4538424416,0.2978850725
0.7199521349,0.8125540761,0.7021539347
0.7618111074,0.5611538126,0.8840465008
0.0062096318,0.0146220464,0.1561124418
0.4676154049,0.4977257532,0.5552282966
0.0365860046,0.0825511101,0.2201681383
0.7123162355,0.5326807689,0.6843062153
0.5884777987,0.3380506353,0.7440193226
0.9758949469,0.1593350321,0.4748672081
0.4447616172,0.9779678285,0.6681140728
0.0455674004,0.0799816476,0.2035074703
0.8204381276,0.5505414614,0.5688478807
0.1886869175,0.0578798976,0.0680051916
0.3517685491,0.4924874202,0.3628875441
0.6091764202,0.4721657954,0.1667791408
0.2299192394,0.2850641876,0.3284154675
0.5105440752,0.5621855263,0.4472316745
0.5908241937,0.8331106322,0.8565156976
0.4176987585,0.4881026329,0.4820049531
0.0885519639,0.0979417038,0.1259999268
0.0782837917,0.0986650161,0.1606837508
0.1957479361,0.4580591682,0.2030759151
0.7982063275,0.5079934608,0.7267924239
0.3878359820,0.4458169815,0.5756382907
0.5370719257,0.9374170117,0.5714587663
0.7896134947,0.4091210366,0.2445895736
0.7898960396,0.9156500882,0.8384499451
0.1786291807,0.1815924246,0.2886478034
0.6548274295,0.9098550834,0.4679272897
0.8450837189,0.6791994507,0.2976123081
0.9863682370,0.9973437616,0.8683280478
0.8809439878,0.9318016812,0.9534172442
0.4802549317,0.8183159152,0.8679296210
0.5947754333,0.3002352095,0.6351385074
0.1955028317,0.7943712610,0.2005469837
0.1265870725,0.4170569664,0.1887424264
0.8574250306,0.4014816904,0.6981877596
0.8567276665,0.6691820918,0.8346366430
0.8314368913,0.9080918865,0.9453685059
0.1016864581,0.1400957609,0.0184300244
0.3015134600,0.1990362382,0.4621581396
0.4885899287,0.6059105862,0.7699949895
0.9394688805,0.3921354804,0.6316698310
0.6843271785,0.7564869424,0.8543419839
0.8416544694,0.9330035306,0.7842863534
0.8198863663,0.8205328080,0.7676003590
0.9551636144,0.7193650360,0.7982448431
0.2088933329,0.3729852180,0.0040063763
0.3515709087,0.7464936424,0.3302402212
0.3266744977,0.2324170876,0.0607107263
0.9549256251,0.9399397278,0.9668107119
0.2717568291,0.3829841103,0.5735055521
0.6747312799,0.6217369871,0.4944528327
0.5734788281,0.7403954863,0.4625839099
0.3593428737,0.6945242605,0.2347715921
0.3247595898,0.6886556304,0.5897722991
0.0293074961,0.2888022117,0.2539810313
0.5229800614,0.1115468127,0.3169532029
0.6142676084,0.9164143413,0.6871394573
0.6872339086,0.5879503201,0.5339805766
0.9070626642,0.8534067329,0.6574294527
0.1340150933,0.3100925700,0.2622231012
0.4278858963,0.4551795633,0.1248388769
0.3794971655,0.5897660658,0.7162547790
0.3623193943,0.3941961801,0.2116213500
0.2029024795,0.0331032992,0.4039878938
0.3076319762,0.4565152933,0.4667624009
0.4704345837,0.1416843134,0.0812931499
0.6745541596,0.6311951690,0.7227622079
0.3707679987,0.0686095777,0.1327996181
0.9070980101,0.8064959728,0.9056644160
0.2154648321,0.3485337450,0.4178577911
0.5521476609,0.3435161123,0.3834250954
0.4563450114,0.3909430344,0.5860050838
0.9998359330,0.6891211824,0.9506802114
0.2414568719,0.0997943659,0.1176550454
0.2873656240,0.3832771032,0.3504864497
0.6557182360,0.1999611380,0.0549898976
0.9659219074,0.8749975581,0.9175670802
0.9280645167,0.7973849142,0.9759829858
0.3592206872,0.5357177591,0.5268785183
0.3171005411,0.6481761229,0.6132992910
0.0086596511,0.1397263518,0.1497743563
0.7925052855,0.9505547958,0.7932356696
0.1238983623,0.0624276510,0.1628065020
0.4974882762,0.8277460301,0.7585612418
0.6851540155,0.5106450353,0.8464678542
0.4402952292,0.3957328477,0.7185898229
0.5419550737,0.5622327663,0.6366292707
0.6936238875,0.7872190775,0.8582893878
0.0645965185,0.0580960161,0.2119484214
0.9845883346,0.9299158996,0.9702011267
0.5053093816,0.1615917798,0.1979422942
0.6563837797,0.4259625594,0.9392504373
0.4981243781,0.7206034673,0.6000603665
0.3420241900,0.2860810664,0.4016078230
0.0380912676,0.1150208519,0.0311004780
0.5574222260,0.8214327172,0.8737462117
0.7924625501,0.7068918255,0.9460950377
0.5972271163,0.8362725043,0.3576272282
0.5484358454,0.9023347103,0.6408619922
0.9046921370,0.9172839638,0.9312382702
0.9459894324,0.5407273460,0.6631731522
0.5605815575,0.7229548302,0.9728559316
0.4199320917,0.5663587125,0.4072735725
0.9705774376,0.9993525658,0.7733618076
0.4209632406,0.2418113769,0.0643927590
0.0829378189,0.2875413441,0.1863209941
0.3939477299,0.9160942428,0.9882871386
0.5297025030,0.2349001209,0.3126508879
0.1564821027,0.1078495807,0.0787797531
0.7535145711,0.6246036852,0.9472691261
0.6817429283,0.8880583078,0.4350420833
0.6530346604,0.6883100900,0.6510333200
0.8285963159,0.9480003044,0.8245893326
0.4907080404,0.1271415814,0.3988487230
0.2775460974,0.0859959237,0.1783344411
0.3634103458,0.5337738777,0.9712277838
0.8873679719,0.7955570917,0.6054415071
0.8873423330,0.7872980603,0.9903982185
0.9460440675,0.7945432327,0.7567650767
0.8124925985,0.6798434010,0.8749241621
0.3744073087,0.2647173140,0.0327005559
0.6043554487,0.2166652595,0.9325223025
0.0776039569,0.0289668233,0.2918584439
0.7366036920,0.7408407626,0.5087934027
0.2893714784,0.7076392584,0.0144705265
0.2540297929,0.5803514241,0.4647135470
0.6586195846,0.5034706910,0.2844601513
0.3875887549,0.3843740171,0.5175221909
0.0242280491,0.3137202148,0.3936946168
0.4853535291,0.1109923566,0.0996460617
0.1002230101,0.0114002492,0.4148692609
0.8398670279,0.9741186500,0.7972569769
0.7659270755,0.8046988698,0.7163957810
0.6504428816,0.8150803635,0.7739605649
0.5370648408,0.5259307994,0.6712010893
0.1232733527,0.3659902945,0.0193040748
0.6764989247,0.5206121577,0.9899941335
0.3249076570,0.3639074231,0.3592415866
0.7460373887,0.8680489444,0.8427907606
0.6878854197,0.6247546428,0.3530007607
0.3155933938,0.1415222445,0.3587646563
0.3479227248,0.8084209541,0.9521903488
0.8315292676,0.9759917583,0.9759955444
0.9767686902,0.8785444447,0.9120659340
0.2057397503,0.5730413258,0.3983186737
0.9165033400,0.6362774936,0.8227503545
0.5547705064,0.5791511070,0.6245235388
0.5198974635,0.6254754864,0.6938285288
0.0841556356,0.2588768373,0.4568725263
0.3154042157,0.1254011590,0.8879763450
0.3844649144,0.4367621849,0.4580605637
0.0670182071,0.0636546075,0.2980847457
0.6523187366,0.5944969782,0.2231997543
0.4476466406,0.4708236709,0.6297313510
0.4534257092,0.3050509062,0.4198764986
0.4611895960,0.4083479371,0.5459142142
0.2377220006,0.2738512479,0.2655810249
0.2715293857,0.1589056070,0.2744631945
0.2392791937,0.1433561813,0.4758729079
0.8655339484,0.7074720872,0.7113065381
0.2997944254,0.4340378238,0.7116673745
0.0777266983,0.1052724346,0.3771362172
0.0787775615,0.1951551630,0.0018422491
0.7602816013,0.9778230807,0.9955828676
0.3058850476,0.3439097614,0.0090800240
0.7730530548,0.9495566112,0.6636023705
0.1584033453,0.2876496206,0.7025323594
0.3016487584,0.5536920565,0.2580142684
0.0473369077,0.1455957139,0.1156543390
0.3654412541,0.4969384339,0.7938005583
0.2638772013,0.0454949010,0.1922487604
0.3812570137,0.2389824385,0.1391172173
0.1232795206,0.6354597938,0.0771015989
0.5863234845,0.7157807410,0.6570884477
0.0734405864,0.0510501107,0.0957563334
0.7317904890,0.9166221342,0.8208460114
0.5812463198,0.3489474830,0.9382377231
0.6046375855,0.5055750253,0.5450689358
0.3671971011,0.8924083728,0.5930099767
0.9136609003,0.7187070074,0.3197088846
0.3910454276,0.5311008646,0.5424015301
0.7327490028,0.7157924538,0.8230057853
0.2906327244,0.0067165266,0.0253955055
0.4006769116,0.4634263596,0.6000617833
0.1298016756,0.4058422585,0.2933514152
0.7086223383,0.6083800780,0.5034493239
0.0264454331,0.0292181173,0.1017725310
0.5109676672,0.8852593106,0.6296755305
0.9939679493,0.8733217762,0.9179994815
0.8219353251,0.8308393197,0.7812468233
0.1590613834,0.1751068636,0.0056205416
0.2804408261,0.8471705884,0.9694134991
0.3675521933,0.3015229740,0.7409228392
0.2835402804,0.3166610230,0.5181247306
0.2200900629,0.5514441721,0.2099010631
0.2423799791,0.5483547640,0.9905049561
0.8880643812,0.8083955497,0.9061439541
0.7849433935,0.6443747449,0.7758351243
0.3143630154,0.1367216763,0.2631098999
0.9623897807,0.9782088891,0.9998708921
0.0555619116,0.0220681808,0.1631595940
0.0338584838,0.0263660350,0.0207850093
0.7837637484,0.5514033074,0.8543945516
0.6406930450,0.6525638758,0.4779736371
0.7123126057,0.8408685590,0.7153819881
0.4743927972,0.2789049272,0.2271479023
0.1383366480,0.5739198575,0.1625171646
0.9605149682,0.7909970789,0.9270781553
0.5263638409,0.3198405081,0.2642885598
0.0154048739,0.0662015119,0.3987077571
0.7809650832,0.9262951630,0.7875906696
0.4474365551,0.9325268474,0.5034616464
0.6508487191,0.5757952987,0.6145101238
0.9233025783,0.8722401684,0.8211118069
0.5957838625,0.3452628724,0.3229309901
0.5017646027,0.7986547642,0.4465968225
0.3084158626,0.7916312986,0.2625190431
0.7301684610,0.8791324682,0.7302356481
0.2997397672,0.1438820458,0.0136987047
0.4531676233,0.2556916695,0.1116773165
0.5311460850,0.1124091601,0.4794449435
0.3182877996,0.4516573848,0.6239120437
0.7786750465,0.6254918312,0.6830924434
0.8909989010,0.9855186813,0.7348453633
0.6331149429,0.0566582966,0.4386067509
0.6921399258,0.8507824937,0.7789785014
0.8316090852,0.7533646744,0.6967902674
0.4647740788,0.3512731634,0.1933336921
0.9031750449,0.6318164729,0.9404650096
0.2149763197,0.0393905891,0.0160585885
0.4045702124,0.5097966182,0.1593202771
0.6068542616,0.8089330304,0.5063496147
0.4714458843,0.6707887197,0.4867293854
0.4722101469,0.0559833426,0.0224514688
0.3562021003,0.4971129233,0.5597161522
0.9359152951,0.9237983830,0.8730464896
0.3861338068,0.2649509822,0.5083377740
0.0834998909,0.1906577941,0.1778736497
0.6977952960,0.6483969384,0.6456806972
0.4783529512,0.5526995316,0.7607452480
0.8173969068,0.9660965974,0.9796984071
0.5526191024,0.6584760147,0.5879488322
0.5380824513,0.3961380711,0.4339499308
0.4588292619,0.5668563486,0.4865356020
0.4080166988,0.3739751080,0.4277304388
0.2935983172,0.3954119295,0.2660363014
0.7307195538,0.8937120666,0.6084152757
0.5922882377,0.6718842897,0.7325040778
0.0596368650,0.0794051211,0.1801512983
0.6509199836,0.6925955368,0.6069555132
0.7692816335,0.5184052313,0.5552173531
0.7473062765,0.7099635713,0.8929163946
0.9566586338,0.3983642761,0.8592239220
0.6384529291,0.8918666080,0.5844138851
0.6600678816,0.5843703074,0.8049314840
0.7780486366,0.6363085594,0.7388127653
0.3652275552,0.4504085199,0.3404671747
0.7808767209,0.8795349068,0.8885886945
0.0793023835,0.0539661655,0.2579729280
0.5002430017,0.4304330177,0.7957658902
0.4695632091,0.2137121227,0.4199039152
0.4812097650,0.5001848310,0.1963617149
0.2372804961,0.2121458419,0.4747427919
0.1145047334,0.0035563058,0.0717714796
0.6860188197,0.8489006373,0.5668208383
0.0541421140,0.1462618127,0.0218704529
0.3340473344,0.3189764044,0.4763881511
0.1701833194,0.1397402687,0.3501102274
0.4887848151,0.4402008601,0.5774400624
0.3322406035,0.3732844522,0.4254669321
0.4621125104,0.8753609452,0.4261479954
0.4121320036,0.6191629816,0.5588996738
0.2599581554,0.5399742807,0.5062913594
0.6365948253,0.4958130731,0.6502170399
0.8244877355,0.8312528848,0.9931618898
0.5861913473,0.4848870536,0.9570259597
0.2407967426,0.1708360571,0.2085979864
0.4374144159,0.4172816996,0.3812035229
0.0400771679,0.2078722294,0.6690856553
0.8251863258,0.1170318769,0.0603746429
0.8379051495,0.4919311675,0.4167946140
0.6449607582,0.4177529714,0.2393887910
0.2255497917,0.4110692829,0.2614774218
0.6704327788,0.8913217234,0.4200596384
0.9991841924,0.9351596718,0.9629979934
0.3217423655,0.2163311718,0.1498757689
0.6269927290,0.8601486559,0.8011786656
0.6614991978,0.6072576509,0.3241917574
0.9908598348,0.9753549276,0.9613861776
0.7813285639,0.9041482779,0.6464759160
0.1521349064,0.4075313133,0.2367988183
0.3112579817,0.1978280069,0.3963070572
0.5552820623,0.6351484132,0.7314231427
0.2750352012,0.7038561374,0.2816755685
0.8545725527,0.7384899030,0.7744496142
0.4612521565,0.4004486504,0.4607844363
0.2425024251,0.0416353046,0.0500571444
0.2141795267,0.3469977921,0.4494579132
0.0202544740,0.5613671922,0.8962075604
0.0565484747,0.0127702619,0.2283733976
0.1514922802,0.3013614551,0.2961231819
0.9307967700,0.5426063350,0.6219101808
0.0306840391,0.0789485038,0.0168178424
0.1712383201,0.4292741619,0.0917282469
0.0148005097,0.0483598879,0.0344388263
0.0438897878,0.0207426657,0.0449089711
0.7755840896,0.9027258362,0.8956268921
0.1502807555,0.0867544126,0.0364846132
0.8225670464,0.8013138185,0.7652491277
0.6005076763,0.4572318870,0.9114416432
0.2007791706,0.1254744192,0.1500254267
0.8719636002,0.9190593845,0.9138307194
0.8279900112,0.5571912936,0.5400800262
0.7541116415,0.8165731991,0.8320245448
0.5898154323,0.5115311313,0.6250320838
0.1034459790,0.6559390632,0.0547820702
0.6298580270,0.0505418725,0.2730793863
0.6783551684,0.5006228667,0.4786028089
0.1836167302,0.5527496942,0.2145914315
0.3427632745,0.5460003741,0.6903229861
0.7786298522,0.6718973087,0.8561472982
0.1623121162,0.1081338943,0.2215845968
0.1209472268,0.0824784576,0.0946618987
0.3145001723,0.4287155701,0.3071701518
0.6409381166,0.4171195996,0.4784231948
0.2153404419,0.2737465470,0.2056121027
0.4092686332,0.2037736116,0.4312786760
0.8347289344,0.8877199645,0.5627959346
0.2689576584,0.3602672399,0.0528885490
0.6728263682,0.9628688795,0.8121648533
0.2479692858,0.3548860609,0.0864669325
0.8715376140,0.6077311347,0.2070308592
0.0854403329,0.1998576756,0.2359856618
0.9954498746,0.9038285184,0.3754551201
0.3594984678,0.6687920381,0.3803030767
0.6827381094,0.8375430955,0.9076002829
0.7824064178,0.1989838731,0.2637632657
0.7902289397,0.6719980417,0.7749302245
0.3425309046,0.2545229332,0.0008374504
0.9130811390,0.6568481865,0.5156457434
0.5255616321,0.3701182371,0.4769507166
0.8646937390,0.6335456673,0.4791609465
0.3047776563,0.1217558644,0.2554062389
0.5995041960,0.9561939543,0.5020480187
0.4984667503,0.3613154602,0.3952161966
0.4246384380,0.2083760921,0.3103058705
0.6719133908,0.0870297635,0.3312933814
0.7490670214,0.6792347431,0.6343749656
0.6336486495,0.4986144160,0.7300577386
0.3156864069,0.0049655665,0.2469728036
0.3628160472,0.3923745011,0.6782021267
0.9714797730,0.6627434197,0.8383418438
0.1409275570,0.2512713597,0.1329886151
0.7729006131,0.7776236988,0.7698293772
0.0713201123,0.4149677389,0.0875838619
0.2026788527,0.3678609519,0.0868885456
0.0588313482,0.2504141432,0.0984810193
0.0740253551,0.0061458483,0.2655477954
0.8043329966,0.3051460861,0.4766228143
0.5337113867,0.7332106274,0.8194232278
0.2172049327,0.3556678059,0.2186964693
0.5840041217,0.6993157455,0.5152260629
0.3288928359,0.7276402423,0.7368382604
0.2764162068,0.1740591324,0.2740401840
0.4832253704,0.4955107227,0.2839558545
0.2902341566,0.4161571641,0.3267955955
0.6197334175,0.3890987652,0.3636194413
0.0834751766,0.0472158887,0.1367275995
0.7291540485,0.4262416630,0.8191969533
0.5040651238,0.9548951134,0.5371273281
0.9097846096,0.9531019053,0.8822433864
0.5476487338,0.9438721135,0.6347357184
0.9660996288,0.1988611434,0.0571659122
0.6229452573,0.6908632018,0.6371724490
0.2003039187,0.0922003817,0.3608749304
0.4610754900,0.4222557904,0.3939688702
0.9230503334,0.9585799577,0.6894756770
0.6187394976,0.7292684636,0.6842460607
0.0531921718,0.0291758059,0.0670477772
0.9347093398,0.9760890461,0.9166933663
0.8248205951,0.5714775268,0.9693153018
0.2584052225,0.1726069208,0.1680521230
0.8829148161,0.9126524693,0.9960037567
0.6696662617,0.6911987425,0.8542743843
0.7981444095,0.6100595339,0.2395419142
0.6456726088,0.4537107959,0.5521714511
0.3857863039,0.7030590856,0.4057852248
0.3302061299,0.4113327798,0.2222070545
0.1828397754,0.2159951115,0.5609884320
0.6616038122,0.5820613153,0.8531547072
0.3048599919,0.2248481958,0.3278500576
0.3583410337,0.5906733184,0.2485284932
0.2182595650,0.0769576917,0.3359018438
0.8387917918,0.9671806038,0.5524963303
0.4878561492,0.4364563776,0.7174051267
0.0874223685,0.2091957382,0.2303445069
0.8523536431,0.9140064118,0.9900473562
0.0993452014,0.4429699797,0.5591017587
0.6844549890,0.7754144178,0.4324498451
0.5038454262,0.1614210310,0.1550421767
0.4935175362,0.3827386237,0.4602193242
0.3414862337,0.3671768258,0.5035034536
0.6379228569,0.7212065847,0.6263755271
0.8078895106,0.7799885863,0.6388501411
0.5043658634,0.5016169718,0.3868900989
0.7129539706,0.7796468552,0.7662017168
0.6549399535,0.0647656259,0.0856299310
0.1637096508,0.1504776494,0.0986209223
0.6432211155,0.9274924762,0.8181836243
0.9646180600,0.6057322033,0.4014169956
0.0501751274,0.3731948083,0.3570620073
0.0318184113,0.0381200444,0.0168036939
0.2919387705,0.3131576451,0.7764609521
0.7538340704,0.3084646231,0.5451633957
0.5284309718,0.2970034252,0.3489818687
0.1730452155,0.2422633511,0.0721455100
0.4734846329,0.4147872431,0.2300420218
0.3337260941,0.1275302439,0.2238186845
0.3915404712,0.3514669235,0.5421769069
0.6805115484,0.5670186435,0.7370812552
0.0764363097,0.1344434213,0.1230612490
0.9598628974,0.7034246382,0.9294512268
0.3787212756,0.3431730205,0.5547406134
0.1481184997,0.4098210236,0.2163323256
0.8046402942,0.8073853459,0.8573989860
0.5002330230,0.6293618827,0.5183831276
0.9948635363,0.8510023137,0.8560098167
0.0248028201,0.1655641896,0.0857299330
0.7269206364,0.6683855813,0.7189440726
0.1545187665,0.1169290008,0.9522547011
0.1243574449,0.4890064517,0.1464673758
0.4167706290,0.9034761577,0.8327142029
0.8003111752,0.7523597859,0.5314834373
0.3776749311,0.8014699076,0.3047199306
0.0434507470,0.4121991943,0.3509395487
0.8214292606,0.5993001026,0.5784742219
0.8439418617,0.6339853945,0.5368751071
0.2342216321,0.2291155826,0.1976983050
0.8076481554,0.4838224345,0.4618733781
0.5935051161,0.3317445531,0.4105007663
0.3177299357,0.7040833209,0.4009586292
0.2209617066,0.0629589627,0.4258762605
0.3310050536,0.1645799006,0.3906206872
0.8035920263,0.7287054431,0.9434860693
0.9332311630,0.9710466473,0.7715082896
0.9413320305,0.9428898402,0.8794214953
0.8688859639,0.9916238497,0.9566578055
0.8830787508,0.6815591247,0.5603103051
0.6576265557,0.3854882658,0.7491573872
0.6305347348,0.6217293277,0.6283761986
0.0258026761,0.3022760389,0.3635433761
0.1074787705,0.7553597603,0.4289483671
0.9376127534,0.1874962674,0.3520122921
0.2356952175,0.2651297783,0.3871849916
0.5683513917,0.5845308273,0.7284520745
0.0353079974,0.1972093087,0.2307353910
0.6024902437,0.2220015761,0.2889132813
0.6011715906,0.5589543966,0.8566396293
0.2213487877,0.0212775951,0.1300724130
0.6630089224,0.5697643873,0.5174109610
0.5627713776,0.5682691957,0.5835795359
0.7661859097,0.9401112449,0.8362354541
0.2591299807,0.0923097149,0.1993718010
0.5150017371,0.2286700115,0.1991851001
0.8887990007,0.7430103369,0.9993553503
0.5331976959,0.3128006568,0.1245164558
0.9187249089,0.8837919911,0.7738956348
0.2714750142,0.2090493916,0.0996583558
0.1547523415,0.2032853079,0.1021363848
0.0418889045,0.0829744993,0.2302512539
0.6926047513,0.9143916838,0.7482877580
0.1914339158,0.6407792561,0.1964021948
0.9056802763,0.8260668134,0.7027095568
0.2522197423,0.2463474286,0.1342698009
0.9107494882,0.7297168457,0.5093422993
0.0568277163,0.1313532892,0.2019509854
0.7333613703,0.5274997729,0.7931596374
0.3314923819,0.1456706866,0.4700700693
0.5801099257,0.3095139775,0.4301187161
0.3102597395,0.4764535785,0.1989180431
0.8260765029,0.6903778820,0.3280003265
0.0926866606,0.0893009055,0.0418392957
0.2147934096,0.1924022786,0.1428513563
0.0612849135,0.5010432558,0.0408243918
0.4128109123,0.6270304781,0.2400529640
0.1392401067,0.0595138132,0.0801147021
0.4839803675,0.6750279350,0.5919420142
0.2158728232,0.1027202585,0.1916714269
0.2478566262,0.2162275826,0.0950028247
0.1904389146,0.2952412856,0.3623193693
0.3615288058,0.5097042815,0.3559051028
0.4509682857,0.3871928746,0.2871153858
0.5587924620,0.5677270091,0.7884673660
0.3058441341,0.2134021282,0.2952410142
0.7232366142,0.8475011543,0.6930812462
0.0882069917,0.2812304192,0.5089098727
0.6345761503,0.2666305109,0.4885553608
0.8667643416,0.8408205994,0.6345877011
0.7417778018,0.6117463377,0.6677892898
0.7389681681,0.9302944438,0.7434604581
0.2813342339,0.4518898413,0.2643118680
0.1223743498,0.1628717778,0.4132569769
0.6310410228,0.5686500174,0.5512600511
0.4081355757,0.4536985508,0.5883870611
0.4443708582,0.0978816247,0.3147043969
0.4489813920,0.2740318346,0.5991954799
0.9056165779,0.7749425043,0.9323535252
0.4826541547,0.3794270606,0.3509831872
0.1372337996,0.2130299102,0.1527126858
0.2518639298,0.0851134616,0.2572500723
0.8991950673,0.8370506215,0.9966830559
0.8866881267,0.6211510272,0.9803343566
0.3272921531,0.5537740756,0.1166000297
0.4162373490,0.6082632729,0.6066970224
0.3779550178,0.7007566949,0.7097742307
0.7017439438,0.9998461489,0.9230677511
0.4125226845,0.3347618163,0.8115147066
0.4483324557,0.4447703328,0.5891901122
0.4130405893,0.4140511214,0.2655487852
0.6992390963,0.6062787771,0.8989618292
0.9629285361,0.9120971632,0.7565370437
0.4959077089,0.7205076249,0.5801707413
0.8321129781,0.4968175596,0.6975457911
0.4515794570,0.7871558613,0.6493522133
0.4258531075,0.0858645912,0.0647437776
0.6674812283,0.5831648182,0.6202778763
0.5108772928,0.3883469725,0.4498094676
0.5785798316,0.1822192633,0.9726103552
0.4967371466,0.2859875113,0.1188334893
0.5119165413,0.7375917745,0.8946159009
0.4247286534,0.2757759861,0.3522779984
0.0357590147,0.0346164108,0.0749547827
0.6855496973,0.5013255913,0.3295683861
0.8688553164,0.6305576217,0.4164707463
0.3026501512,0.3042911302,0.4033485462
0.0838802280,0.0627285483,0.1221306768
0.4221765974,0.6037857764,0.4463177624
0.5928372282,0.2407878660,0.6312829066
0.3898186797,0.1261703411,0.3053878118
0.4695094556,0.1492720149,0.2722183385
0.9020675093,0.5623680915,0.9634392102
0.0939034219,0.3708331611,0.2026427175
0.3687534705,0.0322439657,0.1703119563
0.5342468424,0.2978899406,0.1783799636
0.5616751968,0.4527089238,0.9128062159
0.1555317563,0.2285723454,0.0508543052
0.3319360402,0.2284672041,0.0604578127
0.0490268717,0.0741462033,0.4166231184
0.9115579407,0.8451172346,0.9249665413
0.5222772237,0.5761603060,0.5570321888
0.0430941524,0.2592389440,0.4666483523
0.8842364624,0.7725940357,0.8305185284
0.7864012185,0.4554224089,0.2397738424
0.1287743811,0.4381780654,0.3571294694
0.5423896188,0.9497528206,0.8265630262
0.0795535833,0.1452673194,0.4051345326
0.6557258042,0.6130090645,0.3421501846
0.7272783277,0.3968416045,0.8512436245
0.7156694081,0.6445113347,0.5967127316
0.3264292873,0.2744979640,0.3047030371
0.2931167297,0.1939975836,0.1527635379
0.5651475166,0.6126954105,0.7051672757
0.6149722345,0.5733182442,0.9595059736
0.4135445542,0.4091833961,0.6593592406
0.8219246974,0.8396222807,0.9602328138
0.3618987590,0.2631249539,0.0988844552
0.8386790067,0.5446028453,0.6499255524
0.9974048941,0.7925327608,0.4316255515
0.6888773908,0.4310178999,0.4688199822
0.7897224269,0.8337097106,0.9013299445
0.2714316027,0.0688845108,0.3619234951
0.9957346956,0.6923953756,0.9699777105
0.0292378312,0.0919505057,0.4275418384
0.6729914868,0.7257776251,0.7827751095
0.4373370808,0.3223874529,0.3575564450
0.8809106302,0.7260691239,0.8377772540
0.1358197313,0.1867853058,0.1833332471
0.5944962245,0.2487610327,0.5262504822
0.7389236045,0.5201087037,0.8063073350
0.6616374334,0.8565088196,0.7700397488
0.3913743354,0.4965545361,0.3415626766
0.3308774253,0.4567208355,0.7522634490
0.2322997228,0.2779347735,0.4374827348
0.5310639571,0.6381076513,0.4979889739
0.7987640700,0.9620689135,0.9052006314
0.9370032184,0.9791022792,0.6204823043
0.3041059447,0.3339373909,0.2751771628
0.9385363510,0.9396940812,0.9009055791
0.4729373730,0.4680633648,0.1711940872
0.1977441868,0.3953095411,0.3626952750
0.3071332726,0.2639747972,0.3220505714
0.9611251785,0.8638635200,0.9979452848
0.4544493744,0.5654844163,0.6707593381
0.0565030968,0.0966286899,0.0097403337
0.8057152784,0.7352875232,0.5328603270
0.5360338130,0.6293988356,0.4064638493
0.3126482237,0.1358861370,0.2890887507
0.9773291396,0.8313155874,0.7667312061
0.0604080500,0.1352414630,0.1701897418
0.6928620550,0.5073995586,0.7183958608
0.4420527515,0.4686476075,0.5316088212
0.2427208610,0.1618176766,0.1188514821
0.5221633126,0.4241084677,0.4267960100
0.3439140337,0.2502454380,0.4262299409
0.0824475189,0.2125386793,0.0320913033
0.1935821016,0.2446132548,0.1882494614
0.6394179857,0.3844639067,0.6413590269
0.8886755837,0.8208331028,0.9729940721
0.5082052211,0.4723639956,0.5524526923
0.5350639023,0.2120346953,0.2653901365
0.0159042587,0.2001805100,0.1661720403
0.5377068577,0.0979856543,0.1950273069
0.6044239222,0.6188513639,0.6977874388
0.6484204762,0.9854365172,0.6826537903
0.4684881409,0.2152436277,0.1518260051
0.4693579548,0.2640341544,0.1340378341
0.7636042599,0.8582144432,0.7979203497
0.6472640259,0.4685027828,0.9024342319
0.6448700174,0.6910227607,0.4238302447
0.3212008933,0.1666379104,0.5893079674
0.9936444199,0.9210687120,0.4299537610
0.2645859141,0.0961243138,0.0721677165
0.6708114192,0.3798516556,0.4777628057
0.8501974786,0.7046854012,0.9490753558
0.3293418121,0.9240977999,0.3643540419
0.6504253629,0.1982237563,0.3004020195
0.1360899346,0.0983910917,0.1363830052
0.7219059446,0.9623437521,0.7753785567
0.8220935797,0.8037618749,0.8707319084
0.1622897201,0.3660243213,0.0020832883
0.0306091661,0.1348255410,0.4385486101
0.5286066582,0.5386470745,0.6678657727
0.4194473076,0.6335050054,0.2690624165
0.6238917609,0.2645871532,0.3129668216
0.9533636563,0.8786502905,0.9057949564
0.1056096669,0.1033142061,0.3034186881
0.5133922755,0.7202403582,0.6966205839
0.4448056170,0.1839529517,0.0714452728
0.8602421776,0.9868748385,0.8619288221
0.0088660119,0.1552207460,0.5438909451
0.5768786561,0.6726179896,0.6119298553
0.1642095981,0.1817822480,0.0738916358
0.9233521398,0.9303442921,0.7478107128
0.0082026464,0.0893729707,0.0462620023
0.4046283231,0.3207994660,0.4482784727
0.0997318795,0.1153930002,0.1792636091
0.4364088021,0.4738670252,0.4685972032
0.8537417033,0.5411250139,0.5571551234
0.0413453833,0.2800879159,0.0619254317
0.5889824430,0.4167156780,0.3998313600
0.2352377523,0.2501402476,0.0865795111
0.4948473188,0.4527277005,0.1451796444
0.2570174509,0.1013177317,0.2079390766
0.8399733151,0.9118514999,0.9080718669
0.6146337814,0.7976830760,0.8502796146
0.0320645235,0.0436686139,0.2069836493
0.7745628667,0.3117351633,0.5708569232
0.3033389119,0.1113923840,0.4761939985
0.7828093304,0.9792500859,0.8298371325
0.6390788359,0.5179281903,0.5760554635
0.3881968387,0.0996236546,0.0076083292
0.5622235279,0.3439758331,0.4126797073
0.2051977837,0.3073626030,0.4841833942
0.2671219051,0.0695119367,0.1617609869
0.7984014109,0.6910605906,0.4704452664
0.3442644961,0.4431789622,0.2961056064
0.4663867694,0.4788837010,0.8051943005
0.9483455038,0.7598373355,0.7566621702
0.4819867231,0.4224723705,0.4611590308
0.9265607047,0.8769860010,0.9364135218
0.6632972256,0.9249780332,0.7701030312
0.3745278144,0.8976963712,0.4462416717
0.1112499562,0.3239744789,0.1802875651
0.0698456682,0.0026748566,0.8791227766
0.5779288766,0.0315038828,0.5598573991
0.3729510840,0.2404319970,0.4407964600
0.2172318045,0.1091541255,0.1617360602
0.7469808516,0.6701468499,0.6195272312
0.1876565349,0.1943809354,0.1628518246
0.5872024515,0.1912356545,0.4253538592
0.1404514949,0.1321972268,0.6902783765
0.0414781713,0.3721887489,0.2180178812
0.1221960273,0.0947692534,0.7862678714
0.6602969896,0.7447538003,0.6462009155
0.8285274660,0.4922413479,0.9940942222
0.8518050339,0.6800422608,0.8911298589
0.3593179109,0.3012662523,0.5439053521
0.7079162066,0.7891835302,0.6431190092
0.5342755747,0.5336007977,0.4803323899
0.7144985224,0.7961412345,0.8737364990
0.9606229934,0.8844466810,0.7668019632
0.9819650127,0.9377699697,0.7948609203
0.9159968114,0.7320548378,0.5856270699
0.4687375980,0.0249345627,0.5814406808
0.8835436027,0.8978999005,0.8991299463
0.3166986769,0.1429122748,0.3415511045
0.8249035978,0.8162905749,0.9160932318
0.5156592245,0.7286263822,0.6116831877
0.9820079946,0.6939907695,0.8317513474
0.6840392736,0.8259073494,0.2324263695
0.6881073540,0.6324024609,0.7173946214
0.3427985268,0.4726191521,0.6165659413
0.0733249667,0.0055702042,0.1031468143
0.6819534509,0.8546637465,0.4433336035
0.1329085635,0.3227997686,0.0774330886
0.9052155980,0.6149244040,0.9935789175
0.8966980545,0.9670064769,0.9896062197
0.9341551214,0.8291795780,0.9174141811
0.2889341746,0.2935476260,0.3318941662
0.2634175278,0.2662269880,0.6648438972
0.5337150322,0.8755908945,0.9171987468
0.3860136156,0.5046458257,0.2764483598
0.2682709737,0.1126379913,0.0584595801
0.7506784285,0.6735315363,0.3470885221
0.2883869509,0.4707394111,0.4805872566
0.8742477744,0.8215849922,0.7091820937
0.3394024150,0.1794020794,0.6510859370
0.3426041019,0.4114605810,0.6233367228
0.3827953323,0.9136850452,0.4336570063
0.8896667724,0.8443515512,0.9630276540
0.5251095706,0.4952128617,0.8432006931
0.6381720721,0.0885832205,0.3155923012
0.6670629048,0.3485529283,0.4655434808
0.4184513660,0.3054053062,0.3459664071
0.6817162102,0.5503694112,0.5917745735
0.7836681926,0.6736319122,0.6806966800
0.0090894331,0.1714667863,0.0655586079
0.8257491988,0.6815914111,0.4371082016
0.8218136292,0.9315896114,0.7775889600
0.4660078745,0.6845515926,0.7668399656
0.6640051030,0.5810922176,0.5129513079
0.3279980366,0.9774752251,0.5745567633
0.1034937365,0.2039783202,0.6523143381
0.9377335880,0.9136807487,0.9786909167
0.9720446576,0.9831266549,0.9140299368
0.7732043138,0.9792493113,0.7508813319
0.5029795005,0.5605877724,0.5659668187
0.4595573123,0.6343806634,0.8339892404
0.1694962584,0.1291922232,0.0339102177
0.4209914482,0.3552744306,0.4640842332
0.7888040807,0.6678613851,0.8071639723
0.2828867973,0.1558295469,0.0013840342
0.1409014327,0.0959844465,0.3128414922
0.6006210078,0.7840140153,0.6283854091
0.0987513136,0.4794698282,0.1218816304
0.2099171816,0.1834752366,0.5267402514
0.7610588485,0.3250802272,0.3924238103
0.0480078320,0.2626159378,0.4932180141
0.1654081389,0.1221441622,0.0343748672
0.5908538561,0.4257012355,0.5230382164
0.4002939621,0.4162547546,0.3367587629
0.9581888703,0.5290392205,0.7563568850
0.9448849800,0.9916663153,0.7952555328
0.6729008252,0.9217952017,0.6629227304
0.6238362946,0.8736042520,0.6074251717
0.2130955340,0.3242288618,0.4374486568
0.9718247473,0.9107997809,0.9555233393
0.1032038077,0.4576233311,0.1555358686
0.6628446623,0.2414916144,0.6822991620
0.4759743351,0.4811367633,0.6763970705
0.2285531499,0.0319577405,0.1473306074
0.5415541479,0.4857005739,0.6965099757
0.4226648409,0.7761392201,0.7606738666
0.7781659141,0.6867775545,0.7221275360
0.3897642930,0.4481398378,0.3807958221
0.8418151065,0.4121995697,0.9253565142
0.0460922856,0.0839428547,0.0915554574
0.5668390165,0.5222697169,0.4597236904
0.2538139095,0.4756938766,0.3909311394
0.6708059448,0.6829574609,0.5362138400
0.1027895862,0.1923069204,0.4172563743
0.1375171587,0.1092452190,0.3216170829
0.2564074679,0.3049345276,0.4857348374
0.4380774269,0.4527598067,0.7662022001
0.5865175760,0.5380858039,0.6372106392
0.3339073666,0.6370572534,0.4812569842
0.2539878474,0.3530757974,0.3959295322
0.9512916269,0.7157333713,0.7719140101
0.3712456989,0.3961361803,0.9625664663
0.2871565865,0.6577851634,0.4504729708
0.3406027539,0.5084662156,0.7854536058
0.3377868950,0.5287326559,0.4089481599
0.6486748615,0.8271895004,0.7944939853
0.3851333788,0.8609061828,0.7441479181
0.5312304788,0.4613075336,0.3103784801
0.0312509687,0.0844382654,0.4906742688
0.5984505692,0.4790055966,0.4348975473
0.1695076646,0.3037242596,0.6974837915
0.5532185816,0.7429019311,0.8204402332
0.7259848715,0.6673641963,0.9464730805
0.4352016981,0.3977899273,0.4065750519
0.9439283532,0.8804346290,0.7800652795
0.1450940655,0.2228190739,0.1133823548
0.3884132798,0.5648940774,0.5006452389
0.2949951341,0.1751256360,0.4059183075
0.0268774430,0.2572186968,0.1720609925
0.5222584069,0.4740510299,0.6724639872
0.0031208033,0.1444485004,0.0680416658
0.0379390614,0.1961630246,0.0101991914
0.0701404695,0.6570136830,0.2805365509
0.9153122524,0.9486380991,0.7118969616
0.5116676626,0.0243315677,0.0921969778
0.7950877444,0.9946737609,0.8789700945
0.6031456833,0.6788201611,0.7006437920
0.8543293075,0.6085663321,0.7056388894
0.7382572404,0.9560332796,0.5890271704
0.3233980352,0.2261553976,0.1271581726
0.7942508119,0.6686187727,0.8484299665
0.3948664961,0.4536461131,0.4718240840
0.8396795947,0.7061858995,0.7376580900
0.7908591936,0.8377299422,0.2552700810
0.6765743395,0.8844902490,0.6861974818
0.2580084678,0.0372847931,0.0959297084
0.2454736481,0.6383267731,0.7783560151
0.2351767729,0.5059156135,0.5657328735
0.7683886415,0.6937907583,0.8828367674
0.8126424848,0.2254960108,0.3968908939
0.8532348861,0.9196205682,0.7813954203
0.4779320238,0.4910199650,0.3955774361
0.8645436695,0.7599315835,0.9022390888
0.6939903333,0.7005631122,0.3646158865
0.4378785401,0.6877043946,0.4370014415
0.5452078964,0.2487673533,0.2709964384
0.9553849233,0.9497770726,0.8204127542
0.9528937635,0.8340992366,0.8764136356
0.2674193341,0.2554625684,0.2175976659
0.6678525853,0.9868196050,0.4632911835
0.3529048225,0.4825930685,0.4743865015
0.8482847383,0.4616340783,0.9647812267
0.2616091066,0.3313127464,0.2059983429
0.9575424836,0.9612293041,0.8186272073
0.4045282491,0.1153434967,0.2711692065
0.9608115687,0.9933423538,0.9935916769
0.1530039748,0.0489508819,0.1303552911
0.5270479755,0.3331221455,0.4546096174
0.6680769573,0.4900236594,0.7912809402
0.1753740631,0.6220885721,0.1963069823
0.6454794795,0.4503386070,0.6713132938
0.7715326146,0.8590772359,0.6756753581
0.8391937904,0.9538742654,0.8990112284
0.3463509761,0.6361508230,0.3217907717
0.4159663369,0.4747120824,0.3296742436
0.9107567064,0.9197457048,0.8664574248
0.1916560354,0.0488198946,0.1239232546
0.2881684111,0.5891772759,0.5210490689
0.1109117537,0.3936074149,0.3512555262
0.7855274162,0.6434878415,0.7513132191
0.4671941030,0.3271011673,0.5477326787
0.7080960346,0.7448502102,0.9873934797
0.7575084372,0.9067071725,0.9756326492
0.5159577892,0.5593728314,0.2464808030
0.5827593514,0.4889179797,0.3823736318
0.1124977260,0.0574089291,0.0631533654
0.8492825360,0.6095793713,0.6389591517
0.3772955005,0.5356076458,0.4970586678
0.2079178134,0.2417367960,0.5517115008
0.4385295610,0.3646869673,0.3992727040
0.4812238859,0.5286752931,0.4120296843
0.8471128800,0.8500485627,0.9683482482
0.0070711988,0.0133576825,0.1333511916
0.6806000296,0.4648412410,0.5278244312
0.0996926551,0.3877457967,0.4949659544
0.0110189477,0.1620859692,0.0134928150
0.5767892321,0.1372079281,0.0791209842
0.4896584837,0.7178989264,0.9970750536
0.0362356919,0.0002651940,0.2070213098
0.2740801665,0.7022355712,0.3370828281
0.4735325012,0.5074846901,0.8049709572
0.0686326663,0.1224600632,0.3612270780
0.5226419373,0.6713805886,0.4424182842
0.1149833708,0.1014204008,0.2947835135
0.9914991546,0.1413326263,0.5043232788
0.6176592834,0.6758354579,0.3640281913
0.2014922345,0.2227233883,0.1059203852
0.9386984148,0.8953682984,0.9727373183
0.0900763580,0.5013965914,0.2964168882
0.7378469312,0.6939194064,0.6517480617
0.3580220528,0.5779322355,0.3383186966
0.7279567734,0.8733858770,0.8450342180
0.1528994075,0.2770789100,0.2768403410
0.2995112276,0.1165226467,0.6398278570
0.8897667601,0.6044712816,0.8105378152
0.7863476741,0.8034797806,0.9791151554
0.5641500807,0.9765393622,0.9506159766
0.3952109057,0.6620564893,0.6006245849
0.1029222245,0.1134772403,0.1909396495
0.1411120716,0.1208404659,0.0767383631
0.4556607210,0.2550532687,0.4722199694
0.7175494963,0.9440743106,0.8579073654
0.7736501130,0.8335965476,0.4027591237
0.0366850965,0.2199757113,0.0063751872
0.0541506350,0.1419599647,0.2850389781
0.5985012705,0.8706102488,0.4873758472
0.2216596367,0.0638191839,0.0346725653
0.9122005349,0.7627023008,0.9780800250
0.7850591579,0.9961159757,0.8402417236
0.2410888621,0.2915861693,0.1292151295
0.5387455472,0.4138096121,0.3861262616
0.3415603916,0.1196511988,0.2638315920
0.6183251613,0.5351619242,0.5352981606
0.3849990370,0.1338928739,0.2241798159
0.9065701983,0.7863523417,0.7172636776
0.6598422115,0.9704466481,0.7970863524
0.5888451259,0.6646417210,0.7038741499
0.5944062048,0.9364239147,0.1379398467
0.0021346413,0.3521834291,0.0466965317
0.8723146204,0.9465522902,0.7443502931
0.9344476718,0.9574414473,0.8643238801
0.6900722187,0.4594548002,0.3623913151
0.8745146050,0.8341522590,0.6975426034
0.2024644683,0.4107854466,0.4340449498
0.5515860027,0.5637437308,0.6006215424
0.0142632668,0.0916389700,0.1768807688
0.4328771026,0.1364290391,0.0710928822
0.8935874916,0.9371288431,0.6166903027
0.9185458275,0.7979409502,0.9952429151
0.6369976418,0.1432642752,0.1894552811
0.1268380509,0.0706822747,0.2530622473
0.2945121409,0.5164035816,0.2706830076
0.9879683057,0.5859824960,0.5641345240
0.9364884381,0.7740930592,0.8807305984
0.2685996583,0.5290348801,0.2766414194
0.1269824846,0.0670282227,0.1184338509
0.4754240155,0.5938684059,0.8464481924
0.3906573833,0.1335051093,0.2024048615
0.9742562945,0.9229656685,0.7959381212
0.2519743102,0.0249775197,0.1532724533
0.4416866721,0.2928931182,0.2107157004
0.2700397472,0.5603610181,0.3961922246
0.8598704520,0.6462553497,0.9735453915
0.3025113973,0.0849548147,0.2844104070
0.8914572621,0.6631727325,0.6025498151
0.6123570697,0.6652618652,0.4622617993
0.4410726158,0.1907810870,0.2954369707
0.3835919471,0.7621767925,0.5538750567
0.1539037334,0.0690502323,0.2882629189
0.9192172549,0.8337687782,0.9768260190
0.5904064954,0.4682678892,0.9200855450
0.0015994500,0.0147823410,0.0576838017
0.3857587262,0.2743354605,0.0731811266
0.8519596843,0.8815254679,0.8423052371
0.4620530123,0.2869038068,0.2355016474
0.7960403047,0.6650247993,0.6765688304
0.5909173271,0.7830116410,0.6673523800
0.2495176306,0.3411184379,0.4621949976
0.9154974639,0.5413511626,0.6214591223
0.0328030756,0.0683443556,0.0547077253
0.3773520591,0.0598967479,0.0136705589
0.1408279685,0.2244659056,0.2995782401
0.3257444442,0.2594288212,0.2027230023
0.8548675852,0.8036244062,0.9198038651
0.5968748498,0.1480728813,0.6638606901
0.6991272547,0.5109680453,0.6548559496
0.4531603044,0.3676644031,0.2611338685
0.1703081774,0.1233046588,0.9112095864
0.2919253723,0.3860728710,0.1494769343
0.6224294820,0.3856622474,0.5007185116
0.2115328100,0.1974595952,0.3873076585
0.6176107921,0.6637050657,0.7063380226
0.1046656020,0.3919826830,0.0863858009
0.3548874350,0.3029552340,0.4735338096
0.2527358586,0.9448650507,0.6299133859
0.1542313088,0.1946742254,0.0510319398
0.6572572914,0.4325771588,0.4184931275
0.9145553721,0.9890625730,0.8442055127
0.7746546824,0.8656163609,0.9643021085
0.1491879104,0.3647270643,0.2236927201
0.8131775264,0.6203241243,0.4371729938
0.3537076910,0.2189543389,0.1244077580
0.0914626629,0.2120644955,0.2210333210
0.6064136268,0.6369400912,0.5410438698
0.3381468241,0.3385574197,0.2367387303
0.4326754952,0.3487458459,0.0365551465
0.7143665833,0.4980583648,0.6719266591
0.4480063241,0.3753292261,0.5613314638
0.1274017276,0.0229838572,0.4075050361
0.4575708454,0.0074438943,0.0959404233
0.9639080423,0.7466867033,0.7872274894
0.5852046586,0.8988361195,0.4301553641
0.8976507267,0.7450947083,0.8667796636
0.0164544389,0.0962131970,0.3102279768
0.3573730219,0.7721698847,0.2715724054
0.8109239482,0.7586095190,0.8786250493
0.5348053892,0.4251392506,0.4517034228
0.6689677624,0.8036187796,0.9552576251
0.1252246344,0.1619933268,0.0384242759
0.2582069251,0.1166682750,0.2440729294
0.1692765034,0.3633461326,0.7523613404
0.1349793022,0.1778769593,0.0518839696
0.4664695514,0.3432035928,0.5946145662
0.4223221770,0.2568446116,0.5278856349
0.6649947902,0.4089033273,0.9215479120
0.0958483650,0.2325174634,0.0330250561
0.8210594284,0.9739644810,0.9574182387
0.0597280469,0.2277507746,0.1424733256
0.5413794802,0.8368580676,0.4063477061
0.9759924417,0.7937549013,0.9346278180
0.5059165782,0.8462565198,0.4625580040
0.7150740469,0.4797846554,0.7150632264
0.8838703763,0.8893689457,0.7580717227
0.5985588498,0.7746563454,0.7614006010
0.4551799456,0.0970732182,0.0688604575
0.2377445523,0.0728670765,0.2810093729
0.9531694869,0.8952848335,0.9852590018
0.3725054432,0.4776464190,0.4977188897
0.8913995256,0.9605356323,0.9360067612
0.0809324822,0.0904631298,0.3955327589
0.2017221047,0.5305001769,0.2983741044
0.1656172708,0.3758689121,0.0711929413
0.8000112754,0.6185399778,0.8410346132
0.6449754452,0.8174214420,0.5800640094
0.0156741070,0.1746849981,0.5709660052
0.5332981899,0.6220441671,0.7132681031
0.8408525720,0.6850701783,0.5796758766
0.1573248305,0.3165119865,0.0778532241
0.0369248557,0.0192431198,0.0656832675
0.5506949574,0.5080790600,0.4858048943
0.4360605452,0.2912271432,0.2710987267
0.2708173798,0.2497500492,0.4198917998
0.4795744121,0.4415028696,0.2690815647
0.0419964706,0.0629119991,0.4130012556
0.4795782262,0.2786702932,0.2406474445
0.9074210262,0.7140456372,0.8081545452
0.3405816544,0.5391234155,0.5708096447
0.1968059489,0.4105340246,0.2553513717
0.9633124863,0.8017975692,0.6477276022
0.6605006521,0.8689387091,0.6266976476
0.0977316609,0.0537842899,0.0494644012
0.7189046927,0.9276244088,0.8139941202
0.0758868711,0.1466898470,0.4176520003
0.3585168510,0.4867513462,0.4703865634
0.9049728810,0.7422409128,0.8989728662
0.3649893603,0.3769934742,0.4433698269
0.7113122975,0.5097378610,0.6887490113
0.6722070723,0.6754642128,0.7162826090
0.7641603390,0.9107817276,0.9711392211
0.9870325479,0.9395387134,0.8899608119
0.6895071081,0.6788179006,0.4835535977
0.7471017807,0.7264048576,0.7078342704
0.5056950667,0.8367586427,0.4082318812
0.1354507693,0.0480644767,0.3682860699
0.9832838643,0.7840617646,0.8388368371
0.3231338358,0.2442765216,0.3161524223
0.1701925273,0.3634471985,0.0149296319
0.2471380743,0.5538462148,0.4839786246
0.6462475531,0.8702420216,0.9310665477
0.7352353745,0.6211939756,0.8909309187
0.9179847250,0.8654916660,0.8490097596
0.2151509134,0.3454693882,0.5578011855
0.3863692499,0.7420823985,0.8618456293
0.5980864530,0.6489683662,0.4676391838
0.4244619859,0.7130774629,0.5719552316
0.8474248961,0.6597808256,0.5165317147
0.9747071065,0.8571673246,0.8018077375
0.6945318241,0.9785630267,0.8760387499
0.0472652896,0.1561242628,0.2545861221
0.3905819602,0.3248993608,0.5262100058
0.1474960292,0.1106910341,0.1220267838
0.5766785121,0.4025525573,0.2821112886
0.4762340791,0.2014432166,0.7166884596
0.3516746061,0.5421165019,0.6597991871
0.1427054512,0.3268411895,0.5837609254
0.1753856575,0.3803960958,0.2774226120
0.5857392326,0.7023524787,0.8344428337
0.5498186492,0.4555683889,0.6502069138
0.1488852828,0.5345066430,0.1835009610
0.5162805895,0.3430844450,0.5743160702
0.2374176931,0.4128085440,0.3388493304
0.1154628945,0.0471962369,0.1883584166
0.1748406676,0.2429708810,0.3160475922
0.5519456453,0.7881720934,0.5544483330
0.5459792172,0.5896287757,0.3171485255
0.3379707702,0.3216825008,0.6201483487
0.6772859903,0.5837143379,0.5342536942
0.1576233249,0.2708498768,0.7633418299
0.0536788760,0.0163716881,0.1678144023
0.4608394353,0.6584498803,0.7672532313
0.6705656606,0.6283591734,0.5376073249
0.1142024892,0.3599097189,0.2015459149
0.1017018544,0.1653705623,0.3303296373
0.8369576150,0.8698434525,0.7172047604
0.9335427720,0.9694512676,0.9274287620
0.4628429950,0.6100707254,0.7845961269
0.3727442225,0.4611057658,0.5490015497
0.2312418160,0.9933267215,0.5324063881
0.9902817293,0.1431892068,0.0169566970
0.5094224956,0.4611267932,0.4573049608
0.7171690016,0.8812116681,0.8507520199
0.7859993210,0.7803939286,0.9605619091
0.2115193877,0.2740971990,0.2905236244
0.9658803849,0.7139269556,0.6997932400
0.8539253352,0.8146936473,0.6944516531
0.9744227921,0.7933244470,0.7868746641
0.7240719957,0.3534216725,0.2834634046
0.4227861665,0.0049769221,0.4882628517
0.3974055977,0.3333109074,0.3270086378
0.9438341344,0.9501090612,0.8491066088
0.7461853732,0.2452995064,0.6861904138
0.0090667862,0.2890805552,0.0793021225
0.2011464740,0.5009941926,0.3810811128
0.7537840696,0.6976488720,0.9496546141
0.8407935442,0.9931461121,0.8616082354
0.9419253723,0.7193445210,0.9343756324
0.6693771047,0.8040483654,0.9198546985
0.7116159210,0.7007256464,0.7569032798
0.8219038398,0.6207654577,0.9440076814
0.6305894086,0.7512952052,0.1928887205
0.5409799287,0.1178130679,0.7665350030
0.4114132266,0.2205898644,0.4301421953
0.8984326378,0.9444903891,0.8177795463
0.4657519565,0.5808228220,0.4304102088
0.6587867747,0.3770568936,0.3006863556
0.0712254073,0.2581268983,0.1000652361
0.2309149167,0.5755582107,0.1067515012
0.6510487704,0.6420354761,0.6743750320
0.2157251725,0.2862829503,0.1674956556
0.3671667669,0.6277593433,0.3022965233
0.2454836872,0.0343358203,0.3492030380
0.6272445513,0.7519680204,0.4639446919
0.6554597711,0.2219869902,0.4474794159
0.1441370100,0.3904396192,0.2406532227
0.5257117488,0.3192678237,0.9230016754
0.5615950462,0.6468268825,0.8335430468
0.8610071232,0.8625061585,0.9700104255
0.8946278511,0.8015227961,0.9751530877
0.6834844800,0.7067422879,0.5676040559
0.5398850893,0.7996059058,0.7610582180
0.0343302773,0.0837556154,0.0253072895
0.8887665615,0.9834427033,0.9362620292
0.2688800381,0.3452743641,0.2783929286
0.9009864283,0.4248432087,0.6589135580
0.5080296064,0.4261590257,0.8091655352
0.9686417286,0.9140326576,0.9339279314
0.3560514735,0.6664562265,0.6047807371
0.5964235584,0.5977863552,0.6470223736
0.5285403863,0.3671352219,0.4365347608
0.9022868315,0.9770953871,0.9522915063
0.6991920355,0.8897192986,0.5401750093
0.1491223132,0.2057075685,0.0752657671
0.6151298594,0.3293254922,0.5634680172
0.9085941052,0.8938841597,0.7872734981
0.7720014694,0.2668896167,0.2834855218
0.8324549884,0.4597506586,0.6484896450
0.8272330289,0.9964946703,0.8592795424
0.0355387459,0.1186820706,0.0749579875
0.8655722756,0.8984578340,0.7445428999
0.5402864235,0.3837911405,0.7448142519
0.5168043677,0.9064575742,0.9351368870
0.1148306765,0.2798887203,0.3623625520
0.0379232740,0.0295354169,0.0101510006
0.6777232564,0.6011777693,0.5339919236
0.3660399400,0.1282533930,0.4692103216
0.0735149646,0.0454247729,0.0428068723
0.0357922999,0.2675348282,0.0801665278
0.9504962201,0.9961476960,0.8779542649
0.5902594438,0.6272418255,0.6655571108
0.0397296382,0.3277993368,0.1080010015
0.3953438033,0.3861671283,0.6993648964
0.7210086439,0.7820167928,0.7390932566
0.5239741285,0.7072973986,0.9024062542
0.4577570739,0.3523668041,0.6047967728
0.8165525683,0.8861770891,0.7224528914
0.0581457598,0.3968488148,0.0718055958
0.4422716024,0.6331410639,0.6767652633
0.0427970403,0.0355715457,0.0328978058
0.8860150701,0.5491626778,0.5996695407
0.8735139128,0.7320936356,0.9356251164
0.2491359800,0.1516174575,0.1156383140
0.0622384786,0.1508762906,0.0890324159
0.4754242616,0.6073924252,0.1588231521
0.2664833975,0.4696745544,0.7385475555
0.7112105850,0.1619440972,0.2527366350
0.1113712789,0.3235082256,0.1545167349
0.1827670675,0.2102816213,0.5111937840
0.0308318667,0.2351626990,0.0275186220
0.0949427510,0.4174837035,0.2159887231
0.6739746981,0.8570289136,0.2460597649
0.2275058315,0.1836893882,0.1918165130
0.1419161281,0.0045920698,0.1716513686
0.5285915745,0.3958022723,0.3065600766
0.9913287588,0.9655019496,0.9254600750
0.9408719636,0.7275649148,0.9838391971
0.3557193307,0.3827494704,0.9154368812
0.2517330777,0.2590992245,0.5608239533
0.8670299546,0.7352495815,0.5663655125
0.8933793788,0.7494858026,0.8096363598
0.8063360052,0.8914052186,0.9248250144
0.4051253460,0.6037915487,0.3483179431
0.2476453687,0.1011186529,0.0569619319
0.7438973858,0.8593245992,0.8906781865
0.5418392200,0.6025942135,0.6476491698
0.1343947574,0.0543697271,0.1888305163
0.4688864236,0.9185743455,0.7854609204
0.6037851075,0.6208374548,0.4802605303
0.9517096008,0.9961863696,0.9439296665
0.6444710306,0.8290227719,0.6217927056
0.1754144415,0.5720967084,0.1586274826
0.1607752632,0.3130936464,0.2841237063
0.6060391608,0.3876181551,0.5362924922
0.1168560015,0.0626713170,0.0836034199
0.3489513705,0.6213064728,0.2531956175
0.4251782660,0.4687888419,0.8924274164
0.4685054498,0.6643387325,0.5226996173
0.9542790541,0.6866463402,0.7744823797
0.5391511737,0.5817260291,0.5992759269
0.6942767049,0.7843851463,0.6142955280
0.7438993989,0.7275729488,0.6068475001
0.2727889830,0.3038474254,0.2564389382
0.6569919442,0.7626071570,0.8942202173
0.8353147138,0.4640447982,0.6467946249
0.1431437875,0.0973390375,0.0792477333
0.3529624257,0.6340001260,0.6197137309
0.9329521994,0.5484544652,0.4482406122
0.7729119106,0.7782702497,0.9024411128
0.7847449404,0.8228413872,0.8327972094
0.3196988796,0.3059407978,0.3451802693
0.7417669364,0.2383900920,0.5302653555
0.8500354043,0.9018868779,0.5169233483
0.4841914678,0.8344120432,0.3834420873
0.8937732151,0.6555949507,0.7731414569
0.2268549291,0.0057010535,0.1502951622
0.9994794592,0.9166281539,0.9892837536
0.3520974031,0.4860862159,0.5347613732
0.6405952127,0.6913841964,0.9974471050
0.0051371341,0.1492750650,0.0356774396
0.6226953523,0.2789686127,0.7335814829
0.9382130030,0.8381732829,0.6606249907
0.2047022005,0.0876838883,0.0605580706
0.9556363363,0.6656752004,0.6948598379
0.9222193824,0.9795312212,0.8312389071
0.6572605139,0.8072718291,0.9602420481
0.6731870684,0.8469707854,0.9866924925
0.5094809464,0.5876003206,0.6049528279
0.8608956342,0.8867447463,0.6496907421
0.0887915356,0.4422612779,0.1969583754
0.6591918767,0.5068727521,0.8972487486
0.2196605956,0.1265996637,0.6834904448
0.7742943397,0.7430170503,0.7703721487
0.4574609083,0.2045376259,0.0932935195
0.9323773042,0.9769475205,0.9920470486
0.4160036575,0.2288836683,0.3351208297
0.9327317223,0.8073069513,0.9063380462
0.7539992880,0.7417620521,0.8395272059
0.2544591452,0.1806362390,0.1020104826
0.3941629474,0.0236166559,0.7265855604
0.1276141676,0.3708487331,0.3236307561
0.0581197866,0.0357678431,0.0953046455
0.6416761780,0.7458215462,0.7868285045
0.7183116079,0.7997734469,0.9396729278
0.5869561468,0.4900034947,0.3684660833
0.8774003910,0.5132091664,0.9876382866
0.1610322243,0.6439189612,0.3263912924
0.8214336202,0.6356303296,0.7672291901
0.3254502149,0.2649616646,0.3576703202
0.6276511260,0.6265952675,0.9836079382
0.4701890311,0.4456094019,0.5674860925
0.5200735363,0.3643692784,0.7599434221
0.2262269234,0.0284544856,0.1369102073
0.7563195860,0.5655236278,0.3443364141
0.7076621226,0.3892854507,0.6298020874
0.6021685198,0.3197955443,0.7183489637
0.7579927247,0.4407543836,0.7150824039
0.1806896908,0.6927584126,0.2117927722
0.8860848609,0.6553766221,0.9543260450
0.4852585058,0.4092725839,0.1901206026
0.9392313180,0.6735798224,0.9661101703
0.0980468164,0.3800369424,0.2553884237
0.4462345782,0.6647064889,0.6963535106
0.7726750074,0.3921981779,0.6364652492
0.7102522365,0.6991906863,0.9275157896
0.9251817105,0.9100141652,0.7156332362
0.2461669624,0.5237062918,0.1325529365
0.7534132167,0.9151335307,0.9623564213
0.2409945311,0.1470547074,0.1164362434
0.6936170014,0.9759071496,0.5694147745
0.3384365390,0.5529044021,0.2453915739
0.1059527413,0.2605091279,0.3882940963
0.2504701217,0.2168907669,0.4402772731
0.0482429199,0.0405198450,0.0219335109
0.5112527363,0.5622652462,0.7519811665
0.1991494577,0.2746901679,0.2306412239
0.8206678292,0.6789938076,0.3977642790
0.7526591624,0.3709628954,0.3196653804
0.3476954448,0.3421170698,0.1562365727
0.1045625125,0.4426088498,0.6668546789
0.4038180427,0.7974569043,0.6342384517
0.6032809310,0.6060482624,0.5670763149
0.4133972607,0.2935551858,0.2466373226
0.2797127079,0.0683104091,0.0858644878
0.9280747159,0.7484049330,0.7723121726
0.8848803610,0.7136734862,0.6641157769
0.6139716659,0.1078457252,0.1174464700
0.9798046265,0.7965680152,0.6653132241
0.5257918906,0.6280414442,0.2254145570
0.8410804714,0.9547923900,0.8797873791
0.7210043492,0.5913260338,0.5268947155
0.0410400934,0.1573675046,0.0415030479
0.0079254077,0.0330632217,0.0352585933
0.4216484419,0.6035343177,0.7554927492
0.1780380038,0.1035517715,0.8398950709
0.2427105105,0.1515643422,0.5473797200
0.2008029414,0.1364562666,0.1627167431
0.9731325044,0.9349817979,0.6003281409
0.1452151530,0.4266028390,0.3659886527
0.3233891494,0.2890764308,0.3235383340
0.8531701854,0.5027070833,0.2803813471
0.5007022094,0.7101940047,0.7886870108
0.2069005606,0.4302570089,0.4647535826
0.0781739179,0.2159719027,0.0506701713
0.2317605061,0.6653214278,0.4251685057
0.9871546251,0.9518882846,0.9401013032
0.9491742834,0.5884908617,0.8053227558
0.3088853089,0.6833596696,0.4774140637
0.4062789604,0.3542484551,0.2555493878
0.0104274474,0.2218231107,0.4444835206
0.9515227945,0.8545480714,0.9636819859
0.4119044915,0.8675803545,0.9594183739
0.9625445868,0.6296773425,0.9081477377
0.3407483015,0.6095495946,0.5204431060
0.6901262721,0.5957747333,0.9467004167
0.7012887593,0.6118389353,0.5283306367
0.2207553478,0.4423470393,0.2696814547
0.8993174863,0.9118234260,0.8873469621
0.7028592809,0.9806055934,0.9808381806
0.0065546166,0.1438912347,0.3098695551
0.2571195307,0.4689569814,0.2718104755
0.9372472649,0.7761053998,0.9629064290
0.7791409283,0.6744943513,0.8892183879
0.3694429565,0.4918163459,0.2767945417
0.6252798486,0.7327263407,0.4133103943
0.4272529208,0.5417803338,0.5764709244
0.3399540343,0.1634345649,0.2753785068
0.0993819579,0.2554029149,0.0956048264
0.1217593033,0.0623216187,0.1447459763
0.1291249383,0.5489911855,0.0754101757
0.1504408118,0.0929797425,0.3291882972
0.1495737754,0.2082497893,0.0159130264
0.1142702462,0.0057138063,0.0592085453
0.2782659890,0.1987926704,0.3654922029
0.3720847106,0.3898382322,0.2049597499
0.1875809191,0.2481304347,0.1188944843
0.0803604344,0.2327178150,0.9686825572
0.6951900529,0.4907194582,0.6111935103
0.2396080463,0.2301318569,0.2142505912
0.9877847569,0.9547390104,0.9685648565
0.8115603550,0.8637683743,0.8175434439
0.5106856290,0.6468353801,0.3881374936
0.7578669448,0.8071922310,0.9210578867
0.7182815687,0.2029603931,0.5851813211
0.0199019320,0.1861352085,0.3534696449
0.8581577970,0.7122205298,0.8267572800
0.9437614665,0.9179217580,0.9236733687
0.2004513659,0.2536349638,0.6182357751
0.4898269180,0.5995555770,0.6056208845
0.8826235213,0.8629050063,0.8365588938
0.9049590112,0.6280155828,0.8789552884
0.2536631193,0.5786424587,0.3843384453
0.7822089203,0.8068462725,0.8650408382
0.0763207081,0.1954450952,0.0661419420
0.5433371819,0.5972421274,0.4458417275
0.1184100583,0.6038062561,0.4046187058
0.0260162857,0.5298671066,0.0557573468
0.7529741305,0.8373754585,0.5887243093
0.7946863656,0.5506979160,0.6508973207
0.4371787414,0.5776652337,0.6004692533
0.5527651899,0.3340656865,0.3585719041
0.6557727812,0.7527590340,0.7612313401
0.7579044112,0.8332176356,0.9281553336
0.0596712955,0.2910321232,0.0058422623
0.9114626765,0.9487273229,0.9656155144
0.0916861781,0.0841975107,0.2605505611
0.4065501011,0.8979490519,0.5118979842
0.2746349922,0.3724292529,0.2424550127
0.7543930860,0.1174972499,0.2366783383
0.5364095450,0.4136664924,0.8008002412
0.6924384406,0.9778563589,0.8096563306
0.8198529715,0.7288145416,0.9499275486
0.1805448163,0.5155150460,0.1347938740
0.4610343737,0.5453592043,0.7984054678
0.5046672231,0.1698920641,0.1426456475
0.2056072165,0.1268663190,0.0533056452
0.2595452131,0.7062596512,0.3938063838
0.4614288985,0.5859682722,0.5520916324
0.3585090702,0.1765665842,0.3461735142
0.1861861441,0.2928264912,0.0426592170
0.8690377504,0.6865376705,0.7121892078
0.3906349246,0.8218516895,0.2089189412
0.9232303681,0.4648705381,0.5876177955
0.7283346674,0.8559821231,0.9587562064
0.1257013381,0.0709184228,0.0456285968
0.0417446802,0.0394425557,0.0664562715
0.9158216929,0.7532713844,0.7753676986
0.9724111938,0.9058424286,0.8764601104
0.7221653855,0.4998854820,0.7602125037
0.4330247657,0.2535558879,0.1815227720
0.7766452929,0.5607774301,0.4402338192
0.5724968391,0.5567548104,0.7674664485
0.5995728755,0.7920160593,0.7743454754
0.9103178338,0.9319454238,0.8565789243
0.2412695773,0.6185271005,0.4475326970
0.2472843379,0.0903127029,0.2106475433
0.9342536013,0.8334579258,0.9967081702
0.5425911780,0.9480781709,0.7113983289
0.4556116553,0.4593236537,0.4662108900
0.7428156619,0.7786350354,0.8349528221
0.6902144679,0.6388306277,0.4128320659
0.4726302339,0.4924617705,0.5857068301
0.2966788499,0.0985592022,0.1211105311
0.8393524297,0.1808673580,0.4663722454
0.9760067228,0.8851412786,0.8567344344
0.8402817957,0.7764809029,0.9767159870
0.3500065228,0.4579751150,0.4683865815
0.4397219010,0.5459755556,0.9823440293
0.8878849179,0.7430940865,0.8699718000
0.8766402875,0.9711760998,0.7746605070
0.2231193196,0.3652618871,0.2294347595
0.9586760363,0.8958051663,0.7183197345
0.4794228622,0.7960408764,0.2540247776
0.9448410894,0.6812166063,0.4841605604
0.8387530505,0.8863289663,0.6437358505
0.2522768101,0.7287786698,0.2256351026
0.5936122175,0.4824032302,0.5621595455
0.3471969753,0.7457385209,0.2419909694
0.5685674746,0.4894492114,0.5487199681
0.1622106553,0.0434751127,0.2028841190
0.6046865720,0.5479567287,0.4854092297
0.5946292866,0.5952965410,0.4423470781
0.8111316386,0.4684455684,0.6392562727
0.5234621999,0.1393687405,0.6517927243
0.8655284753,0.7891725679,0.7717487869
0.2806397115,0.6911926287,0.2297462203
0.7577950888,0.7925076337,0.6949209724
0.6443893412,0.3554996963,0.6497562464
0.5778500437,0.2982161121,0.9901570579
0.2205272981,0.6436312315,0.8805897788
0.7177803922,0.4156153037,0.6076926154
0.9698368715,0.9680290099,0.9768107367
0.9989517549,0.9199183404,0.8648608608
0.7454001721,0.7647978248,0.7713297763
0.0965400832,0.0783333219,0.0923451091
0.4523681245,0.6312866151,0.4283104636
0.6765549299,0.4711306170,0.2906344132
0.3067743742,0.1742416154,0.0192700965
0.2992202460,0.1962327076,0.3128881994
0.0049303284,0.1286117431,0.0683073628
0.8160262300,0.8084737892,0.8322033302
0.8285947592,0.9870837569,0.8566297131
0.2123413672,0.2970797850,0.2046816751
0.2942989821,0.4229996286,0.1999305195
0.5983615866,0.6289417925,0.7185333690
0.4130264904,0.2243975235,0.5027888857
0.8316944299,0.7269722679,0.5094360675
0.6205882786,0.2991957320,0.2807772271
0.6713270697,0.5077151443,0.2982942346
0.6539785770,0.7071431214,0.5276831904
0.2503481282,0.2250744081,0.4030058077
0.6286064334,0.5353180361,0.3711055024
0.1563291517,0.5320316425,0.6154042435
0.5985918528,0.5680328604,0.4845534128
0.5206902243,0.6847416875,0.5686400490
0.2306253089,0.3652071021,0.7269526520
0.0335958694,0.0478332830,0.1753458772
0.3826199920,0.7825235492,0.9873079355
0.8120901270,0.7142790382,0.9527559794
0.6336497751,0.4979158507,0.5902590873
0.1344514239,0.0631014163,0.3786749339
0.1928211750,0.0491610815,0.3194777170
0.9442413962,0.8530682371,0.9117821439
0.8075041022,0.9401198131,0.8888540203
0.3237378549,0.3270683938,0.3497283627
0.2556447671,0.3210242108,0.2901355637
0.3607651125,0.0359703763,0.1481985953
0.0079409458,0.2919073947,0.1542075219
0.2402355816,0.3533935241,0.2409433041
0.5362427262,0.5187422584,0.8183431228
0.7039339992,0.5483376763,0.7200845890
0.3233963884,0.3097406539,0.2400480220
0.4345773288,0.3480939147,0.3611717900
0.6467876880,0.8920636486,0.7576858444
0.6247492066,0.5462795736,0.8588377537
0.3286655633,0.4072511590,0.7492811393
0.2570708090,0.0793424763,0.0398310769
0.9923122995,0.7485511505,0.9166572371
0.1277129491,0.0303592067,0.0505228080
0.8516826106,0.7202511380,0.7575941841
0.5477828036,0.7206990559,0.8814199934
0.0182643937,0.0133469118,0.2025819380
0.9662276990,0.8735096502,0.7616444635
0.8409776447,0.5365335475,0.3911518851
0.7322828394,0.7924756762,0.2601318711
0.6951726833,0.0422883283,0.0543611228
0.6045665271,0.7938508781,0.6139850739
0.2774367533,0.0765210109,0.4343216918
0.6911906608,0.4550910879,0.6659584442
0.2454341529,0.2883819987,0.5675348996
0.6764748440,0.7671119971,0.6152093812
0.5310754903,0.7724070300,0.3901485350
0.1628630671,0.5868081393,0.1390619588
0.8227362286,0.6017988298,0.7597201659
0.8854039616,0.6481543379,0.6460208490
0.2193069867,0.4099625774,0.2892858997
0.7630907288,0.9362558013,0.9760392469
0.0112024167,0.3099501047,0.1076971969
0.7122748621,0.5141078488,0.7246761654
0.4306875150,0.5599628814,0.4851855968
0.6775544426,0.2842688548,0.2242276144
0.8708861902,0.6024543162,0.9653706009
0.1416901230,0.3273489466,0.0197018827
0.4785646250,0.2812708573,0.0783345083
0.1097463104,0.0186093023,0.5986883875
0.7862814245,0.9562219980,0.8882170257
0.6895755902,0.7722488917,0.7337970551
0.6635066481,0.7111572069,0.3980718344
0.4998812872,0.2623767871,0.5633381757
0.3021458218,0.2936784762,0.6950605338
0.4393390691,0.4755110899,0.5569988182
0.0614688122,0.4121045281,0.0206596840
0.7792838136,0.4578969726,0.3326916081
0.0181583581,0.0625640657,0.0318566672
0.4518011401,0.3754262477,0.3449758352
0.4303924804,0.1913257164,0.2900529863
0.3685473884,0.5636072660,0.7671985987
0.2905158286,0.2731219625,0.0005098588
0.5442528536,0.6982670011,0.4872960312
0.4883652569,0.7219934230,0.2502559236
0.8143404877,0.8922131424,0.9795073172
0.8196679659,0.9779227631,0.6546951402
0.7790032239,0.8252516769,0.6982958909
0.0270451093,0.3377328713,0.0723212754
0.9128079152,0.1012981400,0.1620942839
0.3433205298,0.5761869339,0.0833783393
0.3556067768,0.5544890573,0.3857158421
0.8120638953,0.9373125529,0.7722567023
0.3777587918,0.4007751844,0.8580952968
0.3319995917,0.7997767681,0.3084368317
0.8322764650,0.9933099995,0.8952533551
0.4794421371,0.8117301200,0.9061223337
0.6376029526,0.6010181710,0.3955100467
0.2837336557,0.6800180839,0.4796995153
0.1642616910,0.2804853870,0.1940355893
0.3215007728,0.1845998058,0.5153205292
0.9956618487,0.9639417908,0.9632903545
0.7181031741,0.7596823069,0.6620482566
0.9960302584,0.9545817959,0.7120277350
0.8228509796,0.9534737148,0.9630645323
0.6904111250,0.8984475095,0.8335198075
0.2542784355,0.5740670782,0.3228941973
0.4383067288,0.3622177989,0.2953677396
0.9958686148,0.9284531922,0.9363173280
0.0316589322,0.0137503137,0.1021622531
0.7864500466,0.7801011001,0.7556633417
0.8302229402,0.6229724741,0.4225958914
0.7116742493,0.9781403181,0.8330457205
0.8689924129,0.5746765439,0.6588654999
0.7049516547,0.5044705347,0.9956648058
0.7959123706,0.7875140340,0.4201633543
0.5706591952,0.5948619372,0.3419358107
0.4804727855,0.2635325953,0.3329700610
0.1379276341,0.1551995078,0.1688454235
0.3546206803,0.2439734438,0.6449927875
0.7640724753,0.5951470700,0.8768514767
0.9284697393,0.8481002592,0.7392481857
0.8514344392,0.8364473064,0.9467768058
0.8912572987,0.4712743300,0.8303459613
0.2683345638,0.2297991138,0.2175218706
0.1639129053,0.1915779814,0.2103736117
0.1035997930,0.1121481394,0.2305822899
0.2553099547,0.8107530894,0.3594781198
0.4434769148,0.4129191842,0.8413837603
0.9314521626,0.9392349954,0.7678875020
0.4105866466,0.3660468485,0.6625168888
0.3328882773,0.5643848130,0.3055511104
0.5401065065,0.6283064601,0.5619665119
0.0602419162,0.1649043676,0.0846338270
0.4249087130,0.3780560182,0.6638870268
0.1224897124,0.2549150462,0.1053265951
0.0377815879,0.5876826921,0.0164456796
0.8497792278,0.6059002585,0.7942243218
0.8388984078,0.1223404407,0.2926906693
0.0428567004,0.8248189152,0.0577637559
0.8375486781,0.7151747248,0.8503716949
0.7020934578,0.5717818813,0.2466137265
0.2224351045,0.2783852777,0.2841354928
0.8167250608,0.6316279946,0.3704850537
0.1373361772,0.2557249572,0.7389026444
0.9434755906,0.8811409329,0.7824214837
0.2065090717,0.5197314670,0.3839211072
0.1804592382,0.4495744227,0.2576864599
0.0844174347,0.0806324280,0.1232736575
0.4659140203,0.3457815774,0.5540679690
0.8566382056,0.9771348387,0.8394985554
0.9056157504,0.9362717195,0.6446701639
0.0406313716,0.1359906296,0.0299249492
0.2431073610,0.1146652957,0.2257211165
0.8776874379,0.9629401538,0.4468179386
0.4947445980,0.6431973770,0.4736501765
0.5393724300,0.2740113970,0.2314934792
0.7022345815,0.9132414486,0.7914463575
0.1262673270,0.0347740131,0.5699980590
0.6300201588,0.7945181146,0.8074037593
0.6721582056,0.1517945411,0.0245219095
0.3852306060,0.9295899005,0.5021748645
0.0434909888,0.0599000027,0.2609743195
0.0974108748,0.9837292302,0.6607966720
0.5318950312,0.2963851005,0.2823645974
0.2025039379,0.0180331501,0.2940814283
0.3004918462,0.4137613560,0.2687873011
0.2349849795,0.3577403605,0.2442689795
0.6707153836,0.4988354950,0.7181897915
0.4713349962,0.9974381398,0.6399606307
0.2805420734,0.3304696867,0.4064274807
0.7098555430,0.3021905864,0.2189649166
0.8689401010,0.7198708550,0.7711341221
0.3954491247,0.3922686105,0.6756046218
0.1799903801,0.1392665324,0.1131349810
0.1691831146,0.7380567587,0.5064623071
0.3193090444,0.1015112287,0.5250167038
0.3635155014,0.1922284350,0.1838974209
0.9751844313,0.8614138188,0.9534480484
0.2354749329,0.0546549349,0.6214019108
0.2927315759,0.1546173792,0.1668446625
0.4452513075,0.4344344790,0.5245215409
0.8303756108,0.5953052960,0.3799159354
0.0815857972,0.1579770918,0.4249729429
0.5214362192,0.5788401367,0.5447293434
0.0412252606,0.2099543917,0.1235721587
0.9388793338,0.2640224780,0.2539168164
0.5508550518,0.6366984296,0.7632755205
0.4017119656,0.0533226683,0.1524652511
0.9473367102,0.9280422827,0.7980808043
0.0649178732,0.2259544792,0.0957888315
0.0383152961,0.4233366569,0.0702970709
0.1806179234,0.2620276541,0.2178513028
0.9356174437,0.8338340705,0.8839708209
0.5358087873,0.3510916118,0.1594853102
0.6731424291,0.8782118992,0.9478213416
0.6255595744,0.3198558512,0.5526404805
0.9767116892,0.9002179734,0.8877348131
0.6134958220,0.8788141935,0.9177057932
0.0047425929,0.2852506146,0.0908821655
0.8214023022,0.3964062401,0.4583072802
0.6753786879,0.4904442945,0.3690079017
0.1057947182,0.3221757248,0.3269793434
0.5965826958,0.9095842557,0.5419309187
0.7899024374,0.9900038485,0.8114707216
0.9136120081,0.2660361784,0.4041383284
0.6364215870,0.5238023287,0.8505175436
0.6604803383,0.9459951381,0.7476207371
0.2119428747,0.4279993032,0.0500346252
0.1062978409,0.3312672489,0.0754106994
0.1989457858,0.4314827195,0.0556599242
0.2754877005,0.2820303299,0.1321506105
0.6139633318,0.4911495144,0.7103087595
0.3363145479,0.8034274208,0.6556844866
0.4683334720,0.5131816877,0.6779913026
0.6216944849,0.5304507494,0.7107769688
0.8995997456,0.9688730196,0.7481182963
0.9950028760,0.8537869417,0.9753056148
0.1304115642,0.5588824281,0.0435466733
0.7406795701,0.6727898658,0.4164731522
0.4056716211,0.7463812597,0.7312726749
0.5479713668,0.0808119952,0.2016907019
0.2363592630,0.0921593213,0.0150019368
0.4806084210,0.2733147901,0.5317827843
0.8273412691,0.7869682194,0.9580604645
0.8332585773,0.7150180196,0.8222636048
0.7993366105,0.5372658640,0.8031451425
0.8939737687,0.7357594365,0.8275408114
0.5568700156,0.6162214471,0.5856870086
0.2535029597,0.0648514558,0.2915673990
0.3198748977,0.4146845592,0.1976032376
0.8099540813,0.9414963257,0.9972740278
0.1227357784,0.3471608774,0.1771088173
0.5496617331,0.8001928493,0.4177271626
0.1332912151,0.0435303973,0.2305172283
0.2683015285,0.0909620510,0.0763800204
0.6306459676,0.5643511702,0.3824884795
0.6093318324,0.7454439119,0.7602745558
0.1526540518,0.3189298392,0.1096932602
0.4410577509,0.3363904044,0.9164888613
0.9798124458,0.6910046363,0.8220664029
0.1512991857,0.1950251194,0.3226543929
0.5488391646,0.5366018785,0.3360045136
0.2913559935,0.1153814709,0.1629513086
0.0824441740,0.0377066791,0.0405650002
0.1867097129,0.1470499083,0.0617514886
0.8511944004,0.9070713102,0.6778099398
0.0581556092,0.6218010009,0.1660345851
0.5691188951,0.6664281068,0.4124449797
0.0722818481,0.1808202765,0.1881313607
0.6773315365,0.4792587465,0.5774889690
0.3211280378,0.0932950929,0.2680206037
0.6055215066,0.1762642352,0.2004239702
0.6726467355,0.6802744124,0.7841294679
0.4870080421,0.8809054352,0.6622418546
0.2824378459,0.4004761478,0.0741336513
0.3293716767,0.2739625262,0.6615864455
0.2273181915,0.4567205690,0.0411413253
0.1610037533,0.2745375067,0.3268516420
0.4535416098,0.8005235019,0.3863456760
0.1342284023,0.2452566022,0.2699440506
0.7055453092,0.6227746851,0.7277693693
0.7901402505,0.6669013341,0.9566802765
0.2978496970,0.1247562524,0.8055276228
0.9251247703,0.9780012065,0.9880962660
0.4637816098,0.5673932193,0.2726574435
0.0571330431,0.4492705687,0.3794826474
0.5223768990,0.2318616119,0.8111699955
0.0845920764,0.0127148758,0.1096838267
0.9001005133,0.8813265849,0.9049135709
0.1017905389,0.0448702051,0.0257408448
0.2834632902,0.1465021550,0.0916824040
0.7334588772,0.7441832150,0.9576613237
0.1993178146,0.2286446921,0.1608050397
0.3085740958,0.1987255274,0.4116856384
0.3675572771,0.2277769629,0.0793808934
0.8904804704,0.9573742725,0.8456706072
0.9910099097,0.8190558665,0.8519579871
0.3655971160,0.3199103432,0.2407330935
0.8902570905,0.6648927837,0.7387252062
0.0546906230,0.0861729458,0.1827305348
0.1440524132,0.2724928703,0.1183962413
0.9712969991,0.6849673320,0.6475839223
0.7122083712,0.7831019800,0.4530239175
0.7628256864,0.9853139643,0.8829428098
0.7000487439,0.3973727917,0.3726440543
0.9208796381,0.4979163255,0.5192398390
0.7362258865,0.9720698027,0.7736230263
0.6682519288,0.9897019605,0.9060724216
0.1215300058,0.4000898790,0.1763238460
0.7804383541,0.8290326083,0.6593441402
0.8027684232,0.6299531717,0.5662723459
0.4227790829,0.4668356210,0.0301448410
0.0578112149,0.0778412999,0.5820775839
0.4809631581,0.6349960078,0.4984806921
0.8680783528,0.9517257701,0.7009705752
0.2180650711,0.0304289283,0.3428684650
0.5395843946,0.6086411918,0.4623865801
0.1223744912,0.0283179175,0.3781109899
0.0504749635,0.2532355955,0.1383707110
0.1381919150,0.2227466103,0.2370703934
0.7686349221,0.7300538495,0.7817299212
0.6510113324,0.6985720434,0.6268691194
0.7242465200,0.6669800797,0.8212963259
0.0303356925,0.2608755243,0.6542435367
0.5579847969,0.9020068774,0.5322762918
0.5212501356,0.1406480030,0.1848946892
0.6936388981,0.3979215139,0.1873250048
0.8253907012,0.7416512265,0.6844822989
0.2483252887,0.1769091340,0.2414912817
0.5353530272,0.2243869752,0.3267186327
0.0731824833,0.0164391986,0.3913496061
0.6656384159,0.5218700547,0.5785946136
0.8948858733,0.7926546190,0.9641345798
0.1069898956,0.1149860510,0.0458422971
0.2669480801,0.1079406658,0.1162672651
0.7256806541,0.7462827734,0.6119310772
0.2743791122,0.3096866027,0.3799556989
0.6595368209,0.6469759788,0.4537468175
0.6048937259,0.5843035216,0.3024684368
0.6956385527,0.1468330674,0.4933353192
0.1613436385,0.4189167733,0.3142630352
0.1090144434,0.2087780820,0.3560256021
0.9729826840,0.8904621097,0.8483971587
0.4727250364,0.7175298859,0.7242148021
0.6721868132,0.9711004748,0.7425790510
0.8427636685,0.9682859246,0.7275503987
0.9504741107,0.7621121257,0.8655647915
0.1375907065,0.1801372505,0.0449698697
0.7071024798,0.8895916678,0.8770894508
0.4389405236,0.2941250113,0.3879161060
0.2167109845,0.1827337727,0.7303461671
0.1980023538,0.4177396038,0.3213290086
0.6178619882,0.5095892355,0.6507758432
0.6023471250,0.2010730274,0.5605894394
0.2577879702,0.0958024133,0.4516138248
0.1396347115,0.0354049587,0.1797215245
0.4206827176,0.4544155393,0.5654809406
0.4783260225,0.5479470332,0.4313880389
0.2379041836,0.0280710633,0.2977604622
0.2537819573,0.1370945450,0.2861430001
0.7990858118,0.9473706889,0.9310870052
0.4778657731,0.6325743144,0.4510892898
0.5104598153,0.7256014661,0.8799195781
0.3304395539,0.7859156060,0.2832829165
0.1398665609,0.5433924806,0.1238667771
0.6063771459,0.6749803085,0.8769562885
0.5863542800,0.5786539610,0.2538234840
0.4323600070,0.1637542055,0.1437751487
0.8186596768,0.6884593211,0.7641096871
0.3901355008,0.2030564536,0.6628111696
0.9232013151,0.9788320250,0.7334879147
0.4115124569,0.5462849697,0.4087075159
0.2585658460,0.1550238722,0.2828704696
0.8623738684,0.8418490468,0.9724796186
0.3086463102,0.4163435521,0.0707329672
0.1769541963,0.1269540895,0.4193302197
0.6928087970,0.3654285907,0.4420568461
0.5984096941,0.2560080484,0.2855928507
0.4036906713,0.0936853824,0.1578379291
0.4034045872,0.2193336284,0.4209840093
0.5112783290,0.4445513535,0.5555894958
0.5038533767,0.4090312124,0.3144753546
0.4638321076,0.1899175644,0.1602441287
0.1408300832,0.1000605499,0.8867013254
0.3122539107,0.5649733456,0.2646392918
0.6588711690,0.9040142460,0.4182060164
0.4269207100,0.1875832165,0.5423897307
0.9054483355,0.6024833210,0.5724905431
0.9335062348,0.9003790243,0.9560452223
0.4885665038,0.1621065321,0.4353316684
0.9877307049,0.9774477423,0.7609806950
0.5361274007,0.5844642106,0.6794888980
0.3466868140,0.2412637643,0.3392669372
0.8432604238,0.9813363008,0.9463671062
0.3102674337,0.3117551940,0.1445012204
0.2028131153,0.2700450456,0.2910904818
0.2063503719,0.3785749542,0.2395582237
0.2682067979,0.6312424339,0.4422173081
0.9360079398,0.9397474913,0.9006291925
0.0377673970,0.0505039606,0.0234475764
0.0039055078,0.5258585198,0.0751414780
0.0081835634,0.0160820104,0.0600876972
0.4832403235,0.3903906234,0.1879677911
0.6361613348,0.6193314340,0.6367060346
0.4934191493,0.5574590559,0.5715574442
0.7719724037,0.7229430591,0.8533281351
0.5871222620,0.6326356433,0.5983415940
0.5689226286,0.3144167893,0.6934591087
0.3975998393,0.3472047445,0.7144576674
0.0825086539,0.0434122438,0.1674809657
0.5425998328,0.3886909896,0.6804042260
0.7355466349,0.7283577899,0.3296582022
0.5774843550,0.4945056611,0.5134907259
0.9981651530,0.8463306106,0.9599839045
0.7588581734,0.8911499686,0.5559787315
0.1346132459,0.0722351444,0.3845618809
0.0954692674,0.0211530632,0.0261480563
0.4905808655,0.2646530295,0.3991917292
0.7616619095,0.7797563276,0.6702931127
0.5124360080,0.1077837450,0.0378675001
0.9886483415,0.9768279195,0.9554281384
0.3544636050,0.1253924191,0.1722066846
0.9999605736,0.9383108982,0.9810552828
0.8260462574,0.5857431074,0.6829584663
0.1550356992,0.0216277970,0.0328630733
0.6473945152,0.7010222960,0.7853007740
0.5064373691,0.3123749189,0.6811328585
0.6178625239,0.6100845596,0.3693652195
0.2285566503,0.1959255889,0.9242080479
0.3881131431,0.2975913228,0.1678941022
0.1953584735,0.3767346914,0.2755484927
0.3799533343,0.5024359437,0.5334842359
0.0565265861,0.0535807998,0.2242139156
0.4774740046,0.9907294367,0.5431139458
0.0154606821,0.0611560652,0.4821010627
0.4099883917,0.3060992716,0.1897293536
0.4388053010,0.0200157988,0.2505190626
0.5716052686,0.7170982807,0.6383361244
0.1211768523,0.5262626933,0.3806050232
0.0203565574,0.0729551273,0.0794708162
0.2878519794,0.4071323112,0.1507370328
0.9785924069,0.3760846140,0.6286093770
0.5523742070,0.1138736021,0.2237670270
0.3909622964,0.4992445991,0.4936384484
0.0172675819,0.0571280007,0.2946473510
0.4042819959,0.3896154260,0.0200286117
0.7551647564,0.4713865523,0.3673544513
0.0677358816,0.7439951968,0.0745277314
0.4447855036,0.4573316755,0.6924808544
0.4004738856,0.1782163276,0.4835968826
0.4923763320,0.4214053642,0.0513291010
0.9813607764,0.9155791479,0.8972423930
0.2568787731,0.3691890934,0.0623866202
0.9691406334,0.8028102768,0.9878259174
0.4605303432,0.2056899617,0.4864869966
0.4121958911,0.1075985429,0.2799475547
0.1601314906,0.3832341975,0.3150208053
0.7415397282,0.7365440075,0.6106935467
0.3075804220,0.2654888482,0.4270402459
0.3572824980,0.4975292932,0.4211680309
0.6064104399,0.5896343048,0.8466265517
0.7768120611,0.8858599852,0.9052895086
0.7515475294,0.3482973739,0.0556690613
0.3175764707,0.3289987118,0.1043107022
0.2170765009,0.0478462716,0.2286363571
0.8924045323,0.7306355971,0.9386159685
0.9128826129,0.3723459103,0.4682151896
0.4323125082,0.2032519494,0.6148154695
0.5506401376,0.5945453814,0.3933070803
0.3042253034,0.1517311631,0.0823252036
0.0855547251,0.2912455540,0.0014526542
0.2131357769,0.6161623627,0.4409357099
0.2828861124,0.2287953898,0.4670631562
0.1548683104,0.6047458102,0.0272328377
0.9780888566,0.9691642866,0.8406133292
0.7940227225,0.7134368388,0.6523975581
0.1911562153,0.2162344591,0.1591175226
0.0118756959,0.0184935640,0.0903550908
0.0769874292,0.2032263722,0.1084242710
0.2556273023,0.1500022121,0.1674035108
0.5034920484,0.5622182918,0.1010251218
0.9128280178,0.9875259150,0.7601200027
0.0423864385,0.1278710253,0.1247404423
0.0543474096,0.1909454463,0.0166123340
0.3620366968,0.5006441418,0.4468042232
0.5865946396,0.6031061428,0.4438317184
0.0275375596,0.3196844395,0.3002995881
0.6249813512,0.8985094435,0.7766253610
0.4441311070,0.7027963987,0.3014024127
0.3493194980,0.3578770296,0.2390629611
0.6278061402,0.6653805775,0.5447343783
0.8671419084,0.9381895025,0.7019935319
0.7977019317,0.3756433039,0.5923572242
0.8918392009,0.8185633599,0.9548778384
0.7066446024,0.4733797199,0.6258879071
0.5547792852,0.8494379459,0.7387986529
0.3715304770,0.2020045304,0.3630243788
0.5652785668,0.3729991730,0.5431876325
0.8741713533,0.9917212213,0.9312898544
0.1490089175,0.4502327782,0.2596218031
0.7219259350,0.8663515804,0.5475658851
0.3218361062,0.4342862494,0.9344058767
0.1985478308,0.1971961943,0.0753820547
0.5657211972,0.5985985526,0.4824566572
0.2620193879,0.2486284413,0.0111388052
0.1341632595,0.0133345041,0.2630480138
0.4499766838,0.3075197705,0.6365801417
0.9542468550,0.3009165792,0.1602190300
0.2312623691,0.3575392213,0.1355406926
0.4604431719,0.6304724736,0.9596470157
0.4887784544,0.2190762247,0.2424843518
0.7878022085,0.5318271588,0.9430039002
0.4401694010,0.5543630877,0.5952126074
0.0256013438,0.2743055896,0.3316712940
0.8948062315,0.9781214411,0.9420669144
0.1128196124,0.4001133502,0.1971073376
0.7468817842,0.2486775721,0.7738858379
0.8596474317,0.8395381318,0.9191549324
0.4927389020,0.2317258876,0.4572281841
0.9065670704,0.6226612558,0.7167955463
0.9379647299,0.9453301059,0.8857991047
0.8918872067,0.9502726696,0.9508592877
0.7550602369,0.8217170973,0.9047194010
0.7680713519,0.9139932565,0.5071245439
0.9064733134,0.9920923330,0.9704235248
0.9931972279,0.9396010922,0.9684316417
0.5693624679,0.3022356910,0.2413133998
0.8645835653,0.6420875229,0.9028760630
0.0875474097,0.0198469563,0.0526349528
0.8871287139,0.7382520716,0.6210343986
0.0599676184,0.0517370824,0.0484240845
0.7250456555,0.6082321634,0.4848289302
0.6880263172,0.5385401764,0.5148367362
0.2388366467,0.4218553737,0.1882540336
0.2737554006,0.2255450302,0.3891435678
0.9045139095,0.5853718185,0.8514622199
0.5809837997,0.9212591874,0.6286226126
0.1222897428,0.0674369801,0.0731755492
0.0192095795,0.0951933287,0.0743683629
0.9467916322,0.9675324700,0.8636709509
0.9945187657,0.9380508846,0.9708185930
0.1287160495,0.0525872415,0.1063919462
0.6744207888,0.6420322373,0.5476377909
0.3511576838,0.2807159919,0.0285266475
0.0331170883,0.1303355750,0.1716860022
0.0331161051,0.2924276267,0.1185777541
0.7919282445,0.7298814108,0.8455309776
0.8609453487,0.2224604545,0.8304935443
0.3788233848,0.7905666988,0.8952423186
0.7570752148,0.8322612712,0.6654309110
0.0580611066,0.2056364589,0.1726994395
0.3855687966,0.7245726387,0.3847450627
0.9631727722,0.7929325597,0.7478883150
0.2368200121,0.1100293033,0.0687477787
0.6134194370,0.3539548274,0.8243086134
0.7813037177,0.9559680781,0.9753793235
0.0965483013,0.0307746100,0.7212049974
0.3127345338,0.1094587146,0.6321357059
0.1441472570,0.2997883624,0.2284259758
0.7477717497,0.9165320043,0.5939527567
0.9712968749,0.9467397199,0.9969799502
0.1112184943,0.3962473937,0.0002173101
0.2826311571,0.0356331036,0.2066449018
0.9005195100,0.8253619454,0.7875939512
0.9217193096,0.8491892977,0.8408902500
0.9036176402,0.7290231006,0.8176295068
0.7266782097,0.5800985217,0.5791817862
0.6557526406,0.4216328468,0.6715943889
0.7082739038,0.6691016986,0.7191189692
0.5171868025,0.1519391985,0.1446635960
0.3022706500,0.4066604339,0.4201319131
0.1224898117,0.3517982682,0.4566193604
0.0700932572,0.4103228844,0.3005517460
0.0565618276,0.1695912523,0.1360181779
0.0795092127,0.1605515595,0.3060856068
0.1294533196,0.0742440823,0.1045738580
0.9807741946,0.9913426734,0.9317564083
0.0572275040,0.0053818243,0.0747687840
0.4795368782,0.0122238179,0.2014470537
0.6828783207,0.4999297521,0.6395942204
0.3045533405,0.4169520740,0.8323128722
0.5779423886,0.7181545072,0.6992631396
0.2084238427,0.4905601040,0.2650628720
0.6142930424,0.7877325368,0.3992685418
0.3850084046,0.3432146153,0.6313966397
0.4195026143,0.3273182598,0.1214138010
0.2633665239,0.6628222964,0.3107740173
0.5629342022,0.6512575596,0.2574531310
0.6256112639,0.7945711963,0.6874911383
0.7996532958,0.2967385975,0.0801792416
0.5840377762,0.8965593779,0.7302416371
0.2857170341,0.2866153632,0.2443379779
0.9470211238,0.9512325130,0.8069850034
0.6404413892,0.9494302267,0.7789779745
0.6937687448,0.5430946313,0.5010932073
0.7504269164,0.1955780528,0.1685616515
0.6660738739,0.8541254837,0.3745897826
0.3684494380,0.4686985551,0.2054286625
0.6361242436,0.7250445581,0.6182025854
0.5227892997,0.1693063917,0.5600853596
0.4479325774,0.7033953607,0.6624053081
0.1243626798,0.2623930313,0.1665192786
0.2999168714,0.1230682069,0.4521636316
0.8655350735,0.8968960538,0.8391017793
0.2345485440,0.6348587780,0.4841117443
0.8998797057,0.9107896320,0.9291489365
0.8457299059,0.8708954163,0.8064798802
0.6554385997,0.1034021159,0.0713262581
0.6829462047,0.7401238922,0.8491053598
0.4575995842,0.4325749159,0.1654302628
0.9803235592,0.8301608422,0.6065061987
0.2998999469,0.9216958506,0.8029330781
0.6842993218,0.7244182064,0.9097042175
0.8687334744,0.8860529430,0.8980101936
0.9491945786,0.7398808607,0.7534732762
0.7340113137,0.9408555068,0.4603121537
0.2170337170,0.1244864792,0.2448598019
0.0488795488,0.4877329334,0.5137335226
0.7746106185,0.5685113353,0.8954290985
0.7079090132,0.8466511130,0.7127421451
0.3061115578,0.6272210902,0.5583597945
0.3116098530,0.6163020988,0.1268178776
0.6053689538,0.6112439858,0.5478765305
0.4791236595,0.6113142124,0.6540434060
0.5481333826,0.7843136151,0.7364640388
0.9454290496,0.9782990791,0.9830576084
0.6355975858,0.8833991061,0.7286617795
0.2810070022,0.5236309677,0.9351547874
0.1772634445,0.1434164641,0.3064201212
0.4913210350,0.4433272561,0.4789273895
0.3730259564,0.5916080881,0.4273069311
0.0603903492,0.6313908134,0.3948022252
0.2781622054,0.2930487801,0.2327176740
0.2843424528,0.6057557424,0.0905133598
0.5411516466,0.6861382628,0.6595449040
0.5457198326,0.2733919878,0.2423301757
0.1395859619,0.4900210616,0.1466267052
0.5621277050,0.2366475632,0.3551523597
0.0386690640,0.1413183737,0.3018335326
0.3522853224,0.4598012800,0.4700508314
0.4839594562,0.5660244062,0.4972342611
0.8922310296,0.7956666856,0.9694820658
0.7375640925,0.9966300705,0.3935221226
0.3820616658,0.4651756595,0.8820628804
0.2208527894,0.2028669302,0.0692377899
0.9001330295,0.7044134260,0.7165279526
0.7252210677,0.7433382129,0.9554201516
0.0026170953,0.1793586354,0.0314960838
0.3648399371,0.2574136448,0.3099240155
0.1095038820,0.3675596962,0.0221598758
0.9652984471,0.6281055605,0.6844670795
0.0253039055,0.2015709377,0.1875363363
0.3669388254,0.4967494592,0.7723148857
0.8477884598,0.9760522213,0.7800526213
0.9466425725,0.9749734625,0.8413037059
0.9992300742,0.9788676200,0.8036594789
0.0623977090,0.0523516715,0.1873479966
0.4620540811,0.4636755460,0.7667999493
0.0909864194,0.3847516700,0.1298407134
0.4826808489,0.6278868470,0.3950082087
0.6391506082,0.6229334255,0.6928769791
0.4217256837,0.5334934646,0.4529310980
0.8130697953,0.6336708474,0.6913880083
0.3205137894,0.3695570916,0.5467357899
0.0876765921,0.0410904149,0.2080511092
0.7526280644,0.7945509918,0.6404649597
0.3560061456,0.0181977635,0.0658513152
0.8416268746,0.3511418248,0.4004147174
0.2304816017,0.3779548076,0.0048651568
0.6685638028,0.6814110393,0.7311174220
0.6476959830,0.8086935202,0.8863097951
0.3456976309,0.4344728817,0.5398837670
0.8099753563,0.8859741440,0.8106442998
0.9509146917,0.6827025150,0.9760271695
0.9408705115,0.6410066336,0.6363601302
0.9974347436,0.9514370190,0.4826968684
0.9479277568,0.9132780256,0.7531135081
0.4445614470,0.0820200767,0.6786533110
0.1354349153,0.0918605840,0.1148446669
0.7019401049,0.3559274674,0.2042320974
0.2043123755,0.1490830151,0.0460252359
0.9737812969,0.9321473161,0.8773340599
0.1620257458,0.1470202778,0.0357457384
0.6053939567,0.7746076829,0.8241566302
0.0133197141,0.4562535351,0.0634077682
0.8063841255,0.6266119622,0.8807449103
0.1917004293,0.3332786919,0.3584426051
0.6237167624,0.4850134139,0.7742279553
0.8166975117,0.6983219244,0.9948318692
0.8160769121,0.8359525406,0.7065404852
0.7235151647,0.4680437503,0.5229486227
0.0508605257,0.0988949438,0.6123749124
0.4911387592,0.5730155103,0.4851748646
0.0444090389,0.1481841105,0.1451733119
0.1853977078,0.0106715625,0.5174019924
0.9279223189,0.9124664893,0.9676372080
0.3697227713,0.3539088781,0.2150118843
0.2765709068,0.6007872446,0.4463709669
0.6975854083,0.6262310506,0.3790328238
0.8600236324,0.7679106468,0.6955160756
0.3754596208,0.6455740887,0.6056351614
0.9368124320,0.6619650412,0.7373801052
0.3136609748,0.2052989886,0.3054946176
0.6284747561,0.1897279766,0.0950336971
0.5461963770,0.5568873977,0.5645377199
0.6020677793,0.6590643276,0.8280059647
0.3824182456,0.1569276170,0.2140194226
0.2379595191,0.2242798824,0.0392123283
0.4473150520,0.4077310185,0.6486002538
0.9887923319,0.9644166479,0.8213859172
0.7299219458,0.8556089928,0.7444518041
0.4962932994,0.4386972733,0.2601856745
0.6249339966,0.7468716496,0.9843730749
0.4305580783,0.1990902418,0.1561112490
0.9183202451,0.7768946922,0.8892767783
0.5080932126,0.4106688818,0.7837157697
0.5541414560,0.0407382381,0.2101938802
0.6767547031,0.2056555702,0.0626107055
0.6943284240,0.8053602945,0.6297229142
0.7545026137,0.6097963674,0.5432156877
0.2826719423,0.3107503782,0.0527195300
0.6696928714,0.8265255170,0.6486012875
0.6958746680,0.7481445898,0.6014600482
0.7512710579,0.6506575305,0.8453386816
0.7924354044,0.7197800338,0.8440120983
0.6829414317,0.4582138386,0.9071840575
0.8106590680,0.1156205990,0.2886333635
0.0092661633,0.2649115690,0.0837889077
0.8525352680,0.8169801158,0.9350924353
0.7891835778,0.7664507933,0.8410756657
0.7971988341,0.9700839561,0.8036608177
0.2564799030,0.5664641192,0.2334860358
0.6002600702,0.7966929244,0.9175135392
0.2897269785,0.1790781306,0.3781503602
0.7965961087,0.2817002198,0.4717772832
0.1547070091,0.4159974062,0.4173575925
0.4649366284,0.4128100326,0.8054372891
0.9520696395,0.9921738248,0.9133751159
0.9978870912,0.8040767879,0.7726317139
0.1885692750,0.3674847784,0.0242967259
0.6959940475,0.4912878554,0.2623406220
0.4758568637,0.1211246591,0.1843559861
0.2108269423,0.3191104928,0.7684181492
0.6090846168,0.2461371925,0.4816404381
0.5960179724,0.6672347352,0.4637258448
0.1240135250,0.2689511142,0.2235364131
0.2234445363,0.0088021305,0.3291320312
0.2508151584,0.1993383944,0.1550088900
0.3786986215,0.7904880867,0.2634397689
0.4577273083,0.4438175450,0.8699030471
0.3564689858,0.5595816356,0.5049031120
0.5738133248,0.0606782764,0.7457856236
0.0821767072,0.2951964918,0.0801965947
0.4835541190,0.8053859730,0.4854316639
0.4770101333,0.0074824105,0.1556025036
0.7453595479,0.4434039880,0.7749754086
0.3425977733,0.4217024666,0.1529322144
0.1612238634,0.2004216120,0.1786264317
0.1832977253,0.5591129312,0.5970614485
0.8076582588,0.5397928930,0.3829894770
0.8399909055,0.6727826669,0.6693711979
0.9937850200,0.9642334310,0.8423462217
0.8607027314,0.9781412572,0.9790003509
0.5589759541,0.5752241310,0.4745107746
0.5092750185,0.9608355372,0.6106832096
0.9243140067,0.9116193638,0.5955366579
0.0884038080,0.1723549727,0.2351942270
0.2696114252,0.0494090681,0.2119046581
0.4734599855,0.3139606711,0.5072063802
0.6850535350,0.9550483373,0.8255976330
0.8732535264,0.9228196943,0.7118350339
0.8277605768,0.8041305289,0.9319979280
0.9205256341,0.8917490400,0.8633237337
0.9655637254,0.8126629657,0.9893652800
0.1202997805,0.3096998827,0.0252991644
0.0543290842,0.0022149211,0.0819101088
0.4287668308,0.5961465751,0.7616436579
0.1287239100,0.3080538269,0.5103222513
0.9632758554,0.9849014321,0.9178796180
0.1312543912,0.0787181030,0.1864914008
0.3700110959,0.1785135191,0.4058029427
0.1280324089,0.0626844484,0.4253909621
0.2417102179,0.5260114438,0.6659537040
0.7236168470,0.3331383466,0.7497049201
0.0419482046,0.4879972788,0.2710762699
0.1203442608,0.0799432876,0.0224175257
0.7385782096,0.6299216614,0.6181083734
0.4533776351,0.7892285298,0.4698485948
0.7540694667,0.8773314860,0.8957604397
0.3074659254,0.1055137366,0.1047230789
0.4110662420,0.2494383340,0.2726593171
0.6175897083,0.5441420757,0.6570597801
0.1718753068,0.1216979673,0.0909967314
0.0579251164,0.1502600092,0.1596549366
0.6564606826,0.9176839540,0.9853198891
0.7943449957,0.8482654613,0.7596627111
0.4450255848,0.3952502024,0.4297469121
0.8935134291,0.6915609519,0.9612590392
0.2039923956,0.3543001292,0.3370715362
0.7168799511,0.5172423555,0.7636420977
0.3944927987,0.0621104245,0.2529021998
0.3662886417,0.6946491890,0.3661046333
0.8830572125,0.6141011945,0.4587446504
0.4507048791,0.4455585354,0.4636235866
0.3608840417,0.1566406616,0.3794338955
0.1643920605,0.4170144601,0.2205905506
0.2576336586,0.2236540876,0.1740779447
0.7728761456,0.5821106817,0.9112673237
0.4527363851,0.2537453331,0.3975315180
0.6531558069,0.7336126911,0.6638324716
0.8182122342,0.6085116351,0.9621609567
0.0491461940,0.2027005234,0.0806575425
0.0322995349,0.2590788144,0.2090046033
0.9469137255,0.2196491547,0.0808267550
0.6124539892,0.5465836416,0.7898971733
0.4292966494,0.4799388375,0.3117084733
0.4128761576,0.3681931342,0.6223618720
0.8702510670,0.8339088020,0.8628350328
0.7878972118,0.4388125810,0.5282202437
0.5496174460,0.3933641421,0.1798591901
0.5570553555,0.5260980989,0.5200062014
0.6295613059,0.9095634864,0.9594819186
0.7285872214,0.7746558602,0.7967197407
0.5245657740,0.3859047577,0.7767534765
0.3768711088,0.1867438492,0.8211579699
0.7430540086,0.5490824564,0.6777043421
0.5897025495,0.7063221733,0.6721405806
0.8688165098,0.9053344026,0.8828102272
0.9609900812,0.8479741963,0.9876065438
0.5914548169,0.5646511183,0.3721392120
0.9734124666,0.8086806675,0.8854963351
0.5910423445,0.5973872328,0.5076241367
0.4859155661,0.4731714714,0.8452355037
0.5909485413,0.5590590644,0.4825744230
0.2149429658,0.1147944460,0.1704221053
0.8458207681,0.8641543528,0.7898280755
0.2475105998,0.8084819922,0.3185334021
0.3405364860,0.6508996961,0.6418619268
0.0640640742,0.0712902813,0.3958787077
0.7850571400,0.1501460010,0.7706161776
0.1905047980,0.1173959603,0.2922667772
0.9984872066,0.7791659960,0.9206395112
0.1482702072,0.3016040554,0.3280182699
0.4755908090,0.7441051363,0.3339700701
0.2816685512,0.0893746710,0.0893761990
0.4809986572,0.3682191465,0.1367802508
0.0979224326,0.0790184431,0.0644757221
0.2824760367,0.0963505715,0.0842049689
0.7558827477,0.5270886541,0.8902939270
0.7340047473,0.5784280046,0.5505620832
0.6365188603,0.8450162429,0.8868911137
0.5315558015,0.4563836460,0.6857786621
0.2758674998,0.1080639981,0.6105343542
0.8364803651,0.8321020768,0.6811722866
0.0018092294,0.1422899055,0.1349737575
0.9169631253,0.7061175892,0.9271484616
0.8862012433,0.9240540183,0.9993920963
0.1381847518,0.0599329419,0.0017667993
0.5096273288,0.6234003069,0.5533120659
0.5146803546,0.6924322565,0.6253908002
0.8087930395,0.9558616783,0.9333148912
0.3653620263,0.6272280130,0.4596338627
0.1600657403,0.6142667292,0.0450764297
0.4010501954,0.4152620652,0.4105829927
0.0272633897,0.0447130056,0.2487346299
0.6983464900,0.0893919520,0.0915523117
0.3618081594,0.9020358326,0.4625394816
0.8555274501,0.8983718590,0.8995895873
0.0525471037,0.1844730631,0.0627883321
0.8747455289,0.9885307411,0.8445547891
0.5021051259,0.4022944410,0.1149666051
0.3024658663,0.3463662121,0.3645131188
0.9437945361,0.7866790845,0.7218300966
0.5557534491,0.2989227485,0.8880046739
0.2793317253,0.2861283794,0.1364974805
0.0866381849,0.2280886644,0.1774870395
0.7493627259,0.4813936653,0.8299706993
0.9583659377,0.8644778096,0.8442394883
0.7326063891,0.5810770898,0.6855470101
0.6918483115,0.7406672710,0.5264966788
0.6916453543,0.5804102311,0.7095862054
0.0970077043,0.4544674996,0.1322473703
0.4665623867,0.4207428826,0.5224257448
0.4230047752,0.5985612781,0.4403173144
0.4418344824,0.4286432722,0.2581688286
0.1734115515,0.6548583223,0.1856704233
0.8719488654,0.8189237253,0.9549248600
0.8879969355,0.9680232078,0.9659750754
0.2769043441,0.9238771822,0.8867415017
0.8786041753,0.7489220829,0.9078781559
0.6992602776,0.6187516813,0.8200655632
0.9887793327,0.9223064458,0.8194806936
0.0036528980,0.1482279319,0.3046405234
0.7221872527,0.8722046228,0.9558726707
0.6557469383,0.9358097089,0.9077460287
0.2344228279,0.3795941423,0.2662157217
0.4683809539,0.2927072403,0.1529166049
0.9082401279,0.3965991572,0.7642736291
0.1683409904,0.2113580095,0.0676936998
0.7128167444,0.6363129428,0.8215212459
0.9148757125,0.9713117156,0.7284377275
0.8999216862,0.7920609143,0.5599482052
0.9126397083,0.6170913232,0.7331109352
0.9845402433,0.6760615048,0.6534566402
0.1222090592,0.3551827453,0.4890480697
0.3130427504,0.4389160396,0.3889539135
0.3501907958,0.1080647500,0.4492977109
0.2586119026,0.3606181125,0.5609184725
0.5678841948,0.6368858630,0.5606708231
0.8843825977,0.9363212896,0.7651103342
0.4374208427,0.7618661966,0.6473027574
0.8551574366,0.6776613101,0.6367925960
0.1722646032,0.1109618006,0.7361124670
0.4094799353,0.3573958362,0.3017103076
0.8770160475,0.8837738192,0.9793056541
0.6107688885,0.3810898855,0.5267246963
0.1400665937,0.5171673920,0.3472461015
0.5320101088,0.7017909135,0.6378469710
0.0527787291,0.0998825932,0.0045743247
0.6465718169,0.4061042223,0.3422273606
0.1052034514,0.0490052684,0.2242423796
0.2477028461,0.4111488500,0.1143321482
0.8764247749,0.9530635382,0.9866364776
0.9846249341,0.8708746540,0.7857283778
0.5137788625,0.4070092618,0.5696870250
0.0767980442,0.1203122065,0.1791989851
0.4965798928,0.3098083620,0.0453671745
0.9771812064,0.3786066085,0.2840533671
0.4973017187,0.6616898023,0.5105225027
0.7828573984,0.5377079498,0.3972282364
0.2358087374,0.1997406305,0.0025800862
0.4323473547,0.3806752919,0.4548129321
0.7403544619,0.9423552102,0.7873861070
0.0231169190,0.0550379520,0.3208611217
0.8481637285,0.9248106787,0.9826697291
0.2327369482,0.5872392903,0.2473517032
0.3764741591,0.2053221624,0.2980947314
0.0962689572,0.1524523459,0.0665388787
0.6633513535,0.9767439326,0.6546710187
0.6856328307,0.3570844942,0.2394894294
0.5086685588,0.7965697131,0.6207536991
0.8941419262,0.8225823148,0.8626855505
0.1984133394,0.2934581320,0.8147235725
0.5012528564,0.5238811589,0.7298152072
0.4040397821,0.2187070354,0.1697058404
0.4039036141,0.7018879579,0.2792297370
0.9281622460,0.6858871323,0.9105939374
0.3852599730,0.0615221082,0.0322883276
0.2501610385,0.0042615435,0.0622954910
0.5564479463,0.4663958561,0.7845001981
0.8082216897,0.6913080987,0.8796605837
0.0605551350,0.0324662392,0.6316562273
0.8983439734,0.8910476455,0.9449384271
0.2379203941,0.2754962012,0.0386599852
0.6772452217,0.7373547467,0.9228080030
0.4749910770,0.8459168273,0.1712039532
0.4464054722,0.4476402541,0.2288309778
0.8183186798,0.6355409861,0.6029134766
0.7804259204,0.9480364324,0.4304054275
0.9518294217,0.9203277638,0.8741806922
0.6518398978,0.5660921876,0.3874045154
0.1653851209,0.0138657837,0.2067884279
0.3922900731,0.1621906012,0.3007844427
0.7015291403,0.4138131978,0.4081528378
0.7532246850,0.7503568377,0.9053719389
0.9814678077,0.7812289140,0.9011696416
0.8645989159,0.9997963030,0.9724075998
0.9630448391,0.9349648394,0.9724365147
0.7416786987,0.9753531353,0.6082993835
0.2188463419,0.1295992814,0.0638707641
0.0858400608,0.4471476423,0.2164615327
0.0635355375,0.5903453006,0.3809427849
0.6576665998,0.6309788889,0.7173929424
0.2763960693,0.3537185876,0.6370579768
0.9311533243,0.7515788706,0.6520062937
0.3523567299,0.3460079817,0.6738100498
0.1011967588,0.3588072651,0.6928179400
0.0903349264,0.0239580288,0.0970296775
0.7458944853,0.8366421816,0.7597597833
0.6327178368,0.6877787037,0.7691936182
0.5937562271,0.4131648607,0.4633626714
0.9951912440,0.9705245086,0.9809967711
0.2958521886,0.2859918008,0.3781429323
0.6089425643,0.4475770559,0.4343229309
0.8791460481,0.5661991158,0.2499962251
0.3471113093,0.2889708855,0.4333070640
0.2937580511,0.3669847266,0.1121123211
0.3994476496,0.3110763283,0.0968360739
0.7204413278,0.9136037976,0.8002254437
0.6764710151,0.1450376547,0.3143622862
0.9419355881,0.8487182246,0.7982749200
0.9505956296,0.9433721186,0.8983114862
0.1975490193,0.0993210459,0.1683776669
0.5249489714,0.4586812191,0.4675041959
0.7079642145,0.4792444122,0.8887738797
0.1884822944,0.0321539819,0.1885107624
0.8036469972,0.7219591484,0.5503698085
0.1249120137,0.1323434288,0.2987666232
0.1842984506,0.3123360286,0.3294630500
0.3427717308,0.7817126457,0.8153318389
0.7906998098,0.7076388633,0.5912777196
0.4986410370,0.6493326034,0.3805432804
0.9096928006,0.9830100236,0.9827811376
0.5410700244,0.3596419257,0.4784464499
0.9790362886,0.7637553597,0.8691090436
0.3420617952,0.4936222645,0.1530789439
0.5368534279,0.5382919843,0.3474023118
0.7061005284,0.7503547386,0.8219975065
0.6691802991,0.7122211520,0.9047959974
0.6175868125,0.2528818583,0.2209383935
0.6281512903,0.4788375110,0.3726871982
0.1537325680,0.0006144808,0.0165711509
0.8377473771,0.8522639897,0.6339529750
0.6057335342,0.3730510659,0.3337567712
0.8689154240,0.7403484984,0.9246631551
0.5736418494,0.5869482338,0.5150264850
0.5306652405,0.4535697570,0.4812137288
0.8383432658,0.8305672440,0.8307703356
0.3971828814,0.4179869563,0.3406311750
0.0060779387,0.1110616391,0.0117901327
0.2900920108,0.2518813078,0.2700486006
0.7208768096,0.2722739054,0.1382658286
0.3560537300,0.7345233921,0.2354732880
0.4803331018,0.3328749398,0.3893211249
0.5808541532,0.7682132520,0.6666962218
0.3698664480,0.0385668926,0.1252187339
0.4285659735,0.5363184158,0.8256907693
0.4698851145,0.3681403913,0.3168325432
0.1971123203,0.0826693457,0.5085452872
0.8424142272,0.9941941447,0.9945211993
0.1243219771,0.1170959853,0.2549094926
0.6661318293,0.6578671037,0.5011202748
0.1869915031,0.0920031194,0.3472360799
0.2880854681,0.5589102134,0.5385757778
0.8615060631,0.9334166447,0.8820869187
0.7386658935,0.8015549221,0.7511370695
0.7688792048,0.8997905677,0.7184522909
0.7034479723,0.6882242497,0.6543243707
0.9449021176,0.6810019362,0.9508188828
0.2033363433,0.1981893525,0.3768464567
0.3372624420,0.2351197587,0.3919416292
0.3980334231,0.0711399680,0.4716134180
0.5939858226,0.7403351089,0.3504526555
0.8357505632,0.6956519239,0.7627209181
0.3343196230,0.1649564160,0.1330099226
0.4478183981,0.3533337224,0.5536374532
0.8883313633,0.6558345519,0.8146694854
0.7201289257,0.9516335564,0.9338878385
0.4452633472,0.5403831024,0.6661057257
0.2558007475,0.1763870625,0.1384006712
0.7895123101,0.6180702114,0.9463976399
0.9511738962,0.6442535359,0.8442805116
0.6189790958,0.8883900251,0.3602423685
0.1753806808,0.3885265951,0.4480621828
0.7264612280,0.3966948417,0.4781457134
0.6485606226,0.7060400527,0.5436545241
0.8339731267,0.9667541984,0.8011931831
0.7363338099,0.4116982365,0.3566779204
0.0026742354,0.0597250736,0.3458926850
0.1024841450,0.1961934191,0.1896407270
0.5593453051,0.6685271457,0.5926364195
0.3143564636,0.1069164926,0.0223165784
0.5884155727,0.9304137385,0.9138357444
0.5268467731,0.3090291826,0.3839649364
0.7126081951,0.8206042595,0.6941733718
0.2162081458,0.4425573021,0.4513432850
0.8949334984,0.7653603221,0.8339929838
0.0717808293,0.1526129364,0.1673393770
0.3714293107,0.6609865585,0.4819401198
0.2366738148,0.2121974282,0.1235981707
0.1588470617,0.1785350831,0.3738162079
0.0769681902,0.1197610566,0.2374648501
0.8788565857,0.9710449539,0.8813304718
0.2177729979,0.1936252479,0.2960375730
0.4589735497,0.3105470355,0.6521827319
0.8646499332,0.1091249277,0.1743361293
0.0249245351,0.1512196769,0.0146166781
0.0989380733,0.1073209444,0.1116872087
0.5759572740,0.9357665976,0.8848624642
0.8134653820,0.4399824313,0.3889245558
0.1253827576,0.1449990952,0.4575338959
0.6254629142,0.7100340641,0.6256866788
0.6997545080,0.5877773598,0.6733756595
0.4546029981,0.1467453047,0.2899845291
0.0124007899,0.0334122216,0.0884674918
0.7308652254,0.9411018186,0.9070228117
0.3525850835,0.5712747292,0.2344750327
0.6860661550,0.5511272538,0.5030079144
0.3458835231,0.2256547728,0.1414512680
0.6037523256,0.4425158573,0.9018833662
0.7586624320,0.8402674030,0.9747312669
0.9299198862,0.9436925298,0.7952679211
0.7221581298,0.8112560215,0.8150214308
0.6131976711,0.8686290997,0.8152863370
0.7358939416,0.7970179690,0.7722778294
0.4342499379,0.9866238139,0.7289117461
0.4308698720,0.1102504758,0.2155804015
0.8823619719,0.8376176771,0.8306253477
0.6949737138,0.8555653353,0.8940616019
0.7117770241,0.6936507171,0.9068121451
0.5295969175,0.5350003335,0.6372168825
0.5827700755,0.2811372103,0.1067850809
0.0352153829,0.0992538857,0.1553384496
0.5354299460,0.1830365359,0.1422051667
0.7432399767,0.6566873231,0.8991506097
0.4726714264,0.4672624987,0.6699471140
0.3908203524,0.2175821598,0.2574777393
0.9196322828,0.8864877077,0.8182691059
0.9897028092,0.7958365270,0.7036219919
0.7540338528,0.6692427659,0.6109444526
0.3797181856,0.6721359078,0.2272562315
0.8304065863,0.9176253749,0.9085761269
0.0004026120,0.1048908869,0.7294459123
0.9970372467,0.9028245949,0.9642431626
0.9176739883,0.8883864297,0.8243630089
0.7745664231,0.5389265580,0.6555681637
0.5074991100,0.6635804515,0.7937604907
0.4272659270,0.5522784274,0.7248078016
0.9916158834,0.9304456504,0.9639901690
0.1958578762,0.0334961830,0.1424955687
0.9733581128,0.9412063695,0.9857222664
0.9992296012,0.8489729544,0.9618925819
0.6564778860,0.8927684817,0.8363376485
0.5919708134,0.6226038615,0.3097782415
0.1816767539,0.2557582705,0.0144157565
0.7685995410,0.5740429019,0.8531549712
0.4989984904,0.5034024579,0.4792902906
0.2975863750,0.0728069785,0.0437311041
0.4871591678,0.7798198074,0.9240551617
0.2135624476,0.0195485841,0.0026202822
0.2419491235,0.1590408117,0.7912063000
0.2113901843,0.3192953698,0.2363931407
0.2106096488,0.2206842234,0.0256353116
0.5315092938,0.9202971970,0.6614925000
0.2767722961,0.3474950912,0.1787366106
0.7994452860,0.9533112700,0.9189209788
0.1230337253,0.3648419530,0.0392729970
0.4355819590,0.4180119511,0.1384259974
0.1617535057,0.2437581427,0.1084304241
0.3492023204,0.6808617299,0.7794074672
0.0899660602,0.1144157170,0.0692226977
0.2997525297,0.6895873323,0.4981027620
0.3015021517,0.5971340494,0.5845028130
0.9468837570,0.9641988067,0.9098276188
0.5316559966,0.7518043105,0.8699239229
0.1628555559,0.3337889464,0.4487882688
0.0939067298,0.0784457081,0.1935947473
0.8945678611,0.8852920801,0.9756821295
0.1199588681,0.3642655830,0.0419702051
0.1105215466,0.2617956718,0.4591551335
0.1130971562,0.2677402885,0.0662366945
0.0234633999,0.2619899429,0.7641536623
0.3958990897,0.3721702618,0.3315896758
0.8010339732,0.9985865774,0.9701843848
0.6708319513,0.3960266436,0.6060832206
0.1301556202,0.1250582008,0.4223062063
0.6271174114,0.9292345766,0.7360249487
0.0192142413,0.2004486424,0.0809285428
0.4387419439,0.1135916932,0.2303598543
0.3150861287,0.4020716098,0.2611008038
0.3869720692,0.2662851192,0.1609883863
0.3475757810,0.7295608371,0.9628387861
0.6344588658,0.7141994048,0.6041478957
0.9734476407,0.7198158097,0.8869695171
0.5680904623,0.6163882274,0.3861368986
0.9471452572,0.4369854964,0.3535259074
0.9524692453,0.7928001893,0.9552830234
0.1710005170,0.1158841535,0.3307375249
0.0886737925,0.3365865604,0.1680976209
0.5178615362,0.5459701426,0.2086575547
0.9959462553,0.7049107872,0.8649220210
0.7534397335,0.9152022396,0.7099917965
0.7196428469,0.7518244800,0.6291065314
0.3932927511,0.2162432414,0.2809382025
0.9994421122,0.7941624961,0.8604618295
0.0271641902,0.0911740445,0.0510339873
0.2552263967,0.6492743635,0.4024589836
0.1856551182,0.5681344867,0.1141663027
0.6770060037,0.7049339236,0.4487156040
0.6285040044,0.2426739887,0.2374073055
0.3547387214,0.2650656212,0.6012862408
0.6725833469,0.5853521666,0.4661801189
0.2322986388,0.2004585132,0.1969156697
0.9133180837,0.3705806206,0.3642507050
0.9215205159,0.8605028854,0.8292643462
0.4792339928,0.3818697158,0.3195632534
0.0657030390,0.0009339278,0.0320510249
0.9036896661,0.7538126556,0.4532834988
0.4937599159,0.0663638163,0.4814598849
0.2424333586,0.5546845791,0.4358046689
0.7963606306,0.5907097921,0.9920442874
0.6278285369,0.4108256209,0.5217244514
0.4623021463,0.0700447957,0.2871505742
0.8465333352,0.8434062433,0.8947772464
0.2746903411,0.2926481770,0.2799039225
0.4353383922,0.5001167987,0.4128444092
0.2505582909,0.1331540593,0.5112187049
0.5276211523,0.2157569360,0.2555418788
0.8298605418,0.5764925197,0.8419822529
0.4905251573,0.9395676271,0.4173779712
0.3800200732,0.4779672029,0.5016499326
0.3539676438,0.4218414216,0.3713192208
0.5843140359,0.2793893921,0.3900086312
0.5016698020,0.0184612527,0.0493610067
0.1284249920,0.0517673748,0.0738043859
0.3830333942,0.3487091692,0.0836291504
0.2574028491,0.4436077954,0.4569166347
0.9522877717,0.9515583000,0.9600978895
0.8666223070,0.9062175673,0.9486961850
0.3245611745,0.2843404508,0.1428934081
0.7472092574,0.4120365914,0.7686965792
0.1082917600,0.0201461562,0.1107034753
0.6307762605,0.9141274472,0.8044592762
0.4333658441,0.4783351882,0.7097869455
0.3030691602,0.2721826250,0.2533356602
0.8717700599,0.6822784376,0.8307591484
0.7442239974,0.7564069026,0.6350573038
0.4746040535,0.5769399246,0.5780038764
0.4729227597,0.7123732388,0.3918696800
0.9748925268,0.8330801880,0.9551893763
0.0818612520,0.1503975474,0.1537955535
0.1799052255,0.3663804455,0.1574313275
0.3675097979,0.5891044409,0.4255409310
0.2726759857,0.5001915441,0.2377605588
0.3856491487,0.0741599443,0.2101566856
0.9036072571,0.4812539478,0.7817289551
0.1137361032,0.0079320626,0.0059112682
0.1722807864,0.0137007629,0.0283366707
0.7960213131,0.9669100284,0.9110281318
0.5718780614,0.6157043754,0.3638253392
0.2002723128,0.7315047878,0.0425277662
0.5159164562,0.6512248410,0.7700432069
0.1435756591,0.4458833368,0.2946570915
0.6481249857,0.5839863728,0.4189755394
0.2363533522,0.2040959320,0.1952425296
0.8219071944,0.9979460652,0.9684733780
0.4021562615,0.5084040714,0.3505589149
0.3526619073,0.4909489070,0.3432498155
0.7509386956,0.8432145204,0.5578002396
0.3710105494,0.3440038808,0.3102943820
0.8381807150,0.8989095764,0.7410540993
0.9947841555,0.9987016013,0.9496949746
0.0861944510,0.1081385954,0.5158517661
0.0900832536,0.1251894201,0.4239510343
0.1710265968,0.7965622600,0.3422437566
0.6368528712,0.6297555581,0.6607600629
0.5963057920,0.7202789305,0.6764160170
0.1534222468,0.0450940100,0.1876357453
0.2669167596,0.4627115986,0.4232895037
0.8374151214,0.9227013843,0.8901117449
0.6912153120,0.4922666334,0.5594948035
0.2726300788,0.0076334733,0.3890821373
0.1381757578,0.0877849038,0.4088870164
0.6595796093,0.1579274081,0.2936396523
0.6705626839,0.3196912248,0.2557490001
0.8303240576,0.6474900178,0.5383489358
0.5868060365,0.6606801742,0.8119100763
0.3126198707,0.0233433422,0.0355771461
0.6612350890,0.8325722514,0.7833155184
0.1933193318,0.3987025368,0.0273380433
0.4028813222,0.4605078935,0.7627065262
0.0886531915,0.4049907431,0.1678318675
0.0922912584,0.0596028453,0.4678828343
0.1099629408,0.3783910397,0.1404542420
0.6812456774,0.4877897032,0.8346657552
0.5393703002,0.8279580426,0.6967904438
0.0335196077,0.1252800734,0.1808290821
0.7923291603,0.5109838083,0.5279106971
0.1658338314,0.0859925701,0.0928789421
0.7494377525,0.8385854816,0.7597126323
0.8469813024,0.8724483307,0.6319202222
0.6758962298,0.5198109094,0.3758677185
0.3196671761,0.5735127011,0.3269533777
0.5183201786,0.4121895946,0.5123082838
0.4133171861,0.7976235119,0.5795354648
0.2553172439,0.5195083761,0.2884762049
0.7984788247,0.7538557704,0.7500483393
0.1819135266,0.1567909211,0.6348533323
0.7925317687,0.9700531284,0.6907189655
0.8327928735,0.6183526959,0.8248581695
0.3268396259,0.3174239375,0.3496783253
0.4911961929,0.3019484933,0.3384535056
0.6612136049,0.8573930024,0.9619451218
0.4355080059,0.5115744015,0.5329930612
0.4892202863,0.2523660416,0.2435097638
0.7170545399,0.9284632254,0.9470549126
0.8235658736,0.7603576354,0.8496390595
0.4373448594,0.5033760582,0.1354921549
0.8221159542,0.9975445068,0.9225754897
0.2802388222,0.2249407087,0.6524455942
0.8274141865,0.7641783469,0.6180815394
0.7781505889,0.9171351497,0.9427387598
0.5207553204,0.8179181345,0.6355603341
0.9745841973,0.8797526785,0.9317065725
0.0304577077,0.1841683250,0.0712776657
0.4606729252,0.7432428636,0.8930251539
0.8037803579,0.8400848449,0.6571937114
0.0506706972,0.0407900402,0.3225074933
0.9892432004,0.8355769799,0.8581720191
0.2208236060,0.0439456082,0.0532955258
0.5490540236,0.4294479902,0.5409063988
0.9319928307,0.9073276581,0.7384162128
0.5550440204,0.8745061269,0.7804393053
0.9408118393,0.7415050935,0.8829067873
0.0698178471,0.2944513159,0.0199453115
0.8167754337,0.3833650757,0.5988793574
0.9978995122,0.3820697537,0.7443040716
0.0015585911,0.2215346261,0.0360120752
0.9700447981,0.8935232688,0.8830411627
0.8817453820,0.3402066475,0.1418770230
0.1377811916,0.0190330157,0.0481152932
0.8823707493,0.9234236816,0.9455601509
0.2847750806,0.2526329996,0.4972416646
0.6417219893,0.2010367573,0.5139679419
0.5681911236,0.8024167649,0.6849229995
0.6522021095,0.5518453230,0.6860854685
0.3249755735,0.5905135079,0.1234175636
0.4622846713,0.1818248288,0.5778401266
0.5226161142,0.7600521790,0.4864872600
0.2475760454,0.4665334247,0.2959527648
0.0977092028,0.1385615912,0.0496970764
0.4491387364,0.3035811297,0.3250979382
0.0941074256,0.1284285454,0.3474040819
0.7993133121,0.9700836090,0.8814143186
0.4758034041,0.6272843470,0.6840895020
0.2470517997,0.3801379622,0.6074782637
0.7390361405,0.4792888051,0.4977774444
0.9052890158,0.7726729960,0.8986818702
0.2863501507,0.7329156258,0.1384075861
0.2971798325,0.4096485493,0.5361986017
0.4577673848,0.3733263019,0.6966876028
0.3670061503,0.4240917776,0.4325037770
0.7603479413,0.7180361305,0.9727101493
0.9035708746,0.0373595671,0.0352263091
0.0567755022,0.3501105027,0.0883617812
0.9716326708,0.5579831032,0.7931028367
0.4086532165,0.4893541120,0.1051823176
0.2768774297,0.7504583655,0.6756717741
0.8393428160,0.7006394235,0.6311953762
0.7249582825,0.8133199745,0.9429282645
0.2652870095,0.5797813248,0.2159849582
0.8560966664,0.7865542897,0.8836409558
0.5264646114,0.3063048544,0.4360110116
0.9015427706,0.6602396306,0.8060392504
0.2001673779,0.0103450749,0.0659614206
0.6549517156,0.4525738253,0.5937090638
0.3309888783,0.4411331001,0.8164840003
0.2582344616,0.1490094591,0.2572551442
0.0075774288,0.1533521304,0.0793787673
0.3039233298,0.4109594964,0.4670543468
0.0287228803,0.1434948874,0.1144166039
0.6550884371,0.3707773658,0.5264390248
0.4031565250,0.2882429614,0.3973175175
0.8385879191,0.8216922755,0.9653413373
0.6301096381,0.2435950331,0.4306762121
0.3749767441,0.0260321642,0.0607331642
0.6414491910,0.9162664243,0.7885462749
0.3364589202,0.3298212467,0.4995897595
0.7106350329,0.9896309121,0.7482082361
0.7033651235,0.1958737049,0.1883272373
0.6212758993,0.8248712050,0.5274572853
0.2165020072,0.1538099521,0.3583684353
0.6411379064,0.4611372876,0.5760727427
0.0918189362,0.1293666975,0.1041632949
0.7046829983,0.9078803129,0.7249222524
0.2256518535,0.2909636813,0.1049946910
0.8641697165,0.9123621280,0.9897013821
0.1073461917,0.1009531307,0.5517604042
0.6031659816,0.2417610691,0.4295773626
0.5276861327,0.6024762905,0.3188703713
0.7879021566,0.5611960024,0.7239426242
0.5004796865,0.2561589667,0.1996104346
0.2590327266,0.2558468091,0.0281027690
0.5929709624,0.3346484583,0.5249246744
0.4173176884,0.6260947732,0.4294138745
0.0532038069,0.0138450343,0.0452284280
0.7380862218,0.5390615725,0.4689339671
0.2027050627,0.0265680147,0.0335379864
0.3535095300,0.2740113079,0.0879908338
0.3866437832,0.2573538599,0.4416746317
0.6056150536,0.8831653319,0.4963669144
0.4821267684,0.2631495945,0.1562615777
0.7578538311,0.8087450361,0.9228498965
0.3570699298,0.1639799358,0.1471475568
0.2295675188,0.0418538724,0.4050647078
0.8295626960,0.8607807272,0.8480073301
0.7719332341,0.3414967809,0.5614577940
0.2612205471,0.0202249363,0.2043578283
0.5324459323,0.2852316039,0.4946891980
0.7948547052,0.2227852582,0.8330920303
0.7473762769,0.7446622670,0.9447299472
0.1352892739,0.3124983951,0.2334683700
0.1322750684,0.4278488419,0.1025274424
0.8987531169,0.8955795600,0.9693241960
0.5699361186,0.3464170620,0.6155217249
0.7045593891,0.9003995942,0.7756486293
0.1506123706,0.5662961742,0.2254595556
0.4067345174,0.4076797017,0.2286894182
0.2908749207,0.3930993550,0.5402945811
0.5449345888,0.7439932036,0.6726753764
0.5574782035,0.8729971594,0.5799304642
0.3902703110,0.3952236420,0.3302851901
0.6342976875,0.5588763286,0.9059114275
0.1621449841,0.1393986642,0.2318812783
0.6366574340,0.8028378449,0.6313838354
0.6141670005,0.7519664050,0.7311220213
0.7119157056,0.8966409178,0.7145892833
0.8611429173,0.4156015140,0.3782095604
0.8377796996,0.9819376613,0.7455515204
0.0296536487,0.0893639383,0.2092332501
0.7001982109,0.7835283785,0.7268304377
0.7648482149,0.8435786947,0.5466256520
0.7223814055,0.7278170785,0.3581174752
0.5825045971,0.6281125176,0.5097837475
0.8831104848,0.8826215987,0.6892910790
0.2438612222,0.4711228617,0.3356173321
0.9111786420,0.6177662488,0.7123936809
0.1139678627,0.5585473023,0.0409385176
0.0021706939,0.1626652028,0.3748516877
0.3435017660,0.2541516761,0.5060293200
0.4973191412,0.3891098092,0.8102592034
0.2502179181,0.1510161307,0.4407280980
0.0384484597,0.0022533614,0.1586912217
0.8878151258,0.7353656479,0.8370580384
0.3238673405,0.5550371160,0.2399399572
0.3900165835,0.5312526757,0.3230186509
0.3552641499,0.4592946087,0.7429410533
0.2228802162,0.3692460346,0.6725066290
0.6107724583,0.7848652761,0.6238207609
0.4368166706,0.1228311791,0.1787413345
0.6276799987,0.5453062345,0.5952250898
0.6792424728,0.5770885694,0.4383892237
0.6963612375,0.9749533372,0.3019674986
0.1584676544,0.0205938502,0.2477520175
0.6786835014,0.8358353552,0.9561834293
0.0748855157,0.2397992148,0.2209896214
0.5190815308,0.7717817327,0.6983857307
0.2487839920,0.0101982075,0.5444185062
0.4957405290,0.7148757988,0.4608342252
0.1307922318,0.0525969668,0.0119508296
0.8885474469,0.2328171571,0.0195782023
0.5194613943,0.4274664359,0.4662338475
0.1482830209,0.3610036179,0.3673153853
0.4551388425,0.1523538405,0.0084441608
0.4792798615,0.3554524346,0.1391958413
0.0441045206,0.1164323160,0.2011834376
0.1996275895,0.0064417744,0.0555313077
0.2997928287,0.2647484127,0.3341289897
0.8917630073,0.9569720975,0.9281424974
0.0890659656,0.0821987598,0.0519290514
0.3415380473,0.4139583263,0.9073540070
0.2752627853,0.2454539149,0.3752552407
0.7810500980,0.2372347010,0.2623248440
0.5265464285,0.6533376400,0.6122656393
0.6843376284,0.9550124559,0.8198635244
0.5152819272,0.4520099460,0.6650452910
0.4614139779,0.7539353256,0.4359086451
0.8262165885,0.9464599483,0.9396703097
0.3489142327,0.2923275806,0.7497098675
0.8153164182,0.8992706959,0.9412038827
0.6539159778,0.9159879915,0.5040759464
0.7269258659,0.4332026626,0.9431989514
0.2265776954,0.7949095373,0.5198469325
0.7263351441,0.8196206188,0.7313490498
0.6176684661,0.2489045902,0.4785602839
0.7300205936,0.7588510306,0.8216431001
0.4078155534,0.0331092086,0.1754144115
0.2914840512,0.0636420053,0.0599470001
0.4958306649,0.5317041190,0.2968437895
0.7479165859,0.6762445223,0.5896086379
0.2617998064,0.5292094999,0.3051980500
0.9095119942,0.7874677785,0.8626192940
0.3870403829,0.3459296536,0.4532219887
0.6585713407,0.5629132454,0.7575869566
0.1413735246,0.8417937469,0.1798865714
0.6790494402,0.5591534892,0.6637118038
0.7739054937,0.7992796274,0.9617229402
0.5581025513,0.6043209835,0.4523653118
0.2726343302,0.4719461940,0.4361682473
0.0113419835,0.0250971614,0.5143170980
0.3755621879,0.7012482033,0.6774243659
0.5880460162,0.4839867327,0.3575894713
0.6428693997,0.7347958662,0.7922885941
0.1824416469,0.3424971395,0.2643141149
0.4847404070,0.1759564886,0.0061340922
0.6266104433,0.3433911377,0.6810166992
0.7491963260,0.9696683769,0.8967474609
0.3089050802,0.2615972850,0.7292906747
0.3224272240,0.2160042155,0.1195853939
0.1973905943,0.4216572107,0.2327826910
0.1056649421,0.1077305311,0.0145628480
0.8818944039,0.9985790560,0.9624565684
0.3320114319,0.2071752400,0.6376855361
0.5742121755,0.4154351286,0.1959969351
0.0184297134,0.2894928178,0.1285405431
0.9245168611,0.8708431495,0.7275259237
0.6618794645,0.9911623571,0.8312379852
0.6129224459,0.4690573591,0.7145883835
0.8555987258,0.4259626092,0.4234295301
0.9735831679,0.7200966354,0.7805043697
0.2327462391,0.5855079099,0.4529993414
0.5821810110,0.6472430358,0.5277802924
0.4142025538,0.5114507734,0.3414817212
0.8496291308,0.9278615141,0.8714455037
0.9765973640,0.9484867915,0.9952028408
0.2785670441,0.5962811794,0.0416470013
0.7962394507,0.5134298189,0.6597906190
0.4961076135,0.2697990441,0.4406955045
0.5328652305,0.5492002037,0.5240500504
0.7764535507,0.3584996550,0.2891729660
0.6110784270,0.5923576999,0.7031580545
0.6782376323,0.7347554002,0.6620981779
0.3707655687,0.4142512149,0.5824235526
0.2906025045,0.9791713220,0.5484766730
0.0708038636,0.4228889681,0.2521993845
0.1779648499,0.3681337363,0.9732944770
0.7607132421,0.5139195143,0.5167277422
0.3915160540,0.3268779941,0.6215282301
0.4393030236,0.6679463821,0.5334075676
0.9439954646,0.9034245261,0.9836077326
0.4465899211,0.6032395119,0.4119386391
0.5637478546,0.9862995581,0.8604795207
0.0362796426,0.5102752098,0.1055215575
0.9685409526,0.8477389523,0.8911739997
0.1138832653,0.1021686482,0.0927783973
0.2866567540,0.8501127489,0.5998912930
0.1739084031,0.3652914108,0.0922298410
0.9857167228,0.9374126288,0.8335046963
0.9334824118,0.7215231601,0.6413930384
0.5221189275,0.6800146954,0.4704278426
0.6809615036,0.6895556728,0.9546713069
0.1298382597,0.1273102160,0.1629842274
0.6214577736,0.6040949658,0.5536448880
0.2819461102,0.3363704719,0.4776918588
0.6309853147,0.6239438512,0.8013541300
0.5346526489,0.4541703463,0.2625468677
0.3849631493,0.2114899801,0.2003229705
0.6989478092,0.8862056917,0.7827833867
0.2965945060,0.3866159564,0.5003266526
0.0099042484,0.1473004629,0.3783441899
0.2371843022,0.2001500786,0.4811765651
0.1754884416,0.4903793802,0.3002675836
0.3877144088,0.3128648810,0.8518456049
0.4425152444,0.1783071753,0.2404296795
0.2315993256,0.3962807570,0.3649427786
0.4507193930,0.9161667651,0.2989246669
0.4671919655,0.3395287968,0.6287213227
0.9431868433,0.7147472156,0.8624631930
0.8756237906,0.4706829332,0.6461575680
0.9119909951,0.6363081862,0.8217138301
0.6444390509,0.4454916783,0.3041552475
0.0831411801,0.0352226404,0.0715934585
0.9124603622,0.9359703329,0.9508474048
0.0392129416,0.0778016610,0.1404734655
0.5536858007,0.9121723509,0.5853757305
0.7411404817,0.6473496448,0.7027200180
0.2674503014,0.0428486568,0.0325852931
0.5962218521,0.3277404413,0.3499801269
0.9812654025,0.9009162896,0.9868160080
0.8544615725,0.7202361742,0.8371127658
0.9896778746,0.5667448957,0.3950089160
0.8351617934,0.6557740054,0.5037089287
0.4838975225,0.9290680308,0.5974578394
0.5164590947,0.2291598791,0.3975752296
0.5527049994,0.8374840535,0.4842272939
0.4768720221,0.6565346883,0.2053491503
0.7051099130,0.7155049490,0.6000998745
0.6754013443,0.5307108195,0.7963865389
0.0134103640,0.1434082144,0.0190924678
0.6251575435,0.4816824976,0.8923433542
0.9566894016,0.9227161778,0.7012983985
0.0426851070,0.2239302934,0.4591696538
0.8207838968,0.5952379125,0.3560396716
0.8225714863,0.4663069243,0.5129493591
0.8920631254,0.8776426101,0.8145576548
0.5247727252,0.3359392119,0.2900305260
0.3276687809,0.3173887261,0.2733337439
0.8166512741,0.8089805185,0.9583911059
0.8375559581,0.9689108528,0.7953814507
0.1926125424,0.0281914965,0.3083479047
0.4456402621,0.3025066444,0.4857310964
0.6910104894,0.7474438250,0.9586928257
0.4994806701,0.6088733311,0.8104114243
0.3381995586,0.4678432163,0.2306694375
0.4969293230,0.5441235576,0.3381208333
0.3103218003,0.5318970309,0.3753633971
0.2754834889,0.1000644963,0.0899908284
0.3727647568,0.1295077588,0.4702970356
0.4354103113,0.0066623262,0.0326515884
0.5267051360,0.7715118765,0.4104501636
0.7707976798,0.9831968961,0.9873136668
0.9668173298,0.8908868699,0.8262248879
0.0905930928,0.5985249538,0.1971795033
0.9640502404,0.8924197204,0.7329535682
0.1041158616,0.0009461282,0.5524595058
0.0713467954,0.6469269850,0.2191783474
0.3496500970,0.3880746795,0.5499415696
0.8009944597,0.3246031921,0.7043004919
0.8657584455,0.8341376541,0.7040162312
0.6937746740,0.5006275111,0.6002271165
0.2856679082,0.1145275868,0.5009766910
0.7917293536,0.8248264030,0.8977987125
0.5514385633,0.5243011063,0.3791515026
0.1624377523,0.1508073738,0.1790671288
0.7438695765,0.7935452268,0.7364457359
0.1000767253,0.0013069029,0.2100321517
0.3610538645,0.3814834496,0.4239392502
0.1997524800,0.0849334701,0.4735925443
0.1350133251,0.2487736206,0.1254313143
0.2584958475,0.3210726259,0.5315764749
0.0799881621,0.1332250778,0.0499262736
0.4158303460,0.0879116498,0.4646836518
0.8018293711,0.5332735098,0.8396645345
0.3746756029,0.8376492638,0.5242901724
0.1316126826,0.1056485542,0.0263988158
0.9512578612,0.6854809648,0.5599578046
0.9625075854,0.7287281537,0.8348985973
0.2904394349,0.5763043931,0.3518512650
0.5383942548,0.5956152822,0.9402805509
0.6063927316,0.4241444082,0.5382483241
0.8310730255,0.5671878203,0.7745698354
0.9301685657,0.6863662580,0.5582931602
0.7878053224,0.9202414243,0.7967610146
0.6187636265,0.5955029102,0.5523744799
0.7766960032,0.7140276307,0.8975848614
0.8447594809,0.8727042771,0.9546316122
0.0680418060,0.3512056726,0.2629199357
0.0291874474,0.0563538495,0.2060823465
0.7025745229,0.3800838232,0.3915796790
0.0905929615,0.4888250637,0.6682635471
0.5259632981,0.4321716633,0.3830917909
0.7875247506,0.9593820999,0.8233707528
0.8312668720,0.5543196126,0.9017491262
0.2928582149,0.4343328018,0.5302509429
0.5126743635,0.7882663020,0.8172351140
0.5030063734,0.6443832813,0.6990209179
0.3224320936,0.4590068400,0.5849624085
0.3320077133,0.3315541383,0.8286164172
0.5735319975,0.7382935481,0.4448734269
0.2006236811,0.9140334121,0.7591785745
0.4479043453,0.2830285199,0.2445002036
0.1997772835,0.3904454624,0.0868403180
0.2948651559,0.2461898355,0.2515747970
0.8179383653,0.3283156176,0.7203581001
0.9634644725,0.9189211298,0.8946721366
0.6706993880,0.6462443740,0.8778713546
0.2677801215,0.6198322865,0.4671943188
0.4054965339,0.3656173132,0.2966611740
0.0260653881,0.0585921843,0.4076288561
0.3449677411,0.0295453071,0.0312950021
0.5184331686,0.8495167961,0.6516327814
0.5876505642,0.7918712041,0.5787329170
0.3245734507,0.3252786447,0.5968840487
0.8712987376,0.8423565198,0.8775184407
0.3488323268,0.0367565270,0.0039178527
0.5915422698,0.6385392647,0.6290787938
0.7333071365,0.8370480265,0.7965262945
0.7605495992,0.8617918138,0.9801750744
0.2370625652,0.1809820843,0.5171110890
0.6268316316,0.9259014659,0.6162749666
0.9932456812,0.8346150490,0.8545279031
0.8259197909,0.9438739791,0.8733074324
0.3258776715,0.0845184854,0.4066613661
0.5321590584,0.0847887124,0.0474407198
0.0638600544,0.8406641104,0.1366063579
0.2603128638,0.2059731970,0.0895955508
0.3121712502,0.1791315923,0.1929324555
0.6468090921,0.5665969322,0.5363417555
0.8233428778,0.9567441752,0.9992151432
0.0262184408,0.3940420152,0.0442567467
0.4999900820,0.1530479785,0.4763295726
0.6634199196,0.9556357679,0.9973050472
0.8250361894,0.3991530816,0.1758757068
0.5912084599,0.4109653511,0.3018077660
0.1677094197,0.1588583295,0.1124547003
0.4006675819,0.8125037971,0.3452528602
0.0606139355,0.2957617726,0.0626778030
0.0679488504,0.4983761649,0.3438745144
0.3898489827,0.1027937993,0.0691479034
0.6303454777,0.1147306745,0.2676265365
0.5828676607,0.8109242428,0.5040275449
0.3287201439,0.0581515390,0.0267396544
0.1195416929,0.0883251960,0.4010563024
0.3268784967,0.3590246701,0.2729200745
0.8281002487,0.0989981616,0.1363134454
0.4135125108,0.1348901211,0.3688470935
0.1951617230,0.3132995979,0.6647783354
0.9325655003,0.9277142896,0.7938860089
0.4101606065,0.6643746960,0.4733720499
0.0967760319,0.0618329940,0.0612671450
0.5575196324,0.4779173920,0.6003713936
0.4442991743,0.2837153554,0.7134427992
0.3929220197,0.7213655977,0.2686227252
0.9751692658,0.5712837895,0.6205981832
0.9227583580,0.6840123552,0.9288982733
0.4122972918,0.3513245696,0.3093698173
0.3203632959,0.7437392562,0.5475348610
0.2027126363,0.4843249310,0.1840483690
0.9653516188,0.8425321727,0.8408461635
0.1671483623,0.3789572433,0.0810908968
0.2195671932,0.1732751726,0.2270476586
0.3232807380,0.4666313791,0.2275692353
0.3946588711,0.3756185323,0.2715574772
0.5135508223,0.3891335693,0.5678953106
0.3315964880,0.2177850159,0.1623197261
0.0180860530,0.0988582745,0.0559760777
0.5754219172,0.5010782038,0.2882982062
0.0263025816,0.0398505827,0.2455730550
0.8652836706,0.6518596973,0.6098061171
0.5189609270,0.4704903370,0.3659724417
0.2215389318,0.6030638439,0.3816067320
0.3994518797,0.3597906421,0.3518598379
0.2123146146,0.1579413680,0.1458082955
0.1385347525,0.0289498541,0.0284099654
0.3785980633,0.4034933534,0.2642855182
0.2774085346,0.0862227944,0.1948204534
0.8317539758,0.5483551140,0.4831596206
0.8089348713,0.6966307877,0.7100745487
0.4487974927,0.0862069129,0.0416881133
0.7529602688,0.3711344188,0.3143114164
0.3453175566,0.1070681979,0.3985270804
0.2558083135,0.6810336029,0.3974522099
0.0136392664,0.2331664324,0.3936014257
0.9744077492,0.9667818611,0.8133263463
0.2877321914,0.7753806755,0.6752531876
0.9132291625,0.9136476529,0.8676612631
0.7258218743,0.9164802224,0.8546748932
0.2949653750,0.2339520180,0.7246011821
0.1531076809,0.0960211865,0.4963141441
0.0300790984,0.4113638006,0.2307842528
0.5290806095,0.7163533191,0.7364495708
0.8803845389,0.6998407132,0.7701993176
0.4560999824,0.0323277744,0.1458694870
0.2488019652,0.2713322775,0.1173494208
0.0515295499,0.7054059350,0.2221368500
0.9340299179,0.8052033409,0.9405500027
0.6475312243,0.5557415527,0.8057120561
0.6661072607,0.5928574847,0.4727611883
0.9297757210,0.6832708091,0.6276737388
0.4142858082,0.3939841480,0.5660217663
0.2178436995,0.0603293635,0.4939190293
0.5267439162,0.0842439336,0.3565869289
0.2199329082,0.0574798785,0.1080915620
0.4735354065,0.7353124343,0.3821503545
0.4235596621,0.3378644319,0.5124349137
0.5061769115,0.1277439584,0.0673328480
0.7269454333,0.1085220751,0.4347242657
0.6002373412,0.4237940786,0.6828291491
0.9786824459,0.8521338660,0.9170298774
0.9359110515,0.9877209588,0.9906060116
0.7857301333,0.6599274178,0.6123701270
0.5623455170,0.4821301460,0.7837463147
0.2372481773,0.6259866337,0.1353201182
0.3357229772,0.0026177808,0.2702936190
0.7062341343,0.7367230660,0.7825536340
0.8206518610,0.9357764918,0.8049725766
0.9672917495,0.7814923028,0.8348476573
0.8030433641,0.5071491865,0.3784126846
0.5388970930,0.6697707985,0.3643482092
0.7067433956,0.9565595800,0.9492320466
0.2109089556,0.7338941891,0.2463894318
0.2310863155,0.2543915902,0.8302173831
0.5241794101,0.6262065087,0.7805249261
0.2999990622,0.3031693702,0.6391551096
0.9434308295,0.6680160276,0.8917290894
0.7369856635,0.6097782676,0.9466106095
0.1525112633,0.1690138454,0.5181585318
0.0456187655,0.8529455029,0.1168014979
0.2056704546,0.3419911440,0.6807216617
0.0704263837,0.1557238706,0.0497961203
0.8692069639,0.3934117997,0.8153243699
0.2641440601,0.4219597579,0.4214206349
0.6252353061,0.6944560928,0.6870819974
0.6437998656,0.9157398642,0.8112154080
0.9859422368,0.8484545056,0.7121090943
0.6373777830,0.7140700615,0.7257634371
0.8674747661,0.8428280983,0.9978336316
0.7769339307,0.9908260449,0.9734626157
0.6971165568,0.7820029667,0.7090532118
0.7555046702,0.9093435709,0.8224982814
0.4035252231,0.7302389971,0.3504038637
0.8186767212,0.9307956928,0.8839308967
0.0361703341,0.3273834764,0.2039787965
0.2481485509,0.2857703714,0.3232266563
0.5033252698,0.5328625512,0.5159224161
0.2245604203,0.5726369018,0.3495531961
0.9911677201,0.9407290179,0.9839770232
0.7870535700,0.7134168914,0.7008368147
0.0113313099,0.3111721790,0.1049098935
0.5128877241,0.4848144029,0.4165311827
0.4069368255,0.6770747294,0.2888515061
0.2016266479,0.1024386060,0.0323152206
0.2448269835,0.3865931583,0.2597374117
0.2362847577,0.0017650601,0.0183158813
0.8872342246,0.7793268431,0.8864335755
0.0643269860,0.0695454324,0.1339464194
0.9358812016,0.9471852741,0.8153372313
0.4996214667,0.3397930790,0.8636943230
0.1965173309,0.2810323617,0.0659535493
0.0582277168,0.0295674015,0.3292739411
0.3075146442,0.4397397885,0.9650127320
0.8358680916,0.8596404297,0.5089041409
0.0843469518,0.2262759963,0.5027171984
0.0739983604,0.0029594015,0.2182635082
0.2823392931,0.3979033482,0.3233327635
0.0912587794,0.0745482493,0.2406389057
0.9647882261,0.7298835366,0.8501060740
0.3209738660,0.2166605381,0.1382878838
0.9639500537,0.7076402308,0.7585917245
0.7224886963,0.8956383411,0.9364623802
0.2212742577,0.2078160551,0.0594449267
0.1135491841,0.0943076451,0.3818587713
0.3988831227,0.0151459140,0.2866878479
0.1024341935,0.4381129560,0.0415401549
0.9265283768,0.7844232063,0.9365701264
0.5642086148,0.5265107083,0.6895880346
0.1320275828,0.5099841370,0.2031301041
0.0223852483,0.2385542400,0.2866598360
0.0367389136,0.1307854558,0.0736904215
0.0492653069,0.2645630757,0.0704436433
0.0724116022,0.2796321240,0.0757153312
0.2968089803,0.2780859746,0.6997241978
0.5096364293,0.0616993137,0.7325781492
0.3573444936,0.2120939378,0.2113867311
0.7611378945,0.9298259741,0.9228610233
0.9196727112,0.7773802948,0.6997825320
0.8530183723,0.6267907038,0.7020687426
0.2260259572,0.3632435217,0.4674642027
0.6066216862,0.6107669895,0.6154654633
0.6742875028,0.4195571113,0.4561222005
0.2499209002,0.1647059078,0.3476038166
0.9636234930,0.7728288134,0.8085230455
0.9429166923,0.9562516105,0.8911339906
0.5413319832,0.2928040651,0.5699014756
0.5160388277,0.8665493468,0.8700765618
0.0589781574,0.3591649478,0.2449934170
0.3974608066,0.2801568630,0.1297382658
0.6563505734,0.6531389435,0.4494968451
0.8010015460,0.9470280247,0.8828624152
0.0257272341,0.0315819293,0.0161044872
0.6784180414,0.0644685334,0.0938950103
0.0906045439,0.0255542360,0.1273427046
0.0831122082,0.2349335661,0.0711610449
0.1863423235,0.7869629306,0.7678703890
0.3022608837,0.3188100102,0.2221239144
0.0903652274,0.1115331756,0.3382459548
0.5445450710,0.0550209640,0.2624175855
0.0105266330,0.1155891351,0.0345655328
0.0576039082,0.1126189656,0.0279337820
0.5350981243,0.3742190092,0.3402415190
0.1717118320,0.6984453116,0.1566831485
0.2524944186,0.0548303560,0.4488754862
0.6389230386,0.8832693367,0.7448374656
0.0988293964,0.4397904732,0.1204131172
0.8595098532,0.4867348935,0.5103952829
0.1044792741,0.2929238653,0.0492315883
0.5722932405,0.2413160322,0.3072013756
0.7922520881,0.7734666683,0.6289285619
0.3673695723,0.0402627002,0.1677531622
0.1185065511,0.2134187046,0.1340514967
0.2614168804,0.0732523001,0.1621954439
0.0688294255,0.2271624936,0.0382723404
0.1074024993,0.1511443660,0.4129098914
0.9809158477,0.6347374878,0.7973419707
0.5696653080,0.8712333609,0.7897676954
0.5857976523,0.7748294465,0.8443808413
0.9201577309,0.8997573799,0.8827799586
0.6452460484,0.8094854614,0.7061334670
0.1241691734,0.0281000542,0.0420407248
0.8174002477,0.8226257120,0.6600674166
0.3859940046,0.2203038825,0.6133799586
0.7602568639,0.7051335295,0.6030461130
0.1198855837,0.6046925080,0.3677535721
0.9902187455,0.9334912869,0.6560801108
0.4163473943,0.3228625592,0.4251622528
0.1131027982,0.2830296171,0.2533980853
0.5581346135,0.1930016999,0.0339927601
0.6620855414,0.8394944691,0.5290397175
0.8121713754,0.6351003176,0.4379596213
0.8380643716,0.2881589741,0.0198825793
0.1633050788,0.2870722364,0.2366801302
0.4778622843,0.4626695364,0.9754529091
0.7686931521,0.9133051685,0.7550036663
0.6357971076,0.2477386847,0.2921867689
0.9446180950,0.8501274066,0.9858409796
0.2285410000,0.0526550578,0.0939095437
0.6168926334,0.8537392821,0.7798944436
0.6960616131,0.6830157110,0.7805180418
0.8452060240,0.7941379567,0.6237957674
0.0198550840,0.1648065987,0.2506577345
0.7024349097,0.9509681783,0.8239488192
0.7869099841,0.6201764533,0.8452938160
0.7140555296,0.8338036757,0.7107429588
0.3856663455,0.2122309120,0.2296040271
0.9672875469,0.7333239729,0.8853469932
0.7663663248,0.8346791376,0.7046839600
0.1983272869,0.6301400871,0.0088160674
0.9966136960,0.9058162338,0.6991009123
0.7043547538,0.3348902250,0.6192317020
0.5780591019,0.9250730585,0.4665416850
0.5160923742,0.4421338040,0.6735251959
0.2142892661,0.2490130503,0.1931394909
0.2646744655,0.4559839347,0.4115756632
0.5423777595,0.5194785906,0.3803438081
0.4796407276,0.9326410597,0.3845423699
0.9898819509,0.4811162088,0.6828423771
0.3853176699,0.2962404865,0.3885759808
0.1555207904,0.1233917486,0.3791449576
0.1956897670,0.0154616101,0.1366791739
0.0225140606,0.0195178493,0.3082470213
0.0674469404,0.0436217306,0.0795201658
0.1469831775,0.0977748246,0.2440211801
0.7094559049,0.6331129319,0.8146829399
0.6117337091,0.4253637801,0.3358445143
0.9474543477,0.8111133563,0.9853616472
0.1278168964,0.2277681159,0.0530482113
0.9364219747,0.0756098720,0.6257506727
0.1034467165,0.1391648760,0.1325176567
0.9438461422,0.7721521939,0.9498570138
0.9692997453,0.6973194535,0.4815481684
0.1652819948,0.0679529486,0.2275002156
0.2450783088,0.9320564403,0.3578771910
0.4460307566,0.2730680787,0.7602533112
0.8966565935,0.9602036953,0.7826244360
0.1454785535,0.1342277013,0.1321231232
0.3534514225,0.3416058413,0.2655037713
0.7118398171,0.7424030526,0.8563347094
0.4211156487,0.4701909430,0.2265400531
0.4514533263,0.3402271259,0.2061926355
0.7792924393,0.9908809697,0.8008043067
0.2960454319,0.3355834633,0.5763633666
0.9165296546,0.7719293055,0.8319345927
0.4756866361,0.3793163877,0.4002334947
0.1802224491,0.3472516442,0.5075256886
0.4526108349,0.5983746967,0.5737452505
0.8258395454,0.4833700601,0.3512322425
0.6120598918,0.8094251689,0.9565736156
0.5628725138,0.5787847687,0.5774376334
0.9812005346,0.5601034446,0.5671379171
0.3656117971,0.1579415352,0.0249765230
0.8078331470,0.7603738336,0.8089154793
0.9480891403,0.4732512421,0.5055762766
0.2470224950,0.2112672444,0.1386780333
0.4390377402,0.4233384404,0.3627079393
0.4915815975,0.3225401722,0.7705353481
0.8620478672,0.9217676815,0.8315966453
0.7583490734,0.6095078122,0.2279694874
0.3449988546,0.3664980004,0.4320801488
0.4414818112,0.4511430936,0.3169889970
0.4668555528,0.7306642215,0.9449347843
0.2290399761,0.6260804654,0.4511263510
0.3917922271,0.2418919285,0.0912201439
0.4964584019,0.0571946104,0.0085890179
0.4562389346,0.6904536974,0.5051553591
0.6903126638,0.9283935501,0.5467696653
0.8747804762,0.7390294725,0.7256838541
0.7538710419,0.7795374112,0.8823383846
0.4301159969,0.1134553964,0.1562200038
0.6483657853,0.8572502584,0.6290145499
0.8766410924,0.7860955890,0.6857677062
0.7721758137,0.6422614004,0.4100646850
0.0835432202,0.5132496750,0.2655809808
0.7901657272,0.4422191888,0.3622299290
0.1389953430,0.3964103320,0.5257605573
0.1382408370,0.3355685807,0.0239145939
0.2288082389,0.4215106251,0.3418496535
0.0438775950,0.1351333239,0.2418961611
0.8834606267,0.6452572825,0.6121986606
0.0172122239,0.1068517838,0.1011616294
0.1323447626,0.8756551334,0.3104226216
0.5758440488,0.6229237250,0.8055135026
0.1042157293,0.0738958909,0.1403379453
0.3086593349,0.1025726119,0.0742746612
0.2700939398,0.2286822709,0.2327375102
0.8318553162,0.9463391100,0.9361660903
0.2650411619,0.1649630776,0.2434092272
0.4338051192,0.4444446268,0.8733073903
0.8491054499,0.8291309157,0.9691326573
0.4568469492,0.3313835951,0.1106500163
0.0667680580,0.0855094102,0.4493793279
0.7664363109,0.8006417309,0.5239803581
0.2809273419,0.2277770565,0.1337937992
0.5891723272,0.8375560029,0.7667074588
0.1134583809,0.0535065865,0.0053435543
0.1343883217,0.1328254198,0.0656654261
0.5969525372,0.8366160559,0.5899869308
0.0682448656,0.0589907849,0.6424450927
0.7170843693,0.5466006443,0.9441671781
0.1226779663,0.2294623576,0.2638668159
0.9872964952,0.8954503956,0.9518311309
0.3604443149,0.3535231102,0.6528402575
0.8890760575,0.7722634625,0.8926435500
0.6108731931,0.7156189014,0.9440556481
0.6669309299,0.6646511567,0.3674362387
0.0346206393,0.4375121860,0.0265769625
0.9159840911,0.7832318103,0.9727547040
0.2619630086,0.4623005012,0.0689133443
0.8537185995,0.8497352661,0.8101158870
0.8064755649,0.7069998590,0.8055577846
0.1309005823,0.1993345748,0.2207467382
0.5691017514,0.8555659690,0.8213616563
0.4185286669,0.6778174738,0.7873653909
0.2864954287,0.0341073584,0.0974558476
0.9050411259,0.9471219130,0.8243260132
0.5551159956,0.4402530813,0.3551852815
0.0495816280,0.0068954947,0.0051966454
0.3540283771,0.2504826547,0.1488566734
0.4907634536,0.7879022839,0.3811105410
0.4423132144,0.5387235176,0.3324494616
0.5857453069,0.7507507115,0.6962448207
0.3278613797,0.3114968546,0.0815471153
0.5888897349,0.1892117329,0.2993451230
0.5099283521,0.5979030123,0.3322989276
0.0656583199,0.0467305892,0.3037021330
0.7575663907,0.4720641367,0.1167636906
0.3567385456,0.2721767877,0.4291822071
0.2695929874,0.0404955753,0.0280160440
0.4925716162,0.7342232211,0.6875857240
0.9289799575,0.6467147962,0.8500871693
0.7254732743,0.7081692583,0.6551080720
0.1524193763,0.0200110217,0.4741251507
0.4499882165,0.5532031020,0.8309251936
0.2474216683,0.4658667159,0.7026610093
0.6591365265,0.5254570728,0.7742673272
0.6789969059,0.5719818498,0.6780710963
0.7724725008,0.7275122341,0.7319222432
0.8225862663,0.9128260728,0.3250690835
0.9616111949,0.7601845576,0.9668314912
0.1855404673,0.2012360542,0.1507963661
0.7637846114,0.6330195915,0.6082231659
0.3483714154,0.2528590679,0.3817122344
0.0503556989,0.1533643714,0.0001388460
0.4456816834,0.4729812202,0.3840420374
0.7040982124,0.9995727173,0.6192577527
0.8303151202,0.6558798127,0.9466068914
0.2151748107,0.3527802730,0.1212204593
0.6140171903,0.8722232137,0.8062220867
0.6029428222,0.5540705526,0.5810980758
0.3611931353,0.4527711613,0.5633385643
0.9514566260,0.8994937458,0.9887037969
0.2333453224,0.0492909332,0.3426660896
0.3199991707,0.8722997047,0.6176314127
0.8360958957,0.9899573628,0.7377480974
0.2663931261,0.1535664587,0.0724865406
0.7400934693,0.4229763702,0.6131144975
0.6075269149,0.9893549186,0.7903459019
0.8841310246,0.8128167738,0.7947618926
0.8925870224,0.9990813506,0.9146599106
0.5319804511,0.9714627481,0.9333983489
0.3941991903,0.4444873469,0.4602777324
0.9024372607,0.5945740893,0.6695814916
0.6886612265,0.8082711276,0.9823437468
0.9370055487,0.7896004359,0.9273088362
0.0350201723,0.0848206429,0.2337584109
0.9430828535,0.6817611782,0.7678355550
0.0488077679,0.0130392356,0.2311283555
0.8250237320,0.7409110198,0.4696310793
0.2419669106,0.2891920416,0.8142633314
0.4146943968,0.4708041431,0.7147862533
0.9722781686,0.6549461099,0.6317279666
0.5752964804,0.2430987404,0.1315326717
0.7057888302,0.3970621809,0.2984225347
0.0791783251,0.0303173351,0.1926177936
0.3258546273,0.2084406551,0.1544219532
0.8134660178,0.9518240202,0.5047115196
0.3166715808,0.7666356245,0.7347459514
0.5545420418,0.3223115453,0.4256097615
0.5454077638,0.3697788123,0.8738703497
0.4016514893,0.2901062508,0.6387070141
0.8795171737,0.8888995638,0.9968782969
0.1978966171,0.1323948733,0.0985055872
0.5882961031,0.8643946304,0.7621252501
0.8669070941,0.9861412595,0.9543565844
0.4934602108,0.3519985521,0.2035876947
0.7904221130,0.6507936979,0.9124115346
0.9406039151,0.6375325288,0.9195832196
0.3063537593,0.6792184500,0.4144216308
0.8187922330,0.8480894845,0.8624102246
0.8950002692,0.8883339892,0.9720556017
0.3149961207,0.2390975065,0.1606980791
0.7436197977,0.9228290710,0.6534524110
0.5123178127,0.5812577465,0.8047652381
0.9535566683,0.8926410509,0.9375484919
0.2535166931,0.4117194804,0.2409103303
0.9063377662,0.9040359623,0.7504322116
0.5928935558,0.4474636125,0.6309647229
0.5307551912,0.1408991948,0.3836537925
0.5974022899,0.7472388938,0.8340167147
0.6303517132,0.1611838839,0.7739377209
0.4122171672,0.5052372099,0.5246631610
0.2519071800,0.5924753750,0.7546251461
0.2961627398,0.7831311526,0.4784002002
0.2740201678,0.2778523972,0.0681892243
0.1462730335,0.3822524936,0.4438858870
0.2813136710,0.2816587365,0.0348256532
0.8550289528,0.6633944003,0.7527791551
0.1932914165,0.1765010039,0.4297555775
0.7234162054,0.7497181250,0.9639878715
0.7314972392,0.6041418736,0.5538216403
0.2414525671,0.2283916335,0.3745102956
0.1519905933,0.3208628285,0.2130721549
0.5779061740,0.5368133848,0.4739345336
0.1158017290,0.2809179252,0.1597741490
0.5670888018,0.6691030852,0.8992513413
0.1198516948,0.0321117704,0.1673705118
0.1867897931,0.1546211125,0.0821421691
0.5855951164,0.3758702077,0.2323476550
0.5321924865,0.6059230077,0.5748377369
0.2300593975,0.6359177392,0.0267957576
0.1846059997,0.0531914180,0.2096908794
0.5696666256,0.7782506399,0.6373608578
0.6837922113,0.9584344585,0.7451402379
0.8816251688,0.8781956776,0.9144301799
0.4374095390,0.3468564549,0.4275564257
0.2669478705,0.2010683493,0.0911456729
0.8566061453,0.8112126349,0.8144532347
0.5640186256,0.2157875199,0.2285604110
0.3474084101,0.5106628814,0.7079669841
0.6854997628,0.8659836307,0.9234239643
0.7041838237,0.6918825590,0.3663683911
0.7257857266,0.6294179689,0.7545773155
0.1187795120,0.3715493768,0.8981932909
0.8932065192,0.8351595657,0.8770580656
0.4769987402,0.6493890232,0.4229785673
0.6477264790,0.8601836241,0.9650635319
0.2891141679,0.7397289905,0.6782630012
0.7018261804,0.6809107866,0.8197296485
0.6724372165,0.6843343751,0.9749005975
0.2958160622,0.3804282251,0.5310650102
0.3141044568,0.2773550322,0.6668684931
0.6001342580,0.7184056368,0.7910645085
0.4427297314,0.5536664662,0.3265273255
0.2808364776,0.4404413577,0.3747229004
0.2058838377,0.0367014032,0.0665433428
0.2013292976,0.4496809830,0.0036663195
0.5808584393,0.3452630314,0.5047610604
0.8194638233,0.3787082865,0.3200052909
0.9171787693,0.7235629369,0.9727334706
0.2438467713,0.0522530259,0.0258735952
0.9144367448,0.8103835646,0.9660399863
0.4756165776,0.5647354473,0.3184404475
0.4575742185,0.2702702982,0.3721950570
0.8053105956,0.9212214479,0.8082463174
0.1488327678,0.0009574989,0.0567914097
0.2291838616,0.5928066616,0.1463349244
0.4977339450,0.7107752890,0.5806056339
0.9811090210,0.7592094778,0.7528780385
0.5856673969,0.8441209766,0.2000631617
0.7139710854,0.6803089013,0.8898838215
0.7845990525,0.6509552609,0.6548203016
0.3720124377,0.5557982164,0.4716053703
0.2568929815,0.0240485736,0.1894055137
0.5742309366,0.4726034258,0.3606200506
0.2601389759,0.3566563935,0.6114753098
0.6273084021,0.4553636634,0.5628409515
0.9282933805,0.6884293205,0.9844771753
0.3090239449,0.6067417595,0.7187902925
0.1680150644,0.1367909521,0.0408604105
0.1866762485,0.0113986037,0.8530255469
0.2996323755,0.1283585977,0.2014414234
0.9716465987,0.9624899633,0.9802810097
0.6014590277,0.5486973026,0.4313215094
0.4540344185,0.4090358413,0.6090750581
0.4847388116,0.5364688223,0.3459565771
0.6809377770,0.3562363592,0.5612264027
0.0887696146,0.6002915178,0.4192413816
0.5661568099,0.6147903985,0.4230353532
0.2297472479,0.0091501444,0.0265657030
0.8281083826,0.3548292849,0.3904669033
0.5009371874,0.6995486798,0.7629795222
0.7919524049,0.4205612642,0.4564724346
0.6094284762,0.3172888098,0.3521480418
0.8992126770,0.9395682756,0.8367343093
0.5922144575,0.5783099429,0.6024282048
0.2636346357,0.0466162244,0.1811388224
0.5480960541,0.3983733400,0.4040360201
0.7548194764,0.5863716348,0.2603729730
0.7969888990,0.7097423530,0.6996220666
0.2220003653,0.6328561287,0.4593838429
0.8148789606,0.9419563300,0.9197532607
0.8405118470,0.5691633428,0.8794701980
0.8449631487,0.4367452148,0.5298816749
0.6668328414,0.6965360182,0.5308141852
0.4123251824,0.7657205009,0.3676338421
0.4608545938,0.5527804695,0.1015334610
0.3675572184,0.6658406785,0.5820447656
0.9007605462,0.4718494179,0.8562065274
0.9826311723,0.9896335384,0.9498435425
0.1486745061,0.4720751455,0.4563400065
0.5247401454,0.5221105740,0.9527079276
0.7233856094,0.7734798999,0.9536800167
0.2142634148,0.0290664405,0.0767411734
0.1174580546,0.4042300908,0.7350481233
0.8597571144,0.8729069914,0.8902405273
0.6750183899,0.7059217424,0.5885490910
0.1168875997,0.0723332752,0.9250462763
0.4271191297,0.5389259146,0.6056544132
0.2842143074,0.2553363009,0.4321993033
0.8039707640,0.4974697763,0.4866488665
0.8737273261,0.6648726457,0.7987435899
0.9047547447,0.9651510263,0.7690098323
0.8647333236,0.7071112261,0.9298880686
0.4246330200,0.3449797286,0.5589130618
0.7867000759,0.5076555370,0.3810028225
0.3660813428,0.1581864815,0.4307494026
0.4963681154,0.5964747019,0.3855853471
0.0734884626,0.4352554405,0.1698164069
0.5797405594,0.5870640321,0.5404353031
0.7518016162,0.6831731354,0.3576458000
0.6701539746,0.8554813987,0.6385920258
0.3426271200,0.5226309373,0.4330962323
0.6395030465,0.9828225532,0.8134906615
0.5469797846,0.8166644599,0.9267560017
0.0167812364,0.1982454082,0.0187912804
0.8090547389,0.8372795226,0.9253438121
0.3557886594,0.0479494827,0.1012057535
0.8332178061,0.8632956930,0.4255640791
0.2057534830,0.1195637452,0.3699695931
0.5910850145,0.7068742257,0.8525247546
0.4449516449,0.5739135406,0.7289656254
0.6162958561,0.7681253793,0.5992015676
0.9188561842,0.8927564615,0.7827333385
0.3051624112,0.1058834835,0.1586197822
0.7982368065,0.5633943611,0.8881157982
0.1397667518,0.1868638410,0.0625882132
0.9867552730,0.4467215933,0.5031338241
0.3237682630,0.2386404550,0.3720821843
0.9156267719,0.9584554893,0.8001480030
0.4312530100,0.2895114341,0.3346883867
0.8968480992,0.6318513326,0.8383669263
0.3501820235,0.3093374836,0.1659572479
0.0364362906,0.1636879979,0.1545312001
0.7238397898,0.7951614136,0.5953058921
0.2050104235,0.2927226702,0.3700402645
0.9866689301,0.9469421688,0.9901087348
0.0763830872,0.1355649758,0.0469059574
0.4757381152,0.2748848610,0.2533230367
0.9419455081,0.4232728785,0.3014464498
0.3721618533,0.4727811146,0.2439324690
0.5369211589,0.6397087638,0.4652491220
0.0670865730,0.0084554494,0.3664744692
0.2199002714,0.5869766251,0.2738979357
0.6134820092,0.6247694692,0.8070001411
0.9524517858,0.8948255034,0.9928968673
0.2809084452,0.0370474026,0.0380038731
0.6029049683,0.3350569168,0.1828402726
0.0506888688,0.1151917732,0.0798279643
0.6752329138,0.4621242176,0.3627303134
0.6085223988,0.3951041597,0.6565348200
0.9547228220,0.9638794006,0.9234407468
0.9106304170,0.9045740168,0.9116389525
0.5087165704,0.5997847552,0.5767817845
0.9722456537,0.6079848289,0.8159642129
0.6396907884,0.6675120603,0.8452887934
0.5169640852,0.4489520587,0.0364731266
0.4293632208,0.0208085135,0.4366964302
0.6970821843,0.8093314788,0.8209220530
0.5051868571,0.5157146336,0.3843214907
0.0945957358,0.1753446571,0.2830371534
0.9588829233,0.8692556881,0.9531110753
0.8839001522,0.7718780060,0.9465744176
0.4958620848,0.3560808259,0.2457654656
0.3174646679,0.1492530193,0.8024982164
0.1162963961,0.0223914618,0.0709521803
0.8734766501,0.8849543260,0.8602060200
0.6449509013,0.6053981195,0.4190135824
0.4499410906,0.5619074163,0.4129073118
0.1854040117,0.1814082837,0.8207529622
0.7194876578,0.2187739190,0.4657977745
0.8020501835,0.2047166390,0.5317650272
0.4829996054,0.2370829855,0.0515572695
0.5257885385,0.3644456210,0.5280603220
0.3979288992,0.5762552987,0.5125817623
0.2264478217,0.4155408395,0.3414878772
0.0486952654,0.0692406446,0.0951454222
0.3122051766,0.2999285458,0.2688280667
0.8518122582,0.8284854050,0.6002483339
0.3083053722,0.7049129355,0.1571054433
0.4406196046,0.3074439410,0.5645257622
0.2121902954,0.2110989377,0.0062896554
0.3452788270,0.5356175344,0.8106164940
0.4152287263,0.5949686727,0.7041261746
0.4291807645,0.4842374723,0.9167564632
0.5238028009,0.3810974078,0.3868055822
0.3405706825,0.6982469706,0.2748830370
0.0398120161,0.0410362267,0.2117455905
0.1877549324,0.6308454564,0.1448384834
0.0294127892,0.5550593594,0.0656472745
0.4932543101,0.6541632491,0.5061007308
0.6542151538,0.5906350256,0.9883588985
0.8919364961,0.5330580819,0.7275789236
0.9189105081,0.7305035624,0.9028207240
0.9186083753,0.6543190573,0.8569269495
0.1053449450,0.3309991166,0.2283179428
0.1126709836,0.1960722844,0.0358355319
0.8935686482,0.8364212070,0.6696863900
0.1003257743,0.9238494975,0.1169895404
0.0539952827,0.1074272598,0.0625054295
0.5865973777,0.8525023539,0.6454033506
0.9423306945,0.9069110251,0.8509969852
0.0554783839,0.4407768609,0.1901871964
0.6789020962,0.4906544095,0.7912494500
0.7672597412,0.8019929305,0.7889916778
0.8994691507,0.5802037099,0.5973110452
0.8311415787,0.9770439355,0.8378863599
0.8186873096,0.8689536802,0.8394544235
0.3975610429,0.1893878737,0.6263231397
0.3863216522,0.6110606704,0.8008104285
0.1283757821,0.5900554301,0.3921029406
0.9740694287,0.8432011390,0.9583631996
0.0397392710,0.3732523343,0.3229904334
0.8540774285,0.8821645443,0.7625050095
0.8466201545,0.9078019422,0.8019419642
0.7421777767,0.9499596767,0.4442151131
0.2381512599,0.2214183360,0.0174025636
0.9215598356,0.7640635655,0.8441001385
0.1649465670,0.5034929917,0.3659105546
0.9852056341,0.9127685864,0.7988940321
0.4364315967,0.1605049518,0.5545988320
0.3026723654,0.5000980046,0.1606363282
0.4400785717,0.3713228676,0.3588285213
0.3681203944,0.2693482767,0.7703175604
0.1760130354,0.0558085743,0.3644136722
0.1408920774,0.2683819075,0.3258012682
0.5034214077,0.6334588930,0.7291823019
0.1803855387,0.1132774014,0.3419911126
0.0389259827,0.0750930561,0.0258915398
0.3850698348,0.7497697193,0.6859304890
0.7613297009,0.9712871064,0.9149506882
0.6168640113,0.6222040936,0.7127988633
0.3066646030,0.2372618340,0.1350568196
0.9317586461,0.8641993164,0.9876798150
0.7210868686,0.5586955237,0.7389745423
0.8747445529,0.7407212791,0.7135295443
0.5511153840,0.5832843936,0.9575941710
0.0262164026,0.0597944486,0.0393008466
0.6886236709,0.8099940940,0.6427871995
0.6162834153,0.9244996589,0.7297981500
0.2012080177,0.5903958072,0.3891700349
0.6974811790,0.7944119601,0.8095588031
0.3635819490,0.1275008369,0.2901076031
0.0320737825,0.0648391245,0.2231333075
0.0028168762,0.8018717202,0.2317151812
0.5176695341,0.4746720270,0.3260542188
0.1663893383,0.1441258752,0.1312089657
0.9943992538,0.9057052417,0.9881445275
0.0535391055,0.2502817846,0.3002882110
0.0023228626,0.1108771541,0.0028295177
0.2763988875,0.3018110482,0.2839438136
0.0933154543,0.2620831064,0.2968580792
0.2056091796,0.4467448036,0.1191921207
0.6461579739,0.8753968737,0.7585375349
0.0918280896,0.0875764236,0.2665362865
0.3168367916,0.3279300300,0.4299130750
0.2450233128,0.3830147349,0.1755139012
0.1284369761,0.4036884915,0.7308851715
0.4149128312,0.5507096515,0.9576053676
0.3611019952,0.3311708098,0.6133790476
0.4391925794,0.1296341097,0.3525755453
0.3860104300,0.4106400724,0.0723504958
0.1862600637,0.3452400063,0.2326405104
0.6233798707,0.4586749364,0.0773054584
0.8149420528,0.7092699310,0.6188924411
0.1225437714,0.0455682925,0.2486150615
0.4293183202,0.1910552799,0.2204664259
0.7057185518,0.2896539972,0.3911483511
0.4468638992,0.6227870053,0.8578775434
0.5399659815,0.9164277307,0.6073817320
0.2791577275,0.1856038248,0.0734051570
0.3313639185,0.3121846632,0.2035418812
0.7413572502,0.6095168633,0.4752360757
0.8845970365,0.8952684766,0.9733196309
0.3848364292,0.3651006470,0.5704827525
0.0664070165,0.6218688743,0.6006471048
0.2961538282,0.5225631655,0.5683515597
0.7801975539,0.7883714645,0.7808506895
0.1532283607,0.0380501897,0.1164770520
0.3346355389,0.3100501465,0.3461989456
0.7347660828,0.7058799622,0.6316486996
0.4322516175,0.5360252534,0.4071584565
0.8183826937,0.4920070202,0.5827453108
0.8452319886,0.8677416098,0.7591224256
0.1821778831,0.2685213873,0.0437980581
0.5170785036,0.5341606473,0.6314688162
0.1758746863,0.2995353174,0.2954631244
0.9050214791,0.9859110951,0.9726647022
0.6745984852,0.6883412894,0.6630511756
0.9382394117,0.7066096382,0.9187787484
0.3032265546,0.5451739309,0.4362668066
0.0508252295,0.0771315158,0.0451150010
0.3360267182,0.1069529392,0.1782080896
0.1069848760,0.3975037689,0.2421770729
0.6581099391,0.7142877601,0.6241349110
0.0287594434,0.2332000276,0.1026362659
0.3417089267,0.2569010944,0.1576522669
0.7708156750,0.8309493997,0.9925989352
0.7047822504,0.6997316712,0.8846585874
0.0675439842,0.0940768536,0.0084336586
0.3162823109,0.4311227204,0.5459470431
0.0907188832,0.3943459268,0.0409783946
0.6917209054,0.8463858686,0.7833800245
0.9474241268,0.8609605267,0.8143977597
0.3228478400,0.0250450781,0.4857503334
0.7242352399,0.7240343960,0.5741163233
0.0625540181,0.0511155013,0.0770382469
0.5729021483,0.9964054119,0.6369327264
0.2274769579,0.3099915199,0.0209591812
0.9136499499,0.9998542808,0.9751594080
0.0232605642,0.4983111851,0.1124231199
0.0774526223,0.3726775848,0.3253145304
0.5810081218,0.6581670729,0.8997850283
0.0695874087,0.4652219023,0.0122800337
0.9066824323,0.7674852266,0.8358909094
0.7981861716,0.5949217581,0.5431032804
0.4735876490,0.7297243295,0.9620198275
0.0256488404,0.4052121891,0.2609360094
0.5123556179,0.9462657586,0.5651062016
0.6712792907,0.4403503827,0.9414498180
0.9061931107,0.9244583671,0.8637826826
0.7962673445,0.4701735262,0.2366194999
0.0413750127,0.1709226221,0.0183493500
0.6422053504,0.4338619477,0.9702909490
0.1527483271,0.2934359941,0.2207638900
0.0654815574,0.0501499588,0.0688602054
0.7948338532,0.8592140879,0.7208464044
0.9769741002,0.9673604285,0.9594623144
0.6728851224,0.3153154754,0.6832042294
0.6889685789,0.8150982915,0.6183901902
0.1753473891,0.1794957935,0.0283327885
0.1922753558,0.0784782797,0.0934463092
0.4628458212,0.2049262066,0.4557248716
0.6778371682,0.5123719703,0.5182627028
0.0749313142,0.0993566481,0.1832399799
0.9943056585,0.9295241190,0.9095096532
0.3084869210,0.2004960515,0.2116017194
0.7014339261,0.8422394629,0.8974883592
0.3758824354,0.2040008403,0.5752247817
0.1448731691,0.0494953710,0.2459549705
0.3744604711,0.2691045784,0.2341944150
0.1918353426,0.3322370128,0.0475711449
0.8491097961,0.6481347178,0.6829188317
0.0653781777,0.4951562991,0.5000958530
0.8828222789,0.2042957801,0.1751562713
0.4910495407,0.5927702499,0.8453642214
0.6045797884,0.7184386194,0.9676976248
0.2717039091,0.0831355315,0.3533265916
0.1481384744,0.2960547329,0.1000026379
0.3997892078,0.1417488885,0.1650662815
0.5528286492,0.9256847042,0.5497218504
0.8776011929,0.5442157301,0.3995908870
0.0122301563,0.7424961186,0.0077804053
0.9810430088,0.5976561575,0.9705683681
0.5090381954,0.4126172701,0.1644074150
0.3493952449,0.4853898288,0.6618887584
0.7060396665,0.5592383879,0.6280587070
0.2833444791,0.1079456658,0.4307561565
0.8415230322,0.7612952893,0.5534541673
0.7236807982,0.7355374937,0.5887488989
0.8988587474,0.9183164831,0.8904272744
0.2119467943,0.8130283358,0.1522448085
0.4290149032,0.5810236639,0.5760012546
0.3577570229,0.4275159842,0.1962217467
0.5280537204,0.5484171242,0.4470300670
0.0629090084,0.4238554890,0.6407657034
0.8986641505,0.8035950048,0.9901841216
0.1587985747,0.3249734323,0.2011967031
0.3324485803,0.1778024546,0.1821337815
0.5748956501,0.5183030002,0.3659813103
0.0122902432,0.0900018810,0.0114083646
0.6464653903,0.7554547556,0.9934388842
0.8478819639,0.6888044924,0.5410160930
0.8372891173,0.0575346620,0.1760745471
0.8583364141,0.7688430363,0.8692679068
0.9395922027,0.6735739004,0.5774664503
0.5465620331,0.4904750433,0.6696299247
0.0041962069,0.3951891560,0.0058927316
0.5457973981,0.6746660495,0.0517431829
0.9357376012,0.8139164390,0.8009721625
0.3742750976,0.0163262521,0.2210721248
0.7511019698,0.9056531254,0.7888728969
0.0962034527,0.1390566754,0.1074753821
0.9349304595,0.6586179196,0.8604357319
0.2732828514,0.3627259335,0.1932745938
0.7547245000,0.8782417195,0.6624842283
0.6777805122,0.8988446944,0.6006967060
0.1674756282,0.1351146274,0.2130676955
0.7060104193,0.9746714787,0.8251160672
0.6713661526,0.6933858495,0.4924092440
0.0934521459,0.0208221204,0.2741576589
0.9099287750,0.3334120642,0.2329590511
0.8879792016,0.9533626261,0.7612005699
0.4182808683,0.1767119099,0.5492183148
0.7518879968,0.4952014844,0.2939563441
0.0622941735,0.0409954903,0.6797025928
0.3134078183,0.5588330692,0.4644702798
0.5662365263,0.4972427023,0.1864623546
0.1923506496,0.5091344178,0.8502271936
0.3938405708,0.9476902331,0.6840511613
0.5316642341,0.7263535131,0.6931628369
0.4809532855,0.6833973557,0.4885786720
0.1104349374,0.0131570304,0.0990944945
0.1742155004,0.0019418383,0.1442158995
0.0064821605,0.0267092599,0.0316492761
0.3583171526,0.4228103668,0.1985663186
0.1090522500,0.1376899669,0.3425882452
0.5175483652,0.4119231737,0.4897744497
0.5170146817,0.6684390647,0.5202970587
0.3822290547,0.9440677208,0.3148393507
0.8995611615,0.4239162932,0.9794174099
0.5351699066,0.4408908628,0.6055669006
0.6303705544,0.3940916047,0.7142280694
0.1295621312,0.3076092360,0.6387740510
0.9427816315,0.6488768282,0.7776219685
0.9349864109,0.9626686392,0.7921059751
0.7915118469,0.6261994639,0.5473250777
0.2227371305,0.5422332190,0.3402812254
0.8519048932,0.0989061102,0.0745742208
0.6205560290,0.1259632732,0.0952127821
0.6443753857,0.9166480201,0.9609795294
0.6499601956,0.1857318381,0.0261837246
0.2154475800,0.0044321534,0.0705015465
0.5118507631,0.6240720743,0.3079073079
0.1554287841,0.1108288245,0.4649715546
0.7256303977,0.4687318061,0.9223592504
0.4726109452,0.3770000773,0.3704582462
0.2163317597,0.1144341199,0.1120808900
0.0798558757,0.3603576420,0.1751518512
0.4840731206,0.5963946028,0.5423825337
0.6717634982,0.7915270978,0.8854777045
0.3030194977,0.3165152476,0.3924109774
0.3350006014,0.6443767888,0.3148866948
0.9553524080,0.7611675647,0.7131142199
0.8956257963,0.9381057954,0.8215775283
0.4004051253,0.2449787287,0.3104488343
0.4004097479,0.1308314108,0.0277424283
0.3331962085,0.1784661496,0.3628449324
0.2962680329,0.7309838390,0.4010333950
0.4245605384,0.5084572774,0.6603082599
0.8028108286,0.5697758617,0.7002612214
0.0654288646,0.7157423957,0.1422180882
0.2045366166,0.0943957609,0.2360301157
0.0076397614,0.1054751378,0.0358573799
0.4714801419,0.7101175905,0.4252526746
0.2945939174,0.2218162368,0.3237288262
0.0301252604,0.0031700500,0.3734482129
0.2448187135,0.1538748060,0.2304272092
0.7478158580,0.7770500058,0.7257462007
0.8909797732,0.9611786949,0.9364183046
0.4352689456,0.7046690065,0.4313533440
0.8637322633,0.9581016687,0.6258355258
0.8730638065,0.5559680198,0.6675342028
0.9940846845,0.6397360356,0.8138100879
0.4272182041,0.6783743294,0.2701576926
0.6181416432,0.7514331713,0.6495804108
0.2894975874,0.2625464382,0.0503737707
0.7471022928,0.8933005348,0.8301796077
0.8901717036,0.7506715161,0.7681146858
0.0310708019,0.0004465866,0.1596471597
0.3104858561,0.4284201721,0.1381819190
0.5506727899,0.5263606352,0.5612378351
0.4558333798,0.4223020075,0.4305188062
0.9108383415,0.7082783412,0.7810262317
0.0070974551,0.9034838995,0.1276332129
0.1191087175,0.7608781004,0.3596266610
0.8967593363,0.9912818592,0.9996576386
0.7864426705,0.9924262811,0.8354908045
0.2612636805,0.7366412499,0.1241230969
0.0381199713,0.0796045855,0.1864183785
0.1112610378,0.7492426803,0.1476407916
0.1323985294,0.2817910040,0.3868877466
0.1692754198,0.2498310165,0.5387024791
0.6175935325,0.4633088878,0.3081159458
0.1840713013,0.0856084662,0.1917185219
0.1375085633,0.1433978227,0.0340640991
0.8579350013,0.9877959164,0.9575786253
0.7733683480,0.8153270191,0.7901894077
0.3682440230,0.6882430570,0.5674419174
0.2135490924,0.2042747332,0.2171139507
0.4975499492,0.6722885118,0.3469102031
0.5290765015,0.8868550386,0.7559039790
0.0494914664,0.3762578385,0.1687021349
0.7832877631,0.9687464878,0.6250186708
0.5306073842,0.1961955192,0.0390634079
0.5902874603,0.6419541676,0.9056492404
0.1819239953,0.3943614713,0.3791944087
0.6048128152,0.4277273323,0.8489530017
0.6670775364,0.5992033620,0.8927752908
0.3007771228,0.0889737263,0.0789291440
0.5103525399,0.8499340806,0.3458737715
0.5779542087,0.3252637387,0.5208247013
0.4553987451,0.3874979987,0.4624680490
0.2037330799,0.3979770892,0.2447653469
0.4417731860,0.6735791101,0.7828679533
0.0966956306,0.0167866890,0.3431514610
0.8014056226,0.7591045748,0.7847996188
0.2402946531,0.2463319378,0.3633112692
0.9437861615,0.7023223452,0.6995076019
0.3931221713,0.3009775235,0.0595233521
0.1236463509,0.6600116858,0.2754670398
0.1059135955,0.1279490495,0.3330227835
0.6736470060,0.7860393337,0.8337124499
0.8776159248,0.8620352224,0.5042950002
0.5064235519,0.3771146452,0.8289553336
0.7021014994,0.7175354392,0.5232108894
0.5117334972,0.3475975151,0.7583139335
0.9672694377,0.9958366246,0.9520594795
0.9983357355,0.9703788403,0.9933016375
0.1784437694,0.6007402263,0.4174997779
0.6535298057,0.4587361109,0.4603632633
0.7318728203,0.8582344376,0.6517345245
0.8543474794,0.3958591369,0.4946847910
0.7284673731,0.6372015528,0.5993575911
0.9420375276,0.8785024743,0.9990406584
0.9926300035,0.8055500358,0.9680252028
0.1373403089,0.2087569162,0.0855954657
0.9256707006,0.9417221521,0.6924464318
0.3009437630,0.2646141834,0.3888038073
0.6974064230,0.5345359200,0.8964641942
0.8175111064,0.5898717164,0.6327079215
0.0807498283,0.1768023918,0.2847848761
0.0405439584,0.1239120973,0.3260007222
0.0130637653,0.4362869788,0.0642241568
0.9504596297,0.6963116893,0.9610369390
0.8989546434,0.8308899331,0.9523415442
0.0428121809,0.0806028416,0.2886244170
0.3275908502,0.2277087519,0.6632141201
0.2759665248,0.2985476161,0.0009599425
0.0605817936,0.2333398613,0.0196422338
0.6698624752,0.6822200050,0.9142180778
0.2465064057,0.6136435755,0.1002068897
0.8037734497,0.5914570757,0.9650791663
0.0413513536,0.0045288932,0.5981476606
0.2958525280,0.7424632295,0.6990970325
0.0543918951,0.2469039437,0.0196164965
0.8439276349,0.7488148947,0.9601143292
0.3606084474,0.3316529997,0.0294667822
0.0781682509,0.9665959545,0.2625469530
0.9919429792,0.0126188869,0.1153617195
0.4479655009,0.1494940557,0.2550648634
0.3364422890,0.5428400089,0.3443987714
0.9575896802,0.9332915856,0.8330935036
0.1005116563,0.0412943247,0.1436498123
0.7561534408,0.5288614491,0.2107230558
0.0720364589,0.0179296626,0.2502715964
0.8693259658,0.3217027136,0.3059975395
0.2193690022,0.1532881839,0.5699639869
0.4775442372,0.0647453860,0.0020713923
0.2398245433,0.1095118245,0.2290876587
0.6381942073,0.5332178071,0.5049739472
0.7642113530,0.7842501932,0.6970846526
0.6406192472,0.8114050746,0.8124839521
0.5124345995,0.7666659328,0.8065612864
0.5962081407,0.2509685010,0.2605302588
0.8478610960,0.9261779834,0.8260595660
0.5233410229,0.6544790062,0.3013043263
0.1885969533,0.3113410322,0.2895535136
0.7846964038,0.5723861772,0.3729646935
0.8635723445,0.8657020512,0.9047282476
0.0338269489,0.1721159276,0.0471067396
0.9661084353,0.8837819022,0.8111726727
0.3910285483,0.1990815009,0.3199496961
0.5948021439,0.3077068433,0.1566179987
0.1907881226,0.2718437745,0.6179321228
0.4451277732,0.5120177061,0.5075066043
0.1574131880,0.0937018861,0.0035908095
0.9235227063,0.8973425372,0.9837855539
0.7196967863,0.9991580379,0.8791583946
0.1637777275,0.6501586074,0.1422707751
0.6722795421,0.1704311984,0.0792997938
0.8026890444,0.9305352493,0.9706357471
0.7143515275,0.5665546489,0.7389555623
0.6327968302,0.3348584299,0.3612421297
0.8958956023,0.9905941825,0.9876757637
0.4408994972,0.3213504926,0.3275569924
0.8373232863,0.9323365564,0.7953179047
0.4707780008,0.5202706087,0.4440427616
0.7614461673,0.6867330770,0.8445459686
0.8718875162,0.9453112452,0.9095227698
0.2093112659,0.1805488009,0.4365642035
0.2828174587,0.2697927869,0.6573289559
0.5398194857,0.5405266329,0.7165323409
0.8582488506,0.5652788488,0.6621929297
0.4159876872,0.2705209865,0.0580655684
0.0825638040,0.1907473828,0.1069281026
0.2511308853,0.0057215824,0.1787141920
0.9115466502,0.8253304266,0.7716787863
0.1627136914,0.3569755091,0.3802448059
0.4676447230,0.7490366234,0.4128300025
0.1564944212,0.2374155254,0.1030010738
0.6256563543,0.3259538212,0.3887802769
0.5083717792,0.7593182532,0.8718033748
0.4347432936,0.1011856152,0.1967800396
0.3535936381,0.8107217140,0.5994613847
0.4102241297,0.2050156643,0.2271563225
0.3978024358,0.3521953484,0.1481163298
0.7218708936,0.6188006212,0.9801682254
0.5777239277,0.2701149641,0.1725877155
0.7753134679,0.4593777826,0.5552710925
0.0620327970,0.1674380916,0.1101064993
0.4599304262,0.5562175281,0.4973114806
0.8628096224,0.8425285851,0.6081918994
0.9411193089,0.9863057182,0.8718129632
0.5681745541,0.7360161757,0.8021237568
0.0466827805,0.6686523115,0.0857533991
0.9668671561,0.7669185715,0.8457626868
0.5283468574,0.2905512884,0.4497770230
0.0019092317,0.2388312541,0.2930349259
0.4938580844,0.8640128157,0.4282024575
0.2814832877,0.1922538319,0.4007259218
0.3664987816,0.2357513277,0.2920127178
0.5940064746,0.6382875291,0.3931882102
0.4555514946,0.5071771687,0.3988257854
0.9571842196,0.7765336390,0.8625562337
0.3497920906,0.5279949235,0.4456112063
0.0225989501,0.4473401843,0.0095687942
0.7482871501,0.6813407751,0.9143121856
0.3670919575,0.4983196996,0.2087058753
0.5063744576,0.4312340638,0.6677275870
0.2106687954,0.1055723313,0.0764020326
0.0597772452,0.1541395991,0.1473473110
0.2673173013,0.2863905511,0.5095780442
0.3129079993,0.1224395691,0.0831163823
0.5934761605,0.3696137395,0.6626470794
0.8107591246,0.7941158315,0.7834470766
0.6711636637,0.3751537026,0.4481621417
0.0320096293,0.0484864622,0.1765656518
0.1044497332,0.4788543047,0.0121769972
0.2812488178,0.5089353321,0.6087172010
0.1936898821,0.2736025327,0.1109062159
0.3132323068,0.3120740006,0.5392998356
0.8766984502,0.5166962432,0.8756726380
0.8772867605,0.8282702241,0.8161275874
0.6603309438,0.5575428730,0.7094159812
0.5179313611,0.2505212308,0.4960630810
0.3409323115,0.5085569393,0.4343899740
0.8195635405,0.4734146472,0.8378656185
0.0067155468,0.0323158821,0.0730963146
0.6066811322,0.8313251402,0.5295644554
0.1691202638,0.3045910092,0.0796715253
0.4840030957,0.1958370373,0.8374907730
0.1023314930,0.7249128407,0.3484665516
0.7960319502,0.1318931968,0.0336987744
0.6823933283,0.7212551744,0.8757677024
0.4173054000,0.0490113429,0.6055828068
0.6236173900,0.1388685285,0.4042169434
0.0492669943,0.0125604070,0.0884529381
0.8580959149,0.7853429741,0.8022866676
0.4308272343,0.1536039066,0.5129867549
0.6925406475,0.8747915353,0.9922868815
0.5213338458,0.6329333568,0.4212600177
0.8779852234,0.7322916444,0.6187477142
0.7994492837,0.5753021384,0.7811729513
0.3280805526,0.3453553996,0.2172897829
0.9182902573,0.7861343561,0.7549548621
0.7649947756,0.2453834784,0.3437289370
0.9112559192,0.9551035098,0.9698830390
0.1300958403,0.0515630432,0.1277688211
0.7998673086,0.9767414599,0.8886863888
0.9565617335,0.9677154544,0.8201969010
0.8186226979,0.4817043483,0.7161223898
0.2049916136,0.4007737324,0.4868837927
0.7594638633,0.3902436435,0.5296190769
0.0205038533,0.0509516246,0.0442552087
0.0120326468,0.1439825181,0.2346603942
0.6893707221,0.4082861285,0.5312592310
0.1166651373,0.0928939773,0.0701201384
0.2684413675,0.2283093299,0.1212538633
0.2823177483,0.7665722145,0.4323901692
0.1565904864,0.1462520687,0.5014529310
0.1338078415,0.1207320618,0.0679452713
0.0327089210,0.1146324177,0.1653218650
0.1814117843,0.3349981720,0.2932738996
0.8264028698,0.9301161357,0.8581242786
0.9912362405,0.9157540897,0.8922341827
0.4553915921,0.5524590243,0.6176760239
0.7365001134,0.7685302474,0.6898746658
0.0292770797,0.0092424870,0.0493063882
0.1699320205,0.5325947930,0.3247831482
0.5149139318,0.5529137260,0.2163604757
0.1798788018,0.1656581331,0.2168782965
0.8500182372,0.8273897824,0.5958419617
0.9446773721,0.7696871453,0.8238929300
0.1587761636,0.0186891238,0.2750808615
0.4472555763,0.6992941891,0.7095358192
0.2599112339,0.4450033800,0.2923318270
0.5945211359,0.8217871030,0.7564116467
0.1223317723,0.0354315816,0.5359893988
0.9224584796,0.9257069366,0.9633119846
0.9799322596,0.8694367518,0.6993457517
0.6347641658,0.1914586336,0.2087004473
0.7694404780,0.4273839666,0.6308333857
0.4325145746,0.0558708297,0.1473259643
0.6558954917,0.6241580814,0.4658049036
0.7339709199,0.6801928129,0.8314146581
0.9163767853,0.9604498248,0.7584505240
0.0379191745,0.0419610555,0.0003789912
0.5115435337,0.2365156665,0.5361991883
0.2630348590,0.3643512158,0.5501094010
0.3330471461,0.4989047359,0.4238258139
0.2407637944,0.4611118075,0.4362428588
0.9725028072,0.9569618681,0.7857382527
0.4788882067,0.4362136341,0.7508630281
0.6930974787,0.4678669080,0.4575197063
0.3613885767,0.1777486046,0.1696122271
0.6517454440,0.6117651967,0.4485788683
0.3405707223,0.3116126608,0.5530312802
0.7115836954,0.8130334388,0.4729431667
0.3014775793,0.1575594704,0.0988042163
0.1557447614,0.1933053716,0.8426230270
0.3671687640,0.9838118619,0.7859148061
0.6284528563,0.4644942992,0.5819738964
0.0901854830,0.2123759742,0.1677920044
0.5839291530,0.5671637012,0.3943091794
0.5602083838,0.7528915329,0.8907702950
0.5797324294,0.4583112869,0.6115574965
0.8523769888,0.9707493489,0.7460203491
0.3250550482,0.3759027878,0.4127282787
0.8468070456,0.8147360110,0.9312193413
0.2770921634,0.2060060142,0.2610046200
0.7903037903,0.7848590219,0.9836660743
0.6565213937,0.6684946079,0.5072089957
0.1130628580,0.3060757990,0.1147170505
0.6378069222,0.8112308896,0.9878140023
0.0099029903,0.1917371610,0.0687076131
0.5390830412,0.5265031110,0.8396381145
0.2540000581,0.2198855570,0.1648458284
0.4226275791,0.4426724223,0.5966923901
0.5791124017,0.4287431885,0.4001592232
0.1661678646,0.0246176567,0.1218307390
0.5544999810,0.3495910128,0.8770498475
0.3800078996,0.6280220351,0.4473384447
0.4339844966,0.7606274595,0.5472663221
0.8206527563,0.8347024505,0.5559974511
0.0481863264,0.1357692175,0.0076889421
0.4685230164,0.5532184007,0.3515327382
0.3561736034,0.4355222576,0.8226720784
0.2608660054,0.2494395644,0.6241249594
0.6766689312,0.8538559623,0.5779560292
0.4190247860,0.1583043767,0.2724882715
0.3390411360,0.1202264350,0.3681396573
0.5580984824,0.6850240959,0.4083990462
0.8650100308,0.3016088646,0.6996490645
0.2128326781,0.1043544820,0.3287561813
0.6966593798,0.7001178996,0.6939206895
0.2252017153,0.3038104309,0.0030939469
0.5230034826,0.1246918981,0.6464991821
0.4912394574,0.3573588248,0.7288025766
0.7631804132,0.7740382136,0.4192213460
0.5339887228,0.7398213731,0.5802821710
0.1663671997,0.3237989615,0.3670328578
0.6806670800,0.5156197778,0.9103255836
0.6239909329,0.1102992344,0.0889469943
0.0822161256,0.2401628569,0.1732911479
0.0889872871,0.1983318047,0.0268661316
0.2685551177,0.6045229230,0.3503018365
0.1161752960,0.9297112239,0.3142039249
0.4063857425,0.1999728973,0.3544701429
0.2558341854,0.4628270890,0.3599675713
0.0205449290,0.0553033828,0.0538520911
0.6752204433,0.4123515037,0.4126755206
0.8644867404,0.8165868585,0.9289650328
0.1319467791,0.3501396575,0.0866337486
0.1867517850,0.5769659617,0.1679335086
0.6423881220,0.3850352495,0.3189076404
0.9380274535,0.9931489138,0.8515335236
0.1881699810,0.2428380742,0.4861443696
0.0956566021,0.7229109411,0.3518197784
0.3366754092,0.1681281990,0.1894960919
0.2415316518,0.4875885350,0.3328003608
0.7051621068,0.7680872292,0.9873562124
0.7207419355,0.8222381943,0.8954022276
0.4866256339,0.4931284045,0.8173198052
0.8146454752,0.7566691754,0.9592997517
0.3138257391,0.4291508515,0.2269096255
0.6765165515,0.8090645519,0.9460126518
0.5415631277,0.7788413494,0.5221553137
0.8548585025,0.8636644848,0.9013624450
0.9364610925,0.9219061626,0.5856758602
0.9170317571,0.7343619642,0.8760219701
0.1042824259,0.0081822052,0.0340829006
0.5893128471,0.4631561793,0.5319076003
0.9503609296,0.9926177743,0.9046484629
0.2681667332,0.4256168014,0.3866207003
0.3934821915,0.3246876777,0.2875061401
0.5663131383,0.8226685217,0.5935001508
0.8729346367,0.5650441114,0.6812755964
0.5562489458,0.4451626374,0.0577713006
0.6663897051,0.6574221687,0.6723476501
0.1285882327,0.2979574502,0.1900906347
0.6044420760,0.9775827923,0.9634005988
0.7310997803,0.7132831699,0.9003651987
0.7766760275,0.9644163369,0.7534752094
0.5073547238,0.7077549521,0.6835373080
0.9764360982,0.8539462637,0.9594660333
0.0816558734,0.1673998214,0.2498554420
0.9165028492,0.8995074596,0.9644519040
0.8661603180,0.9363206617,0.7244840272
0.4203553332,0.1518776683,0.5318879974
0.9605845520,0.8216830415,0.8849462370
0.4835854483,0.4603937705,0.4498636521
0.5841404379,0.8300130392,0.5677932363
0.4494777201,0.3460402329,0.1058264327
0.3520181469,0.3530642071,0.5012833671
0.9443320505,0.6425574923,0.8837462063
0.9099656273,0.6945132511,0.4122799006
0.3180935011,0.4994912423,0.6504151309
0.6659768286,0.7408959922,0.3084488448
0.6254440466,0.9613235031,0.7761425361
0.4548779249,0.2012974799,0.3053827394
0.6138488726,0.1614563755,0.3763922907
0.7725308036,0.8493078014,0.4560064122
0.9017097358,0.7792348030,0.8276793423
0.9559004786,0.5999325837,0.6645067685
0.1637496865,0.4821784426,0.2489230323
0.3573081858,0.5088054731,0.5270619244
0.3673258103,0.3341815272,0.1806789041
0.6005991152,0.8640722204,0.5405525662
0.7170491962,0.9623503547,0.8962971944
0.9060652228,0.9268463284,0.9516233597
0.2641835502,0.3574701007,0.1043153563
0.4828070222,0.5071132668,0.7341699956
0.0125848374,0.0890725777,0.0321418278
0.8976290819,0.7592037418,0.7361495043
0.5409764641,0.5532021754,0.4183641107
0.1470990373,0.7053919259,0.5937372035
0.2391191162,0.7465035326,0.2093564178
0.3383500431,0.1056516999,0.1288357127
0.4284025703,0.7512723481,0.4989004269
0.0941352799,0.2357183688,0.4258461541
0.4582299577,0.7265640359,0.4206181866
0.8695184229,0.9328628104,0.8838118622
0.1262167282,0.0220099732,0.0963947467
0.3616468575,0.3679608534,0.4672068904
0.4212431755,0.3346102395,0.6288608257
0.9994923465,0.9266426140,0.9100639713
0.7466930168,0.6898924514,0.7089577673
0.2918484692,0.4622419512,0.2549558325
0.8902310611,0.5618584307,0.9157995840
0.6948761308,0.7051551344,0.8295559935
0.2331220247,0.6214953137,0.2776044392
0.4450430646,0.3589967684,0.5499970584
0.8871334556,0.7007739157,0.4860946796
0.4647670760,0.7947999072,0.6154696858
0.3502956506,0.4464551887,0.0160316017
0.5198706627,0.5200947144,0.8364882551
0.3661733533,0.1799094327,0.1296476519
0.0576150961,0.6501474042,0.0334377642
0.8523939276,0.9660932280,0.9728432269
0.9299512426,0.3038502785,0.5745866800
0.4975012872,0.4661361803,0.5810604514
0.2790591225,0.3730841262,0.2962285629
0.5798096434,0.4191393470,0.2218465190
0.8748673415,0.5876818494,0.7178226706
0.7952198532,0.7159591927,0.7008377110
0.0412066642,0.0943933779,0.1575628535
0.9155554321,0.9815749811,0.9869930453
0.5472066531,0.8643666728,0.6364786390
0.6742037321,0.5309254151,0.6298626705
0.7886414385,0.8619735505,0.5188174676
0.7380012900,0.4846368566,0.4943841358
0.2313235507,0.5211468534,0.4216081646
0.3634563986,0.2315655097,0.3851900123
0.0178435954,0.0200084400,0.2606205180
0.5602413941,0.5959041073,0.9498321769
0.5410662401,0.4674431419,0.5334416389
0.7722058289,0.6055218100,0.7628896825
0.6579381732,0.9859254117,0.6821822261
0.3418737289,0.0026005521,0.1064561893
0.9418676726,0.8253040746,0.6604787510
0.8281968871,0.8180920600,0.6283082007
0.6973062546,0.7582485216,0.6476508167
0.0349358788,0.2169443419,0.0025837126
0.5792396588,0.2246486682,0.6018464196
0.8984630956,0.8474961222,0.9028715206
0.7661493408,0.7339123804,0.6093510242
0.4599953442,0.7520866600,0.4825265944
0.3861936379,0.0383097055,0.2521063148
0.3561088865,0.0001297977,0.1746016446
0.4381463612,0.4842578670,0.6525538999
0.7388701946,0.8865359419,0.7620274816
0.7448674699,0.4433833706,0.5562838403
0.4773448563,0.3992220492,0.7357003108
0.5674539264,0.3736011430,0.3138378478
0.4917898058,0.1605068573,0.0698689002
0.8624985715,0.6787782800,0.9087665800
0.3488711030,0.6786515414,0.5452273052
0.2338289227,0.1467949411,0.2008461348
0.2189769234,0.3902539315,0.7281124958
0.7010801041,0.8772064762,0.7019206055
0.3997798135,0.7608044039,0.3281863170
0.2164410077,0.6005137097,0.5261328610
0.5700606199,0.3805827880,0.4719935675
0.4379124715,0.3348011706,0.1917697873
0.1155549077,0.0426979419,0.3426024241
0.0168599187,0.0599629717,0.2662491824
0.3725060753,0.0809600324,0.1790967263
0.5425764312,0.6817085863,0.7213015285
0.5462708849,0.5175086651,0.6723556939
0.8255362309,0.9559658557,0.7821773733
0.3641277982,0.0547820749,0.4501739989
0.0089314154,0.1211830928,0.1363831477
0.8957645256,0.6561263402,0.8308594672
0.9869286350,0.8974167965,0.9815800749
0.3303892447,0.1909088148,0.0995924382
0.9872941906,0.7511202196,0.9940796403
0.7114402547,0.8288214002,0.9006901219
0.1163314184,0.3364578334,0.2643207373
0.7967156162,0.8672203893,0.7198480203
0.5462041052,0.4363336737,0.4426746396
0.8229701658,0.3274220383,0.7664351014
0.1993621211,0.1330531892,0.0231975394
0.6580842540,0.9791990863,0.6068541139
0.4977305582,0.6155333527,0.7565893082
0.5531486647,0.4849807465,0.5562750004
0.5125142760,0.6478550514,0.5525857238
0.9574494386,0.8587405470,0.9402443181
0.2688577173,0.2129172605,0.1742180770
0.5262679144,0.7277574716,0.8708342656
0.3476561944,0.3168817768,0.8596157404
0.4783055523,0.4465287550,0.6057045065
0.2181440643,0.4326512233,0.6381838093
0.6743807124,0.7229185302,0.5240341831
0.7743941371,0.8551920354,0.6773173956
0.6942489386,0.6537462202,0.3727657678
0.9218703706,0.9178570657,0.9555842876
0.1471349910,0.3771354707,0.1245377514
0.6461600117,0.8284909671,0.8565934393
0.3446362446,0.5180376894,0.3955232921
0.3609839019,0.3889173060,0.4009421572
0.2480657430,0.4242815183,0.2545243612
0.9956534030,0.9633417099,0.9935900483
0.9533076486,0.9889426254,0.8674253827
0.2237213282,0.3288528361,0.4259420700
0.6020476776,0.4454265612,0.0701663819
0.9244284353,0.6813344614,0.9086461037
0.8806861418,0.8705932384,0.8178853172
0.9841766722,0.6533648801,0.6960478904
0.7526173326,0.7937507623,0.6126939187
0.9427899499,0.7398574598,0.8796129176
0.7225055606,0.9668125585,0.5150016989
0.5100715918,0.6013364231,0.6200249783
0.6543025093,0.8639773217,0.8515414251
0.3604659963,0.5051348542,0.5640178140
0.9630461176,0.6659324842,0.4252989986
0.8853555465,0.7378488361,0.7537797449
0.5468316451,0.0644449396,0.3793254142
0.5974195105,0.6739900235,0.7125064830
0.9304141753,0.9896135374,0.9690673986
0.9751719920,0.9252795666,0.6655587132
0.2910515309,0.3022704988,0.6092318541
0.3378951175,0.4415877168,0.3502700090
0.8152786461,0.9947771234,0.8699061943
0.9638176040,0.9724558119,0.9907302871
0.2653492959,0.2407450694,0.1487855645
0.4835096272,0.5801190358,0.8400378352
0.0753922021,0.1087463252,0.8790897770
0.7221273135,0.5403500345,0.7655981137
0.9235424596,0.9832524554,0.6726365319
0.7929776952,0.5102160232,0.4396902425
0.5831245243,0.3839473223,0.5046559488
0.7569064802,0.5539384221,0.5727523964
0.4747849022,0.2392159043,0.7120153113
0.3098714229,0.3468473793,0.2802374014
0.0747856022,0.0002169234,0.1895704749
0.5632883996,0.6743241331,0.0298076731
0.1849808479,0.2160381602,0.0570153605
0.5395147172,0.8970112643,0.4530947359
0.8118679994,0.9269862271,0.9322899157
0.7783703782,0.9488753171,0.7717798414
0.8603763270,0.7447933753,0.8849468772
0.0563136264,0.4038525639,0.6298928723
0.2942585099,0.2800244810,0.3560773843
0.9112759786,0.7677592630,0.7668424180
0.8082751834,0.6565810482,0.5650393491
0.8978658094,0.7767182490,0.6596177256
0.4225437797,0.1900997736,0.4251076389
0.9698151380,0.9391047795,0.8665183124
0.4740360655,0.8006997538,0.5787770458
0.3930867243,0.2644039517,0.8758663932
0.7894443372,0.9211982620,0.9020620755
0.7701545288,0.7181457942,0.6600624409
0.1472201800,0.6593574072,0.0960124057
0.2005926565,0.1696134398,0.1777893579
0.5073899018,0.1895285564,0.3672115744
0.5416835811,0.4219755083,0.3946952325
0.0850858506,0.3589104862,0.2137463805
0.0673813423,0.1452697868,0.0756227049
0.8950964998,0.6335256061,0.4996821178
0.3909251890,0.5036950773,0.5585443108
0.4099767780,0.4125867926,0.4906653905
0.3570470967,0.2091736556,0.2719967414
0.9836343829,0.9718844545,0.7038312082
0.4970919570,0.1785384875,0.7338168736
0.3606390790,0.0969747789,0.4208517562
0.2561506485,0.2194100521,0.3291148871
0.9784045418,0.8944064941,0.9051355012
0.2115709181,0.3091393244,0.3729268948
0.2966914121,0.3996300687,0.0654803261
0.2879711809,0.0919547211,0.1553488285
0.9313779295,0.9798228281,0.9736104884
0.9131119718,0.5268111373,0.6158094000
0.2625740379,0.1023886207,0.0123897439
0.1496466115,0.2840230646,0.1365649464
0.9680307315,0.9124956361,0.9737208537
0.5905351142,0.5487492103,0.8114411488
0.5222789920,0.4264733896,0.2480819353
0.4649965960,0.1941380160,0.3836038473
0.6233673222,0.1508525139,0.0950534650
0.8608778746,0.6283055062,0.7489187574
0.2871493621,0.0130857267,0.2396997434
0.1634723208,0.2944007302,0.1870290169
0.8417194029,0.8778993188,0.8521311885
0.6929706143,0.5428040329,0.7354309769
0.9869668344,0.6505649159,0.4152258555
0.9983564276,0.2309386077,0.8900018324
0.6025137342,0.5048287580,0.9229471462
0.4860538622,0.2909202889,0.6330664264
0.9318050777,0.3554810912,0.9247772966
0.1640834230,0.1109321691,0.0123099735
0.3969438449,0.7487111536,0.4748506388
0.3666936072,0.6066647726,0.3676199592
0.7410327022,0.8399574103,0.6140652821
0.4048924874,0.6163000935,0.6299951066
0.5794826803,0.3857830788,0.3131354532
0.9948667275,0.7860340877,0.8034974707
0.4410056265,0.6764940811,0.8070613698
0.9370606014,0.6296172844,0.8839641431
0.9685534306,0.6525070954,0.6517104860
0.1778652975,0.5825266503,0.3001380259
0.8922644677,0.7472126017,0.7837826326
0.5847278635,0.0664729893,0.3243021818
0.5778438544,0.2027331546,0.3103830676
0.8171416788,0.8656069493,0.9320741577
0.4176927069,0.0973164828,0.5055739285
0.9149747354,0.7341238372,0.9214917092
0.6997269131,0.3842827879,0.0721112971
0.8625983935,0.6149533622,0.5017171075
0.9643294051,0.6491451979,0.9707729429
0.0895290257,0.3492416847,0.0904929334
0.1478106620,0.0411552926,0.0543466008
0.4404557265,0.0259329712,0.0425007665
0.1344853822,0.4182994800,0.6631625250
0.6189195937,0.5655644993,0.8992416595
0.8775668429,0.9541439128,0.9879663711
0.9134249175,0.7287580471,0.8401238509
0.7483496301,0.9388585615,0.8963024180
0.5137818049,0.6255740371,0.4994530785
0.2736751656,0.0741050816,0.2454541138
0.5149384330,0.4943316493,0.4214734250
0.6731457006,0.9003836876,0.7521527678
0.7648733212,0.4354055604,0.6605957237
0.2287697151,0.9237996120,0.1712568853
0.8389616803,0.4301082802,0.5855824004
0.1122374790,0.1318279024,0.1640295537
0.6655144419,0.5597949873,0.7724333660
0.0943988357,0.1666417083,0.1501138535
0.3922656399,0.3195679573,0.3635957656
0.3759356316,0.2962345378,0.3715316444
0.3698787247,0.2222846434,0.0761967041
0.7947301883,0.8163641193,0.9944801819
0.9643530406,0.7702151631,0.7729167731
0.2021224405,0.0437597590,0.4563309875
0.7755002464,0.6453877120,0.7554476809
0.3793281274,0.5644673264,0.2092607653
0.4203210783,0.3490094766,0.3598757251
0.5225481206,0.7999390436,0.7654933023
0.1784021218,0.3569147944,0.3276455563
0.4002399043,0.5671769020,0.6430092679
0.7404259266,0.9718242439,0.8018648765
0.7661443642,0.6421415929,0.9492961954
0.4119094381,0.1459306571,0.5390631534
0.8355822462,0.9244084864,0.7412910845
0.9248230872,0.8941043800,0.9383396324
0.2413373489,0.0758446269,0.1477794819
0.3463626755,0.1829204859,0.5537514481
0.6404521876,0.0972240506,0.0794841527
0.8303158841,0.9537717684,0.7934546378
0.5352346892,0.5148914061,0.6014010727
0.6117962796,0.6539692592,0.2253851147
0.3129603208,0.2515054855,0.5648737757
0.6815573226,0.8393760843,0.8301274100
0.8927213480,0.7978776486,0.7774830238
0.2956711689,0.2373962187,0.6708414120
0.6471689492,0.6026912483,0.7593165535
0.0986983674,0.3319743817,0.2092426882
0.7689058922,0.2494721899,0.7352006805
0.1283921081,0.1142475198,0.2825671179
0.0117931140,0.0809468298,0.0511478307
0.6940024526,0.4521075157,0.8221195785
0.6154409902,0.4197851017,0.2570835876
0.7789064659,0.7987716815,0.5767384514
0.0459677476,0.1147133950,0.1658486155
0.2066323212,0.1296305791,0.6234361974
0.1776796991,0.1198911912,0.0175368256
0.3725558491,0.2915644674,0.3935273688
0.5943679101,0.5111296339,0.4482684157
0.9345614533,0.6707324083,0.7652659885
0.8009154729,0.5456117066,0.9652167364
0.7706513420,0.7197164840,0.9804757166
0.2475928151,0.1477237618,0.0396282973
0.2845853898,0.3723762621,0.5563521178
0.2465464298,0.1101533652,0.1934758518
0.9156355257,0.8236638028,0.8864137959
0.3240584252,0.3273731418,0.2175021751
0.6665662152,0.8523420293,0.9652569132
0.6014909531,0.3371978454,0.3959298268
0.6333085695,0.3582981683,0.5243468667
0.4232508715,0.4121306999,0.7604719335
0.5338700844,0.6792298296,0.6041268955
0.2552578295,0.2697230519,0.0421119629
0.1150118260,0.1862892803,0.3793838047
0.3371548370,0.0619374472,0.2478755453
0.0155393648,0.0810278228,0.0912011427
0.7365056584,0.8683868493,0.9042009372
0.4443904739,0.1015593635,0.2649189168
0.2344309840,0.2086053202,0.2243526890
0.0191104428,0.1680630417,0.5829007230
0.4132471867,0.6855427214,0.3360121592
0.2292555241,0.0166362189,0.2320630807
0.6485969638,0.4885790771,0.6913769302
0.4750894132,0.1424334701,0.0266266863
0.4075831965,0.6921723564,0.4078497096
0.8800596112,0.9872409437,0.7578865403
0.7984513161,0.8477143879,0.6439333860
0.5759746546,0.3745338500,0.6408207172
0.6523653299,0.8480341169,0.8634735865
0.8651849692,0.8422761627,0.9248071631
0.8386327526,0.3494131547,0.1276192121
0.4603255505,0.4456091405,0.3416251771
0.5760002417,0.8304065125,0.7505908376
0.9813132321,0.7759453063,0.8283722893
0.4385173579,0.6726977293,0.4834987127
0.2868052896,0.0759902298,0.1954274383
0.3533134719,0.1274295333,0.2386645408
0.7346579301,0.9195745385,0.6033153636
0.3875528199,0.6395690291,0.5365650901
0.8413096433,0.6806745865,0.6652120023
0.4158819438,0.3860830643,0.4077698845
0.7359081238,0.3873347349,0.5365611779
0.5378995362,0.4986026189,0.2880545745
0.7648446356,0.8391105058,0.5875292459
0.4266591976,0.5325413474,0.4498649500
0.0987988218,0.1633075050,0.0836822054
0.1536844738,0.3857511243,0.1237294292
0.2888940295,0.4591282811,0.1415622076
0.4322800155,0.4816819426,0.6141758921
0.9101416542,0.7931367903,0.7647913562
0.8823787967,0.5138475570,0.8065042001
0.4540622981,0.1809347324,0.8235479600
0.5137135984,0.6043345325,0.6454375609
0.9565165397,0.8420078518,0.9209069319
0.6117003477,0.9070225386,0.7308199952
0.8125472966,0.6041604776,0.6315587616
0.4521690318,0.5294127527,0.5100173397
0.3286990982,0.7155147151,0.3086728675
0.0170409269,0.0026256452,0.2465146966
0.9006124150,0.4776749113,0.6358544605
0.0847583110,0.0476392456,0.0723913971
0.0662548004,0.3837647567,0.1117876814
0.5102663341,0.3836354091,0.4424051832
0.6605745150,0.6733098557,0.6048992320
0.8803153324,0.8157373871,0.5489186471
0.9046592962,0.8818630237,0.9722250979
0.4023619689,0.3291201737,0.1985858163
0.8625807594,0.5099013119,0.4351469287
0.8336806268,0.8328312096,0.9222236133
0.6028628234,0.8787066364,0.8495104096
0.3867831059,0.2152363506,0.4189495870
0.3393886750,0.4189713072,0.1516598602
0.0318274475,0.3809300446,0.2194612680
0.9961653424,0.9478192458,0.7192756940
0.5299335400,0.2804996064,0.1452813052
0.3325910032,0.2873275814,0.5640097854
0.6500861055,0.6257936249,0.1259711070
0.7213550438,0.7585384077,0.7292530255
0.3279844026,0.7378894121,0.1209933928
0.2652701313,0.1727723743,0.0304680726
0.3836216580,0.8929932647,0.7542845947
0.8657195149,0.6119108995,0.8739980895
0.3724485239,0.5039522710,0.1660865038
0.5809562812,0.3898337507,0.2019696178
0.7735507717,0.7416029601,0.4952865794
0.8016051100,0.9591543418,0.9115395606
0.7669867258,0.8474240607,0.9393832642
0.0004282307,0.0269977441,0.0065036380
0.0305783051,0.3338289427,0.4479433506
0.7691968890,0.4895940289,0.6051151057
0.9398762474,0.9249049275,0.8509664386
0.8588250062,0.6399748933,0.6610737176
0.4503593658,0.5702152258,0.1531441146
0.4473371499,0.2866929476,0.2834573914
0.1550192461,0.3932771297,0.1460408873
0.7144275350,0.5310382372,0.5154720902
0.6266255312,0.5706850015,0.6755407122
0.2642746001,0.3409449535,0.1885818494
0.8553970897,0.7586074576,0.6126329388
0.6246682871,0.2786812945,0.8302492384
0.6872218138,0.8816918188,0.9709346200
0.9715724540,0.9691584385,0.9549546901
0.7688799209,0.7540741419,0.9151770797
0.4486193807,0.2462545767,0.5615441751
0.1792618562,0.4604150010,0.0779342921
0.0864415055,0.2997321469,0.2900600335
0.0561859123,0.1989513639,0.3264007944
0.0182054562,0.1907860778,0.6762479029
0.5185966067,0.6321912397,0.8036113239
0.1412477369,0.0424140630,0.0024461495
0.9824062681,0.8471001441,0.7173834085
0.9673673999,0.9193540443,0.9835788343
0.8134127650,0.8264525140,0.7302236855
0.5897931434,0.5931303735,0.7100170311
0.6631986201,0.7843926814,0.7742386308
0.0982034038,0.6483218046,0.0953501629
0.5168225915,0.3708619627,0.3070952327
0.1697968801,0.5263541771,0.8880751234
0.7517422314,0.4231330774,0.9231903616
0.5745510115,0.6360441748,0.5368525606
0.0387242374,0.6489007184,0.0210030929
0.5917944281,0.5841019616,0.6870855459
0.1036187412,0.1758110128,0.0550086305
0.0865628056,0.2039762846,0.9613293375
0.6113856723,0.6803374105,0.5738908675
0.4906144593,0.2209100401,0.4105635162
0.9982836582,0.8156342756,0.7292532123
0.3310424045,0.7098187577,0.7040949073
0.8364845005,0.2722906330,0.5280030099
0.0951427727,0.3951650154,0.0858680735
0.8271175067,0.6730351911,0.9682495305
0.6223186639,0.6535145076,0.6609606672
0.5246448673,0.2943271000,0.3572609890
0.2923141994,0.3528771456,0.0646362186
0.8209461630,0.8823941226,0.8177115766
0.4571102072,0.1520269482,0.5006806397
0.1226928189,0.3161087832,0.1001612844
0.5777752418,0.5161042344,0.5704542560
0.5182844817,0.8484988125,0.8118017396
0.6906234897,0.8869160344,0.9366086054
0.9870575523,0.8974709563,0.9842890211
0.5544937163,0.2367192809,0.3527386268
0.5040515922,0.7680702869,0.7430826993
0.4385470283,0.6847368206,0.5833081287
0.8771250497,0.8262162934,0.6857785575
0.8520735029,0.6825062353,0.7945951480
0.4976759480,0.5727564755,0.6244502683
0.8898943732,0.9762471714,0.8219496747
0.5205645483,0.4848751627,0.5945632276
0.8359468737,0.5153805103,0.5950730024
0.1810270765,0.0461505878,0.5383534109
0.2869431063,0.3711443252,0.3841960070
0.4566311131,0.7394564464,0.7467487855
0.0617768120,0.3106907245,0.2740496012
0.3758463095,0.3550658440,0.2749548059
0.8575310732,0.9969993187,0.9964331134
0.9805715657,0.9381107510,0.9583422364
0.8108638447,0.9909060527,0.9192906921
0.8992059926,0.6020253719,0.5695926069
0.6926802737,0.7803676140,0.8821088325
0.2076791784,0.1999859206,0.0578408499
0.9600262448,0.8828974843,0.8104881471
0.7216808674,0.6464013335,0.8690894303
0.8633407804,0.3024994449,0.3915898892
0.3226258782,0.2916702168,0.7339316767
0.0238101675,0.0665603008,0.0001620736
0.8136877702,0.9291332474,0.9171839764
0.3452300717,0.2968194204,0.2633909130
0.9048900603,0.7275069425,0.7346066863
0.6205596394,0.8810437483,0.7313418307
0.4531567612,0.0109216387,0.4591947601
0.4504220258,0.7546439309,0.5250886567
0.7079220159,0.9333979607,0.7394921768
0.6655831202,0.5861746497,0.9721781241
0.2756197142,0.0384610421,0.0851698340
0.4638413571,0.4621706805,0.5838165550
0.8831337424,0.9769229909,0.9829440271
0.1992355135,0.0189212139,0.1138526565
0.2440201043,0.3138965454,0.1722030928
0.8014678228,0.6480661881,0.7983918570
0.7669339396,0.4830040253,0.7901189367
0.3160498562,0.4381224513,0.4569282603
0.6386903000,0.5775394845,0.8251947842
0.1782431714,0.2887860942,0.2458197073
0.2682459606,0.5290277498,0.4955656354
0.6079098549,0.2452352603,0.1291201405
0.4153540914,0.4855781384,0.6805862797
0.2185757828,0.1814730153,0.4889050241
0.0619261771,0.2674758139,0.2874277466
0.4186791071,0.7219393726,0.7361572713
0.5023216351,0.0439421440,0.0707407037
0.6048461179,0.7565698484,0.4868536725
0.4492377497,0.6809959418,0.6369291133
0.9961715541,0.8049308460,0.9273405318
0.0501549934,0.2026077419,0.1744705449
0.7223399961,0.5225076474,0.3918980109
0.4297231202,0.8558311536,0.2896538973
0.9898932103,0.8383371049,0.9629065816
0.5514186041,0.6984547566,0.7834959467
0.0142759146,0.1800523498,0.2152421066
0.6724520296,0.3147502054,0.5361414522
0.6229642905,0.3173144339,0.8581920661
0.5699894829,0.3288780015,0.3765087406
0.3065785449,0.3491585387,0.5481620015
0.3528590980,0.9695804033,0.6326743806
0.3486097628,0.2916423711,0.2191128691
0.0446274346,0.0169736067,0.0963316091
0.8255493444,0.4395102185,0.5330678753
0.1713562583,0.0495936138,0.3263823527
0.8972549615,0.7550828494,0.6248162566
0.9447229036,0.7331207312,0.9884596685
0.5715147229,0.4708697002,0.0895290206
0.1981562042,0.0183438799,0.1021937688
0.7061964771,0.3742700535,0.8351764411
0.4689457692,0.0921977106,0.2034779293
0.9355601100,0.5242874321,0.9350534111
0.8272015061,0.7776404958,0.9990506436
0.5922626083,0.3726934967,0.1472355006
0.2945485426,0.7683087188,0.1203485448
0.9205920137,0.6853975972,0.8090967377
0.7294231922,0.5785513419,0.5164696181
0.9403465542,0.9546448960,0.8589273541
0.7643853519,0.9394990108,0.7175771441
0.7203893295,0.7986423127,0.6355117687
0.6001838797,0.9935647040,0.8579715954
0.6521020816,0.0839877157,0.2050885651
0.6898139273,0.5241568940,0.6078344179
0.0730189942,0.2346651884,0.0504691820
0.7076582898,0.2396156462,0.8836410694
0.5937063665,0.3447413770,0.6390482077
0.3872852535,0.2512892556,0.6474880169
0.8431224529,0.9903238910,0.9072798412
0.3930111262,0.4259305829,0.7817546131
0.7299692281,0.1029322856,0.1799540155
0.3619216216,0.3283267203,0.5395850882
0.5861032414,0.8997399046,0.6362428404
0.5904662580,0.2196684054,0.2525256599
0.8699224201,0.8900145614,0.6645138429
0.5164418400,0.4226440190,0.2117728109
0.5661497661,0.9481510516,0.7533384539
0.1194010049,0.3251016310,0.2218438441
0.6758176811,0.8013526134,0.9672894716
0.5787114830,0.9123371359,0.9130550589
0.5913481022,0.6977292759,0.4671107680
0.7087035913,0.7791210880,0.8059414376
0.0711176348,0.0742234325,0.0617601565
0.4984143894,0.7375146173,0.5283265356
0.6112851628,0.2781743884,0.6814559583
0.0811297436,0.0661301055,0.0736147196
0.5759536325,0.7067200887,0.7397350328
0.9005572408,0.8628852566,0.6953433045
0.8021772098,0.8895767621,0.8084191132
0.9932884545,0.9631506982,0.9103813188
0.0409495303,0.6106221571,0.0010233635
0.6148241678,0.0497487441,0.0483529357
0.1449194836,0.3969004380,0.5950537002
0.5718489381,0.5721845291,0.3870065658
0.0303648878,0.4301099174,0.7860706640
0.0635519536,0.0530900501,0.1198654579
0.8920151600,0.9268846422,0.9237464407
0.6337229672,0.5662183416,0.4134571199
0.5840094871,0.5659329259,0.7677912605
0.0919952866,0.1235612154,0.0910543030
0.1180622217,0.0039332111,0.0066054128
0.2484048515,0.5968715789,0.6151425870
0.0593647174,0.0751439106,0.0559052973
0.8868575898,0.5484569139,0.4210139877
0.7993199236,0.6276809940,0.5152349670
0.2500251303,0.3966087557,0.0513001559
0.9357860743,0.6728284104,0.8615272253
0.4769238015,0.0966951024,0.3115979772
0.9425685781,0.8397096442,0.9331291465
0.1506680907,0.1618511393,0.1983042007
0.8378511493,0.9700965777,0.8045540288
0.3738843655,0.3067274735,0.4316239220
0.3978159933,0.4503184613,0.4541163207
0.4747645170,0.5040190443,0.4044822472
0.6288229034,0.3927566219,0.2337289540
0.3139266955,0.3133375427,0.4310716087
0.7526465491,0.7707438381,0.7586012556
0.4075224809,0.2930997019,0.4573196430
0.9602450474,0.9353859149,0.9740428140
0.8878389884,0.9005180459,0.9125102407
0.2562466420,0.4075352430,0.1572174532
0.5099795331,0.8638341859,0.3636126935
0.9703760422,0.8093973205,0.9422460921
0.8326159452,0.9103380463,0.7125572829
0.8642500048,0.6529838152,0.5624436009
0.0394454272,0.3001520990,0.0721364349
0.5823646391,0.6482791744,0.5675704759
0.8108464542,0.7925630803,0.6012744341
0.4977204120,0.5150629258,0.5370273019
0.3559452434,0.1382426398,0.4898085219
0.4973924447,0.3988788721,0.6602736990
0.9104042441,0.8604329587,0.8336916896
0.0462383305,0.3437318511,0.3661944301
0.3469214034,0.3198636075,0.2656795620
0.8104237016,0.6907180287,0.7523618126
0.9042473598,0.6986937943,0.8782724247
0.8122848638,0.9088997793,0.7350690053
0.3838754282,0.4469160748,0.2463141746
0.8627840772,0.4905831526,0.2055056562
0.1331739443,0.3097211812,0.1102210795
0.5112651811,0.2839495825,0.5165066090
0.4211931133,0.7587378833,0.0751117840
0.3990407488,0.5658926051,0.2509218866
0.6544672024,0.5666772610,0.9162696986
0.5622085071,0.3853723057,0.4206597098
0.7084786485,0.7328479965,0.6895991164
0.5304300319,0.6090638264,0.8719449653
0.6683727174,0.3401582930,0.4707933340
0.1623427411,0.5678929427,0.2227812589
0.8254539696,0.5997311383,0.5898786813
0.7935151230,0.6632035322,0.9122030680
0.1520992976,0.1338117592,0.1722735576
0.7390826559,0.8916118485,0.7070470023
0.7568656961,0.5162795781,0.6730090107
0.4589053166,0.2763758676,0.1129332958
0.5766187939,0.2778199433,0.6808331330
0.2966828775,0.2408252673,0.1212190782
0.3574907641,0.1400204446,0.3329041591
0.6493282585,0.6135579309,0.7552508105
0.2510158165,0.0659366994,0.0880741208
0.6848576463,0.5419178097,0.7729860223
0.7741844845,0.5182031933,0.8834154531
0.3423542234,0.3367353226,0.3858847277
0.2175300746,0.2086641423,0.2438168495
0.9827276326,0.9998965232,0.9047881615
0.2691739243,0.0827582951,0.1110833718
0.2237062743,0.1534009726,0.3353291712
0.8651261461,0.7281049772,0.8387331179
0.8524777907,0.9522130528,0.8319664341
0.1471023051,0.0869912368,0.0579962372
0.2265877259,0.1539101559,0.5664599413
0.3330655191,0.5248665298,0.2826279454
0.6614413751,0.9145378944,0.6009493052
0.2502249250,0.0530191474,0.0252097614
0.4366603871,0.4211273770,0.9522910230
0.2415135398,0.3043330036,0.3952208058
0.1588000470,0.3619146353,0.1554566938
0.9243080807,0.6228768830,0.5504452356
0.8693139820,0.8355083075,0.7566185111
0.9669195678,0.9845966365,0.9740341785
0.6430444087,0.8457142871,0.6546503620
0.7441972783,0.7164178042,0.8948673952
0.0584852845,0.4271820660,0.5414297148
0.6022124770,0.5143800129,0.7846594671
0.1017404122,0.3300986954,0.0356697864
0.5351940781,0.4795522227,0.6397678479
0.3564978702,0.2732535402,0.1323228102
0.2779041772,0.2847564556,0.7332087234
0.8291763159,0.8850523045,0.7986255462
0.8130174487,0.8187141999,0.8770309474
0.3141546532,0.0922188052,0.0237442686
0.9973032412,0.9778159354,0.9705751112
0.4085052675,0.3756113499,0.3897550799
0.9884929073,0.9692548315,0.9238257653
0.3800386073,0.4241924558,0.2291212640
0.6577043163,0.4601052014,0.8013699159
0.4372814195,0.6147710194,0.2132287401
0.6852199320,0.8343228003,0.9131746425
0.4778927257,0.2142279343,0.0930299840
0.9640521617,0.8909289968,0.7162951182
0.0074019554,0.0137262862,0.0802763911
0.2628280456,0.2301229818,0.3841153655
0.4370591359,0.0172181797,0.0561712684
0.1555427570,0.2132047087,0.2378030518
0.6956256838,0.5141357235,0.7628973184
0.2096397651,0.3314586843,0.2257334431
0.0391569814,0.0187161438,0.1303425267
0.2139095740,0.3636363478,0.1398305717
0.5468738281,0.4033203417,0.5193439667
0.5287588583,0.4029588965,0.1998646288
0.9075587444,0.7732344307,0.9099288343
0.3257092204,0.5763973336,0.5212835679
0.9103892295,0.7826525640,0.6588474432
0.9019526975,0.8918454341,0.9992299230
0.4300478448,0.7380000899,0.4460722150
0.1357369664,0.1371358211,0.1138444951
0.2211505621,0.0993592946,0.0778460767
0.0937621848,0.1522062147,0.1887505526
0.5274960556,0.3760603407,0.4978571646
0.7671607959,0.8786250717,0.8131275681
0.5683068075,0.8852384859,0.6232108738
0.3878945380,0.5257226413,0.4822272608
0.7183403501,0.6125117679,0.7657013921
0.1955042873,0.1747907484,0.1270876889
0.6302452044,0.6691325874,0.3882629719
0.1652551472,0.2660819969,0.5481799210
0.9398535328,0.8791093699,0.9941564855
0.2319699615,0.6242737057,0.5268398444
0.9417129158,0.6105696062,0.8755872844
0.8143168283,0.5954032536,0.7605076381
0.8337377064,0.9604559609,0.6236943863
0.5094592977,0.5198801665,0.4533219953
0.2333689484,0.6018247699,0.6015865090
0.8182750916,0.7891730153,0.9790628061
0.3158590643,0.4758099363,0.8239934944
0.6965352997,0.9550296138,0.9835343663
0.9084788430,0.8972758690,0.9600501542
0.5800032472,0.4576070821,0.7579495468
0.1194188237,0.4353259011,0.0859925048
0.6924377316,0.9227091569,0.6983706238
0.2033985138,0.1443704144,0.0981307015
0.9487014445,0.8381101859,0.9508209210
0.8993324553,0.8914728170,0.9455382118
0.7423456064,0.9100161796,0.6076300436
0.4396010031,0.6464629282,0.5827189287
0.0875577925,0.5094226052,0.2274681230
0.2282089612,0.0423913093,0.3100006705
0.2439981163,0.6625659072,0.5406232935
0.8814090378,0.8479933435,0.8918385546
0.2491557424,0.4703341609,0.3336559921
0.4956808627,0.7925803434,0.4823142988
0.4915607329,0.6027049758,0.7046191998
0.3757266819,0.1081878423,0.1034383507
0.3145687973,0.3289556775,0.3675526026
0.0617006343,0.0275792343,0.1087041459
0.5725959675,0.5264925147,0.4917521204
0.2749954109,0.6583696162,0.5445677746
0.6566985880,0.7411234149,0.7929819686
0.7936990882,0.6230980123,0.4512909134
0.8360258284,0.8116848563,0.8961941525
0.1582553833,0.3075818213,0.3209860193
0.7780862368,0.0049205277,0.1245540150
0.6023938409,0.5013945003,0.7079538853
0.2045091024,0.1154355027,0.0763156140
0.6393702981,0.4403251927,0.3196241403
0.9714344849,0.9782833267,0.8627972437
0.4381522211,0.3682890510,0.7207780356
0.7367016489,0.7913965118,0.9594136008
0.9121654956,0.6936501350,0.5657648784
0.5942229945,0.3789726231,0.4545811759
0.3501077714,0.5702962287,0.6243126148
0.2671440070,0.0947323544,0.1556920431
0.0669984746,0.1581120109,0.0497470745
0.4453620698,0.5873364361,0.8308291517
0.6075094362,0.7386421067,0.4257408356
0.7170779836,0.3616039871,0.2763505252
0.2563485782,0.1782137535,0.6440497908
0.8917681626,0.7096695520,0.9504850364
0.6109051208,0.0449854565,0.4165851840
0.9832512078,0.8025267420,0.9529950822
0.6826243575,0.8644910503,0.5618716758
0.0557161317,0.0394631054,0.0037550388
0.8191029792,0.6442897411,0.9022185868
0.9947109185,0.8203504086,0.8181703349
0.4567302367,0.2688841395,0.1137823005
0.1504822757,0.0114978123,0.0915432288
0.2804390578,0.7288601900,0.5851545410
0.2683079231,0.4215900380,0.2721436561
0.6647269621,0.4808193898,0.5897758535
0.1558511412,0.5934107176,0.3309738981
0.2905486135,0.3117967997,0.5805309473
0.2910014922,0.0872501368,0.3598376701
0.9554056914,0.8300160540,0.9740276588
0.7460791638,0.6145087222,0.8022164527
0.3563502818,0.1762926336,0.0923701127
0.8340815823,0.9313314447,0.9108314395
0.1046833575,0.1008340666,0.7109256408
0.0831849802,0.0155047967,0.3942420578
0.5387168114,0.9175875532,0.7030968334
0.4180282561,0.4874243128,0.3639210490
0.1829224068,0.2895066911,0.1105076153
0.8807024361,0.8755653999,0.9892063578
0.7303137376,0.9728952414,0.7238118819
0.7125277596,0.8761120402,0.9249655008
0.4846326259,0.9081058841,0.4745940713
0.1612777006,0.3086924515,0.1371846550
0.0538695048,0.2439691776,0.0864796094
0.3606528859,0.1416076849,0.7486884568
0.2686490249,0.3053075327,0.5527834093
0.7010845322,0.8847772926,0.5882594197
0.8996487490,0.5294028415,0.4591792422
0.5858615063,0.7026459955,0.1596955534
0.8611299309,0.9825095698,0.9959633515
0.9199868416,0.9296157888,0.9603675568
0.6762638799,0.5842269151,0.3998893859
0.8410664774,0.9285966449,0.9393196558
0.3986898422,0.4758991004,0.2826312468
0.4692276258,0.4867603736,0.2286793962
0.3010808088,0.4995565010,0.5793095805
0.7273930165,0.8463910301,0.9808962772
0.7276844149,0.4238009911,0.6159746153
0.7821489566,0.2531549847,0.4976998538
0.6443112572,0.6534162259,0.6835451679
0.2207900734,0.5723921308,0.1095273444
0.9602407954,0.9537908940,0.8438326037
0.9710898286,0.5162649587,0.3530018061
0.1811470575,0.2755672736,0.2099946251
0.9507813159,0.8168632870,0.6550443788
0.6729926104,0.3811081934,0.2588619444
0.0972854176,0.5764609793,0.8103504894
0.8531002378,0.9074154613,0.9968402037
0.5251326255,0.6130528156,0.3583271793
0.6121137710,0.4010936696,0.1557720000
0.1004117856,0.6981260109,0.1916309748
0.5737131514,0.7344786395,0.5494907198
0.3860834880,0.5277633367,0.2517432248
0.7747911418,0.6097905630,0.3915427521
0.1789302495,0.6232792229,0.1687214818
0.8451421086,0.7709720074,0.7431156688
0.7046684946,0.7933560206,0.6850549052
0.9945075214,0.4984966215,0.7506584500
0.7235369178,0.2461826740,0.5546669074
0.4105119001,0.6723264254,0.0667916885
0.1812952560,0.5170586440,0.2628970973
0.6646362081,0.6877269056,0.3902779941
0.9069204455,0.9913863424,0.8133254139
0.3213095874,0.2283440229,0.4553679687
0.8402095752,0.9919965473,0.5981936971
0.9550389652,0.7902147190,0.9699857601
0.9010902328,0.6335123989,0.8679070624
0.0891707558,0.7580820644,0.4068400714
0.8982718314,0.8708812564,0.9764451934
0.5217754420,0.2378039011,0.5102326385
0.0286931059,0.5272479058,0.0715742659
0.5160271952,0.5844696836,0.4068823554
0.3590614189,0.1408495466,0.1196181091
0.1903532396,0.2948482445,0.2887719635
0.1841873335,0.6187396768,0.9517498687
0.4974660415,0.7349947848,0.8933996639
0.4905030241,0.4342893655,0.4370802794
0.5847531450,0.5825604895,0.4153391380
0.6561110509,0.0438259719,0.0707650507
0.8012472167,0.9209066168,0.5986793469
0.0290017691,0.4913109628,0.3508008937
0.1565819076,0.2867630150,0.0689078816
0.8109822585,0.9250061143,0.7893728869
0.5091369869,0.7814680672,0.4004977600
0.2934507570,0.1982097565,0.5646630559
0.5732624637,0.6115475939,0.6669750198
0.1582759890,0.1256845038,0.1872436005
0.1973320899,0.0292654255,0.0679803151
0.2340796718,0.2330420438,0.2098775163
0.1867767484,0.5330267584,0.2622841497
0.0877591674,0.0223330329,0.3788927293
0.0830411842,0.1760588795,0.0449515779
0.6855284543,0.6012714656,0.9108035820
0.2855692579,0.3155616067,0.5348218575
0.2306390312,0.4920990425,0.2884415248
0.4688125634,0.4433774310,0.5581919135
0.6023592782,0.6773700115,0.3729877733
0.7572942511,0.6791027602,0.2606544232
0.5627108997,0.4415644334,0.4353728020
0.6412531528,0.7494136724,0.8492620896
0.0774575821,0.0389313053,0.1465427350
0.5553910319,0.5629135807,0.5313549297
0.0936789363,0.0557988906,0.3027749062
0.7135942306,0.3820399619,0.6933544096
0.2173443650,0.4860912905,0.7141229958
0.9262115635,0.4769421729,0.3506699719
0.2712764253,0.0433188571,0.0989619925
0.9501984073,0.9720957594,0.8580826032
0.6579821915,0.4361162883,0.5598269591
0.6790898880,0.6764156713,0.7236647663
0.2633911259,0.5067825267,0.3047868829
0.7302161849,0.4893223844,0.3905827484
0.4440129487,0.2828378642,0.5104193888
0.8466955064,0.9777097960,0.9957845721
0.6657132543,0.5350885729,0.9757874383
0.1197539339,0.3721756686,0.2328423317
0.5355482094,0.3999688451,0.4246501128
0.0149337126,0.1452028028,0.0062866099
0.1079428271,0.1242264042,0.2039990706
0.1749169284,0.1454858631,0.0995027496
0.1392932588,0.0466048481,0.2524771843
0.3658694688,0.2973454317,0.1939082036
0.1183602786,0.5298418528,0.0424598926
0.4920238588,0.6871633729,0.6377481792
0.2753776388,0.0804684081,0.1984495150
0.9849863905,0.3667465551,0.5795607357
0.0401835775,0.0568998001,0.0762846345
0.2015552674,0.2096828980,0.0610618958
0.4088964712,0.4652280964,0.4325113134
0.5432432194,0.3229809950,0.2966165647
0.9307404032,0.8156818579,0.9108812964
0.8155160955,0.6485420554,0.6585335391
0.0589815333,0.0256630906,0.0069470342
0.6635341068,0.2931540531,0.0385494216
0.9161908218,0.9455896183,0.9965205999
0.7776242454,0.9779190971,0.4884067230
0.3846419057,0.2732379182,0.4602528682
0.7443108648,0.6441329474,0.7581376643
0.5283802146,0.6712268319,0.9370684927
0.7357306801,0.4465546019,0.5240968641
0.7471659820,0.5570538891,0.6275762236
0.8576461160,0.6812420128,0.8268059764
0.3901662689,0.1074114482,0.0563710757
0.2801608240,0.4336067294,0.3930278978
0.0113631205,0.0481600336,0.4091790888
0.0289488833,0.1418509627,0.0251338246
0.4021746493,0.1031689556,0.3908778571
0.5344586579,0.5146680327,0.7023395511
0.9511759568,0.6088003431,0.9177230114
0.8497263306,0.8946662951,0.7439248849
0.4201567017,0.4801207832,0.5250972719
0.4212762005,0.2789804435,0.3090886062
0.3732742656,0.1783792989,0.0281168014
0.1982738875,0.2158162152,0.2747132708
0.7095566891,0.7733320461,0.6159359913
0.2310799239,0.2258328125,0.3205892067
0.6232279780,0.4106584469,0.6064080742
0.6629287139,0.7629786024,0.8372501685
0.9927965847,0.7801394041,0.9460602545
0.6013325011,0.5297646541,0.6182948380
0.0819285004,0.2106145954,0.3198947993
0.3240270214,0.2000317337,0.1604567921
0.4841121520,0.7237634118,0.3945383766
0.4663878897,0.3767745209,0.3126276581
0.0505833526,0.6566609115,0.2123112525
0.2017419334,0.6034193115,0.2310409235
0.1412815528,0.0071604004,0.4634831375
0.4624518659,0.1503247172,0.4289072991
0.9471240363,0.8359658424,0.8056617766
0.0541624724,0.2617926114,0.1232380843
0.8420188978,0.4488227377,0.1942803234
0.6057543689,0.4410104908,0.5524633800
0.6276282789,0.3920241917,0.3000972276
0.0116289407,0.0275615643,0.0326692607
0.0004619220,0.2169345082,0.0189877937
0.8968992841,0.6666715630,0.6873087510
0.6486736867,0.9993136689,0.6123077113
0.7175132374,0.3820752733,0.3908720733
0.6062651818,0.3522678234,0.4397943340
0.7592315801,0.7640222750,0.7791270057
0.1908901936,0.0618644653,0.2461481521
0.8964517888,0.6351020063,0.7504253430
0.3215059008,0.7079060812,0.6578814393
0.0730911128,0.2870909606,0.2678148532
0.9056688469,0.9901282478,0.9951705271
0.7737457384,0.8072341994,0.7971150617
0.2877524225,0.1369687729,0.2266149465
0.7465157099,0.5022929756,0.9498291435
0.4949814640,0.3304755589,0.0661732176
0.3416690568,0.7432118395,0.6148759043
0.4997843856,0.9380385826,0.5080023263
0.3288685965,0.0832937079,0.3279628444
0.9349468886,0.6935412145,0.5599401139
0.6123823432,0.4915013613,0.5003211001
0.6163917526,0.6721201190,0.5116815131
0.1814249882,0.0877048354,0.1493177095
0.7978332337,0.6412299342,0.6078136749
0.2259397358,0.3927926025,0.2068818083
0.7088589671,0.5151799865,0.6284865888
0.1440262340,0.8513337720,0.5009873556
0.1151472444,0.1635977885,0.0851605349
0.8157347261,0.4375060401,0.7626062882
0.6622873876,0.5458794103,0.6572116342
0.6806160088,0.7992825637,0.7815455322
0.6663794582,0.7658996496,0.9844851702
0.6713285941,0.9362479545,0.6922810145
0.4774088874,0.4274259838,0.6763500503
0.5291943757,0.4035824751,0.3252272471
0.5444414077,0.8012623098,0.7923236199
0.7886698455,0.8539085376,0.8899556515
0.1592262727,0.0098641208,0.0763019147
0.3802265235,0.2552363001,0.5391338978
0.1680230245,0.3614255786,0.2307240124
0.1503512397,0.0630092747,0.2424432808
0.1879616779,0.0940724275,0.1373580631
0.1472419958,0.3824532506,0.3720886425
0.9418211549,0.8978412596,0.9616747609
0.6284907825,0.2881317217,0.3458792424
0.4694373181,0.7243984197,0.9545728178
0.0148668546,0.2095093410,0.7941838450
0.0426101387,0.1129952729,0.0954684614
0.4897792459,0.3564933989,0.5283480752
0.0683068262,0.1283251954,0.5472539589
0.9285367798,0.6375734921,0.4230492327
0.2372147395,0.0322557465,0.1977876174
0.5274596279,0.6223113640,0.3509997149
0.6465062365,0.6820122511,0.6400092667
0.7095648975,0.4225815583,0.6972894699
0.3861618783,0.6038276606,0.8267789699
0.8418035784,0.6885450686,0.7237563071
0.4480887401,0.5575907444,0.3622261922
0.0226102498,0.1016368559,0.5713153487
0.9825999365,0.7470988060,0.7128501338
0.5131693834,0.3040248619,0.1861718882
0.2826106975,0.3655149990,0.3940851122
0.4872786337,0.8130766624,0.7853245057
0.4253417546,0.2319622880,0.2692430471
0.1067413911,0.4477109165,0.4916012392
0.5085934316,0.0439429008,0.0772543650
0.6062248562,0.7841262767,0.7063254090
0.1384920212,0.1588402383,0.1386217929
0.2119029167,0.1874847778,0.7226186152
0.2986987939,0.1192263860,0.1332106942
0.2538622519,0.0075021075,0.3940777383
0.4083224588,0.0999177590,0.3419363630
0.8451017785,0.7506801963,0.6657906039
0.5277938043,0.6481860776,0.7346660962
0.3284271693,0.0554617072,0.3480815573
0.0419212498,0.5488521412,0.1982157941
0.3458734008,0.7949798430,0.8245901287
0.1889701010,0.2406891823,0.4814497404
0.7620633115,0.8840436398,0.9419812590
0.1733524927,0.1476937867,0.1084188919
0.4117980901,0.0882622575,0.3603433282
0.4807190311,0.0037252874,0.0906976511
0.9289327708,0.7761981122,0.4275707958
0.7240147808,0.2924127870,0.6494105992
0.7190666581,0.7714172267,0.6421250070
0.5712141687,0.6733117031,0.5175619470
0.0036668438,0.0698107251,0.0146781522
0.6596959080,0.7223607735,0.9701704988
0.0051241135,0.2211631160,0.1875441226
0.9843355027,0.9868810884,0.9505903407
0.7430747174,0.9652667624,0.7716324558
0.1853162374,0.3809170070,0.6738589977
0.3318886964,0.3582692344,0.2228257961
0.9812360841,0.5521083745,0.8513186022
0.7969159506,0.8449012746,0.8356552361
0.8417956374,0.5810056991,0.7280158003
0.4182576104,0.3679391965,0.3074079307
0.6213640835,0.7237192537,0.6012925399
0.0486867191,0.0939248492,0.0309321692
0.3777429004,0.5380036499,0.8071474949
0.2331696980,0.0441298917,0.8006139961
0.7436280618,0.5437987183,0.8569055626
0.3899621173,0.4244668741,0.6336683357
0.1939351374,0.2123728202,0.5793435775
0.3671539903,0.6561987262,0.7848530039
0.6939232279,0.5065964120,0.5765385537
0.6967367236,0.7316875866,0.9008542563
0.8965694979,0.2842751745,0.3298604083
0.2441052062,0.4948383088,0.3484419295
0.2319299182,0.2613845004,0.0447678550
0.2009400689,0.3371464824,0.4387487062
0.1600241315,0.1972258266,0.6928742246
0.8586990911,0.8901697436,0.9786421530
0.5845495040,0.8054124434,0.7968419227
0.4702218017,0.4262310383,0.5520760096
0.7177472901,0.9767291292,0.5630329529
0.7267368821,0.9123257013,0.8381705396
0.9524543913,0.8695756673,0.8728589946
0.9779058914,0.8075761061,0.8835126473
0.4946030260,0.5791537288,0.6268285019
0.4780172185,0.0435500286,0.4497591736
0.2550646451,0.3185484482,0.1124725015
0.9842294601,0.4254326747,0.6798275094
0.5381577577,0.7348041957,0.5352054107
0.2338010794,0.5405498805,0.4897494461
0.5919711160,0.8776710890,0.7727508312
0.9692893034,0.8247523897,0.9921508996
0.6973395272,0.5492058943,0.6798611556
0.2563205225,0.2077607477,0.0275141628
0.8855835216,0.8101810808,0.8668916956
0.0398348706,0.0920485694,0.6362771354
0.4489467231,0.4294956792,0.3118822006
0.3813962212,0.2444265183,0.1001974407
0.1992633745,0.4619091655,0.4528879180
0.1993052682,0.0432926168,0.0477243725
0.6009299487,0.1932276732,0.5734488652
0.9261266910,0.5938139223,0.3694021616
0.1083259433,0.3024189680,0.1260498391
0.4789664846,0.2701803696,0.4156668315
0.6025938061,0.9160811081,0.7591157631
0.0773129731,0.0438484551,0.1022834536
0.2397717172,0.2380518695,0.3451707245
0.7420332344,0.7675564557,0.9093128397
0.9728152461,0.8793518267,0.7830620414
0.6697202186,0.5316360335,0.7505208243
0.2022551284,0.4071856709,0.0272741114
0.0711013888,0.0715952045,0.1535081632
0.7954263291,0.9612344830,0.7506620497
0.3819769035,0.3624027445,0.0721878249
0.8502270515,0.9406512415,0.9098520203
0.0773948256,0.2657890229,0.2981362344
0.6264285368,0.9295928521,0.5165740012
0.3159157287,0.2713742004,0.6721900196
0.3249475779,0.3063056108,0.6750342558
0.1076842678,0.0641522346,0.4373328024
0.8749546090,0.7439315404,0.3772250001
0.3240761832,0.1500315461,0.1349760761
0.8715111456,0.9866608516,0.9927704022
0.9783456894,0.0270062612,0.2110676590
0.5164905531,0.4437473089,0.1883219787
0.6762839371,0.7555154339,0.6683597751
0.4122643970,0.4785160235,0.3094316392
0.5005737944,0.3156080985,0.1785661056
0.2726754652,0.4712794817,0.2106115934
0.7305524190,0.6134638538,0.6321306852
0.7887320322,0.9208981225,0.9534113251
0.8876837087,0.1311932016,0.3113939561
0.8293149055,0.9047141095,0.7217158227
0.1387905591,0.3791052509,0.1044263236
0.3982595055,0.3886463732,0.1883492501
0.2848165441,0.3147089463,0.0405375458
0.0048077638,0.3052437369,0.0342531246
0.3748663543,0.6515441283,0.3834154238
0.9965374748,0.8859290699,0.9934729591
0.4836545606,0.3604387184,0.2643951251
0.1004268893,0.1450013096,0.1914424917
0.5207603074,0.8740066997,0.6587743928
0.8935088496,0.8763105256,0.9941830616
0.3193826681,0.0603113984,0.2180743318
0.0422425347,0.1899112263,0.1909952063
0.1760935770,0.0138964907,0.0016789810
0.1038708918,0.0384737888,0.2207014449
0.0700329175,0.2613577875,0.0634924121
0.8482674137,0.3269000697,0.6827115097
0.1911949198,0.3637252776,0.2193403405
0.8370941560,0.6246039536,0.6584217764
0.1760278494,0.4350816700,0.0422792233
0.7506919040,0.7183808757,0.8375608090
0.6053590074,0.0600233621,0.0924076615
0.7260253036,0.6140260830,0.5707796845
0.0516178047,0.0623216292,0.1927387159
0.0439772568,0.2631188699,0.1027636138
0.6986013071,0.3408084571,0.5911840257
0.5341018647,0.6322968373,0.8867005915
0.6151840346,0.9317542237,0.5956982359
0.9922001620,0.6343250958,0.6112988125
0.8287282956,0.8991201174,0.6713386073
0.1275464176,0.5909548566,0.3088089607
0.0731806841,0.1042735257,0.3432135273
0.3206185487,0.1775220994,0.4073172163
0.0546741257,0.1125749211,0.3842781457
0.8143064237,0.7954108832,0.9619627992
0.8548477497,0.7187301632,0.8088931500
0.5590415609,0.7194664091,0.4560700586
0.0903974433,0.3023567159,0.5714083149
0.0851258196,0.0125044552,0.1479938548
0.1742097252,0.2538436208,0.3162381016
0.6339453246,0.8077054013,0.4382272565
0.2158388730,0.1746687298,0.1260110686
0.6717992658,0.8194786432,0.8539373119
0.3450460976,0.5124752359,0.5163344018
0.7756422046,0.8973342096,0.8690373043
0.8962153485,0.9139982602,0.8175832109
0.4387672395,0.1968142282,0.1665339728
0.9443209413,0.8862754190,0.9053722463
0.2481264556,0.2652416214,0.4991078610
0.9374200301,0.8808765402,0.8365518075
0.4926113734,0.3268022575,0.1138874255
0.1003366270,0.0316296049,0.0856670168
0.9761232060,0.9291477740,0.9674578490
0.3106985173,0.6709292168,0.4109239128
0.5346340011,0.0757574244,0.0041798229
0.6365421260,0.5047921201,0.4276845185
0.5014087009,0.3742151413,0.6865505489
0.2520663547,0.2750485742,0.2715947802
0.8998060000,0.9482369007,0.7325662588
0.9740834504,0.9259460368,0.9107298632
0.7973249584,0.5282165063,0.6382980666
0.4826969808,0.3091765546,0.0692149230
0.7757379191,0.9170315291,0.8825345749
0.5381949022,0.5193850196,0.9790472100
0.7284415172,0.5666752821,0.8908029684
0.1659283504,0.2122466368,0.2929190823
0.1415980905,0.1641043604,0.2098399425
0.6093199723,0.9524950508,0.8703841685
0.5661301223,0.0919695191,0.4246301914
0.9060932965,0.8795266975,0.8119918023
0.6181110414,0.8444293625,0.5130296585
0.7606781508,0.8950324581,0.9047287128
0.2313616933,0.0138915054,0.0890821046
0.8284386155,0.9412407344,0.9642492505
0.2280885856,0.2918485697,0.0808840334
0.2461687244,0.5611584426,0.1523213662
0.4766861708,0.5191338800,0.3897452023
0.4802041843,0.6494838047,0.5729252247
0.0439033264,0.0948185824,0.0352682592
0.0606184705,0.0435940798,0.2444883607
0.5125117495,0.4320008206,0.3172485029
0.9423315758,0.8739977595,0.9489785899
0.5852515915,0.3447604232,0.4324783180
0.3167481909,0.3238583433,0.7359286929
0.9898249857,0.8816412207,0.9045326845
0.6824337041,0.7470272269,0.7213257099
0.6303992201,0.8240042022,0.6110461505
0.2397994472,0.4455329075,0.5783588849
0.9487900278,0.6943457971,0.8375081822
0.2957886712,0.1678185841,0.0313587512
0.2173333046,0.3728411278,0.1011478839
0.3781062381,0.4233578277,0.5033494934
0.0081542877,0.0881921651,0.1369200037
0.0953422518,0.0229469994,0.1629758168
0.7649883758,0.6508544675,0.6699215049
0.6818468830,0.9604626301,0.8665959225
0.7839178619,0.8030350089,0.7744426873
0.7203321875,0.5059307051,0.2247494065
0.6561283307,0.6746591606,0.8351077666
0.1709657534,0.2181472767,0.1450175234
0.9211879338,0.4395798630,0.5751537009
0.0659731400,0.0342182427,0.2698884307
0.3162129862,0.4669596048,0.5923530173
0.2155731715,0.1686988151,0.6717905672
0.2288142179,0.3889190151,0.2212466497
0.3177935015,0.6284059484,0.1815286235
0.0799134712,0.1673159403,0.0899391372
0.9983273761,0.8782500047,0.8855874431
0.7953559319,0.5204030703,0.7235377500
0.5606190624,0.1766589958,0.4848131295
0.8185717597,0.6585623177,0.8601667384
0.8426208838,0.5858006193,0.6691831161
0.8205373861,0.6534387422,0.7384959412
0.3037222030,0.4387771160,0.3440275588
0.1710937826,0.2083442417,0.2231380583
0.5549536348,0.5489549325,0.5276421060
0.3064610976,0.6121853657,0.3242898498
0.4536967906,0.8065208966,0.6225373963
0.5368540755,0.5249274858,0.3824222162
0.7489362600,0.8419842674,0.3541314419
0.3277139542,0.1551202385,0.0845441124
0.5923501284,0.4831871721,0.7464163213
0.7744271634,0.6552808361,0.6219710924
0.4108878197,0.4334722434,0.2713269696
0.9628110864,0.8446409991,0.9470257376
0.4319974220,0.4022456533,0.1639432974
0.5221132010,0.5242267038,0.8011769631
0.9417263830,0.5342115685,0.9981021200
0.6856973228,0.5737975730,0.4442967093
0.2569645486,0.1126662158,0.4449417783
0.6816750413,0.9535223315,0.7184262404
0.9611538542,0.6098929114,0.5565384181
0.8821398702,0.7061241431,0.8710000585
0.7155856304,0.9025218133,0.5619273116
0.3495044629,0.6695114351,0.5173256799
0.0702683196,0.0838055271,0.2057305987
0.0980189944,0.3172497870,0.0041947095
0.2302891615,0.3381078148,0.1248735196
0.3453739192,0.2007202459,0.3900213439
0.9307860848,0.2961919233,0.5684818804
0.8588168205,0.8445446024,0.6594810114
0.6144867657,0.6867291944,0.5735694318
0.9773344315,0.8203747882,0.9302849116
0.6766025108,0.9477905542,0.6988466466
0.7441457980,0.4589350662,0.8793079554
0.7241706669,0.8620290691,0.9375388753
0.6392838962,0.2362919031,0.0869914600
0.2967889765,0.4202402917,0.2378012500
0.6868987780,0.9368734886,0.6879378702
0.2989549514,0.7194937930,0.5099211648
0.7323127675,0.5747802577,0.9479454316
0.5285058411,0.0536176083,0.4007978121
0.2617359690,0.1627101340,0.1836984541
0.4020943221,0.3876237656,0.4170212996
0.9826429806,0.8284490001,0.8306880599
0.3529249060,0.5629563268,0.3832295583
0.4621579155,0.2698366616,0.4251520242
0.4182285803,0.2146805143,0.1407756957
0.1084676212,0.0838981819,0.1184737074
0.7414311065,0.7030492858,0.9165115872
0.1491653197,0.1748192357,0.2654310207
0.9301556195,0.9442584326,0.9784568565
0.9701926005,0.7916252404,0.9791848519
0.5423065369,0.9131092549,0.8694674379
0.9023833891,0.9622853468,0.9883306104
0.0546773910,0.1656635418,0.2645076442
0.0980482318,0.3175541045,0.0214267866
0.8740951857,0.9384695819,0.8468316358
0.6802529378,0.8105619866,0.8336715347
0.5559455799,0.5960740345,0.8030657073
0.2971546402,0.7041112777,0.5389910912
0.7030308664,0.8934431280,0.5798316268
0.7742630287,0.9160928929,0.9926621694
0.9884557296,0.8837067794,0.9133367564
0.0948455767,0.1568368933,0.1682471055
0.3630963104,0.2622959071,0.3770316066
0.9853040830,0.8761132492,0.9872465413
0.6115044667,0.4980171762,0.4200408630
0.5739586307,0.6045059676,0.9782697741
0.1010680495,0.0247026412,0.3490549633
0.8794852725,0.7429768837,0.7603488640
0.1475874608,0.4808946769,0.2578373292
0.8457146307,0.5683264811,0.6742851100
0.7937700741,0.6085950764,0.8769868363
0.1490973846,0.1243907279,0.1565839394
0.0914880193,0.0890520435,0.7565189475
0.5763407475,0.5387890566,0.4971113417
0.7086902805,0.0797754620,0.5619225890
0.4825835582,0.4090456115,0.4390392574
0.4746009937,0.8191528862,0.6733379299
0.3037985004,0.4437369941,0.4486648452
0.5494816766,0.5647805218,0.6768488758
0.0655131730,0.3527222812,0.0756261868
0.5141363430,0.0101066582,0.4055314304
0.4390078226,0.1590126488,0.0469613408
0.5131498353,0.6761838521,0.5969226807
0.8047621176,0.8269445413,0.5994850464
0.1792545667,0.3947245202,0.3798120339
0.5454439343,0.6669017536,0.6202488266
0.0180147116,0.4806846940,0.1681364904
0.5008907061,0.3741640850,0.8403974851
0.8273826157,0.6664824398,0.4986748300
0.9524163984,0.9647748227,0.9776252643
0.5851551637,0.1878850390,0.2367361003
0.7329009365,0.9094981117,0.8543814609
0.1812715620,0.2679802549,0.3377923395
0.9945134380,0.9868461911,0.8824801013
0.8493097412,0.6365729297,0.7909587317
0.1767241619,0.0033877928,0.2147511047
0.8802920707,0.5899139865,0.7473061544
0.5598178760,0.5068693293,0.5466803574
0.0771854056,0.4620633829,0.2218636544
0.5137167255,0.3332619097,0.6050749137
0.4669715829,0.6364557855,0.7022788626
0.2931908864,0.2935315391,0.2955445392
0.3038926935,0.0750419018,0.2576270276
0.8857945406,0.9865713737,0.8166790899
0.8424249838,0.7784364722,0.9936125085
0.1310997215,0.0378318191,0.3297669065
0.4858965488,0.4380588261,0.1691882366
0.6521341589,0.9992849221,0.9661568523
0.2911845455,0.0830557342,0.3659117904
0.4430892382,0.7588515394,0.6570560240
0.9015520170,0.5822728282,0.6329832810
0.6277645016,0.4559133330,0.5993833482
0.9912008230,0.8540848511,0.7919523777
0.8156955187,0.5652470131,0.6020184558
0.4394666461,0.1911884592,0.0275410651
0.3613853264,0.1953904268,0.6283964544
0.4091514100,0.1050137576,0.1495501836
0.8699683711,0.9670710894,0.8368816141
0.0274094826,0.2154862414,0.4283195072
0.3725872976,0.4489731112,0.3318607043
0.6619588714,0.6890608928,0.7827222139
0.7510540558,0.6332056013,0.6571679987
0.6014441493,0.6054793255,0.3588898815
0.4646402999,0.8460674996,0.5223268205
0.9844052610,0.8104795575,0.7725377702
0.0383980548,0.0451505492,0.1244452005
0.4611924174,0.2788234689,0.6124267138
0.1403763743,0.3033813175,0.4938837947
0.8008158278,0.4608618958,0.6495985613
0.3903745536,0.9844723917,0.8669121001
0.0978517252,0.3412221794,0.3221369322
0.6946921028,0.3771399690,0.4129114219
0.8993879733,0.9239633548,0.9741932302
0.5512780606,0.6203803557,0.7003311259
0.1041002119,0.0677200820,0.5258377388
0.2297950616,0.3787563522,0.3147989001
0.7731366608,0.7395878354,0.8236073732
0.9719034570,0.9738609919,0.9887806075
0.6590722060,0.4684071455,0.5634162074
0.9650656904,0.6278623701,0.6357318697
0.9750023561,0.9828493881,0.8176217483
0.9881614529,0.8932520723,0.7575186927
0.0856224955,0.0102890890,0.1171866144
0.4708436862,0.1014475694,0.2560622952
0.2895673717,0.4056959866,0.6699895164
0.9901227799,0.7613643493,0.8331304406
0.0062248547,0.0062151777,0.3709560206
0.0882460747,0.1056084447,0.5068810487
0.9632854691,0.1550162010,0.1562333697
0.2531637219,0.5947443320,0.1957641064
0.9787349654,0.7957064072,0.9419070082
0.5860286470,0.4215803048,0.7852155791
0.1677738345,0.3975364726,0.0260405706
0.5940347199,0.9432580422,0.9167933150
0.4543680458,0.3987622970,0.7331953007
0.0830068288,0.0809625028,0.1630232535
0.9679455277,0.8202594946,0.9941544191
0.8310073742,0.9720302213,0.6904928905
0.5971033296,0.8190691227,0.7361480268
0.3021287047,0.3170651981,0.4780003562
0.6764750053,0.5632878565,0.5541256438
0.3285949670,0.4444973745,0.3723040477
0.5530810592,0.9670751681,0.7217727237
0.3100014178,0.5434651673,0.3930744157
0.2437371010,0.1002471394,0.0834051333
0.2104239952,0.0115402128,0.3663532587
0.6852722531,0.7710879835,0.9405410540
0.0612214211,0.4204960400,0.2468829868
0.5514752844,0.4630145369,0.4483929336
0.4695742862,0.6776353759,0.7576649315
0.3431108270,0.0957754630,0.0442657242
0.4436676287,0.6840413623,0.8352464249
0.2823582340,0.2410745998,0.1263568426
0.8851035452,0.3749708116,0.7746136219
0.4773363191,0.2493396578,0.5991534397
0.4410776154,0.5247725556,0.3243740707
0.6193451354,0.3419407140,0.6423225237
0.7722639377,0.5167304654,0.2503394683
0.7098866317,0.2736869689,0.0193149431
0.1785733823,0.7402311734,0.0490822406
0.2235555307,0.7609632938,0.2919218000
0.0010393168,0.0503268197,0.0314374013
0.9350351528,0.5292938433,0.7525743692
0.0684204175,0.3433364542,0.3626947146
0.6907237610,0.5166025099,0.5084113141
0.2197540362,0.4391285761,0.5657410997
0.6013568958,0.8014549860,0.8648340303
0.6625518005,0.7033696246,0.6259448371
0.0290505017,0.1712232374,0.4218945785
0.7769837074,0.3155772495,0.2507052171
0.4950235139,0.5764690746,0.2327745506
0.9149821173,0.9140600007,0.9235703884
0.9493855639,0.9800910627,0.9976178668
0.2114265791,0.1579674308,0.1271775572
0.7368918296,0.7550367850,0.4209559255
0.1847461818,0.0339610302,0.1707321120
0.3874985218,0.4156454259,0.5150753104
0.3511733125,0.2590233696,0.5394729987
0.4208490241,0.3792129962,0.6799294425
0.7592691136,0.7017777605,0.5415832339
0.6836617613,0.9433343541,0.9639592080
0.9079932790,0.6569576304,0.8164987927
0.8373114630,0.6921787228,0.8544014866
0.4261430922,0.1835963782,0.1681054341
0.8184180331,0.9531313399,0.8421336143
0.0445254741,0.1452785424,0.2215134769
0.5136574264,0.2784238546,0.1578218227
0.8829866177,0.5356659242,0.4097994178
0.1050530774,0.0505461523,0.0337182522
0.4529751355,0.1577643302,0.1665836168
0.8572097042,0.5186448061,0.5712737763
0.7169269231,0.8550139657,0.7443493141
0.7408635177,0.9885221850,0.8668120628
0.0737751960,0.4548597767,0.1753758761
0.0213127539,0.1218757219,0.1538022267
0.5332659208,0.9260803453,0.9650180879
0.8312116518,0.9473403218,0.7227141900
0.0001092751,0.0018215356,0.0812397545
0.3946260183,0.3898256782,0.2909629098
0.1561924903,0.1686372125,0.0571088957
0.8810662213,0.8896482692,0.9706865384
0.2598059509,0.4768005934,0.4045283389
0.0431455271,0.0932221266,0.0004739231
0.3589594193,0.3197241600,0.1628014326
0.2182073045,0.3635372622,0.7909280838
0.5824745328,0.4580124414,0.5680137048
0.1441257556,0.2842655480,0.0186174849
0.3445621439,0.0878778550,0.2140175919
0.0315629908,0.2981477026,0.0004619078
0.6289533799,0.5725746984,0.4500342940
0.0202686871,0.0478471627,0.0524008633
0.2117021433,0.1890263939,0.3770120205
0.0420832665,0.0295908803,0.0091852197
0.7544982649,0.8136386619,0.5492675532
0.1552707040,0.5580707741,0.1463994511
0.7480340485,0.8990342384,0.5224988452
0.5505178355,0.2482267008,0.3665065161
0.9759164107,0.4570362340,0.8053482232
0.7396566673,0.8091573789,0.8640263670
0.9819275673,0.7783493052,0.7811204235
0.6111924312,0.5414785632,0.8273301118
0.3763069925,0.2361184733,0.0788142454
0.7895713082,0.6745786104,0.5678005560
0.1930386722,0.1366233567,0.1754053563
0.5227189711,0.9420201820,0.3499301922
0.1499688284,0.2370249905,0.1502054485
0.8914682500,0.7659074717,0.6575643976
0.5429231297,0.1130618567,0.0070933398
0.8342574474,0.9667036848,0.8950357797
0.4077527930,0.6545672202,0.5010181569
0.8225617149,0.8383667405,0.8142611446
0.0740194163,0.2437401516,0.3118446117
0.7156045905,0.4692013441,0.4573105196
0.7161766514,0.3377554413,0.7435191484
0.2130522869,0.0732941124,0.1066818635
0.0408466106,0.0400403055,0.1317364860
0.0576642828,0.1187197265,0.1776859014
0.1302035895,0.1753703607,0.0993634772
0.2097223561,0.2663240718,0.6452255612
0.3794595727,0.1057642141,0.1695173147
0.7003721654,0.6776328537,0.8334949913
0.3381654965,0.3350379199,0.5800600810
0.8386686198,0.8572261838,0.7999017255
0.9280789365,0.4509389505,0.5280423725
0.7318398484,0.9195221389,0.8764414822
0.6565148433,0.7597542501,0.7823918543
0.2098682712,0.1684173661,0.1247161811
0.9138519644,0.9144698738,0.7933752613
0.6340188867,0.5541305193,0.7074274343
0.9496701113,0.9181819718,0.9284742421
0.7463842742,0.4396307254,0.4163512915
0.2642916324,0.0208702753,0.0339661017
0.7259146416,0.4619624553,0.4859160968
0.5515728655,0.7647376031,0.8023138951
0.2609040859,0.7663546780,0.1934989728
0.3394337370,0.2338708031,0.2672023370
0.6929421821,0.6698534380,0.8412105597
0.6344754303,0.4615668188,0.6190162566
0.3125816532,0.4943201600,0.4953943390
0.3196205352,0.2166100607,0.4709167907
0.2175054799,0.2559131695,0.1709637579
0.8195592367,0.8299012770,0.7705132337
0.0927362387,0.7810938128,0.0847327519
0.0112002418,0.0357123671,0.2290147259
0.9998647341,0.8613639901,0.9635035406
0.7590537210,0.8298891028,0.9020792580
0.9155450053,0.5146277145,0.6286435473
0.8426660021,0.3306609578,0.8223118475
0.7753233434,0.4800229920,0.4315927941
0.9112931809,0.9075748444,0.9960184759
0.7799912974,0.7179648216,0.5473655936
0.5002719666,0.2640206647,0.5467644018
0.2813596096,0.4795324119,0.3888784732
0.8325688284,0.2648249451,0.1282939179
0.1352391114,0.3064361678,0.2066310351
0.2014881023,0.5910741105,0.3737954601
0.0891410912,0.0393278003,0.0145527431
0.8200255989,0.8735802652,0.5700196008
0.2500276683,0.3146862045,0.5175590898
0.0333534544,0.0969105362,0.0829828309
0.1961262140,0.0391789498,0.0134377247
0.9719768635,0.9613773607,0.9474601249
0.5939886210,0.5987897181,0.8082489610
0.4598155308,0.6726015133,0.7800993849
0.0512919898,0.2256859701,0.6338754669
0.0096773229,0.0470033784,0.0400128701
0.6537387382,0.3474656983,0.4733835451
0.1785624892,0.4437166034,0.8985337222
0.5407152828,0.4759052762,0.3930867252
0.4370269064,0.1036731004,0.1446280389
0.4976837248,0.6594103333,0.6377463374
0.0863856965,0.2899826722,0.0797910547
0.2290509908,0.3154681664,0.6384629227
0.4421512160,0.0970674025,0.1219187928
0.9775881122,0.6274600567,0.8147634770
0.1428591386,0.1430319147,0.1930968066
0.8439018819,0.7814374779,0.9737907785
0.5869561170,0.3196598954,0.6111672540
0.7774563953,0.9476814648,0.9514936764
0.8754803408,0.7173251402,0.6513590802
0.7272223951,0.6342407637,0.9294174062
0.0819103256,0.2570908334,0.2702874698
0.9166954498,0.7515808194,0.8272254690
0.0609954537,0.9648865442,0.3545584427
0.7690211298,0.9173449138,0.4657720774
0.6412895863,0.6562711639,0.6022151218
0.6908802867,0.3812179077,0.9008058519
0.8023549643,0.8748188307,0.6595656443
0.3462257102,0.0652220033,0.0857868861
0.5177472609,0.3837202817,0.4739652126
0.5911981785,0.1997808698,0.3802772402
0.3567283253,0.1939094888,0.3899318400
0.3312477854,0.4923498756,0.5103895144
0.5342574174,0.3213155134,0.2740092813
0.3711750180,0.6092059786,0.5709730034
0.0208174767,0.2078494879,0.4276519821
0.5794272619,0.7306344574,0.6077676837
0.0980875458,0.0110023163,0.1009394774
0.2394142658,0.2528649959,0.2156545090
0.3249191610,0.6476954984,0.2432574154
0.6621823389,0.4830991599,0.3540811127
0.2191714517,0.4354802321,0.3813564913
0.8724531415,0.9521421556,0.9813598666
0.2455246505,0.3611521102,0.1309382518
0.7921249225,0.4785860300,0.6212137983
0.3063993746,0.6677835851,0.6729900441
0.6956557394,0.9642967263,0.9321305645
0.7716887431,0.9278197698,0.7967348555
0.2784075292,0.0785122803,0.6353689632
0.5647958935,0.5975217390,0.9263487194
0.6968579789,0.8098852565,0.8193848469
0.7380835304,0.0695616789,0.1979670475
0.6853886676,0.8304262710,0.8895514591
0.7787707299,0.8288585871,0.7095122559
0.3254940726,0.3172801132,0.4550358084
0.2077331014,0.0704537925,0.1164330957
0.6650329391,0.9691827470,0.5890490805
0.2565630913,0.8805098651,0.2197724844
0.4866963921,0.4403509043,0.2264147378
0.7964203502,0.8660901229,0.9962613530
0.6619423130,0.4105770394,0.3035406744
0.8399703299,0.2261009887,0.3146569910
0.7755378646,0.9856012207,0.8684024062
0.8086544588,0.8745301083,0.9180182204
0.0341612471,0.5788172444,0.0455196773
0.5599074179,0.5801785865,0.4889716548
0.7678772171,0.5980991587,0.6634886980
0.3436884028,0.3032616130,0.1583772576
0.0970098507,0.2084173007,0.2501982539
0.2390654881,0.5715393883,0.3863335698
0.2170009311,0.2513447259,0.1720740729
0.9274546810,0.7861928904,0.9671128850
0.5571885780,0.4517970932,0.7979821786
0.4843331936,0.4633033855,0.4912289563
0.2153483777,0.1118429672,0.3143359530
0.5445002105,0.3100454258,0.4323768572
0.8775282434,0.4532033150,0.6371649179
0.6714231359,0.4377149301,0.9568562003
0.4487668165,0.5856609115,0.6977163751
0.9911153452,0.7491151809,0.7107561102
0.6044485688,0.6427973149,0.4063344557
0.5182751722,0.6230274863,0.5030160321
0.9478902165,0.8861052735,0.8085940934
0.1851285669,0.3248969679,0.2371476595
0.4685157098,0.2289346422,0.5615275695
0.4340479261,0.1827142512,0.2657541875
0.2691080526,0.2262230771,0.7463938587
0.8656821456,0.8532246697,0.7796420009
0.9626866754,0.8272597502,0.9377104739
0.2282186124,0.2773389272,0.1998048296
0.5000919741,0.5017813313,0.3690408881
0.6911845830,0.3638843127,0.7341187848
0.1090786958,0.3878781217,0.2847070125
0.7173183023,0.1643167391,0.6172384944
0.1057594466,0.2309564052,0.2364034796
0.8778528504,0.9099149967,0.9229816674
0.2946111414,0.2352193531,0.6590793520
0.0802594154,0.0281958972,0.0077553712
0.8963978716,0.5970258087,0.7341091634
0.0181281367,0.0655220817,0.1647105948
0.9863929053,0.2362492241,0.6777652782
0.1073189746,0.1613212383,0.2321317780
0.5902147353,0.4347467376,0.5048714093
0.2655756568,0.3323419184,0.8408603909
0.9777573840,0.5073694947,0.6364870168
0.1877645764,0.1788956968,0.1449399733
0.5219692967,0.4441531295,0.5298145599
0.5144434136,0.3801661375,0.3502540403
0.5924172587,0.2826193383,0.4237974291
0.9331269047,0.7953041603,0.5803164267
0.6810793198,0.3094454552,0.1782703064
0.0693577096,0.2459293701,0.2445296504
0.7534383197,0.8658665981,0.8731873065
0.2689178085,0.6631375265,0.5090275694
0.0324782036,0.2906290106,0.0965180543
0.8612495207,0.8841825789,0.9136174685
0.6077096714,0.4928634784,0.5200654734
0.6009391437,0.6037821813,0.4536025658
0.1378496475,0.5496645519,0.3741633175
0.1448210267,0.1665639401,0.1067472363
0.2037407801,0.2517961560,0.1567203350
0.3403016407,0.3688256097,0.0518031295
0.1879499930,0.3845335944,0.4132476048
0.2029248159,0.5295515580,0.0084987064
0.0313056533,0.0600289347,0.5047485366
0.9565373155,0.9120620001,0.9525714035
0.5110637744,0.5269561024,0.6672919677
0.1646474864,0.1794319701,0.0923200078
0.8820189245,0.7856278006,0.9275494223
0.7930090842,0.6779605221,0.7476895321
0.9326962981,0.9218747303,0.9510556447
0.7129452151,0.7187757669,0.6714988784
0.7282145101,0.5963722744,0.5684161674
0.9196811529,0.4687147006,0.3877376095
0.7446500773,0.8663675747,0.6871405725
0.9833554166,0.8144459039,0.6503773102
0.4453346704,0.5833756039,0.2342440386
0.3834569594,0.5050571399,0.8506646117
0.1989963435,0.8762277596,0.1538653516
0.1528384005,0.2551643864,0.0159144343
0.0488766968,0.1432973549,0.0092137488
0.2981359159,0.3681000645,0.4512255214
0.4522972237,0.4631269388,0.5345578936
0.6681834352,0.3852695746,0.7951163440
0.5718075766,0.9774949513,0.6215352528
0.7501043042,0.2912424022,0.1283333138
0.1514131322,0.2083892056,0.1337415378
0.9794103695,0.9800505901,0.9969784317
0.0351514739,0.4327392998,0.1153871420
0.0916780752,0.3535687808,0.4037985928
0.3422333735,0.7952134543,0.2850735710
0.4774739805,0.2254876166,0.4926105282
0.4472051505,0.1780115507,0.4720833817
0.5847933397,0.1344434865,0.1860691549
0.2974459954,0.3752400756,0.1894908239
0.6635374990,0.8231467108,0.5617430769
0.5138213522,0.4114878869,0.4783731481
0.2304901525,0.1171989630,0.0267382860
0.1028670680,0.1633801270,0.0353819063
0.7031862886,0.4431040353,0.8314045920
0.9224986179,0.8363964189,0.8474741038
0.5950626263,0.8630316242,0.6688703326
0.4797806980,0.2287560636,0.8098375223
0.8293255153,0.3820912787,0.4083385368
0.3817940581,0.6581046281,0.2664868195
0.3895219741,0.1957133442,0.1051333468
0.0900172315,0.1073001910,0.1763755107
0.4768834459,0.2545298121,0.8798503519
0.6399606088,0.9799978753,0.8686404762
0.0743096708,0.3569652353,0.0161655267
0.4031034908,0.7015257777,0.3972804315
0.6533245099,0.8901053532,0.8206457202
0.6720561037,0.3388153519,0.3029066359
0.7290468387,0.9788189150,0.7958337399
0.1956041777,0.5713143736,0.0076020055
0.9391141591,0.7685302707,0.9547669241
0.8669047381,0.8524718223,0.7719185457
0.6521858108,0.4710646388,0.3936914629
0.8707603254,0.7018408535,0.5486187903
0.7522032247,0.8260646859,0.8949230900
0.3979056926,0.4369229826,0.5601800417
0.7973421056,0.3373034450,0.6333559568
0.4420583523,0.2552167244,0.1347287678
0.2154301775,0.0185819403,0.2358511939
0.0930644623,0.0159785194,0.3426877050
0.4607433362,0.4938941133,0.5673953808
0.1104466622,0.7236798321,0.4165905965
0.2578080914,0.2368106155,0.1805255817
0.6580717550,0.4899710136,0.9191475017
0.4799217643,0.1292088788,0.0243331598
0.2993456716,0.2687833781,0.3724588697
0.4312580931,0.2696863496,0.2792997009
0.6847014736,0.8188707467,0.4518643244
0.7447303465,0.2489529630,0.4365654386
0.4456980233,0.2465728761,0.6942109558
0.8618835945,0.9724201118,0.8988053666
0.3219840108,0.9125324126,0.3188189924
0.5872704375,0.4948030679,0.7534857782
0.5542370747,0.8607522237,0.5952512401
0.3360714302,0.4213040658,0.5194569367
0.9932221658,0.9694937925,0.8789520490
0.8560460432,0.9096468763,0.9448165826
0.1315598470,0.5996423101,0.0408338472
0.7161880063,0.7555228149,0.8635229311
0.6853358158,0.9017243070,0.9677828820
0.0656671267,0.1010102576,0.2387956459
0.3541802030,0.4447180926,0.4968545285
0.2258570215,0.0144413488,0.1219347594
0.3875539360,0.7748588563,0.9905677129
0.3742843256,0.2800133283,0.2167729059
0.3753333894,0.6351546223,0.6032388230
0.3267634758,0.1379948688,0.4017291685
0.3323038492,0.4393336127,0.2160995088
0.1341673521,0.0289648199,0.4641280716
0.3609832564,0.4061545069,0.2504262672
0.6954259724,0.9735550296,0.3196172003
0.0560725905,0.0447283313,0.3454548218
0.9702691057,0.9911708358,0.9997883783
0.3475809065,0.3833553226,0.3673994464
0.0259360661,0.1091805139,0.0902375912
0.7483111028,0.9111531114,0.9310959603
0.7618196594,0.2533325687,0.4462861834
0.0900725878,0.1721720039,0.0945403648
0.6781506457,0.4579839683,0.7342936622
0.8570329101,0.7342586511,0.8908881292
0.4380817764,0.3302207908,0.1627137951
0.1810874108,0.2106966752,0.2666386511
0.5624343943,0.7306277332,0.7364126050
0.9450249936,0.6122528997,0.8875613787
0.7252647603,0.7970153262,0.6563824948
0.9451952804,0.8679625799,0.8650183835
0.9023674058,0.8537031307,0.9282467744
0.2340706135,0.1031304967,0.0277145828
0.8885087012,0.9563529597,0.8655719547
0.9328173290,0.8278103457,0.7287295880
0.5955875347,0.4772148832,0.4736934968
0.6353926979,0.1576157055,0.5127086917
0.5695073540,0.2953112017,0.4529068858
0.7850354472,0.9050327617,0.9240871124
0.7947165390,0.5055377513,0.0991809091
0.3993264373,0.9875489945,0.3593539809
0.3696908552,0.0653070353,0.3741618070
0.5572340423,0.7090045527,0.5670657147
0.8694489914,0.7021694479,0.8757334893
0.2874687790,0.6118318026,0.5241521959
0.6307519259,0.8678666508,0.9721311781
0.6203116376,0.5325158771,0.7124881129
0.8905470052,0.7631544963,0.7827432677
0.2556810986,0.1455394587,0.1847202182
0.9395889177,0.5304327130,0.4889548154
0.7701068989,0.7349445600,0.4185047535
0.5362913221,0.6208725835,0.6453051725
0.5249210964,0.6534218574,0.5048330280
0.3233503185,0.5063663843,0.8692902510
0.4417189405,0.5334595429,0.6166575822
0.3423841073,0.1398664610,0.0055612697
0.3749727107,0.8355089140,0.5266947391
0.1778973908,0.4133960137,0.1607959356
0.4020993714,0.6374026276,0.4913319446
0.6278014625,0.4765966639,0.8102491673
0.4672549762,0.5202074467,0.8490888555
0.1727928919,0.1061604268,0.2129595398
0.8497753092,0.8465220708,0.5556434758
0.1084385984,0.3766575095,0.1659361845
0.0868193189,0.1675348048,0.0017503223
0.1783180387,0.2822673445,0.3470070560
0.5364826767,0.7741594520,0.7010782047
0.7537103816,0.1756832920,0.2611275072
0.1235058238,0.9175588922,0.2054680993
0.1499599301,0.2087357681,0.0570189446
0.9466186048,0.5366349346,0.4498602783
0.0715161377,0.0231192519,0.0591834818
0.3740273911,0.5022451122,0.2411944986
0.4510216249,0.7853840031,0.2085655728
0.1480283786,0.3255007798,0.4489146918
0.4694400859,0.7141935806,0.5639968845
0.5153907478,0.7143321651,0.5586012566
0.4431933652,0.7912047653,0.4979712208
0.3545964176,0.0319145217,0.0759416966
0.3406813246,0.3137833938,0.2078064736
0.3231784763,0.4345366722,0.7243571620
0.1487708383,0.3522780523,0.2223452431
0.6515830355,0.0618005002,0.5586839898
0.6409110336,0.3776458400,0.5036889588
0.1169846348,0.2037635745,0.0492708241
0.4628983913,0.4666586565,0.4987062440
0.0844652623,0.0325451597,0.2476470024
0.1436468064,0.3452586293,0.2554580258
0.6800740630,0.7436984667,0.7300931837
0.3514739341,0.1452889111,0.2877317956
0.6526238621,0.7176394442,0.6180133290
0.0514535489,0.3832951961,0.2057574356
0.0459908137,0.1468463934,0.6052627869
0.9991022917,0.8757086029,0.9594203828
0.2984146278,0.3341697053,0.4231262941
0.2687709831,0.6318749551,0.3422565780
0.7684388949,0.0083328993,0.0485596767
0.3583057412,0.4244760506,0.4195383600
0.6651912072,0.9695430654,0.8149926775
0.6753452430,0.8898894604,0.6882858426
0.5265957103,0.5073155235,0.4853056594
0.8949197000,0.8825940498,0.6122838105
0.8889053770,0.9016100564,0.8743606320
0.8757307306,0.6232827742,0.9119451206
0.0254849353,0.3312829694,0.2468384671
0.1512826466,0.1339994897,0.2895425084
0.3235908486,0.1673484998,0.0800378332
0.9630646706,0.8650935167,0.7984189715
0.0297675879,0.5937436996,0.1116415676
0.3942368013,0.3438729376,0.4080685195
0.1545278243,0.0454411636,0.1426619968
0.3950476940,0.2492871140,0.0179336844
0.3555722868,0.3029181783,0.1930213544
0.4875411815,0.2488714476,0.0023069246
0.3462489478,0.0685415951,0.3415585728
0.4818950340,0.3376844113,0.1286268389
0.0806067931,0.2476267501,0.5727077515
0.9465971644,0.9766681208,0.8460760726
0.6291893581,0.5773945989,0.3485133871
0.8816202125,0.8464301267,0.7367311802
0.8263437228,0.4554292412,0.5073197760
0.6736821630,0.9462862066,0.7384618671
0.7250823146,0.8679110634,0.8172443344
0.9547644826,0.8729755449,0.8240782069
0.6208859242,0.7569533055,0.1974041677
0.2254787796,0.1608312131,0.0041699532
0.2476868711,0.5593453865,0.4430911323
0.9281912270,0.6251319903,0.4710297762
0.7652442754,0.4166114449,0.3548133127
0.2526897021,0.5212307160,0.0025276775
0.1368230251,0.2073674852,0.3668416098
0.7696018717,0.8001780681,0.7680889571
0.5784786307,0.5558194752,0.5061413955
0.3183865763,0.5175006585,0.1542586921
0.2679754018,0.2957502509,0.0554024018
0.8987606228,0.9644689589,0.8985172623
0.2776099651,0.4824702510,0.4362747362
0.6673589762,0.8864851915,0.8330453065
0.6478344659,0.8929939600,0.5600182141
0.3822213877,0.4162815084,0.8172267895
0.0107407777,0.2287610167,0.2156977552
0.7024348590,0.6539110625,0.9331845291
0.6612048640,0.9305262372,0.2876515494
0.0061765463,0.0576637370,0.0519149059
0.7878889021,0.8338659372,0.8021081285
0.7442041012,0.6673265334,0.5903713895
0.0862899050,0.0127513663,0.0561441117
0.1788847411,0.5982856054,0.3580958094
0.6346395467,0.7498148690,0.7874785106
0.2452520832,0.1044312162,0.4054915405
0.0604947954,0.3478507876,0.2638482454
0.9498352120,0.7973106241,0.7735550161
0.5356775516,0.4493542259,0.4261931401
0.5760398221,0.8728178274,0.6681706136
0.5145933837,0.4441906800,0.3738581761
0.6374374968,0.4010838675,0.3237048001
0.8032772796,0.8004930407,0.7002631450
0.3641969148,0.6349401023,0.6153060747
0.9867524863,0.5107600169,0.7771688528
0.2385293219,0.1529632780,0.0526877560
0.6708388853,0.6632158647,0.6130892680
0.7763243448,0.6643727172,0.6572428874
0.3112655478,0.2736851427,0.3956174448
0.0956386912,0.1208877061,0.1231702904
0.6433310817,0.7898536998,0.6809920211
0.7937005041,0.5655355623,0.5871198491
0.8058924420,0.9720684676,0.9226679091
0.6346188812,0.4042273576,0.9120139799
0.7077928303,0.4479644956,0.6005343103
0.9774268530,0.3620888335,0.3105692040
0.6750476438,0.1565295621,0.0043212544
0.5004448212,0.6808994640,0.6579128220
0.6398867723,0.6364595944,0.7784070095
0.2312278992,0.2841588564,0.2711611376
0.0308762712,0.0274151840,0.0578953843
0.9830101404,0.9107734466,0.8076156673
0.8712219342,0.7532049295,0.9430696660
0.3938153238,0.5765289824,0.5262747997
0.9895627649,0.7393427669,0.6696653935
0.8520357993,0.7110717053,0.7645470150
0.2600714828,0.1687955199,0.3918887263
0.3260914936,0.2005608234,0.2272204821
0.1835058332,0.0976758959,0.1139589203
0.2076833134,0.0065321574,0.3505976937
0.6501291691,0.7357502626,0.8262200295
0.2990800604,0.6048400314,0.5451570401
0.3013651736,0.5221088586,0.1275132610
0.9006844245,0.2647798149,0.6521172867
0.4712087219,0.9038317332,0.7604554203
0.5851855909,0.9155082840,0.7859961750
0.9473748729,0.7133319864,0.8028622274
0.3379729268,0.2581181853,0.5260185793
0.5045390172,0.9555183454,0.7518054251
0.5139532293,0.7582964141,0.1032080318
0.7969234493,0.7731295888,0.9530745943
0.3425516759,0.3333654610,0.3450729299
0.2460136436,0.4302459125,0.5616995522
0.8617622933,0.9315094436,0.8908232473
0.6893870794,0.4089212644,0.7239303325
0.4340798833,0.4160272597,0.5528688770
0.6650188862,0.7748695129,0.6455172020
0.4060563178,0.2798231637,0.0566029723
0.9402375654,0.7712296985,0.8873950061
0.6495585571,0.5823311694,0.3677997487
0.2869822909,0.2066297712,0.0167796871
0.5756744189,0.5925912690,0.7520130887
0.1561851484,0.0508800700,0.2404361556
0.0151703072,0.1129155084,0.6301607181
0.0686981988,0.3872289103,0.3811997381
0.8501510551,0.8338369164,0.8637839417
0.8853067045,0.8670259200,0.7457804122
0.9086954923,0.9911112892,0.8291208771
0.4152975562,0.3771623971,0.2812195494
0.3574648080,0.7454860504,0.7657838439
0.7036111939,0.4364413671,0.6761285230
0.8923830832,0.9353895415,0.8891101580
0.6583717895,0.1689364068,0.1553471435
0.4791014180,0.6474476327,0.6443230715
0.2853726744,0.7467190576,0.6990755222
0.6515754631,0.4693116258,0.8709070183
0.6970761315,0.7515073527,0.6869882416
0.2414236347,0.2594901569,0.7444648637
0.0911624666,0.0336408352,0.1529128666
0.0001242938,0.1987619092,0.0876102435
0.2957478681,0.3665182069,0.4605088123
0.1611563249,0.2530886403,0.2421258778
0.5366280211,0.7235863190,0.4057763981
0.3400324440,0.3790358802,0.2745945083
0.9088871715,0.7610160541,0.7790713784
0.0997023579,0.0168344494,0.0274923830
0.3208906814,0.0706041968,0.1596819705
0.8202420627,0.8588944155,0.9609284101
0.0474424839,0.0000951033,0.0330410830
0.6244154643,0.4916396539,0.5728172564
0.1505305327,0.1806976849,0.2422892235
0.7922884057,0.6710744021,0.9664126370
0.0371581083,0.1494498263,0.9516658710
0.2464298044,0.6349337462,0.4798060896
0.1613050632,0.1384973159,0.2185428717
0.8544205365,0.3995094405,0.5407158459
0.6421433802,0.1753297584,0.4088979344
0.1930555110,0.3003205986,0.3481007915
0.2740841155,0.3628061303,0.3324203972
0.6186812269,0.9381619528,0.5591968922
0.2995826665,0.4062912244,0.4042524498
0.2053063009,0.3333429035,0.4191512895
0.6363077419,0.8997080464,0.6611750690
0.4851002350,0.2579700835,0.2642735538
0.6627518855,0.6394366695,0.4944795288
0.8351672742,0.8404275703,0.7430545010
0.7597522705,0.4639638302,0.3897806731
0.5705250707,0.5890739522,0.3476171952
0.4276358843,0.7786100157,0.9679797464
0.1014770905,0.0763315919,0.0761724358
0.2691166862,0.0827990632,0.3991550656
0.3989963168,0.1411830393,0.1100763468
0.6123808771,0.1170863099,0.2920127051
0.7091660463,0.5980256544,0.7838247890
0.1585485271,0.3022568281,0.4125457057
0.7105243299,0.9864749017,0.7727305943
0.5287327732,0.4317715951,0.3220336437
0.0691026291,0.1681816517,0.2018793128
0.5123544280,0.4853705757,0.6539757946
0.4654402266,0.7512101175,0.4115240340
0.9517165545,0.7820596957,0.7276644899
0.8854612717,0.8041281758,0.7890726490
0.0437154295,0.6030116012,0.1167989394
0.8499373394,0.7480919255,0.7838363033
0.0716732351,0.2952018505,0.1560236292
0.1120471295,0.1180278906,0.1705134922
0.3315230759,0.3544711116,0.4191615924
0.2780724059,0.2272893770,0.2485387697
0.5194574850,0.3863617065,0.8911812757
0.2856278508,0.2709024873,0.2705944884
0.9709746957,0.8135008864,0.7658870781
0.6639518547,0.1917996065,0.7736391143
0.5885357955,0.3853039095,0.6062060193
0.4649206162,0.7675599373,0.6417810883
0.7415389906,0.9112212852,0.7616903105
0.8791349541,0.4735848668,0.5602050563
0.2271220068,0.2165273966,0.3109820518
0.7732774383,0.7354669084,0.9809016831
0.1209641449,0.5910517099,0.9099337309
0.7917043625,0.6419508994,0.9387396443
0.7367398754,0.5787910248,0.7393588307
0.4567477156,0.4957405008,0.8666849119
0.8750841680,0.7049990137,0.9774498408
0.0158362084,0.1789804904,0.1750057922
0.1769839815,0.3033921393,0.2932368262
0.7734312771,0.5431900277,0.6786811373
0.2947712170,0.4686539370,0.0701896221
0.9892195135,0.9472952173,0.8991644027
0.5658791432,0.7319102328,0.4547912759
0.6341721951,0.5532569045,0.7735826838
0.2366683941,0.4709075599,0.2931363644
0.0990605231,0.1021926106,0.0867658319
0.5038344447,0.3183990177,0.2827499272
0.8352697123,0.9198734627,0.6875194439
0.5733976498,0.8511983701,0.8977824019
0.5984288894,0.6157798433,0.4773768510
0.8088749374,0.5669119739,0.7058747230
0.8259229020,0.9190782884,0.9117983283
0.5133263848,0.3652836951,0.7464481136
0.4011491640,0.0881432810,0.2345690312
0.7587580799,0.6006875448,0.4880394782
0.0106183985,0.1825383987,0.0307359852
0.6302642966,0.2126098178,0.6988633418
0.6806629192,0.4355346368,0.4956586895
0.5666806259,0.2553846591,0.5138169712
0.4491569106,0.6821465705,0.2776150395
0.5751751242,0.5070599716,0.4123278448
0.0210196637,0.1185640044,0.2733133967
0.6017686791,0.3795136034,0.4965822764
0.8550249198,0.6780125035,0.7550229776
0.3608835491,0.3204910297,0.4965604182
0.0757174634,0.1236206328,0.0194058334
0.8792029674,0.8305818239,0.8636819563
0.6472781641,0.8678358794,0.6251790728
0.9173761076,0.6487187554,0.8438231866
0.8033585992,0.9336815155,0.6696604755
0.5083598641,0.5097743265,0.4249862021
0.2143531512,0.6497218427,0.2380770128
0.0400790757,0.1825206011,0.0537381049
0.5194577988,0.3874205545,0.3794017568
0.2856857377,0.0735827952,0.0277689089
0.1268743895,0.2623366122,0.1474622445
0.7169083361,0.7845509936,0.5516944166
0.0586792330,0.2130871761,0.4619014862
0.0350470337,0.2352261461,0.1750162141
0.6057638375,0.8022566588,0.2293725062
0.3738083801,0.6428185988,0.0991801395
0.9332193859,0.9027151652,0.9781208104
0.3024937950,0.2822153379,0.3399390634
0.6107897705,0.3490519761,0.3074852651
0.5738006958,0.6398737121,0.8256442582
0.5750049972,0.4469565038,0.4344303389
0.1575564889,0.3096839105,0.3880465428
0.2468652236,0.1238297336,0.1006108471
0.1250875461,0.3651549665,0.1411989367
0.2802866886,0.9015321219,0.0700033704
0.7133418564,0.7393120153,0.7234986070
0.5343067189,0.4396814561,0.6001890826
0.6852731601,0.5581906614,0.4448439060
0.7189949916,0.6130789406,0.7634299782
0.9526816260,0.9687352943,0.9704007839
0.4993050034,0.6963863096,0.2961980908
0.2470694861,0.1849336421,0.5121456665
0.1879521562,0.0189360493,0.0772450244
0.3132076832,0.2341852443,0.2572464588
0.2687207644,0.1369012886,0.3207955154
0.9609191176,0.8569081970,0.8107046679
0.6994546279,0.7501346971,0.8020189361
0.0287464495,0.6102389786,0.0145288940
0.9765002465,0.9958122404,0.9285281593
0.8261724990,0.7183975963,0.4819002724
0.1288305768,0.3315285956,0.0180991262
0.2775366410,0.4238956408,0.3347347521
0.5141059659,0.6394236202,0.4294791837
0.8638941687,0.8921916457,0.6117703075
0.3611580692,0.2106350188,0.3584294291
0.1875809528,0.1056278714,0.0942328403
0.9546712714,0.9788977599,0.8821317203
0.5827549880,0.6997591375,0.6118447325
0.0930755397,0.1629826888,0.0718653784
0.0712217307,0.0122909299,0.1820587159
0.0834130895,0.1558715931,0.0853373191
0.9657293253,0.8575435256,0.9832435799
0.5771803928,0.5144059242,0.3804843536
0.9184743083,0.8926058649,0.7428050087
0.9054240405,0.7339544596,0.9072097852
0.9055815079,0.9301312941,0.8571514753
0.6419155017,0.9744957705,0.8384537304
0.2580471517,0.4163598012,0.6290173328
0.8366782713,0.5625421330,0.6087656205
0.5312158460,0.2044984919,0.8933888537
0.7349492363,0.5807770272,0.3882873095
0.2262986134,0.1132543494,0.0494405183
0.6644503087,0.5661719320,0.5525230521
0.3108442416,0.0251740450,0.1561391230
0.9701225892,0.6810691829,0.8699187499
0.8585006466,0.6196011668,0.5024514936
0.1386142980,0.1166710693,0.3104458588
0.1393514673,0.5969329000,0.2106514264
0.4092030381,0.3955496715,0.3642458912
0.4345184385,0.5298441255,0.6666898576
0.9919344944,0.9852841719,0.8145468239
0.4170892613,0.4365734590,0.2769313916
0.2235689466,0.3761357795,0.7059357226
0.7816744094,0.3074368173,0.6376477696
0.4805588885,0.6605698052,0.6834901598
0.4181353134,0.5235109571,0.8404160192
0.6938822713,0.7773830989,0.8206710478
0.9671328000,0.8863612671,0.8285084435
0.0132475089,0.1643541605,0.1470227424
0.8380089593,0.8941995674,0.9037321838
0.5836172367,0.2944350591,0.5052643814
0.0034374129,0.0253767474,0.2023586829
0.9007773727,0.3576618602,0.3935671182
0.9130468076,0.6448370949,0.4730095153
0.2756528168,0.5173743897,0.2582932907
0.3583581164,0.0997364867,0.3481337313
0.8635073171,0.8398797413,0.8508093513
0.4260281804,0.1598591633,0.4721806753
0.5021200683,0.7185303745,0.9902813409
0.9075360231,0.8388633375,0.6875539852
0.4338316711,0.2618240658,0.6473672915
0.9438423286,0.9362214264,0.8280477282
0.4682388807,0.8358129395,0.4760935714
0.9640771598,0.6651445986,0.1146651254
0.6066453071,0.7473849372,0.6552990678
0.3800071367,0.2283898066,0.3799679973
0.3635905482,0.5128863283,0.6057921398
0.4998764285,0.5898375181,0.5652293233
0.4673190972,0.7170765073,0.6888900829
0.1115236138,0.0483766504,0.2366463948
0.1913615785,0.2623634656,0.2058431423
0.3104997089,0.0467234781,0.5836155518
0.3503962566,0.1447114012,0.1602525719
0.1118517013,0.2321085795,0.6273178271
0.5261873080,0.4021069395,0.4575895496
0.6192610652,0.7296007010,0.9763270176
0.1930248991,0.3293602482,0.3123631458
0.9278004846,0.8635686999,0.9677960854
0.1881893422,0.1278816339,0.2021345809
0.1620000283,0.1653625986,0.4781020593
0.8378984873,0.9624817602,0.8861550784
0.9179239773,0.8982288913,0.9467940256
0.0923890918,0.5925244415,0.0998194366
0.5009558732,0.3581997893,0.1746811415
0.5185954467,0.1481818271,0.4860814714
0.3674085224,0.1644523814,0.0315701468
0.0133272061,0.3190368662,0.9435614440
0.7434773979,0.5962860826,0.2828502272
0.6508977333,0.8185599252,0.4430010671
0.3432825679,0.6327758467,0.3617161695
0.6651998004,0.9321782595,0.8130734656
0.5672770919,0.3436482249,0.2256378205
0.2638865168,0.1952969073,0.0913168190
0.7691310515,0.7955484746,0.4377103211
0.7936150717,0.9862684279,0.7100696905
0.3582761044,0.5453327388,0.5730603239
0.9346466325,0.4218429089,0.2888897530
0.5229204273,0.8789946375,0.9034786264
0.3290293344,0.6811023233,0.8696404534
0.6621847488,0.8643358566,0.6152569546
0.6447202351,0.6032806698,0.4140300585
0.2452944271,0.3236222580,0.1612818144
0.9949397815,0.5756199506,0.8025095194
0.4479692488,0.4383534939,0.3438681874
0.4584732121,0.2694213671,0.4076928038
0.8527916996,0.9757360471,0.9273163144
0.3989022669,0.1933990808,0.1872240960
0.4319464296,0.2763545435,0.3357184010
0.9991568027,0.9191714147,0.9552803297
0.5915133813,0.2085579478,0.6250790698
0.9711615645,0.9216346178,0.9056090100
0.1143752211,0.0381455587,0.3058674215
0.4597178775,0.5767512357,0.4836243816
0.1623738053,0.3594557124,0.1394029063
0.6250352510,0.4163546535,0.3478037697
0.9147904519,0.7686175447,0.8487207210
0.7038047181,0.6816761174,0.8381605937
0.9958265884,0.9714199665,0.9337415540
0.7346293695,0.6814100559,0.8464141425
0.4558791800,0.0009019513,0.0733993769
0.5237869139,0.2366150875,0.4737947406
0.3712605851,0.4683218958,0.2523900231
0.9834680608,0.9643589909,0.9654029889
0.4023416398,0.4082206121,0.1760451965
0.4551008676,0.1594637306,0.3053220037
0.8413028861,0.7894273304,0.8399904436
0.8224659292,0.7260869537,0.8202940842
0.5472007237,0.6643301161,0.5104356613
0.5113893963,0.8293536630,0.2996036985
0.0078762389,0.3819679076,0.1623939727
0.3669084725,0.2597093799,0.4445130315
0.3508897742,0.5967906884,0.4024634775
0.3118443340,0.2653018174,0.2911437000
0.8414136917,0.7552805129,0.6962771729
0.1675594103,0.0047615860,0.0620209857
0.1143314762,0.4639449009,0.7446711056
0.6218677366,0.9096588680,0.8087393264
0.2954037267,0.1418110465,0.5806286273
0.6388718582,0.7533999558,0.6981171140
0.6230292205,0.2997901275,0.5128335541
0.8151689046,0.9304644783,0.8216355816
0.3868011275,0.3293791024,0.3096755614
0.2987119852,0.5668706464,0.3982855347
0.3141671189,0.7832273471,0.3579621388
0.0593582866,0.5555262661,0.0389172438
0.4664617113,0.2377037364,0.6916250413
0.4951978136,0.3713784838,0.3205382160
0.3660539789,0.5077072364,0.2833490299
0.0543669110,0.2066890392,0.2135263244
0.2962715147,0.6802044462,0.6734048352
0.4756889081,0.3178085637,0.3452840629
0.6177072387,0.1779649481,0.6717200700
0.7290436284,0.5628223460,0.5186643158
0.3083882591,0.6489864523,0.0799878691
0.3683523719,0.5945800036,0.5869569574
0.6115799822,0.8206981238,0.8235134068
0.6349954681,0.9457475401,0.4781488402
0.4212106413,0.4413983704,0.0599937167
0.3251999912,0.2236193190,0.2678528016
0.5147631833,0.8449308734,0.8970188614
0.7305329035,0.8682784260,0.8343733018
0.7103978202,0.4019283825,0.2871349611
0.8564191284,0.9737198314,0.8347951845
0.5392397041,0.4709877240,0.6558259157
0.9001884174,0.8280647307,0.8616661589
0.0029419238,0.1494713838,0.0644402491
0.5192215731,0.6445699563,0.6925848157
0.7648206825,0.8377353256,0.8799869481
0.6299854097,0.3713027839,0.5767899916
0.5869046308,0.9402562746,0.7460216341
0.7550719066,0.4251726726,0.7154150775
0.9778521276,0.9127711612,0.9063661601
0.7690062453,0.7737657288,0.5125406787
0.0607043345,0.0674285229,0.0213948894
0.1543206654,0.0493143089,0.0164847629
0.1336243349,0.0208577610,0.0794145128
0.2383055767,0.2914234117,0.1615420406
0.1900299341,0.2326735722,0.2575327610
0.7191473676,0.4871514901,0.5580408286
0.8660053256,0.8327870049,0.6794913779
0.0689554648,0.1588955476,0.2928918255
0.7595868362,0.6475880086,0.7343076883
0.6105534070,0.5311445673,0.6820403517
0.1433409395,0.5967081795,0.1389888439
0.1620949719,0.4127279437,0.2941456062
0.0375787064,0.2801425796,0.1786418817
0.2556011420,0.1175852719,0.0095165488
0.2761077426,0.0069901767,0.0723430325
0.8030869132,0.8361683636,0.7272611171
0.7967634339,0.2402924310,0.5796215316
0.4309247267,0.9636536767,0.7726713945
0.8124851752,0.5828636795,0.5240399867
0.1332838517,0.4581792377,0.0669731792
0.5942202306,0.5191383180,0.6795383711
0.9182278139,0.8145371190,0.7483482771
0.9999111705,0.4219499747,0.2491635425
0.5249006071,0.6093128694,0.4393715840
0.0127082802,0.1440503884,0.0017556333
0.3212030413,0.3928936687,0.1591137909
0.1353099153,0.0650398129,0.0709960057
0.9963879316,0.9967521203,0.6732055462
0.5874600487,0.7492838112,0.8124478105
0.4170840090,0.2543079860,0.7038670973
0.8306941204,0.9431848097,0.9917097920
0.8173158117,0.3498983541,0.3201283894
0.4021949944,0.0542716612,0.0827480467
0.0278136393,0.8242946463,0.1649792991
0.8152519585,0.7697816348,0.8245844240
0.7754677240,0.8612500691,0.8775713424
0.2557346618,0.2793839303,0.7537335178
0.1452328841,0.1035632482,0.0071740081
0.8966214346,0.7269019344,0.8259784351
0.3149503182,0.2658198870,0.1192484681
0.3258414764,0.4257964868,0.3438425143
0.6259835456,0.1079032067,0.1883657480
0.9146910837,0.5979212182,0.6624962123
0.9945418524,0.9180949537,0.9580332839
0.3958090790,0.9923392324,0.7054246461
0.1731315613,0.3828402639,0.2608836653
0.1854196142,0.1380478638,0.0987473483
0.9831325269,0.8857983473,0.9208084172
0.0533222831,0.3593506322,0.0101505432
0.0092329413,0.2508165715,0.1175792286
0.7788415099,0.8698156738,0.7132387669
0.6758530300,0.3407264931,0.3480405233
0.7124240580,0.9226427202,0.8062090507
0.5970578516,0.7129751266,0.8357596952
0.1446263320,0.5333129560,0.0836182993
0.9644931579,0.8794968602,0.7819554176
0.0891958948,0.2530542933,0.0841489684
0.7386134228,0.9544256736,0.7072917346
0.2905437596,0.3920519454,0.3832173858
0.4097709111,0.1116730097,0.0659968228
0.2643202620,0.2414145678,0.2386421695
0.9552022952,0.8021267599,0.7243332220
0.2920165728,0.2491570940,0.1290930952
0.1691837994,0.0639181936,0.0591586810
0.4934433043,0.7312648469,0.7539756490
0.8264656411,0.5498995291,0.6118096244
0.1641495923,0.2262096541,0.2681774480
0.2138946744,0.0459055369,0.1996918807
0.8559689904,0.8551820484,0.5219404657
0.5870422549,0.7553463468,0.7053229839
0.2778430414,0.3182475087,0.3553088217
0.4484707478,0.1430742691,0.4304776509
0.7731374923,0.9158070352,0.8653078120
0.0411451581,0.1981905773,0.0471708753
0.0774546943,0.0045515637,0.1791308829
0.1319423055,0.5001855801,0.2644462930
0.0267744528,0.4282583450,0.1883267994
0.4644062273,0.5305234044,0.7533148881
0.3912734204,0.0382723036,0.2209864878
0.8455485037,0.6498828086,0.7036146846
0.1236491682,0.2695278777,0.3432215898
0.7459047729,0.9309617910,0.8203359577
0.0615887391,0.2864812213,0.1749449181
0.9168582041,0.7248493792,0.2863381412
0.8222920889,0.9511673433,0.8433158065
0.2148339067,0.4251380859,0.0973430716
0.5491199020,0.3468268101,0.1003590656
0.8014757440,0.7791189457,0.8225864420
0.1672331170,0.0723249564,0.1757213175
0.5111055099,0.3584822728,0.6033873215
0.0046638654,0.1120095456,0.1556992525
0.0152660709,0.0068092452,0.2438582040
0.1297986474,0.1754175968,0.3371932416
0.4710008400,0.4175486196,0.8109103416
0.0963822958,0.3590771073,0.0477299441
0.9991827633,0.6602739936,0.8664659907
0.0520776976,0.0488323325,0.0572603447
0.7735694033,0.6611210060,0.3242455546
0.0033045636,0.0514182452,0.0720488148
0.7757095930,0.6015309366,0.8921580097
0.7560504209,0.0054366957,0.1213210348
0.5744433927,0.8081028078,0.3814952178
0.5826129949,0.7593173728,0.4928640361
0.9418310374,0.6543841152,0.6225868908
0.6262640628,0.8298640078,0.5692851931
0.0752456589,0.0302234244,0.1536343623
0.0110976278,0.4264687596,0.3940023773
0.6164455593,0.9082895943,0.6410106357
0.8029481946,0.8612110294,0.9403739163
0.1897492639,0.2542747420,0.6000476324
0.6114394382,0.3799344884,0.7856750216
0.4260079244,0.7314588978,0.8107354971
0.0555157925,0.5048291984,0.1415641062
0.0983695772,0.2174968053,0.6060331116
0.3439937509,0.1793755907,0.7288940014
0.3081082657,0.5831155912,0.2133556135
0.3677896708,0.2503255530,0.0844844924
0.2364411129,0.1068681577,0.1987287899
0.8759214770,0.8968934864,0.8596533827
0.8553439819,0.9604904047,0.9919713739
0.0950609897,0.2378334997,0.0101249419
0.7630454901,0.5820099952,0.4691253493
0.9736832448,0.5897001403,0.6052983486
0.9680988065,0.5877712783,0.1532525367
0.3597143983,0.4144152142,0.2942854119
0.2724275287,0.2765266291,0.3081888337
0.2977771724,0.0240213183,0.3419595230
0.8380668903,0.8794241977,0.8761711088
0.8579565100,0.7875561120,0.8212802558
0.7985798108,0.5538671039,0.8849452332
0.8065260654,0.7503002698,0.7876907315
0.3854628428,0.1937910998,0.8003186583
0.3969021444,0.2532941651,0.4081263262
0.3275800726,0.2698500538,0.6701962274
0.4867210546,0.6324042814,0.2715739331
0.8829741687,0.5216582544,0.9123874073
0.4445828095,0.1928259174,0.4940147120
0.5227840696,0.5672398120,0.4223101398
0.3410776046,0.2328396855,0.2194424294
0.4895134480,0.4586465757,0.3366818658
0.2347440745,0.0637979441,0.3854694532
0.6361440152,0.1778206757,0.3084242851
0.4872787588,0.7521489411,0.6817579298
0.0236121521,0.1454328223,0.0662533868
0.6843244750,0.6932390088,0.7687894681
0.8107825306,0.9504640812,0.8846679914
0.8575256039,0.8336906985,0.8839745173
0.2157676883,0.0274320613,0.0818420001
0.1916201849,0.4161805613,0.6192341579
0.2093579354,0.0482360299,0.0131842956
0.2772687369,0.2267472467,0.1587600178
0.7495626055,0.7638728969,0.8596393436
0.4812625058,0.5735726762,0.5598077259
0.4373548164,0.1875487741,0.0394131506
0.2070557923,0.2711798656,0.1263833923
0.1244864496,0.1529962271,0.1509745272
0.8662257570,0.9447124198,0.9918695123
0.9122216039,0.6898033200,0.6502732553
0.5826706610,0.6146111870,0.8002107350
0.8949080495,0.7603728669,0.7229172078
0.9912146824,0.9308585534,0.9856702334
0.5665131005,0.3297202965,0.2538174049
0.9766664191,0.9631766661,0.8507472602
0.3011033057,0.1536894692,0.1699352886
0.4124816105,0.1808067179,0.4383490095
0.1236858543,0.2120910966,0.5812551946
0.0428667517,0.3456309287,0.0004913274
0.6189348363,0.5785352725,0.2708471761
0.6474988147,0.5910180528,0.8094460239
0.5516044972,0.5064987871,0.3011971256
0.4997103707,0.6699203773,0.9329220435
0.9748763557,0.5634350436,0.5740500939
0.3473770275,0.0671442484,0.2109165980
0.2420280076,0.0630343053,0.2576295228
0.6074674041,0.7648407850,0.5473621399
0.6907202406,0.9180450044,0.8093864705
0.8912735806,0.8583830123,0.8422308135
0.5600579110,0.5935220034,0.1962240683
0.5955497699,0.8366755770,0.8323415480
0.9385052546,0.1064119541,0.5334685234
0.2783393523,0.2722759599,0.1600124041
0.6239771370,0.8673664051,0.6918214261
0.0426104978,0.2580134589,0.1648840539
0.3289205593,0.5377921090,0.3755513375
0.8976652427,0.7608541964,0.8504823237
0.8667337664,0.8923528454,0.7577485598
0.4168955250,0.0355369441,0.3981776969
0.3037148752,0.3474395688,0.1302377000
0.1384509506,0.1592329715,0.1910616283
0.3376331004,0.1217386061,0.4261032903
0.3964711767,0.0195110350,0.1023880785
0.9440673709,0.9341730903,0.9036748177
0.7851191309,0.8066954558,0.9912136231
0.4309768111,0.4217809444,0.5605081922
0.2079143651,0.3360105843,0.3223783434
0.8044906497,0.9785468662,0.9829486899
0.2703057639,0.4975477477,0.9167415059
0.3708327118,0.5742084426,0.7082786644
0.3715363312,0.6223387990,0.8027101800
0.4628253418,0.7105410899,0.2613769309
0.0831494229,0.1002784962,0.2007692551
0.5330408822,0.4774088095,0.4619676339
0.2503345520,0.5157259291,0.5665664792
0.4903662249,0.8028471652,0.3712892595
0.2264943959,0.5650188176,0.0937935552
0.0099091225,0.1708135204,0.0895730143
0.9176619150,0.8109069063,0.6476439177
0.3922015485,0.3531115503,0.1122984366
0.1797753486,0.1448817481,0.3084200788
0.2155741125,0.3815901408,0.2555905344
0.4287686683,0.0131376875,0.5516162184
0.8369766022,0.3578255297,0.4197084489
0.4988770232,0.4549853971,0.3769121066
0.4954890175,0.5047267600,0.5618488091
0.1748144608,0.1498406642,0.2123026027
0.3265420660,0.2111832671,0.0285291886
0.3925267501,0.4156379235,0.7617283310
0.8580340652,0.7715730293,0.7566229799
0.4452480677,0.7313805625,0.8471179630
0.1402181326,0.6095825986,0.3639857595
0.6224639514,0.3200773459,0.4259318749
0.1617922157,0.1993249346,0.1393772317
0.0113065425,0.2304002671,0.0740229407
0.1024636443,0.0932702220,0.1182167457
0.2304324124,0.0913071492,0.2600506088
0.4220452725,0.7584074435,0.6748978044
0.6052981861,0.6256599134,0.6949920146
0.6386719305,0.8461646863,0.9778256630
0.8832399594,0.4853421197,0.6114670131
0.5682035206,0.4272885051,0.3688612687
0.7073419384,0.6567084853,0.8286229052
0.9364971739,0.8054533725,0.9340923548
0.4905106460,0.6694235852,0.6414744055
0.8937264787,0.8271278814,0.7814501972
0.1073427651,0.6883658437,0.6942479306
0.3621157626,0.5114029416,0.4385142864
0.0895247232,0.1740572669,0.7193424627
0.9783559413,0.7299547703,0.9063619907
0.7892084247,0.9773059416,0.7723208143
0.7636412506,0.4599507630,0.4640327465
0.5116921339,0.5593286706,0.5190296614
0.8086251905,0.9157543262,0.9705544205
0.2533437261,0.0726900197,0.1509355135
0.2822828511,0.0876978431,0.3961784215
0.7555454982,0.8439139238,0.7153214084
0.7592728659,0.7018865858,0.6811068362
0.0929151460,0.3733366352,0.6027892869
0.2127749124,0.1157806063,0.1813331624
0.3620557915,0.2342801382,0.3161022121
0.1937614700,0.5789100236,0.1891166198
0.5377975443,0.7134685639,0.8074135846
0.2460189584,0.0803840716,0.3370704767
0.7995643769,0.2356949581,0.3140889734
0.8081639920,0.7867165820,0.5901685888
0.2461141613,0.3429688412,0.0475929102
0.5712583575,0.4129664276,0.9467341130
0.0110232365,0.1788045681,0.0710345369
0.7307594403,0.9939532809,0.7108795346
0.7342985941,0.6979028870,0.9569175739
0.8920198450,0.9414100680,0.9956796973
0.3423138813,0.5179559775,0.7878421516
0.5645830151,0.2726102644,0.1022884464
0.1818173305,0.1290767243,0.0370554846
0.3001190254,0.4136350313,0.5351398935
0.9241790534,0.8372267407,0.9240250641
0.7482617875,0.9337852048,0.9222919068
0.2283940584,0.6479029264,0.1718397855
0.1536476569,0.1285439312,0.3301842865
0.7911787716,0.7199315063,0.7238060399
0.2654704862,0.7824192211,0.5039690483
0.0439705696,0.0764925483,0.4198618542
0.4934334472,0.9773595149,0.5908160822
0.0667700615,0.0458609183,0.7474683920
0.2997300810,0.3370019313,0.5027094459
0.9637483915,0.9275614742,0.8665807763
0.2072106676,0.3022514099,0.2481520435
0.3530491395,0.3767526184,0.2014764218
0.5945117490,0.8779224971,0.6739497496
0.2620235705,0.0026756793,0.1239158011
0.0819367253,0.1207675061,0.0915898932
0.2437662473,0.7012846886,0.5766056461
0.3265806503,0.1230141148,0.3348104984
0.6743481239,0.7131012296,0.6351151139
0.0167831606,0.2207362163,0.2681264624
0.1968481645,0.5128663421,0.5331193137
0.0354113037,0.0762114953,0.0523801543
0.0272315777,0.1213372640,0.0243816692
0.0061806215,0.1210863027,0.3844023390
0.7106184417,0.8326175592,0.6982539544
0.6190659099,0.3870577093,0.6249138338
0.2472339525,0.1820773728,0.9027638622
0.3213322090,0.3292597023,0.7124314424
0.1993229649,0.1786524864,0.0131438342
0.3390052867,0.8070664295,0.8377683705
0.7982298581,0.4860234628,0.7639594401
0.2624436628,0.3391406148,0.7518580068
0.8430956449,0.6718678681,0.6670704956
0.6927672532,0.6326376160,0.2917569364
0.3164159342,0.4708138557,0.2678830631
0.9523825544,0.9777445865,0.9826502905
0.0191697679,0.0848743933,0.0599319498
0.8814149026,0.9732439149,0.9965916721
0.4549706530,0.2846325489,0.4784435935
0.8320462908,0.9365247512,0.9484164185
0.1570780018,0.4023933327,0.0723591862
0.7528335550,0.8513871424,0.4269993784
0.1502458207,0.2701264542,0.1404087650
0.2353018211,0.0605315767,0.2424174126
0.3468004846,0.1654049692,0.3056195554
0.5310397770,0.7933272510,0.8174970735
0.5006105028,0.0019086905,0.0481513554
0.3412864332,0.5230864566,0.3857430001
0.2331419306,0.4952882290,0.9803524512
0.2550460340,0.4080004943,0.3704786515
0.5555488399,0.1610997055,0.5401274017
0.6906151737,0.7833678474,0.2974860462
0.2636240648,0.3427539067,0.4016615114
0.7114727790,0.9476633167,0.6689249925
0.2794888369,0.3322992649,0.3001329650
0.6209769805,0.4803542480,0.9867050691
0.2939810300,0.4066352252,0.3967461519
0.0548238647,0.0692140630,0.3531173064
0.4107200438,0.5407942781,0.6900419127
0.8277228360,0.9453610898,0.8921160991
0.3229286522,0.6447050302,0.7535122819
0.5661595410,0.3904309822,0.7010237472
0.8955698813,0.7941056835,0.7083117014
0.3316180588,0.4798732001,0.0809285463
0.8438939377,0.8906681077,0.9501380784
0.2959411853,0.4223359523,0.3263359625
0.4233402496,0.5509787544,0.8632363730
0.8491102625,0.5725046692,0.8012136272
0.8016132637,0.4445994557,0.5303710236
0.0054419438,0.0039608362,0.0480399813
0.3022592114,0.5818448285,0.4815750500
0.7922354328,0.8553870342,0.6697977500
0.6250553567,0.5844768907,0.5088286422
0.9523316352,0.9773409966,0.8890594864
0.5737935572,0.2077815197,0.5242121063
0.5707597898,0.3304079421,0.3966796525
0.3747257825,0.4705432780,0.5094733718
0.3133195553,0.2501495615,0.0983527209
0.1603715464,0.1266791117,0.0388594091
0.7031897909,0.4946691212,0.7046626687
0.8433037750,0.7101892964,0.6455204155
0.5835230646,0.5720282751,0.7501531470
0.1766057003,0.5566818316,0.2693418695
0.2592188920,0.1111158675,0.0124417750
0.9328432661,0.9508843079,0.9981185995
0.6862607219,0.6734608812,0.6396337661
0.4187775248,0.3046448812,0.3396480496
0.3729605236,0.8222251832,0.4402371350
0.3514728092,0.2954584038,0.2850894572
0.6918707459,0.8948820848,0.8505948590
0.3614075486,0.6003379170,0.8404115944
0.5384836597,0.6188783843,0.3176261954
0.9625654155,0.9445879210,0.9899570565
0.9664630427,0.7774012708,0.7289779521
0.8195167096,0.7718125154,0.9534497121
0.9058942889,0.8664602453,0.9964043793
0.5837363561,0.5769426589,0.9455474872
0.6877684123,0.9572707336,0.7624567010
0.3149494699,0.3423992687,0.2897694600
0.0052266518,0.0769369072,0.0374363912
0.8657473973,0.8895628931,0.7649010442
0.7845837114,0.0063685123,0.0276918134
0.5420002332,0.5673635521,0.8355852143
0.9476297922,0.9092983431,0.9791866972
0.7941277954,0.8474679352,0.9105193598
0.5097266343,0.8446357507,0.6213144539
0.7501325014,0.7778503729,0.7579705522
0.4463132806,0.6729958409,0.6809737926
0.0030291517,0.2342901308,0.2835756091
0.9420381656,0.7288778385,0.8624057007
0.9820408997,0.9698486006,0.9422257479
0.0824227165,0.2437530014,0.0555564690
0.9305997783,0.5685101466,0.6542103983
0.7006832289,0.6047200035,0.5181285436
0.4983551139,0.3346911016,0.4816826540
0.8178377976,0.9009153372,0.8305909616
0.7493555787,0.6074808439,0.9109170140
0.8892580353,0.6589826961,0.9080938171
0.6671361669,0.0928887916,0.2421117236
0.6450120965,0.7542662526,0.4441738018
0.7960099331,0.4567246754,0.4119122663
0.1400510474,0.3159291296,0.5488634490
0.0341077695,0.0776104605,0.1142837961
0.8016843797,0.7841215356,0.7853579655
0.4519414364,0.5724686338,0.4878195406
0.9188396612,0.9503777249,0.7709502664
0.6574356166,0.7205809981,0.7249059844
0.3799146937,0.4027321820,0.2834338584
0.4672881242,0.3008728676,0.3152266221
0.1074823333,0.0639453991,0.2200265914
0.0858347040,0.2643184117,0.0479507433
0.0455884761,0.3321236304,0.0182738485
0.6594611640,0.6153164080,0.3440453586
0.8211098136,0.7977629295,0.7349810236
0.1758649784,0.4735521634,0.1115300898
0.4234493863,0.8892629190,0.7121568474
0.4900739437,0.0864327742,0.0919637163
0.9918704184,0.9523571655,0.9805897938
0.8097482745,0.9925215353,0.9591464781
0.4105914242,0.3107179052,0.4794275351
0.0924583908,0.3283468052,0.0099755225
0.3349860929,0.2664787342,0.1150661598
0.7509433123,0.9972467076,0.8525951115
0.1016051764,0.0357076029,0.1278545365
0.1284407761,0.0742742357,0.5169914344
0.0318383372,0.3288818349,0.1699801030
0.1419557178,0.0247267275,0.2307326493
0.0585438325,0.4424335975,0.0274817907
0.0546105622,0.1382251351,0.0631531236
0.2662949926,0.2266805554,0.0493842322
0.4495667117,0.6910589283,0.3152197721
0.0219321256,0.2278559055,0.1410745318
0.8880467098,0.8569929669,0.8449713084
0.6467432189,0.8114325819,0.6399222952
0.1917745385,0.1630209816,0.1097597637
0.9255127816,0.7818994426,0.7327770580
0.1356550855,0.4503188051,0.4214853210
0.0410970005,0.4512179939,0.8352350918
0.1270830508,0.0123782784,0.6207844214
0.1822015287,0.6188068900,0.0581115450
0.4908175683,0.8168044117,0.8364367486
0.6936567092,0.7975938705,0.5579326181
0.5612096371,0.5332849450,0.6123543075
0.0713180844,0.0620340362,0.4835676910
0.1037634558,0.2540388310,0.1179817043
0.7869153401,0.8579362828,0.8525723251
0.7444504418,0.7407232683,0.6857302988
0.4093407191,0.3358880405,0.2155444845
0.9686186753,0.9349847291,0.9704340631
0.7293554174,0.8901762702,0.8913547970
0.4208712451,0.3875186565,0.4321086822
0.6938967304,0.9097574950,0.8925052500
0.5223353363,0.3386796904,0.0050127232
0.8190915922,0.8394268429,0.9553854127
0.3689779341,0.1666551086,0.0796800897
0.8411312082,0.8051607005,0.9488356783
0.7801089720,0.9116649417,0.6547566484
0.5498212478,0.8921664246,0.4036654673
0.8653727024,0.8048138976,0.9472130271
0.4473445337,0.0768903448,0.0529408828
0.4228490295,0.2402460749,0.3556398261
0.9477481022,0.8694605426,0.9681650638
0.1790231309,0.6427422874,0.4155007782
0.7180538867,0.6716684527,0.5295537607
0.6288502347,0.4120588900,0.6800238034
0.0603233280,0.0965746492,0.0546690146
0.1005509055,0.4630529509,0.2379532561
0.1085330692,0.2577724502,0.0686330870
0.7783248869,0.9269613284,0.8108768563
0.6423783204,0.4716494781,0.4734960591
0.8740111053,0.8563753883,0.9410989044
0.2348085516,0.3127535496,0.3319812645
0.9141771120,0.9583228244,0.9551001060
0.4189704477,0.3972607563,0.4389531439
0.2566495052,0.2954948861,0.1235467305
0.9473485728,0.8731807909,0.7226303486
0.7692515908,0.9153812329,0.9782736499
0.7687476322,0.0182111785,0.1216347686
0.5877997863,0.7274665298,0.5228456338
0.3862604587,0.5094065103,0.5943362752
0.0202132108,0.2036674247,0.0097252431
0.1585951099,0.1250947508,0.1575622132
0.3597020784,0.8399445765,0.5793800310
0.9345869782,0.8960469688,0.8752874501
0.1555008513,0.5158517991,0.3884004342
0.4262298421,0.5059909849,0.4995120896
0.6886964821,0.5211515023,0.8299216749
0.3929383870,0.2631646451,0.6469648786
0.6507731155,0.9021543575,0.5409143276
0.0124990535,0.2303696573,0.0544651983
0.6591833189,0.5590792988,0.3529022997
0.2439839724,0.3640448887,0.1114555865
0.1280350077,0.5691224817,0.2965417013
0.7372923571,0.5032664129,0.3797085481
0.3620687125,0.2246922071,0.0761242585
0.9205863058,0.6714030609,0.7810485994
0.9051505490,0.7595358248,0.7354862871
0.3618930295,0.2893405818,0.0899508991
0.6954000969,0.8828013862,0.6188253250
0.9973345992,0.9519831240,0.9712272439
0.6431825604,0.4735319256,0.5947828840
0.6048560773,0.4151212315,0.4856626477
0.8737627266,0.8864391813,0.8604794288
0.3549016147,0.2805857749,0.4968145476
0.2537957591,0.3726776677,0.2713804034
0.0743364095,0.1180703074,0.3581066810
0.3920051508,0.3482308957,0.5421515218
0.4195029545,0.4147172956,0.9984453859
0.4751434232,0.7465396524,0.6430943542
0.8325227230,0.9513422521,0.6697803936
0.4523625630,0.5041453850,0.2524234298
0.7741302438,0.7938150045,0.5212160774
0.0859914007,0.4002727037,0.2310599096
0.2797581800,0.1860350099,0.0120288141
0.8651569830,0.7684307497,0.5342371603
0.6730732403,0.5154497576,0.6242034152
0.0290518365,0.1926677527,0.3178714432
0.3883889496,0.5130743642,0.1678156375
0.8363637934,0.9771173073,0.8472553111
0.3017913443,0.3090569913,0.2170107467
0.5917122999,0.6824431692,0.8717229423
0.1218929623,0.1905469741,0.1224880989
0.3899287590,0.2559774665,0.2342354927
0.8802020533,0.9276916563,0.8372631645
0.2733921492,0.1798394644,0.1420723821
0.0022165675,0.0986519326,0.0533280112
0.4983589598,0.3011493120,0.6832752769
0.8169686252,0.9026903657,0.8345236663
0.1078687767,0.1141359271,0.0822235851
0.4790847984,0.6819153553,0.2344203840
0.9104784039,0.3285689553,0.4550708114
0.4001739559,0.3861384808,0.3286505873
0.5201630909,0.4894620307,0.6622537607
0.3801085625,0.5129039147,0.4558920618
0.5332749879,0.4180861668,0.4241045730
0.2063772107,0.0083493848,0.0994948530
0.8272930193,0.6360406425,0.8453731564
0.8291145458,0.5518371545,0.6571197879
0.0686654269,0.0395327041,0.3898570543
0.5483283747,0.5778128957,0.5064651912
0.9875860405,0.9296354697,0.8923469337
0.3165311774,0.2725993875,0.1227307700
0.7179665194,0.9517823840,0.2428684114
0.8684014264,0.9787714595,0.7917828182
0.3338450209,0.3910030792,0.5579293199
0.9146426396,0.6840633125,0.8341153079
0.6829686967,0.6706673758,0.7208565180
0.2430375317,0.1167843457,0.0975814503
0.4005453959,0.4190376651,0.7867581429
0.6449291459,0.0808515199,0.0485086624
0.3434093980,0.2782425873,0.1774662003
0.9234153603,0.0539160276,0.1299803275
0.0426790617,0.1227919617,0.1796364082
0.9758282827,0.7490453053,0.9922997769
0.2129936658,0.0106297765,0.0221286547
0.9274826941,0.9527892267,0.8494795883
0.4563251603,0.8897617597,0.6013671717
0.5782153218,0.6488472876,0.4991008722
0.6248956641,0.1565705356,0.5136422637
0.3494422727,0.3872404203,0.4305792003
0.0584159513,0.4760606241,0.0615769614
0.9993613029,0.5577493806,0.8950205835
0.3412142929,0.6848457780,0.6668170270
0.8946591824,0.7154194127,0.3654510852
0.4049150248,0.8018142970,0.2658585349
0.5749983348,0.4831215360,0.2879938647
0.7483738843,0.8373089972,0.7795474959
0.9972396851,0.9843998748,0.9595110672
0.1104880696,0.1604979699,0.6693756248
0.2174281613,0.3901287282,0.1312522496
0.2291640482,0.4676710905,0.5178066271
0.4267547391,0.2624655724,0.2404512143
0.7586287487,0.4666374503,0.8321308423
0.9729481283,0.6762136950,0.5624111074
0.5146613333,0.5434825406,0.7211579926
0.8719976104,0.5735879306,0.7826270471
0.3256121864,0.8956233117,0.1775872919
0.0999753285,0.1399611469,0.2352816532
0.2764827535,0.3042732521,0.6164897021
0.5262095572,0.4216208706,0.5419852296
0.2298299265,0.2122239444,0.3154931612
0.8345811401,0.8735411784,0.9640617401
0.6216931696,0.4390693455,0.7051381375
0.5144315626,0.5776254410,0.1983550755
0.0262336814,0.1795792363,0.1020027532
0.1630936672,0.3430401336,0.7302634530
0.6824330122,0.5499099587,0.5886711395
0.5696992338,0.4584707058,0.4782954745
0.4942695443,0.9000862569,0.5308256656
0.6186723274,0.5356179156,0.8622239133
0.2908449567,0.3890004493,0.2279277166
0.1850831620,0.0184681143,0.2383602076
0.2239436790,0.2874651610,0.2319929628
0.4916114006,0.5518337679,0.5587199483
0.1969593954,0.0769635772,0.2657285973
0.9276506390,0.8036936869,0.6512509445
0.9699209373,0.8852119120,0.9687128268
0.9179140850,0.4602096926,0.5609472628
0.7211360736,0.8887576123,0.8613282916
0.9642138989,0.8377732259,0.8392037626
0.6999345895,0.7153267437,0.8052858849
0.1072806165,0.0346076588,0.1712297991
0.1947510480,0.4553037246,0.2239834893
0.4578511540,0.9013237417,0.4826584223
0.7525175585,0.6850541711,0.7084453469
0.9727182370,0.9659828146,0.9335376055
0.3658203598,0.1374540418,0.4671208834
0.0795002738,0.0707364920,0.6332906350
0.6620577284,0.5972342780,0.6165146026
0.2579498379,0.2242489004,0.1978849019
0.8492017383,0.9217003388,0.9583547285
0.4334538551,0.6816028403,0.7180305248
0.9339378236,0.8108758227,0.8799209267
0.6225192143,0.5869959764,0.3696012601
0.5055767788,0.8432200824,0.5044209123
0.5687213951,0.3239982108,0.6723288352
0.1130930045,0.8571081731,0.1268505098
0.7575298899,0.6297299494,0.9728166794
0.3885755021,0.0011242489,0.1517289510
0.3707763377,0.7015580454,0.5226483574
0.0414795052,0.1024014511,0.2657824666
0.4677896799,0.6623087970,0.3635397325
0.9631164143,0.9838644656,0.8738896263
0.7051824759,0.7946551722,0.9294974610
0.1033852895,0.5669431782,0.0867345562
0.2544845091,0.2888218173,0.3637268186
0.5244555222,0.6206329541,0.5169373871
0.3404869251,0.6490934832,0.3608056225
0.3303517232,0.8709266009,0.8013348746
0.2519887238,0.1984538627,0.2314965830
0.8252637888,0.9168742685,0.7664344376
0.4924539116,0.6603191707,0.3979653065
0.9218848735,0.8652423572,0.9699972185
0.9679534595,0.7983718474,0.6216904255
0.4421998008,0.8920191064,0.7048689803
0.9713976856,0.9118394113,0.9329953843
0.9668976364,0.9334023939,0.9501503922
0.1731958287,0.2454526881,0.0710985022
0.3591306349,0.0744766618,0.3476100480
0.7292804802,0.8530204854,0.9904381060
0.2678386391,0.1576080094,0.0459813412
0.7016979113,0.5559048614,0.5617241980
0.6144672262,0.6130866953,0.3523785417
0.7877015891,0.5248560668,0.7895305062
0.1538810740,0.1179571328,0.6313456756
0.4766856463,0.0682081407,0.1380398779
0.1536351516,0.3922615398,0.1846857383
0.1412969612,0.3070275100,0.1928419830
0.4353830331,0.5001967062,0.5030576821
0.6097317852,0.5993828728,0.7045086447
0.3294938082,0.5131627048,0.7415213898
0.1327927477,0.4108444972,0.1327335509
0.2511995402,0.1915381145,0.1880927277
0.9779871792,0.9204678697,0.9438400187
0.4805988725,0.2937003433,0.5005183381
0.7982228775,0.9629599972,0.6507507369
0.7365250413,0.7773825648,0.7184861687
0.8073070895,0.3729306348,0.4817437294
0.7200144233,0.8865959474,0.9844354814
0.6387488194,0.9142524241,0.3825496967
0.3669403751,0.6640959299,0.2978481889
0.9460164748,0.5105258591,0.4802741712
0.7031057463,0.9254068431,0.4673274325
0.6623235030,0.3538358305,0.4473044663
0.3159585406,0.3319437260,0.7436038723
0.6249891908,0.6132555800,0.3276972460
0.3385843629,0.1193812474,0.5605708677
0.7258981553,0.7986283390,0.7195510054
0.4713999613,0.2186551485,0.3373177781
0.9955537526,0.5672692921,0.8600518052
0.2323554281,0.1820634872,0.4143460430
0.9614391896,0.9743619244,0.9704888237
0.1794925873,0.0033362824,0.0152060183
0.6619695138,0.4106389696,0.4521095383
0.9692176124,0.9301161561,0.9861277814
0.0854232346,0.1554953393,0.0871305166
0.5543724010,0.2153928182,0.8912228429
0.3600926718,0.8228029888,0.3007173807
0.4274075489,0.7801625178,0.3741577496
0.2771982340,0.1919865907,0.1238783018
0.6807702656,0.9246749098,0.6947729445
0.4179235130,0.3515855623,0.3800293502
0.2824043463,0.4154995541,0.2335418049
0.0966506627,0.2388830034,0.0900191634
0.8713732569,0.8188500507,0.9310692474
0.3193182412,0.1761460889,0.4705905045
0.2616960726,0.1703662700,0.2136042883
0.5281207496,0.7818469104,0.8818093149
0.3419911557,0.1180392496,0.6775192839
0.4026859062,0.7322383519,0.4526394909
0.3542894899,0.8162599908,0.7494301635
0.4923812005,0.1465929469,0.1051954210
0.1182978979,0.0610141622,0.5636243223
0.9760651740,0.7515738418,0.8953820188
0.0743339919,0.4017125638,0.1263846102
0.6177875167,0.2740963455,0.2715451425
0.1549779138,0.3114192679,0.1715059139
0.9535962836,0.8067826991,0.9175986177
0.0220180789,0.4216701918,0.6690699903
0.8703375995,0.9684233220,0.8372105852
0.6264174582,0.8134542074,0.6387659009
0.7182114431,0.1010817257,0.0729619558
0.6705565314,0.1589184469,0.3256335611
0.2337928539,0.2868951496,0.2937618963
0.9292438324,0.9367455760,0.9322793627
0.8966727459,0.9679023384,0.8279479811
0.1025132103,0.4146578377,0.0466856489
0.1815492117,0.2659158438,0.1798119411
0.9792164671,0.9883708876,0.3918357227
0.8647386167,0.9083082640,0.9709050305
0.6998757487,0.9139614427,0.2628581239
0.1208558556,0.0081757936,0.1238106244
0.9115791865,0.8358048902,0.8052848598
0.5682394372,0.5138252891,0.3997787797
0.0323928717,0.0101340710,0.0146414327
0.1954068876,0.1142039569,0.3457257564
0.7117807748,0.7895615846,0.6946221359
0.7057964801,0.9098233700,0.9521630441
0.4951307461,0.0837030619,0.1184711075
0.9677397760,0.6717372004,0.7067424186
0.9126345345,0.9134201890,0.9533893338
0.9888768976,0.7421133902,0.8114035474
0.0950789265,0.0012170703,0.0268073431
0.2871963967,0.1645378658,0.0199918711
0.7209506561,0.6391717337,0.9893113911
0.6971507729,0.8269512675,0.8230433919
0.7134563246,0.4332856598,0.4970015304
0.3913578384,0.1602778668,0.2415831357
0.2089275297,0.5034445232,0.6678591424
0.1599331878,0.0360382904,0.3868282456
0.0798700397,0.4850745428,0.1186169756
0.0548300791,0.0321055286,0.1602244767
0.6869446545,0.8859309582,0.8024863015
0.0365534640,0.0460845175,0.1582045379
0.9620104548,0.7049589971,0.7820338575
0.0138036675,0.0577645669,0.0053945719
0.3396104920,0.3971400818,0.4964989393
0.3510757120,0.4996932995,0.1305699357
0.8229018764,0.9101438857,0.9302164125
0.8975257889,0.9277719576,0.9582799775
0.8634035015,0.7040644229,0.5219580644
0.7726672037,0.8690165143,0.8908685167
0.7603112000,0.5152356926,0.7849196113
0.3932140593,0.3199539879,0.1120663709
0.6007489079,0.1374303914,0.2881261412
0.2239293182,0.3629897166,0.9535069333
0.4153424946,0.1199835000,0.1585415263
0.1771131473,0.1748250679,0.6476801696
0.0990944996,0.2640197649,0.4561803211
0.6637913748,0.7288770437,0.8941942216
0.6790297816,0.2026649919,0.3625508359
0.8004606381,0.9205402556,0.5047284611
0.0572983216,0.1640741558,0.2483409483
0.7379270691,0.6267503142,0.6110881038
0.0571848271,0.0472355390,0.2580369061
0.6727863475,0.9931454163,0.8393913134
0.2055892750,0.0822977139,0.1230281106
0.7970714498,0.7998692199,0.5277030957
0.2367026736,0.1910200027,0.0757635147
0.2323694038,0.1897731207,0.7075252295
0.5852497112,0.4974914880,0.4856771019
0.0771481897,0.3859437956,0.2196448585
0.8801036211,0.7429772561,0.9737613996
0.3233585475,0.4743381629,0.4003680108
0.5310101626,0.4665840695,0.2537243742
0.4518431225,0.6188199449,0.7895669740
0.9980606160,0.8356171628,0.7274287785
0.4621945929,0.3778883184,0.4046563074
0.5479532872,0.5674100869,0.9845490474
0.0877529592,0.1299436187,0.1103695888
0.8434355168,0.7926205489,0.9312539648
0.9894038431,0.6008282023,0.8624667204
0.0033517242,0.1513126886,0.1520639229
0.5717825870,0.4264078178,0.5248955787
0.2899428962,0.3646924192,0.3632362254
0.9871838281,0.8172416186,0.9195228500
0.7309485728,0.7714280635,0.6410360668
0.9295813409,0.7505501019,0.8967375580
0.4283477391,0.5320059373,0.7361073182
0.8554580035,0.8221887665,0.7864814857
0.9085994416,0.7400432793,0.7665119406
0.5406762616,0.7709697426,0.7097162205
0.0925423612,0.1932621723,0.6219898794
0.5550027739,0.7516757696,0.4869633252
0.4207159669,0.3750404363,0.5976020622
0.2024167768,0.3489804904,0.3481757263
0.6760822342,0.2044830217,0.3632867389
0.7159091601,0.7022562330,0.4751127409
0.9403636169,0.6942229040,0.8464010181
0.2914459054,0.1133170889,0.0287560900
0.8829092492,0.7422670290,0.9552749035
0.7332238792,0.0279541627,0.0559796341
0.0965173591,0.3293314956,0.0968523870
0.0624406531,0.1388654487,0.0972299649
0.2529604304,0.0608488108,0.1197069224
0.9323731581,0.8979214534,0.9157515251
0.9966070969,0.8859143619,0.7911425134
0.8874049383,0.9511441403,0.6827622999
0.7909237920,0.8154246088,0.9344253853
0.5966465865,0.2770129474,0.1990813466
0.6002071630,0.8662235547,0.8684554279
0.1733649922,0.0160421401,0.0594509594
0.9418001190,0.9473058811,0.6289665179
0.2290198498,0.2433391715,0.3270256278
0.0565516145,0.3293061986,0.0399535000
0.0410180470,0.2286276807,0.3646730206
0.5222737093,0.0429494520,0.3266499997
0.8613417614,0.6391031459,0.8454665038
0.1984643731,0.1674952508,0.6882556665
0.2811678460,0.9796001691,0.4943063816
0.0594435051,0.1239316393,0.1816555730
0.9599021237,0.9760798631,0.9716090574
0.4485946540,0.4076283103,0.1088754317
0.9718211812,0.6665424698,0.6718145206
0.7566844193,0.3347907214,0.6777340182
0.1472475567,0.1221628542,0.3023448949
0.7088624472,0.6483852009,0.6044625775
0.3215206226,0.7561768540,0.1185395777
0.4075538460,0.5220268774,0.0405450454
0.2538295240,0.2611166291,0.2680293813
0.8110073193,0.7724230240,0.2473762408
0.0556868185,0.3586418961,0.4036058309
0.5961621948,0.8436876956,0.9687654466
0.7218170990,0.7915976930,0.9937118619
0.8683156916,0.3128228665,0.5366023598
0.1043574226,0.0320084210,0.1207920919
0.7577949770,0.8322960729,0.6998221680
0.2953073941,0.4479199765,0.9352925885
0.0138698780,0.1397279833,0.0301198462
0.8298824522,0.7669897013,0.7544753943
0.4279916914,0.3707754332,0.4012491103
0.3578925685,0.6711186460,0.8052559776
0.9533006741,0.9502499099,0.9289874238
0.2283635357,0.0379384435,0.0636169242
0.1170901393,0.1191233779,0.0796904165
0.8271117029,0.3166619495,0.3272397476
0.5786066057,0.5271897725,0.4698024335
0.2598310799,0.2086797350,0.2082455586
0.4343581384,0.5816139475,0.2322382311
0.3039200471,0.2519897604,0.3108411302
0.3118332937,0.8549836307,0.6958883911
0.3052418382,0.2309993251,0.2728178185
0.2968946325,0.1328257001,0.4030838292
0.2111910128,0.4457833981,0.4385212143
0.2604678756,0.0164243735,0.4681411214
0.8054283906,0.8559035354,0.9866316287
0.7153733016,0.4604966396,0.8853148782
0.0430463700,0.1235060935,0.1291305935
0.1360997097,0.2325355124,0.2174327948
0.4380143814,0.3930303488,0.5481786955
0.3746521014,0.2606608350,0.7234572938
0.7607051970,0.9385425074,0.5520807865
0.0672646018,0.6544534180,0.2564048519
0.9132011977,0.7182138983,0.7370315092
0.1467074845,0.0186285886,0.0945269040
0.2139297732,0.6986820103,0.3651530094
0.2431279472,0.0752541805,0.0523053358
0.7426244623,0.2183587743,0.5118711651
0.3640012430,0.9954227243,0.2380786654
0.2091986157,0.1938639432,0.1162479819
0.8418029679,0.9360119736,0.9923625116
0.1601885729,0.5060638822,0.3901472704
0.7982537830,0.7493746056,0.9406836181
0.9245896877,0.8319549463,0.9382237370
0.9829588164,0.9582696931,0.8053197986
0.5715583320,0.4381616843,0.4337290869
0.9303694210,0.4983095017,0.6085372266
0.7417438838,0.6624257736,0.7075422311
0.9190536040,0.9517714547,0.9944588868
0.3681714279,0.3037085518,0.3247046497
0.1427286127,0.4170042305,0.6607081107
0.3879532902,0.2655521987,0.7807915268
0.5039808818,0.3353601981,0.1462918966
0.2689976136,0.2855274388,0.0558972625
0.7385566924,0.8884959157,0.8160888522
0.8497003160,0.3683384185,0.5736286934
0.4220225930,0.8451979301,0.7131066366
0.1864135710,0.2276131644,0.3920552708
0.7179200135,0.7564809992,0.5340255926
0.1557440824,0.1448913623,0.0480657529
0.6462773130,0.1387504220,0.0072442330
0.4991450987,0.1045987882,0.2859736462
0.1455472299,0.1947865674,0.1921604243
0.7023818401,0.8138931879,0.3894626567
0.7604447153,0.8667180807,0.6324523642
0.4052141082,0.0359829784,0.1852743718
0.9980048686,0.9621916884,0.9851297805
0.5265271301,0.5362060916,0.6378250019
0.5211442041,0.5367769943,0.3208206030
0.0103593808,0.0085877681,0.0680334727
0.7483694312,0.7558827334,0.9818817027
0.0046113504,0.0972179578,0.5286289982
0.4317354072,0.6509049045,0.5439868015
0.2736858954,0.3823153459,0.2599048572
0.7261145864,0.6661229504,0.4767711618
0.8157969684,0.9103773149,0.6904889948
0.0610176351,0.0268540438,0.0868327168
0.7362649044,0.6347745729,0.5661256711
0.4544369846,0.3736128031,0.4781642672
0.2542022364,0.2598654372,0.0858345984
0.5233051692,0.0581896913,0.1120689299
0.4787104620,0.3276982684,0.3028979051
0.0404965812,0.2523526168,0.5311997388
0.4925703344,0.5330921962,0.7069105123
0.5454128917,0.5810073870,0.7296313110
0.5203088186,0.4663810928,0.4810774161
0.5914443918,0.7301391143,0.8839204689
0.2167106994,0.3244563552,0.0388784751
0.3520801807,0.6683103972,0.5059447185
0.7963330736,0.5551151892,0.5514023643
0.4887557569,0.7326632991,0.9984895796
0.4720234182,0.6639026672,0.4454559289
0.3401419282,0.8142056054,0.4861553407
0.8887249550,0.8965483436,0.8510212842
0.9214217650,0.9033167556,0.8581914136
0.7855107456,0.6099675873,0.6724157293
0.0782867597,0.0510693442,0.0207019386
0.1914654789,0.2453180907,0.2270155383
0.2928345195,0.5835902466,0.3618280870
0.1633242586,0.0915772277,0.1264199506
0.3268475399,0.5946768316,0.2493323433
0.3692092285,0.7126838530,0.1538207708
0.7197502694,0.8193014389,0.7418706773
0.5907835616,0.3802411347,0.9642988062
0.4275620647,0.7262916791,0.6150252504
0.4856810131,0.6325543440,0.7615446194
0.8531237167,0.8880716652,0.6655746257
0.8374372559,0.8686325772,0.5404756424
0.4364749693,0.0931165014,0.6761492646
0.1597660547,0.0131630498,0.3916538395
0.6001802925,0.5549590838,0.1786538292
0.9582773665,0.9584711388,0.9519225439
0.2713321445,0.5445659338,0.0563816222
0.0899713279,0.1211322054,0.1679328597
0.4330274730,0.4354823027,0.3730874092
0.9872517624,0.6784159662,0.6910077592
0.4059329924,0.0439626748,0.0179093034
0.6182976273,0.5814905509,0.0051431856
0.6084101164,0.2656887414,0.0503579118
0.4537711973,0.6121284719,0.7164051878
0.8790982761,0.9276445555,0.8362764367
0.0652721356,0.3929594367,0.0909780076
0.1536349255,0.1549419636,0.3946857983
0.7274359417,0.3450699887,0.3534069273
0.0012716020,0.2072349950,0.0147294377
0.4037021331,0.0707894772,0.1281278562
0.2765354360,0.3796471467,0.2239740185
0.5871087485,0.1264013770,0.1937417512
0.6818772989,0.5546693499,0.5769007557
0.5971686998,0.3794462594,0.5567218837
0.4290876888,0.1579005442,0.1732126340
0.7537747741,0.7650139179,0.9280322024
0.8391866462,0.8049054161,0.8833699373
0.5769379087,0.4346390586,0.5454832272
0.7001305740,0.6965703609,0.7111728761
0.2986535829,0.0488035657,0.2462758966
0.0175075276,0.4362744062,0.0441870859
0.2273525659,0.0277600658,0.2256263733
0.0064083326,0.0012274798,0.3767601113
0.2844219798,0.1571402037,0.6307233452
0.9787485466,0.7506387273,0.8478534450
0.7933530133,0.9126944122,0.5922394511
0.6766810523,0.3979244870,0.3850339861
0.0982067226,0.0450153537,0.9260543966
0.8806199443,0.8833265827,0.7659554020
0.3152533668,0.6671967006,0.7766373028
0.2070054345,0.0246982464,0.1101184807
0.4994519102,0.4882083386,0.6081927053
0.0437003004,0.1504029280,0.0517042526
0.2214748181,0.3217847178,0.1864849181
0.2113437221,0.4550002180,0.1646935303
0.2755403663,0.3651850512,0.4907450755
0.2101688032,0.3470073776,0.3680148313
0.0344446314,0.3166308159,0.1033980711
0.3529059443,0.2995895292,0.5145035684
0.2349187756,0.4679472032,0.4732037514
0.9882339978,0.9814316480,0.9866266023
0.3231273007,0.3671407012,0.7809603840
0.0305085844,0.0209378504,0.0436675417
0.1000112757,0.1059153706,0.3127411405
0.6309491033,0.8834401527,0.6297396829
0.5395811725,0.4796732767,0.6245571155
0.8213677632,0.9154051084,0.8099364532
0.4131618977,0.2312268321,0.6748469031
0.2587107649,0.1020900559,0.2165616139
0.3879349499,0.4291575698,0.5914556612
0.1350592404,0.1223456421,0.0454551751
0.1120820060,0.2067156434,0.5346801925
0.2652141192,0.3820860583,0.6459430611
0.3655693810,0.2450515828,0.2033150677
0.0668610435,0.4231103969,0.3657808570
0.0711324381,0.0612354564,0.6486690834
0.2091371841,0.2641071930,0.3466990436
0.3155874785,0.7129644609,0.2968135867
0.1068731083,0.1932960041,0.2660795599
0.7155141609,0.4304085069,0.6260991373
0.2788318591,0.1571655853,0.1891734755
0.5984095938,0.9221016926,0.9085895344
0.4329038167,0.1552669652,0.1023834295
0.7814146671,0.8210726361,0.8184299803
0.8842617453,0.9907054949,0.9001508530
0.5088112504,0.5522379998,0.3406843877
0.2614798946,0.3800925054,0.4445610851
0.7042227289,0.3298694286,0.4426071274
0.4545273540,0.6630928096,0.7915676785
0.9310417488,0.8984956983,0.9343054188
0.5220700952,0.2494305051,0.2490187823
0.4854692336,0.2535910939,0.1823022799
0.8288035106,0.2705709209,0.5647735205
0.5876828248,0.9270192331,0.8799534458
0.8253132823,0.9165164651,0.6311917528
0.9649022492,0.6671686797,0.7815526149
0.0831005773,0.3064095693,0.4186852401
0.4621594970,0.5940818259,0.4558192443
0.9817918864,0.6812711353,0.4302536274
0.8673785575,0.4967533609,0.7359514279
0.2352967561,0.0102549279,0.0956374869
0.6928896837,0.3115839366,0.6110139424
0.3676739091,0.5276126611,0.1931689201
0.0633398835,0.2278109815,0.6326610460
0.9268797788,0.7744185549,0.8793867201
0.6982694936,0.9749576152,0.9847226972
0.0048501217,0.0266630042,0.2911682649
0.7638217278,0.3543097327,0.3124677501
0.4986934680,0.2208273828,0.3661697278
0.9239464159,0.8044488151,0.9213036983
0.4188445473,0.7439610831,0.8226915916
0.8174349538,0.8489148066,0.8193254579
0.9212460919,0.9785478260,0.9390230229
0.6502754432,0.6143532679,0.4920691073
0.1115237083,0.0696529234,0.0329479148
0.3826692727,0.4869417635,0.3603159901
0.2656636575,0.4854526589,0.3676123765
0.1404632264,0.3609369480,0.1037641904
0.4446637810,0.9663152448,0.5011091874
0.6064896357,0.2046179718,0.3286157027
0.4214301776,0.5997664387,0.6177278796
0.7181951495,0.9512493094,0.9770244291
0.9796925300,0.9991246099,0.9084031019
0.6837193536,0.3900155151,0.9618521612
0.8266644549,0.9929438353,0.4116716081
0.4151968800,0.5792169584,0.3459294274
0.3138501679,0.1751428891,0.2507179957
0.8963701514,0.8865616991,0.9893860643
0.5823677529,0.4458568105,0.2059351576
0.0691345650,0.0804844361,0.0705942345
0.5109540734,0.2398733651,0.3765741385
0.9808983948,0.6843406138,0.9370551132
0.7100893113,0.7026292364,0.9322800081
0.0123728258,0.0275203281,0.1238612983
0.6604027406,0.8256766895,0.6308175337
0.9598738113,0.9676256751,0.9427156804
0.5963122205,0.4285591273,0.3614524931
0.4598507908,0.3740267632,0.3388016209
0.2955768877,0.3836474821,0.0852501632
0.0456921088,0.4722216904,0.1061868460
0.9535134796,0.9182787589,0.6793433509
0.1455608568,0.0532710459,0.0603941796
0.3711886305,0.2539422370,0.2669492425
0.7285694437,0.5204253370,0.3587894360
0.0803785443,0.2614237477,0.5347201477
0.9476916733,0.8728414749,0.7764606563
0.8486477613,0.8051536539,0.9930518535
0.2691175147,0.6943654150,0.5503636291
0.3325563433,0.3031003055,0.2428688818
0.7141976431,0.8984803042,0.3580036836
0.5638534612,0.1681432441,0.2753807180
0.5964929147,0.6547191002,0.7302862542
0.7260785958,0.4903028963,0.4444299441
0.8023499573,0.7840349485,0.7212565344
0.2108152865,0.9410297601,0.2142967743
0.5031133600,0.9821573142,0.5168544176
0.0531784341,0.1770747683,0.0152254312
0.6375215932,0.3824275887,0.5470971799
0.8031783152,0.4018798721,0.3264941434
0.2603780468,0.4627583494,0.4891604957
0.4234714039,0.6154128276,0.4189835486
0.2395922577,0.0576925679,0.0799112640
0.1031369075,0.2153136050,0.1191803927
0.4987311138,0.0148021636,0.1474440070
0.9787174899,0.8624109018,0.9452239563
0.6405013925,0.6728188377,0.0860095700
0.4075283659,0.5354092475,0.3516379038
0.8765665216,0.9549145019,0.9031195156
0.7686771014,0.6104961681,0.5627948701
0.9197483045,0.9300637474,0.8947250712
0.9084756483,0.6213886462,0.8222536541
0.0531930013,0.1917947375,0.0882244081
0.8195449584,0.9007308364,0.9900332050
0.2200527481,0.4915226982,0.5796154223
0.1491656319,0.0720550596,0.5216304438
0.8845304644,0.9438340204,0.8855426578
0.6210559067,0.4680277843,0.7997994981
0.5886375283,0.3663758471,0.4463700071
0.9276160383,0.9038800736,0.9069292736
0.9391344237,0.9428787764,0.8385313695
0.6721540149,0.5380108732,0.6618282566
0.3748243106,0.7395033077,0.8525544744
0.1651399305,0.0591731580,0.1996413308
0.4387456017,0.3012323746,0.2309417266
0.8210874440,0.8546704220,0.7635619678
0.9484202601,0.9721208518,0.9345768783
0.8358102057,0.6009191737,0.9884489238
0.9441008225,0.5916339219,0.7023588400
0.0774595830,0.0257627526,0.0178804452
0.0405639953,0.4349183387,0.1190720829
0.5731949377,0.8916364166,0.7907543419
0.9893124948,0.8280793549,0.9044861992
0.3815447851,0.2047492978,0.2629554480
0.6390312455,0.6117061785,0.8094200272
0.6072639464,0.4839657925,0.5691751836
0.0015570946,0.1237207293,0.1006802447
0.3980448938,0.4645292614,0.2487805405
0.4309021510,0.5322475608,0.5985722051
0.7041812930,0.4713080823,0.3265971466
0.0687052741,0.1469545576,0.1052048626
0.5640074040,0.7771566169,0.6017973934
0.0393960549,0.3453959156,0.2192761585
0.8076804074,0.9062189660,0.9939679389
0.6415395767,0.2927236086,0.6474651399
0.5926357245,0.6346019047,0.3742489128
0.7718575299,0.6279866319,0.5280793711
0.8929924721,0.8762366385,0.9990479434
0.1434262084,0.1904533744,0.3364534392
0.2740667406,0.3649031351,0.3687815597
0.2268445354,0.4027881026,0.0533922366
0.1842883283,0.1994295710,0.2549064835
0.0195093793,0.8162452757,0.4649567751
0.8635102411,0.6304369853,0.7072746542
0.5590490531,0.6251572628,0.4265877663
0.4930372416,0.6901117896,0.5910666457
0.6192205390,0.6333631091,0.4311234555
0.5794753483,0.4840857482,0.3370556545
0.9023921185,0.7578924512,0.8536636306
0.1217289817,0.1625754924,0.1454726985
0.4778024925,0.4662290709,0.1966900564
0.1148282567,0.1126666458,0.2663525498
0.7744516863,0.9633994182,0.9689115374
0.5193766983,0.3927453816,0.2693968057
0.5132303058,0.6473303961,0.5981774340
0.7752923799,0.7683541912,0.9453484407
0.3130924738,0.3825452046,0.3994853120
0.2310293341,0.3132322371,0.9373420096
0.2812782936,0.4061817634,0.0944742848
0.5482102556,0.2371189905,0.4190156921
0.1602607201,0.4936658631,0.2275319045
0.0200687265,0.3697954280,0.1175313216
0.1973087918,0.2096270232,0.4135163210
0.8935073910,0.9343780681,0.9624435311
0.6468905740,0.7324922099,0.5311340606
0.3940676352,0.3778456842,0.4613267799
0.2961989705,0.5973717994,0.4697169314
0.7671959284,0.6627470195,0.8185039556
0.0950969317,0.1469462727,0.0211102254
0.8890501095,0.8159926568,0.5073297902
0.2950803834,0.3089155975,0.3029240361
0.8722210927,0.7416461049,0.9290997897
0.5609586133,0.6571310422,0.3932717022
0.0732065283,0.1146122902,0.0628874706
0.0206818007,0.1529749858,0.1241910048
0.9547415525,0.6494936861,0.6026854930
0.6358513699,0.9428418098,0.6623995577
0.7574684694,0.8219458282,0.5712067219
0.1131579294,0.1507997971,0.2985626559
0.8640703815,0.8723416947,0.9655925786
0.6163741934,0.1561779087,0.3619106059
0.0708969962,0.1881302302,0.0790055331
0.2012648414,0.3485780336,0.4011028487
0.0110702611,0.2221372132,0.0182673196
0.8556825574,0.8047084687,0.9853167837
0.8580140709,0.9273164126,0.7556952919
0.4035372296,0.3611308203,0.2739256994
0.7139137503,0.8274035231,0.6023186871
0.2488016617,0.0207368227,0.4499652963
0.9842572182,0.6560839295,0.7625357322
0.4209779516,0.3765219935,0.6472998163
0.9711001144,0.9038086411,0.8850552220
0.6824793312,0.6799542607,0.6889209583
0.7203907431,0.8362929880,0.7840229699
0.4530970469,0.2547278731,0.5037722520
0.2371628853,0.2857202857,0.5570960591
0.4050205593,0.1661773055,0.2525289366
0.7204201151,0.4502144920,0.3758286592
0.2790945017,0.0976330187,0.1831156477
0.8352598178,0.5065314713,0.2003855326
0.2607319915,0.0734768096,0.4700870923
0.9227732402,0.9374933741,0.9929534923
0.4040637337,0.2688957251,0.0988227321
0.0099651831,0.5004540637,0.1178276673
0.5489354872,0.3192413036,0.4548890489
0.8206221485,0.9201597862,0.9735112799
0.7663862865,0.2690777872,0.1863916534
0.7676917581,0.7581364534,0.9668746510
0.1950710609,0.4265912891,0.0874320690
0.5100888476,0.7157553682,0.9603483449
0.0855639123,0.4405449562,0.2629855532
0.2779176362,0.2985029829,0.2567946168
0.6121816670,0.6224595198,0.9076133273
0.6698996981,0.6901097537,0.6552626820
0.4947181781,0.3125085969,0.1131705558
0.4312393321,0.0764149818,0.0052862498
0.0971800372,0.0475567075,0.0048469002
0.1261265649,0.5235409338,0.4404815540
0.3476362339,0.4742971695,0.8336318205
0.4969573919,0.5327349948,0.4305163046
0.3070560552,0.0373990883,0.0778480493
0.2862230782,0.1288555290,0.0102868139
0.4042717341,0.5741036041,0.8071558630
0.5621531187,0.8126049877,0.4488993571
0.1303735047,0.4224224965,0.0753910878
0.3366100538,0.2292057583,0.2683453080
0.3336842003,0.2018450444,0.2651942686
0.4693233696,0.4804021105,0.5615149445
0.9742050864,0.8476786213,0.8058049659
0.2234899277,0.3005193352,0.5525461715
0.2476167094,0.3013541510,0.1238838666
0.3076685838,0.3149305397,0.1554159586
0.2723960155,0.3341160478,0.2365094968
0.7933544332,0.9735600291,0.9773492500
0.8212716088,0.8672207518,0.9813210500
0.2431222542,0.1274410788,0.2652784241
0.6658855752,0.6319361813,0.7394845935
0.5774112038,0.7038887796,0.5901844809
0.0652465386,0.2280732083,0.1669630927
0.8972427216,0.9257956002,0.8713263560
0.4535573984,0.5796589285,0.5555166915
0.2302669565,0.2964441844,0.1544780103
0.4498008199,0.2324155567,0.2577085621
0.1667321595,0.1374087799,0.2100820106
0.8575550909,0.6736091395,0.9562609890
0.5338364000,0.6285073007,0.5019812203
0.6697950714,0.3544836717,0.5686658423
0.2062466950,0.3204412422,0.2950488540
0.3017046020,0.6312446457,0.2833189993
0.4295213495,0.6858919035,0.3364287722
0.2303706235,0.5698313820,0.3705346219
0.9339422286,0.7109526072,0.8175920928
0.6210666845,0.5411280957,0.5801967879
0.8650999519,0.7668443272,0.8685022048
0.6292590999,0.5758669064,0.4652897622
0.5157120932,0.5299195060,0.3707876875
0.2874799620,0.2017732827,0.5005745855
0.5150277035,0.3705139193,0.5514910769
0.8794902904,0.4446679651,0.3043395639
0.9458366715,0.9811728565,0.8434082689
0.6151782904,0.7466642565,0.8929755516
0.1692619668,0.3657936545,0.6770403180
0.2319337910,0.0474368835,0.3759760688
0.9630320143,0.9228523789,0.6746433806
0.1398816470,0.1400774082,0.0945626988
0.1241997269,0.1509931986,0.3206220949
0.4951320813,0.3704872916,0.8207200297
0.6025945888,0.8177329626,0.5980254546
0.9530955574,0.8798848470,0.8475311009
0.3020239654,0.4382145780,0.0787411383
0.1617577238,0.0185204234,0.0135673722
0.8503392340,0.8321708194,0.9803713873
0.7702878964,0.5002662849,0.7175130699
0.1923117909,0.3908317812,0.5374824481
0.5297243369,0.5753541363,0.2782076970
0.7586531421,0.7945163384,0.6393169030
0.2595792541,0.0293138664,0.1428003347
0.1311542557,0.6453892209,0.4761946894
0.6729764239,0.9242541500,0.5873291906
0.5870564914,0.3995756398,0.5292411193
0.4840785181,0.3172011279,0.2855849057
0.7193425441,0.6510602071,0.8684844436
0.9034834356,0.7651156845,0.9295335583
0.5750366764,0.4129636069,0.6174144012
0.8853888811,0.7110517682,0.5978704717
0.3658643525,0.8313011007,0.5156401057
0.1813721400,0.5925494654,0.2604243550
0.9654513383,0.9437639673,0.7386629993
0.7650839825,0.7345111121,0.1636431412
0.2699236943,0.2893235372,0.5011147901
0.4191645359,0.4027172678,0.5074470367
0.9684600992,0.8198069201,0.7410114220
0.9863666271,0.9617123881,0.9292253788
0.6716140329,0.6879408082,0.7466288675
0.2255551087,0.1346115844,0.1426805251
0.5529793555,0.5089655616,0.1764560811
0.1384985079,0.0603871065,0.9386305438
0.6369809569,0.6769934929,0.7959479132
0.9572970726,0.9059160559,0.9178693007
0.0987674884,0.4768452786,0.1818216313
0.0982573708,0.1609008006,0.1258772326
0.9702855821,0.6256106037,0.9953659936
0.0360890312,0.1322071965,0.1813523415
0.7826705402,0.5684098380,0.7442297434
0.2703279503,0.1863461187,0.7522416800
0.7575017525,0.3863601641,0.2486884157
0.8387321974,0.7969519589,0.7539725861
0.5153502154,0.7585022755,0.4986395757
0.5524951296,0.5527339636,0.6152773078
0.2311369238,0.3393764685,0.5359402091
0.1512758619,0.0816681512,0.2873654955
0.4649693589,0.5205296038,0.7938446492
0.9296262429,0.6497293485,0.7988063863
0.7309145807,0.6230542956,0.5540770442
0.3134960746,0.0756585241,0.1482161080
0.4385327881,0.8469947558,0.6641737014
0.8878196962,0.9833640173,0.8602222343
0.3142897186,0.7767059789,0.1623188292
0.4342756574,0.5487446023,0.3777630307
0.4930529452,0.2207141896,0.0647707095
0.2444818839,0.3971149000,0.3912576097
0.6454292543,0.3214823115,0.5862555838
0.1441674240,0.4311008355,0.2197256259
0.8400749874,0.8359787556,0.9102083006
0.5820830545,0.6608523375,0.7083859639
0.1859098432,0.1189714558,0.0433360808
0.2244131587,0.1627517340,0.5101232711
0.3030484950,0.3779291320,0.2426676476
0.2119349722,0.7691826494,0.1413235469
0.5355303469,0.1445192668,0.0481090340
0.2006247008,0.2893514733,0.0922693683
0.9932743952,0.6273017634,0.8762018191
0.2706332764,0.5801698855,0.3086476883
0.7877554730,0.6589119023,0.4553820341
0.2726566748,0.3699350141,0.3965638077
0.0876976740,0.0603478405,0.2174437943
0.8690456645,0.8796452881,0.8747434432
0.3551442290,0.8284168769,0.6196497209
0.5526643087,0.6543516392,0.1409006769
0.6315124690,0.6479297449,0.1976578331
0.7553385030,0.8889779066,0.8554036312
0.2067012267,0.2008417981,0.0847061453
0.7061868972,0.5974517003,0.6091348135
0.6666758913,0.7800010774,0.8633898921
0.3470709342,0.4474644275,0.1693356081
0.1951445701,0.0646101248,0.3489308960
0.4517740161,0.2269039437,0.2218621783
0.9683890338,0.8835313064,0.8495626771
0.0645083232,0.2564687114,0.7428399125
0.3303265584,0.2520337020,0.0895607953
0.0276138065,0.0550128270,0.1184532291
0.7181525218,0.4709695568,0.7220509089
0.4836051785,0.4478503141,0.4577198280
0.2090761166,0.2552584129,0.2618334276
0.9396740399,0.9976198745,0.8477005583
0.9839755817,0.8689278645,0.8621076043
0.6382966044,0.6007196087,0.9918249935
0.0790885024,0.0635080193,0.2472393283
0.7878311119,0.7657760833,0.7072787775
0.3608386644,0.3586958225,0.1551573573
0.0845588725,0.1929231671,0.4668975947
0.9179503408,0.8806225186,0.6197941099
0.0593647227,0.1200831288,0.1966681925
0.5210220883,0.5118841378,0.8110815902
0.9022889997,0.9573539964,0.7804972136
0.5138955872,0.4085303708,0.1756154784
0.0744608255,0.1694945808,0.0128228265
0.0320763162,0.0657112656,0.1233115715
0.0270604179,0.4516478343,0.6380867440
0.2387380950,0.0757975169,0.2608696376
0.8382734152,0.8581002603,0.7737591388
0.0400108235,0.5649849414,0.1294191217
0.7782069345,0.7845555536,0.5709831155
0.0691649634,0.2175636778,0.2986358566
0.9807529396,0.5899850960,0.6041488664
0.2442200843,0.0065743070,0.1342757021
0.3672223664,0.3616526785,0.8452259450
0.7744764085,0.9454035781,0.9849923290
0.9370937324,0.7331442759,0.8122044179
0.7989104085,0.5048635031,0.6079811253
0.3601962663,0.6642027612,0.5258917305
0.6968736964,0.5050007574,0.1115947997
0.4393838859,0.5612387017,0.5654670377
0.7155568969,0.6544886569,0.3832214463
0.1416754677,0.1876460215,0.0250421869
0.4246991346,0.8483835339,0.8079462894
0.5662394406,0.0102425069,0.2074486090
0.2638578448,0.5583385382,0.1290948303
0.2700636001,0.2564101244,0.2144005276
0.5129712886,0.5001825137,0.5226630807
0.9572687884,0.8683521928,0.9508327633
0.6632574603,0.5132867960,0.3452634782
0.1155814711,0.1560884667,0.1370832391
0.7335381690,0.4238594246,0.6797562407
0.5357479810,0.6998051190,0.6104930109
0.8054898139,0.8513063168,0.8312678478
0.0248622914,0.6067431921,0.3149803799
0.5946647461,0.4144491590,0.9298012880
0.7788555722,0.8630792432,0.9764014381
0.1916700034,0.2367196930,0.1858132227
0.9775834427,0.8703910133,0.8855304191
0.0136710603,0.1212864329,0.0194765307
0.3427184431,0.0836912512,0.2656184652
0.7627047325,0.8614338109,0.8364295374
0.4542235197,0.2156145016,0.1565273277
0.8547879908,0.8403196865,0.5306424797
0.3577818337,0.2314822681,0.0391270212
0.6870905400,0.6401824935,0.6601879592
0.3165401284,0.0390495009,0.0411766275
0.8868469378,0.9663237083,0.7569506029
0.3365203983,0.8505853594,0.2848786450
0.6871633431,0.5442250732,0.8547630267
0.4928689110,0.8870055310,0.6994348287
0.1823298140,0.1206837670,0.0315297930
0.1083018997,0.3022609406,0.1772672609
0.3856025501,0.6017495157,0.5198830151
0.1581820070,0.0157038703,0.5308245858
0.0668971343,0.5505298621,0.2658026805
0.1880451771,0.5023807609,0.3111440295
0.4476750192,0.0903722968,0.1877175368
0.0751053756,0.1847607989,0.2876503040
0.5163164516,0.7505164265,0.4223091339
0.2516861361,0.0072228818,0.0587832835
0.9339653288,0.8673645067,0.5945905472
0.7615920271,0.8854012396,0.9240793564
0.0744010589,0.0616892064,0.1257775491
0.1979383184,0.9818118058,0.0862896762
0.3531548198,0.4223757007,0.5831648930
0.6282662455,0.1949507087,0.3339490360
0.2782051732,0.0399763452,0.6289828643
0.9690108260,0.9101469516,0.9111979294
0.5178450074,0.3121303321,0.6926284347
0.3202025954,0.5636768686,0.5455595100
0.6354907879,0.8760804947,0.5661369653
0.7689339068,0.6005941611,0.5237806969
0.1473625383,0.0263281221,0.1602927279
0.2702499078,0.2090928550,0.4074108879
0.4779177700,0.4008014116,0.0903199777
0.2940716681,0.3832525284,0.4740811745
0.1876203558,0.1101603062,0.0606598424
0.3352831437,0.3520897889,0.2269015080
0.9897842582,0.7803323294,0.5820975496
0.8393321580,0.9938380497,0.9319917650
0.9836641409,0.6929110947,0.8541508576
0.1023576737,0.1361366407,0.5517897203
0.0773684641,0.1827291887,0.0982099911
0.5922949177,0.5526781271,0.3932229157
0.1280757735,0.5557164430,0.4203640230
0.0825839561,0.1654997461,0.0026810808
0.9712353555,0.2414815747,0.2448393539
0.3198041508,0.3153003086,0.2898993931
0.7889558661,0.8151108140,0.6247461905
0.4871958348,0.4368299939,0.6618312849
0.8176919503,0.8999158033,0.9430604880
0.3719377113,0.3760117329,0.5408203390
0.7126687515,0.8393565639,0.9004023357
0.4381113317,0.5668384797,0.3048338281
0.9278622698,0.6012156750,0.6150085629
0.9440750950,0.9683057835,0.9272572443
0.2994235294,0.0805882166,0.0615606601
0.4132632389,0.7306621998,0.6006955146
0.1346346394,0.0975476553,0.0312143435
0.1076531137,0.1028385427,0.2249644290
0.3791624341,0.1928627344,0.0436956978
0.4238374176,0.3880982973,0.7309215399
0.8299657120,0.8599401792,0.7404427685
0.2065188067,0.2148899744,0.4203301421
0.2555944855,0.2945132709,0.5246386760
0.6170748297,0.5999917139,0.7024750282
0.1185863919,0.7389912561,0.1316149211
0.7652577824,0.9996996245,0.9371592625
0.8359638162,0.7308264822,0.8545921780
0.2269640247,0.2656071906,0.5530910022
0.4163425223,0.4212980420,0.3919646930
0.0935912444,0.6024088955,0.1235698881
0.6496115863,0.7888939230,0.5327938534
0.7697645421,0.7850391179,0.9808464269
0.6039418818,0.2665781296,0.1796057757
0.3999854324,0.2002648411,0.0288641933
0.3303458868,0.0501102643,0.4788208255
0.6666536313,0.5708232603,0.5317196044
0.0727419849,0.0007945209,0.7763146192
0.9131378757,0.3740460805,0.5104661641
0.8038097120,0.7847359684,0.8617006042
0.2165768935,0.2661550284,0.2103581235
0.4033713405,0.4540357317,0.4992718455
0.1949019406,0.6591342339,0.1659714731
0.3617682461,0.1620881539,0.3143058177
0.0547643032,0.1291474750,0.2296460955
0.6986447326,0.7051544624,0.4837739401
0.6276656316,0.5851865905,0.4861107893
0.7568465804,0.8517616923,0.9487483598
0.2357620649,0.4177964196,0.5757132680
0.4001008692,0.2502927379,0.1963185739
0.8651658886,0.8081893689,0.9083428014
0.2437340208,0.6350177860,0.2190691417
0.3244201808,0.3025019856,0.5703904308
0.7906664336,0.5530335872,0.6049515977
0.6188731470,0.3252187212,0.7077670800
0.4046233668,0.3134747109,0.3390821755
0.4941604486,0.5819933991,0.6944310010
0.3265827116,0.2399584418,0.1383054677
0.3591429715,0.2158841403,0.4171499531
0.3453920950,0.4914186997,0.4520641702
0.4004369197,0.2301548652,0.4923209068
0.5692805507,0.7817060531,0.7943011452
0.2347220213,0.1244477807,0.6006073445
0.8924673926,0.9156040721,0.8553214746
0.7006158015,0.4039222451,0.1260522634
0.2938970936,0.7712756447,0.2005977097
0.0238122227,0.1283860889,0.4744196444
0.6162752757,0.5797305211,0.4944806011
0.4532330297,0.5811563082,0.5333294082
0.1312038095,0.1350795270,0.6357107798
0.7265992046,0.3917887617,0.4994150553
0.5034601592,0.6361633479,0.2162481867
0.9857563451,0.9826282190,0.8679903387
0.9844822699,0.9185502482,0.9866787020
0.9116255468,0.6117920335,0.9711114846
0.1639759633,0.0665601180,0.2532653271
0.4484992957,0.7793276299,0.8705036891
0.5151846698,0.6121601938,0.8681639701
0.7790966826,0.4643406512,0.4418960070
0.7665610139,0.6493949137,0.4318593504
0.7574996929,0.8867094135,0.8915803214
0.7882903201,0.6684561142,0.9556814370
0.1458777769,0.2446338441,0.3115960060
0.9573900245,0.9268303714,0.9911615172
0.8211974669,0.5087262684,0.5180258923
0.5368204363,0.6225725071,0.8416838546
0.2169777004,0.5436847694,0.1984103673
0.1502881253,0.0694304813,0.0402669920
0.6888781885,0.8346284641,0.5361521781
0.3832276372,0.4392271036,0.6612858592
0.8332838584,0.9949859315,0.9833223656
0.1908573679,0.2586335508,0.0706224999
0.5743578528,0.9048414165,0.8859063081
0.8383311729,0.7924321633,0.8249051585
0.7535559412,0.7910550643,0.9007120479
0.3568005786,0.3911010621,0.2207237968
0.8577891834,0.3254266580,0.3740901820
0.4116081834,0.2704466276,0.2542701500
0.1261812146,0.1251741511,0.2383229422
0.6865976392,0.6653038391,0.6582313953
0.7678831771,0.6883552316,0.8230656775
0.2863424534,0.5625603484,0.3583573564
0.3483303617,0.2957184178,0.4047372013
0.0203038333,0.1029292670,0.0775194760
0.3867013272,0.4373131321,0.3604247397
0.7119765218,0.7512983521,0.7956641352
0.6833811588,0.3595093280,0.2781558386
0.0898533602,0.1066448843,0.1158708898
0.4559897336,0.3834869593,0.7576301404
0.0297798986,0.1026359178,0.0266409621
0.3571482528,0.2671916427,0.0468578750
0.8125973295,0.7456592999,0.7403335417
0.3171097041,0.5620405570,0.3013467426
0.8226464654,0.9910939491,0.7686070419
0.2107944050,0.0683472847,0.1290441714
0.8634388937,0.7869150754,0.9554310591
0.4077796791,0.7291418097,0.5578087302
0.2875489688,0.0133229973,0.2089999958
0.8167946132,0.5561989615,0.6867234150
0.3292869979,0.1004841924,0.2677315271
0.4461163923,0.1217002925,0.2866500921
0.5500707716,0.6262844423,0.8178680252
0.4272153276,0.5805175055,0.5050878347
0.0985053768,0.2205062799,0.4927871322
0.9237483018,0.4709546763,0.6215231423
0.3797962310,0.7028299721,0.5652450080
0.1773826474,0.8517318611,0.1681399982
0.8689116844,0.9653832780,0.5434566621
0.0942412694,0.6485522711,0.1318443168
0.6297905264,0.9874421474,0.5962498991
0.4170034921,0.0640765845,0.0318087665
0.8850280747,0.4337778871,0.9131187742
0.6302090656,0.8333783216,0.7759904597
0.6026454602,0.9171027837,0.8233450573
0.5207091190,0.6127030207,0.8217246820
0.5946728912,0.8616454141,0.5931907184
0.3946111941,0.6487953322,0.6166545617
0.8090198457,0.2344376854,0.6136295205
0.3392552589,0.4254421903,0.1289712506
0.8798713702,0.9821700998,0.9589308817
0.5638764311,0.6267596008,0.9709771856
0.2064596348,0.4484563517,0.4695833598
0.9435590640,0.6063130298,0.9551124135
0.8969489030,0.8023876518,0.8833909155
0.6958036369,0.6361445796,0.4030731130
0.7060977399,0.9564129100,0.5259452269
0.1266311629,0.0315731936,0.3201725200
0.6241414253,0.4734856237,0.3599513530
0.4943312648,0.3416906159,0.4637236279
0.9602038615,0.9688183686,0.9368505791
0.5838198855,0.6792075354,0.5371398427
0.9788741618,0.7157698489,0.8237723208
0.8312845338,0.5903882425,0.9678823259
0.7800570302,0.8639651583,0.8041253841
0.7677969761,0.8052754843,0.8939548526
0.0162311242,0.1279531321,0.3088995498
0.6477719831,0.6590395756,0.7727145344
0.2312942144,0.1892649211,0.5978962766
0.5926650759,0.5681545329,0.5226173579
0.4461857580,0.3699549725,0.5753338212
0.1869504009,0.2196200993,0.1798901258
0.3703636002,0.2396675105,0.4928659114
0.6116472401,0.4762080092,0.6079203128
0.1525015769,0.0158139277,0.0104765728
0.5064617557,0.8794785334,0.7579009045
0.9503459556,0.8059599310,0.9444255523
0.5399059784,0.4824504283,0.5097708266
0.7818182444,0.7516548517,0.7032249415
0.1363870089,0.2670425099,0.2482050906
0.8205159811,0.8000184409,0.7360794687
0.8633654546,0.7221019399,0.6384842649
0.8833455295,0.3010605871,0.5051557692
0.8377933031,0.8904983118,0.9954057628
0.4650561714,0.1154095985,0.3825146219
0.1533492514,0.2449584143,0.0454402354
0.2247354024,0.3206387362,0.5852317485
0.0859521035,0.3359223114,0.0745593744
0.6641664523,0.5923441239,0.5253043325
0.0071659305,0.0068849622,0.2792825850
0.0138155867,0.2293535450,0.5628170764
0.9529830055,0.9077571613,0.9501394129
0.2395004326,0.3314822960,0.2730204834
0.0484100349,0.0094634520,0.0756129484
0.7100817903,0.4523464215,0.5776521307
0.8371124270,0.5460208210,0.9425616660
0.3594606280,0.6357921239,0.5428793278
0.3323325558,0.1245094476,0.1559056071
0.9676979400,0.9020539785,0.7571412122
0.0000371076,0.0245411602,0.2801022789
0.0063337910,0.0032220633,0.3393250885
0.2474801436,0.5715768129,0.0585093812
0.6998045462,0.5538493110,0.6736215691
0.1692070622,0.0622559855,0.3595135198
0.9664552684,0.8739603772,0.9364173925
0.0924577842,0.0396810229,0.1177141355
0.7892505966,0.8591737967,0.5739927507
0.3895594775,0.4518980116,0.5494559794
0.1440660602,0.0504190137,0.1539886684
0.2228519312,0.2102158743,0.2069601214
0.2681672217,0.3051767378,0.9084628117
0.9477074566,0.9576391681,0.8456352286
0.2047280072,0.4205569416,0.1906607632
0.9571254411,0.7735717368,0.9754993617
0.2777641573,0.2489875937,0.1247584595
0.5338432449,0.0693474375,0.0449783441
0.8853362291,0.9450904417,0.9622570601
0.1332217642,0.1962973770,0.3791288975
0.8124026929,0.7464753950,0.6721574045
0.0566943948,0.6840723431,0.4457452115
0.6355141235,0.5284057857,0.5530409822
0.8404691736,0.7003683853,0.8004257950
0.9587995495,0.6670813561,0.8997495568
0.4059965645,0.1499787400,0.3624179505
0.9213270321,0.8057017441,0.9918797918
0.3902618617,0.3872337975,0.8822227273
0.2063802098,0.3872051260,0.1272586545
0.0772211036,0.0570270694,0.0423794539
0.6077233673,0.7307810374,0.6441778961
0.4816997431,0.6044028532,0.6744994987
0.1587865136,0.7163287306,0.1986049567
0.9521303102,0.8026390832,0.7783138029
0.1736660665,0.8751468257,0.0501077542
0.0740823654,0.2252487092,0.6340810027
0.7258522628,0.7396383916,0.8649459042
0.0915883740,0.2086399731,0.0304710890
0.0192266928,0.0486001289,0.0305215549
0.8069400862,0.8748476872,0.7354174203
0.6421693159,0.6479679011,0.5779370367
0.8986090125,0.8043724148,0.9167689449
0.9085956668,0.7772472034,0.7881647800
0.9399744172,0.9464671396,0.9824425178
0.4113563469,0.4150389721,0.4877943811
0.1212022796,0.1591440018,0.0095104492
0.9873799875,0.8807457322,0.6539843756
0.1185984658,0.3692708889,0.0987181421
0.8624834292,0.4420824844,0.5376201411
0.4528407609,0.5056321636,0.7660569904
0.8365916807,0.8961546207,0.7523779901
0.9552175385,0.5447955672,0.7601450661
0.5908319513,0.2272769587,0.1508011417
0.9281675266,0.9649651128,0.9226700486
0.9198513077,0.9161160476,0.7832464058
0.8219473803,0.8943951640,0.7805193210
0.0702835916,0.1709406065,0.4754310307
0.3734973830,0.1064412029,0.3986543003
0.6069953370,0.4477832375,0.3863064652
0.7868510174,0.4292115991,0.4499542832
0.8403037078,0.7683372441,0.9003768753
0.2644663696,0.6741862862,0.7019282775
0.0297355845,0.7727202285,0.0334528029
0.5598798503,0.3066841109,0.4300947401
0.9605290504,0.9310597621,0.9614607407
0.7849230637,0.5252293728,0.9495248363
0.3364773291,0.2422850281,0.1431999690
0.0214463711,0.1941976917,0.1354476058
0.2723103682,0.2450175244,0.1484445571
0.2913079457,0.0018265289,0.0483590719
0.9948822016,0.8651319830,0.7155369774
0.3964815117,0.0841033988,0.1380323062
0.7624077860,0.9412119908,0.8260057595
0.0593005062,0.2767927688,0.0906737913
0.7162438400,0.7374051939,0.9865612180
0.5380992382,0.7300899756,0.4670782619
0.3318697792,0.2849421863,0.0061770272
0.8776823251,0.2147695731,0.3155207956
0.9169025986,0.8590371538,0.9122993916
0.5841532782,0.6713971325,0.6923841377
0.0866116559,0.0791711183,0.0931994794
0.9708065426,0.8531500064,0.7603534953
0.8331336414,0.6170309178,0.4193071598
0.1238370197,0.8916102568,0.0331582575
0.1127829846,0.1833411010,0.3593207847
0.1023912441,0.1524580748,0.1837603054
0.0254859407,0.0711532874,0.2188391699
0.7510981078,0.7790496076,0.7625754017
0.4079539854,0.5252435885,0.1627984235
0.0934757377,0.3264229088,0.0179890610
0.6503039436,0.7499087851,0.6261567792
0.3522295773,0.1825164887,0.3833240119
0.0552229318,0.3072943747,0.0169540611
0.3586950866,0.2804134515,0.1045209924
0.1677163834,0.1512972219,0.1791823889
0.4032258269,0.5017450664,0.7459531599
0.3487916141,0.8815344465,0.3554885010
0.5048862606,0.6585510451,0.5696759795
0.0770248374,0.2653979778,0.5341901004
0.1045429511,0.0828526489,0.1021187027
0.3570373667,0.6485022085,0.5804735239
0.1331940669,0.7021995741,0.2519966880
0.5836157866,0.9059639452,0.4152852528
0.8024543911,0.0731679145,0.1349114067
0.4355128702,0.8688190967,0.5311251138
0.9429822334,0.8719412226,0.6319314818
0.0629804113,0.0691690589,0.0041843390
0.4441464975,0.5394144807,0.6593266921
0.7006724285,0.2021847318,0.2735743018
0.1632664564,0.1821959641,0.3552756443
0.2658680506,0.3891358123,0.3721626081
0.9804338485,0.8674137638,0.8905046491
0.3252326833,0.1547635048,0.1955895270
0.8791332941,0.7907224993,0.8749548488
0.9653894275,0.7232589656,0.7184267834
0.4220540786,0.3316926060,0.1938953853
0.3301865245,0.2512484301,0.8149152384
0.8016443155,0.8293854414,0.7269463381
0.1271829310,0.0366968226,0.0019042498
0.8499447501,0.8890269073,0.6870001974
0.9015003853,0.9415803913,0.6375563112
0.5857792275,0.7098485780,0.3364818114
0.5520347881,0.3655506984,0.3589395084
0.0329264827,0.2123421250,0.1514344264
0.5383214059,0.7442079422,0.7255809549
0.1852858386,0.2524340298,0.1866067874
0.1622255139,0.2174238025,0.5413385272
0.9328438493,0.9030789535,0.8997945634
0.8648224331,0.6570521688,0.6988437689
0.9527770669,0.8221394242,0.8358574480
0.6708441642,0.7769802120,0.7803776109
0.6840601513,0.4553235369,0.5067232307
0.2819490969,0.1255405841,0.4340417290
0.4994815013,0.3793926034,0.3053373745
0.4997855827,0.4000951272,0.1255515245
0.4367630301,0.4917783369,0.2517609283
0.7878346093,0.6811265366,0.8311846628
0.3981854342,0.2327624585,0.0586464377
0.3412296745,0.2870024566,0.3281429007
0.2681490215,0.3849807385,0.6699025313
0.4760559199,0.8193908108,0.8293491871
0.6869602779,0.6084274129,0.7024086773
0.4976801010,0.4172144748,0.7997583887
0.6804925361,0.9781758378,0.7912736010
0.5304141991,0.7949283211,0.5505708332
0.4738887221,0.0970520284,0.1272571000
0.3068493747,0.5415834530,0.7394057982
0.5872815168,0.6406842380,0.5570315979
0.2246429342,0.0451290977,0.2110304870
0.6816217713,0.7848925711,0.5983675996
0.8272620797,0.7893362264,0.8030009769
0.5565723145,0.7778903281,0.5506732972
0.4097674235,0.5915737438,0.2935091188
0.5452327395,0.2050989934,0.1055237995
0.0853687587,0.2896441172,0.5397975893
0.4377060303,0.1908559875,0.2751052783
0.4493728092,0.8805109454,0.8284386456
0.8879966527,0.9416673248,0.5591245383
0.6122827331,0.5701700523,0.3290941864
0.3481038976,0.1948412197,0.3187419942
0.9521914700,0.9466677636,0.9824470281
0.4806926663,0.2788912017,0.2233110284
0.4526330637,0.4547057854,0.5582691121
0.8886761564,0.7388001987,0.6455472584
0.7905353838,0.6145474906,0.9390526203
0.1009823687,0.0357713085,0.1173760331
0.9769646341,0.7455738736,0.9432510532
0.4883642124,0.6631788253,0.5916422920
0.8273787586,0.2438486305,0.5111945189
0.8455245250,0.9325995105,0.9876415610
0.2554519382,0.0630915137,0.5196282815
0.3666995100,0.4646201009,0.5898814022
0.6344271878,0.6267241091,0.6126903043
0.0359358076,0.2917955089,0.1700107452
0.1819412260,0.2027587207,0.4415558173
0.9568644371,0.7701134747,0.8116339405
0.5401610368,0.3184093513,0.3352462190
0.8067668167,0.7950535263,0.7569714146
0.8515779638,0.1632294743,0.1921541307
0.7116848329,0.5414080313,0.7001555219
0.7892455534,0.7107624043,0.5652036151
0.0612273216,0.0847698440,0.0380541910
0.6913611979,0.7291904142,0.5451949858
0.9403880554,0.6450461860,0.4762048628
0.9711254257,0.7888475548,0.9759485470
0.6561800426,0.3762070685,0.7259023425
0.6519446659,0.6987645721,0.5785503897
0.9511564563,0.4875926274,0.4495273137
0.1980553031,0.2942225847,0.0793942812
0.2729786630,0.6013492281,0.2639977135
0.7260675355,0.3762433966,0.5475139992
0.3539283686,0.2991042134,0.4071395116
0.4242836704,0.4451606521,0.1728738404
0.2230749215,0.0076983072,0.0114704880
0.7493045546,0.3378100034,0.4310307706
0.8215391274,0.1594224605,0.4404236808
0.2469321723,0.0965736064,0.1717337393
0.0435128934,0.0080369563,0.0794303501
0.3663699918,0.2386476298,0.8711706629
0.3635857411,0.3886373999,0.4000587518
0.5588527523,0.5748673496,0.6937099590
0.1684058046,0.0184161546,0.0602922938
0.8095814157,0.5801236174,0.7820942469
0.7184770085,0.2584764195,0.5621400743
0.7186732874,0.4842915695,0.4207541683
0.1359983134,0.3922513778,0.3510505316
0.0513086681,0.1132608636,0.7515843045
0.4398990413,0.1439852850,0.1923015192
0.5862065844,0.3378862693,0.3459202460
0.0368042954,0.3217715938,0.1331786879
0.1160084157,0.0573208269,0.3038447353
0.0463640512,0.2274946985,0.2001851999
0.2155550264,0.7340277514,0.3749290174
0.5352062452,0.0449976514,0.2508908210
0.1756348962,0.5482210270,0.3972794670
0.0659095410,0.1847188236,0.3644418558
0.0766761599,0.0881361332,0.0817378916
0.4827324639,0.4279635034,0.3271914221
0.1588226156,0.0492034695,0.2069226479
0.2205606243,0.3528193380,0.1843537159
0.2807250457,0.3641006371,0.8381442665
0.7601634960,0.5904942216,0.8916195176
0.6663609734,0.9225487439,0.8950980208
0.5517468731,0.9912622567,0.8248979443
0.6866774557,0.3544418758,0.4281926942
0.2402123484,0.1032261093,0.3170823154
0.5786103935,0.7201378457,0.6699689607
0.0588516557,0.1648851536,0.0786516912
0.4271842583,0.1126143870,0.0965808931
0.9759748265,0.7999677996,0.9670401350
0.5359484202,0.3720000440,0.2013239594
0.5500455708,0.6844989498,0.3380079342
0.6218782801,0.7269397305,0.7679214070
0.0239080105,0.2805328862,0.1924057674
0.1013961487,0.0274588827,0.0090009135
0.9358563846,0.9264214822,0.8180878860
0.2449622888,0.5909436614,0.2310256705
0.1926382024,0.1436408583,0.3528962114
0.6149552590,0.5562412505,0.8298406213
0.9998951325,0.8373822099,0.7398241662
0.3699631846,0.6684793084,0.8670236704
0.8401009268,0.7897557474,0.8309119136
0.5220984093,0.5512371112,0.4311617251
0.9206617986,0.9685945896,0.7363662359
0.9621874880,0.9638436164,0.9435606971
0.7532714104,0.8485342948,0.8239546402
0.0487473055,0.0689032334,0.1899604095
0.8843409998,0.7624948516,0.7743087929
0.6278894555,0.7954915886,0.5685631105
0.3123055000,0.3939310855,0.1081863107
0.3400374252,0.4083010949,0.6077325319
0.1976019926,0.2572842728,0.2983186254
0.3978924308,0.3726164904,0.4167401358
0.2490295354,0.1792624478,0.6892494395
0.7320860576,0.4152516822,0.5952828718
0.4903376457,0.6851874276,0.6118773561
0.5080823390,0.6158599533,0.1829830473
0.3963065167,0.5338487828,0.2165831602
0.1301645306,0.0382839484,0.0245287866
0.6238568419,0.3565322220,0.5725012483
0.8499722263,0.4785160473,0.5379281274
0.2872452926,0.2646815600,0.2047986632
0.2145576639,0.9228943119,0.1190031502
0.8284173035,0.7954429437,0.8706302814
0.8160827463,0.9433126367,0.7939404303
0.1061562428,0.0618933205,0.1186999640
0.8001346562,0.7553587177,0.5279442123
0.9346076673,0.6319997278,0.5783934903
0.7493267265,0.7620770574,0.8388804828
0.1169451797,0.0341258196,0.1159648033
0.7621425644,0.8181689335,0.9313777020
0.7487301203,0.9056399865,0.8699171157
0.8016490135,0.8435370007,0.7214526418
0.6190113269,0.6561489841,0.8433314484
0.0999923011,0.0585586789,0.0433604983
0.2420336645,0.2197012330,0.1171955518
0.2170628387,0.0595354609,0.1399891930
0.2030868994,0.1439500989,0.1283607430
0.3300358078,0.5202509794,0.1325856708
0.1290146862,0.6232595146,0.0535737122
0.8122725778,0.7686387531,0.7919068922
0.7443078093,0.8803254090,0.8767485958
0.3927490336,0.6658271879,0.4028853674
0.6359443023,0.1663969466,0.3349181726
0.6179868267,0.6336379988,0.6339964094
0.3518926456,0.3246152852,0.5229327007
0.2828835513,0.7677498592,0.3416133561
0.1036628387,0.2232349112,0.1245395932
0.3014112560,0.1905841622,0.2334376932
0.8938846897,0.7889005539,0.6758596040
0.8669191040,0.6483575243,0.9642948868
0.7143128460,0.5881515560,0.6301525881
0.1605679305,0.2401357196,0.5745340165
0.8369146108,0.9339232307,0.9863329162
0.1525909689,0.1695458509,0.1930390910
0.1688775790,0.2471750750,0.1242931892
0.7584616035,0.3855807656,0.3439154353
0.7455058830,0.7216712429,0.7403524400
0.4838365685,0.4106448648,0.5310246240
0.2332985770,0.2851032030,0.4403338865
0.1974137418,0.1835641484,0.0290735358
0.5775627547,0.6211934086,0.6398703876
0.8597290880,0.7948928195,0.9279798049
0.4207784022,0.8124284108,0.7460399165
0.6543069681,0.9419438087,0.7428840093
0.7967637919,0.9949158725,0.9762946598
0.8355944285,0.6454106824,0.5491195879
0.3204540435,0.2816233004,0.1708401417
0.5453766738,0.4029627194,0.5640935969
0.4481131368,0.5309138971,0.5181513778
0.1779771405,0.0458836115,0.2178086428
0.1934871563,0.1497326713,0.5487528980
0.2456226180,0.4053440401,0.5518068460
0.9583873360,0.8611627501,0.9704814451
0.6323998028,0.5695211148,0.6803845308
0.3977719371,0.0667296449,0.1186923115
0.3624640325,0.1419506291,0.4199064550
0.4244945612,0.0226071268,0.0810030050
0.9089644383,0.9692460608,0.9721102684
0.3073709945,0.3484942885,0.2230210907
0.9022948347,0.9512150524,0.5814940054
0.8218363207,0.6849353642,0.9068042130
0.0486590624,0.0913478756,0.2714989922
0.9329391243,0.7922475811,0.8964283497
0.2129461422,0.4636240670,0.4903868709
0.9425303771,0.2166754359,0.1668772988
0.7959265820,0.7340646081,0.6415390164
0.2490421152,0.1617137949,0.0297067638
0.3102106638,0.1203330251,0.0462569992
0.1422530833,0.2835667339,0.0149869128
0.2237618670,0.3622572634,0.2705720284
0.4404802445,0.5893615989,0.6876809399
0.7691744755,0.8836117350,0.9779747496
0.2704282451,0.0995406887,0.0867806628
0.0484280590,0.0047591870,0.1102013666
0.5158410963,0.7318861588,0.9426002166
0.5857387516,0.5270277552,0.6851607190
0.6718257583,0.5703254003,0.6413828424
0.2368359340,0.9067442539,0.4841683425
0.0646472609,0.0432093609,0.2299918734
0.1892277896,0.0716683010,0.2761424837
0.6793940805,0.7199827098,0.4946850617
0.2891386213,0.6948903077,0.3581762499
0.0591716481,0.2201351738,0.0341927791
0.4009045059,0.6398794668,0.8836404875
0.7036821024,0.5362245337,0.9398664411
0.2010471255,0.2328074351,0.4307491677
0.6307696216,0.8605134776,0.8294025491
0.8818508194,0.7799540681,0.9870722961
0.3351117582,0.1366944185,0.1715578072
0.6856863201,0.7937606699,0.3306689996
0.8969171499,0.7571795373,0.6205050462
0.0937242256,0.0021511826,0.0340519596
0.8409945414,0.5992191851,0.8175673606
0.5642125320,0.5780232890,0.4080917626
0.6027969194,0.5252640381,0.8538469042
0.0082098029,0.0295943081,0.0179085447
0.6506810460,0.3476287211,0.3118745054
0.6994990674,0.5758533507,0.5735758343
0.8486182307,0.9753382939,0.8882348210
0.0854356477,0.2771999181,0.1838200297
0.6464288163,0.6992920443,0.5389979806
0.3222157748,0.2373051861,0.3092075226
0.9550346117,0.7604375816,0.7830592464
0.7152896210,0.9731095935,0.9681323231
0.4828726034,0.1248359621,0.3078032339
0.1941958989,0.3021473454,0.3243200285
0.0508872198,0.0300870525,0.0165619734
0.6952117847,0.3964000718,0.6805709765
0.0155353580,0.0230451576,0.4825905809
0.9820809601,0.7613233537,0.9613265603
0.8596867792,0.6798893370,0.7695404180
0.6870159011,0.5518227393,0.4083317677
0.7698354975,0.8060814697,0.8586332276
0.3119904961,0.0451173854,0.1322982074
0.5158215951,0.7418746337,0.6204546138
0.8671616448,0.9583706886,0.9895184443
0.8664793899,0.8535065158,0.9917773966
0.4333093179,0.5351342416,0.8499652125
0.0574101507,0.1066962034,0.2660397906
0.8080418125,0.6794234498,0.6158575030
0.6136750357,0.6992355130,0.4062698501
0.6637394711,0.3357315016,0.4864200938
0.9633761933,0.9604981945,0.9909059055
0.1467128258,0.2709222056,0.2837512006
0.6259793261,0.4646985178,0.2173963729
0.7040467691,0.9377914377,0.6834723960
0.4193565858,0.2113723064,0.1525019049
0.7878885744,0.5476920647,0.6212188176
0.8600568624,0.6182360733,0.5559836291
0.7480480679,0.2491943357,0.4535301010
0.8138670760,0.7612572461,0.9673966035
0.8937675761,0.4607300893,0.8676310550
0.6544861396,0.7475948266,0.7794501299
0.1175702965,0.0288289439,0.2661043786
0.9484636262,0.8382921199,0.9747142076
0.3530583757,0.2939830623,0.6241835274
0.4141364974,0.3968273895,0.3542494598
0.4146803938,0.5133562116,0.9083308965
0.6157841212,0.5282159346,0.5125872310
0.9272693148,0.4468312926,0.3391620745
0.4608133473,0.1099981358,0.1516977701
0.7076408318,0.4606665234,0.9241415978
0.7382262691,0.5910366798,0.6506913845
0.7874738425,0.8415132965,0.4801595132
0.3951303332,0.3185062271,0.2331912682
0.3407464327,0.7384709793,0.5517730031
0.2639530247,0.2905905751,0.5796062523
0.2036133458,0.4016657384,0.0726538313
0.8852742947,0.9797223659,0.9585404253
0.7778839280,0.8783411349,0.5294852164
0.4572507362,0.4086811126,0.6594921450
0.3089108668,0.1981395013,0.3344216261
0.0939721282,0.3024859556,0.2923169627
0.4987925527,0.5863754650,0.4092260858
0.1291436789,0.5818832681,0.1789481928
0.0226527304,0.2260064833,0.0523902234
0.7380646356,0.8212660383,0.4983468048
0.9290979458,0.9559628895,0.9638873316
0.2212638273,0.2962706086,0.1160295061
0.9062891235,0.7280990775,0.9505871672
0.5526058778,0.6219100180,0.7111578104
0.9041741075,0.8550298476,0.7789881387
0.9678040065,0.8359274889,0.8130168534
0.5304622591,0.8963192941,0.6120105016
0.2397403837,0.4484334592,0.0989079844
0.1687769356,0.0233560944,0.0369584262
0.5821632016,0.1992822010,0.4931938992
0.1424509509,0.2115239972,0.5146743294
0.2405439977,0.1388952790,0.2040781894
0.5709231927,0.7077807231,0.9870880407
0.0698918713,0.1715637284,0.1460234959
0.2905836045,0.2853803578,0.7299266773
0.1198470855,0.4765733161,0.3372119266
0.7383514619,0.5079605623,0.8662088840
0.3059546145,0.3785319316,0.5734431991
0.7187197891,0.8392064164,0.7842150438
0.6063831554,0.9496893775,0.2504391542
0.9629267693,0.9910225482,0.5495945625
0.2386502352,0.1279053854,0.1082621863
0.3049130660,0.7334564566,0.2216070930
0.3034474511,0.0090175190,0.1415219591
0.4122123927,0.4521306047,0.7265906591
0.7304126298,0.7970364796,0.6983184621
0.7569025400,0.3146141521,0.3065866341
0.7439989581,0.6582017006,0.5368201416
0.4136859252,0.1859693914,0.0650248594
0.6220102852,0.8363758950,0.8710609209
0.8915785722,0.6579559039,0.7038070999
0.2484412668,0.0374439802,0.0721668460
0.3177518673,0.1611213822,0.1554390261
0.3884155106,0.6709173539,0.4414601443
0.2726213715,0.2570740262,0.0855545276
0.5618681141,0.5243575077,0.8268882823
0.8131143194,0.2842565830,0.3278325578
0.0014842399,0.0752408991,0.0431331321
0.5785527055,0.0276020836,0.1338871749
0.4699278049,0.3098721448,0.6877274229
0.3973449733,0.8154904983,0.6060566734
0.7222973625,0.2819184074,0.5668831554
0.6330297932,0.5424995619,0.6052227432
0.5214905325,0.3940280065,0.0250990373
0.1929448115,0.0726414012,0.1373200429
0.9557292494,0.8460922683,0.7899305398
0.9376352708,0.9531705379,0.7609712329
0.0194636017,0.0217534349,0.4626593928
0.3483473168,0.7595403804,0.2633671983
0.6097249343,0.5601880736,0.9280998388
0.9542918231,0.8273864450,0.8437849277
0.6402443038,0.5729080830,0.4335379994
0.5567339676,0.5773902233,0.5779823470
0.3085124715,0.5403293594,0.7267548638
0.3494758656,0.2946197568,0.0672396589
0.3987747292,0.5278846237,0.1567920591
0.6044472521,0.7016446495,0.5270781560
0.1606860800,0.0119340354,0.0008407769
0.2012130808,0.4735198438,0.5632096754
0.6477236828,0.5139973761,0.7381101277
0.7938293709,0.7821438037,0.6529400437
0.9170836336,0.9746916958,0.9744653611
0.6448782421,0.7901748772,0.5046191825
0.9919237027,0.9618510873,0.9495748080
0.7872090284,0.1380132440,0.2750634618
0.7975434642,0.8981759086,0.3461864685
0.4196620147,0.4924670142,0.6296768985
0.7022027522,0.8537502524,0.5860425296
0.4822434056,0.4448434295,0.1970572980
0.3474046737,0.3283623436,0.3892230304
0.6149245166,0.7235379892,0.7471663430
0.4355701303,0.7557203752,0.6575792918
0.3083944378,0.0687290544,0.2533841804
0.1529042694,0.2126254982,0.4071170562
0.0749738651,0.1584948081,0.0052611916
0.9781305021,0.8784449240,0.9116119808
0.8049614287,0.4790993940,0.4650907480
0.3456720925,0.6126579183,0.1863824255
0.5399580930,0.8618706961,0.4482700625
0.4178670311,0.3593961824,0.6087636865
0.8298772349,0.7156775228,0.9174426528
0.4544451357,0.4672234061,0.3830485669
0.0956904767,0.1021415907,0.1956068141
0.0161476440,0.0804992163,0.0255849797
0.6212618967,0.7436453369,0.7326849320
0.2132901703,0.2664406933,0.4654740618
0.0826457076,0.8328074028,0.1999334333
0.9688426425,0.7843967089,0.9304284257
0.5365172156,0.6698557171,0.5763805822
0.8040775569,0.8040142605,0.6765767281
0.0096075150,0.1210673709,0.0050444541
0.6893877982,0.7988351734,0.9979538311
0.6614138157,0.9111617082,0.8890188764
0.0263415337,0.1412605553,0.1106473276
0.8050282509,0.7569290471,0.3633193328
0.0227134903,0.0210995684,0.6192462123
0.6694173985,0.6844921363,0.9549734706
0.5515425149,0.9497890729,0.8245210357
0.5929287857,0.8751106380,0.5926433521
0.0743331239,0.0742770831,0.3282472781
0.1835390481,0.1687894542,0.1822898737
0.3816545319,0.3365526991,0.7103996467
0.3015083446,0.0580366259,0.1166597377
0.2695917774,0.2347665257,0.0008669399
0.9308229278,0.9791024235,0.6987956010
0.0962562009,0.0694272546,0.3137362471
0.8184222495,0.6443262072,0.7207904099
0.5927579721,0.5810725848,0.5267499078
0.1929981241,0.3972170673,0.0717201547
0.9257872018,0.7247572105,0.7306294020
0.0454709720,0.0299995907,0.0075271435
0.3502653376,0.8703627619,0.6287841071
0.2410368603,0.0463949347,0.0780123669
0.4657352713,0.1318538417,0.3649160987
0.9358149136,0.5400857466,0.7349130661
0.8485310801,0.9622931028,0.8992171292
0.3252996302,0.1647852781,0.2486875406
0.7958155848,0.8525908555,0.7237424627
0.9663152392,0.9351068838,0.8583582512
0.0334758862,0.3957691787,0.0832739585
0.3437136186,0.5908822439,0.2884648518
0.3795886608,0.0608428054,0.0714981769
0.6520075593,0.4683388737,0.4906265602
0.0771164883,0.1000264295,0.0952120415
0.0733980448,0.3534995669,0.1024237159
0.8466512832,0.7306480655,0.5673977933
0.3654006384,0.1689811187,0.0330006365
0.2766738702,0.2666229761,0.2850865512
0.5600492310,0.3807790165,0.3689904440
0.9186424863,0.9761537725,0.7802498381
0.6873688338,0.2289087163,0.2262522482
0.7417102757,0.7831650884,0.9744118069
0.8982054417,0.8642384623,0.9665712470
0.0428171970,0.0714407154,0.0994875383
0.7746209697,0.7345126632,0.4883960685
0.5174521404,0.1638928835,0.3288197927
0.8180706309,0.7199344201,0.8607401164
0.9224747957,0.7969425035,0.5810438821
0.7300899232,0.9763621360,0.7771135189
0.7757876756,0.8995371541,0.8942696589
0.1705255440,0.4557143465,0.3720014828
0.5992931963,0.8177814131,0.7226600340
0.7599953835,0.9001989863,0.8631249769
0.6117702397,0.6143522338,0.6733140127
0.7653737735,0.6186482090,0.3368732790
0.4799913244,0.3824502066,0.7709870542
0.3750718777,0.2225746323,0.3885302849
0.7567973579,0.8487611539,0.5081092080
0.0442528785,0.2991669665,0.0977573436
0.3911229248,0.4835102080,0.4909363360
0.4557770714,0.1110874812,0.1749787988
0.2559296033,0.4794037954,0.3690427886
0.2689326180,0.3453616747,0.7116122206
0.6729154343,0.7311068478,0.8853769825
0.7970148231,0.7642480078,0.7407471737
0.8478401069,0.7004736840,0.6798552927
0.7230951803,0.8267062764,0.7058846973
0.7626309942,0.7865791420,0.4824078066
0.0473354128,0.5737893730,0.0021633915
0.8266703447,0.9180059095,0.8803857166
0.7927796546,0.9411103197,0.6836011437
0.0668385273,0.0414734282,0.1677282868
0.0091090209,0.4387695033,0.0066197466
0.9900577683,0.8991005812,0.7510003856
0.9542010177,0.9840146209,0.9586913011
0.5471718411,0.6771845912,0.6609488434
0.4680987315,0.4344902620,0.2755896603
0.3971094193,0.2068886153,0.6624320583
0.3453623758,0.6941897759,0.4006171742
0.3969501393,0.5312508439,0.4516540559
0.2707247464,0.3949991926,0.8824406299
0.1716063095,0.0823672202,0.2861889169
0.1472591723,0.4305617093,0.2800232493
0.0994761034,0.5146070474,0.1151076489
0.1003203214,0.0144643581,0.1950680791
0.9356198922,0.9190802301,0.9917830265
0.9249711630,0.3771821436,0.2334869154
0.4451382400,0.5825416870,0.4958527944
0.4004929230,0.3197502924,0.1404320765
0.8102856214,0.3103952066,0.4141368404
0.1658306703,0.5089695567,0.1608793520
0.3254393428,0.2563418703,0.1139303419
0.7324751243,0.6541163470,0.4332713167
0.5418597571,0.5178834818,0.5213052525
0.2431887554,0.4060796137,0.0307991590
0.7915136647,0.9612346046,0.5929613095
0.9891335203,0.5128181614,0.7525182333
0.6965955712,0.8937167143,0.7371333100
0.7557153688,0.8106228791,0.6065628888
0.5057820872,0.3469622218,0.0690578894
0.5944869376,0.2326987914,0.2744803501
0.9726666276,0.8623257822,0.9988100946
0.6544833855,0.6103451827,0.8433515205
0.8930807931,0.9021586996,0.8523375814
0.0588043251,0.1530983934,0.1164879761
0.7546241120,0.5206799017,0.5058654219
0.2526648747,0.4236347912,0.2738030742
0.6032780086,0.2024676018,0.4360295948
0.6745501726,0.6335987123,0.9684278205
0.0715172755,0.2729000379,0.2117869904
0.1284931076,0.0355723333,0.0568789947
0.2208614742,0.2374786391,0.5275766852
0.3258403834,0.2285637256,0.5709367034
0.9341853476,0.8090733073,0.8904023680
0.9381050862,0.7653648177,0.7357437228
0.5933470962,0.0692139970,0.2800014583
0.9318639861,0.8078458858,0.8459879753
0.3612777272,0.5484724392,0.6866767696
0.7042051928,0.4928854767,0.5411651997
0.5457200035,0.7416459656,0.5079211202
0.4769546520,0.6959575096,0.7377809619
0.6459187390,0.4012578778,0.6553140071
0.4331616465,0.3116132110,0.4288789464
0.7666013931,0.4666323138,0.7048679424
0.6479910124,0.7729886746,0.7340503296
0.2575477879,0.1444772850,0.2612713827
0.1208864006,0.2776885757,0.3302343196
0.8710599376,0.9163948936,0.9814711088
0.3080214250,0.4714593484,0.4591843858
0.8799047024,0.9933405241,0.9879639424
0.0947186977,0.0544114860,0.4536684813
0.7145525666,0.7294200052,0.8568835526
0.6010627070,0.4493953497,0.1967015454
0.9660438748,0.9845853106,0.8669186228
0.8364917682,0.9988732315,0.9366731954
0.4662142432,0.4541984111,0.2293442771
0.6186847221,0.4565098184,0.6292631991
0.3703683467,0.8456939836,0.6305999760
0.6833837318,0.9704233305,0.7556423505
0.6141102235,0.6652999724,0.2608065691
0.9483614289,0.9287734714,0.7836254330
0.7050887910,0.6988074934,0.4608786682
0.0306521286,0.1446185000,0.0861057617
0.9145645226,0.7698743094,0.8112978483
0.7644107196,0.8977720374,0.8542556056
0.0180753016,0.1052788545,0.0426974464
0.9044389828,0.7235609961,0.8876988959
0.1896248413,0.3997595544,0.4032744202
0.1043982828,0.1746853778,0.0329151258
0.4431443203,0.7216539615,0.7222264478
0.2158454100,0.1023806635,0.0158427326
0.4342742485,0.5358887649,0.9153323219
0.3836759246,0.5025701338,0.4492836387
0.1782730983,0.3085942443,0.1575762600
0.4282512246,0.7413699036,0.2904167098
0.2180443820,0.1620919189,0.8245483918
0.1814181337,0.0058589714,0.1721807198
0.8882686840,0.3880429377,0.3945760753
0.6420172264,0.7636089061,0.8270236057
0.9964915920,0.9440640314,0.9690070219
0.2870340356,0.2888450686,0.0009116986
0.3796758646,0.1487679793,0.0894277787
0.6808217187,0.7688743203,0.9395464726
0.4251020162,0.3176932755,0.4972129696
0.7510260937,0.9922950418,0.9442991806
0.3853810086,0.0677284592,0.0040842084
0.2564192413,0.1500604504,0.0233011990
0.6143321787,0.6925117362,0.3982451803
0.6376886869,0.5801560806,0.5542397463
0.6692645145,0.6279341007,0.6439681582
0.8707464280,0.6928552953,0.8870824540
0.5722113991,0.0234944035,0.1621702306
0.0470389348,0.1127659085,0.3709758746
0.6679993609,0.9179779580,0.9697743810
0.1044074537,0.0838949459,0.0243916681
0.0606366169,0.0109724737,0.0477554516
0.0731303327,0.1723880840,0.2814321960
0.4472472479,0.6208657660,0.4676598869
0.5148156560,0.3332961274,0.2783745133
0.1217998283,0.4123905471,0.2851635868
