0.3814919705,0.3180525110,0.4677568325
0.2509516703,0.0182478890,0.0741802589
0.9128899652,0.8998708049,0.9013587867
0.9480912517,0.9694606296,0.9508066658
0.9927585751,0.9905260405,0.9894599168
0.2548149555,0.2478677060,0.4102101495
0.8324822872,0.7097490156,0.7595917163
0.2951084083,0.3978092532,0.2271320454
0.4720114385,0.3672118782,0.2941158573
0.9481576938,0.9583001665,0.9442756658
0.5578908743,0.4604146130,0.1791379056
0.8901687623,0.8831361515,0.8402230898
0.5530251404,0.4004226298,0.5149820949
0.7058043508,0.5620179026,0.5926690727
0.4067644353,0.4291097093,0.3555654528
0.4442603969,0.3950942285,0.6340154544
0.2600812302,0.6255417666,0.3607967925
0.6852501860,0.6013516719,0.6180461803
0.1601159846,0.1811294122,0.0793968280
0.7063818271,0.5507484490,0.6766121583
0.0675939327,0.0736935615,0.1536139040
0.1719388259,0.1378325017,0.0340201147
0.3888226211,0.2208495872,0.2547532392
0.7337163525,0.6436664901,0.5611697759
0.7277269925,0.6967511347,0.6204568177
0.0180884750,0.0477234564,0.0014013804
0.4240245872,0.7614156551,0.4557556194
0.7167973381,0.7639885586,0.7173668673
0.4030712128,0.3766254173,0.5847301748
0.6197199924,0.7503687584,0.8135265984
0.6743657775,0.5534939461,0.4384775883
0.6117080777,0.4300545060,0.5566212661
0.8803329063,0.8929588926,0.9191165212
0.7180766841,0.6991318564,0.5597426834
0.9457289282,0.9454049024,0.9624742427
0.5801499453,0.4710541287,0.5915738805
0.7340500778,0.7851516072,0.5570194468
0.2473646636,0.0960559637,0.2481652527
0.9770670901,0.9805317735,0.9906709583
0.3501574059,0.3590773268,0.5823434968
0.7974115910,0.8160610907,0.8045322618
0.9169880328,0.9221474505,0.8780243192
0.0593866888,0.2121713804,0.0171702102
0.6612726808,0.5227856282,0.7525897107
0.2712394675,0.0972821644,0.1976090414
0.9387890649,0.8896098682,0.9575126942
0.6643496100,0.6447089513,0.6462031259
0.6399459629,0.5475783699,0.5937471937
0.9919640001,0.9947184576,0.9923552103
0.8022997504,0.6389858323,0.7211100916
0.0084701476,0.0209386179,0.0095218943
0.5841800615,0.7029550936,0.6561873056
0.1967448128,0.2948200033,0.2190245724
0.5566613943,0.5351585314,0.7326088438
0.2809364911,0.3913754995,0.2694691519
0.0172704429,0.0091829856,0.0139144029
0.7600374030,0.8193622492,0.8172973008
0.2120641281,0.0211411582,0.0388039285
0.4424466480,0.2268786870,0.3976568922
0.4790993283,0.2605244005,0.2417311309
0.5323475867,0.8408112954,0.7749038681
0.1048720911,0.0921955280,0.2436646082
0.1352053071,0.0824018935,0.0507689284
0.8791792407,0.8538558020,0.8426289213
0.4575386798,0.4238655633,0.6737750881
0.4851957824,0.5150715911,0.5654029208
0.3923345906,0.3907151647,0.3370290223
0.7816288967,0.7567677228,0.5864159789
0.5959181281,0.6508879095,0.5126869989
0.1464287896,0.1743165114,0.1673560205
0.3644688718,0.3926957500,0.3455027891
0.2894438043,0.4013124586,0.4479727181
0.9290649823,0.9467072243,0.9306125044
0.2075372156,0.2064087412,0.0626087811
0.2827750970,0.5468923879,0.4296595004
0.9204951012,0.7080146317,0.8200195726
0.0730519149,0.0350472025,0.0620283164
0.2536473857,0.4901538842,0.2009809901
0.4097686965,0.2707366170,0.3433972815
0.5678392110,0.6009969463,0.6752899824
0.3045423136,0.2899730690,0.2670855372
0.2569815952,0.3610955096,0.2274381030
0.0503631700,0.2353883160,0.0642176464
0.9706625862,0.9759169250,0.9768687386
0.8273262832,0.8152668241,0.8932163945
0.5908952230,0.6897132799,0.4861083290
0.3081857627,0.3148627883,0.0988486851
0.7367261006,0.7939718279,0.6603336573
0.8369393532,0.9063287962,0.7742392187
0.1059145848,0.0983287091,0.1556553619
0.1214080207,0.0663974194,0.0165431645
0.8267702677,0.8276485433,0.8045713821
0.9612835264,0.9485891976,0.9679940653
0.1844122447,0.4550313219,0.2276222434
0.2890504507,0.2066769467,0.1164986316
0.5449174738,0.7305801614,0.6710780254
0.7991492068,0.7383991465,0.8098802230
0.9245222706,0.9147822906,0.9231138256
0.9928649016,0.9897421651,0.9909504461
0.1062258986,0.0485890842,0.0412382769
0.7584396901,0.7750859099,0.7553310928
0.6041646687,0.6975799624,0.8395018527
0.7579640989,0.7243776124,0.7604516850
0.0333535879,0.0161272056,0.0168644895
0.0143136422,0.0168200433,0.1722405561
0.2371336205,0.0583095610,0.0814368612
0.0931847536,0.0172051070,0.1038575633
0.9102779271,0.9156206845,0.8848872928
0.2588576881,0.3259083838,0.2136539679
0.3591029478,0.3998915634,0.4732646624
0.9811427178,0.9908111914,0.9847811996
0.9141936220,0.9246011179,0.8807348151
0.0419118775,0.0384310924,0.0550836808
0.8534935406,0.8306943012,0.8347696990
0.8313578523,0.8490479852,0.8517704596
0.6617946892,0.5986580087,0.8147286286
0.7166286623,0.7211005283,0.6977823671
0.1788155687,0.0284567063,0.1345296527
0.6463151526,0.5920271439,0.6989125271
0.5238671915,0.4482952454,0.3742719389
0.3560009128,0.1686540236,0.1893049190
0.6808325372,0.6822384349,0.7480667359
0.7161416151,0.9399942970,0.7255527441
0.3294589890,0.3465327358,0.4663532190
0.1419919883,0.3001654983,0.1962235601
0.0765314641,0.1373641198,0.0327862601
0.8908753685,0.7927562620,0.7782138834
0.0089991604,0.0250609930,0.0724647323
0.3358176022,0.2567556803,0.4677016435
0.9633684474,0.9761378279,0.9538837159
0.1571156804,0.3196239298,0.0173528111
0.8303108353,0.8648610488,0.8772656077
0.7581032409,0.6114838746,0.5986550084
0.0247840104,0.0573224130,0.3018846416
0.9030756055,0.8493166627,0.8816406955
0.4028004103,0.2888463620,0.5794357848
0.7093951767,0.6536956751,0.5797762825
0.9406276994,0.8143742294,0.8989660015
0.5694589155,0.7620396363,0.6306838426
0.6011240083,0.6211846971,0.5016561104
0.6069274791,0.1025974748,0.1586530055
0.3332296729,0.3479249267,0.4468301886
0.0733931556,0.2504133892,0.1563816847
0.5126443450,0.6680979438,0.5837517929
0.2327963636,0.0820356589,0.1619151085
0.0397692645,0.1379106226,0.2550684316
0.3881020051,0.7498702194,0.4486699843
0.5224289492,0.4539171727,0.2411195826
0.5153126231,0.3794207946,0.4803662489
0.0299734464,0.2130709574,0.3856150070
0.4042602085,0.6461687365,0.4799780168
0.1414980396,0.2661839043,0.1306939434
0.0854828435,0.0533258852,0.0131485733
0.3736142866,0.6736337038,0.4913574890
0.8178724560,0.7165504513,0.8458081761
0.9142317242,0.9503129481,0.9725295489
0.8009138575,0.7107083483,0.7881474862
0.2814036061,0.3012397386,0.2702547166
0.4370214524,0.5391154231,0.3643850295
0.4856735223,0.5156615395,0.4569776039
0.0125156524,0.0823222167,0.0209747985
0.9390518069,0.9463694537,0.9300284353
0.3707571560,0.3407925058,0.4292386115
0.2209678643,0.2751721896,0.2213860412
0.6384064845,0.6686705465,0.6313729976
0.6663587398,0.4863470384,0.5589514471
0.6580978251,0.5930086233,0.6020031681
0.9881782528,0.9886037516,0.9928100449
0.8636491563,0.7260462370,0.7267304931
0.9772134028,0.9677001374,0.9590778321
0.2892734501,0.6094692225,0.4506657018
0.2498658838,0.2653371354,0.2722145574
0.1366275365,0.2187122183,0.0714898236
0.1497563473,0.2535818624,0.3131639821
0.6539549608,0.5070552871,0.6599336200
0.4216087376,0.1300528262,0.3341240837
0.0522142177,0.0188862259,0.0478929299
0.1512773661,0.4703748576,0.1617309080
0.4170047043,0.3519167454,0.3406638952
0.0185019762,0.1675103174,0.0399192981
0.7249288127,0.6898814242,0.7561142191
0.0881935484,0.0383014065,0.0393721606
0.0459770360,0.0575544486,0.1336385312
0.8219332759,0.6801560765,0.8015681528
0.5445398314,0.5588937424,0.5797640311
0.5370312078,0.7183477502,0.5224393698
0.8395635994,0.9085324701,0.8711480457
0.8042292220,0.8773442156,0.7943797220
0.6824211179,0.7012436551,0.6902143391
0.9705053630,0.9779630498,0.9858278165
0.7886083785,0.8105582434,0.8982260275
0.4152669607,0.2622777577,0.4528457948
0.0048678335,0.0064318389,0.0294179122
0.6637845748,0.6706411045,0.6192113936
0.7266654289,0.6756516857,0.7138977263
0.3210988672,0.3310737519,0.5074629645
0.5073392437,0.3511552557,0.2323753418
0.0409178657,0.1330374412,0.1055853016
0.5068047328,0.1453753320,0.1297098156
0.5923049744,0.6373051645,0.6964349858
0.0249154579,0.0693065173,0.0067459165
0.0203393360,0.0929867143,0.1537072930
0.8771466307,0.8030628946,0.8464604353
0.5550515521,0.4927881353,0.3596026020
0.5901165505,0.7535767068,0.7254518451
0.1351574425,0.1233867467,0.1223180653
0.8396106158,0.9119001125,0.7971641560
0.4720406086,0.4666195155,0.8602061858
0.2265113401,0.2557272622,0.1714453088
0.8906554884,0.8648452270,0.8618737490
0.3480262649,0.2009731459,0.2549582601
0.0341659356,0.0326283249,0.0372947705
0.6867777874,0.7944784984,0.7213475104
0.2038583312,0.1917112029,0.2040760266
0.2606987350,0.3384127779,0.1837954749
0.0961298800,0.1042287738,0.1202412840
0.6867561986,0.8362282092,0.6280503231
0.1704093746,0.1661477806,0.2589172535
0.0046210615,0.0045497585,0.0518067468
0.3569047364,0.3770631368,0.3835782840
0.8628843058,0.9247856821,0.9029967908
0.0832350705,0.0246901213,0.0056627480
0.2788834155,0.5024020260,0.1311745285
0.4458895770,0.4206949790,0.7271824684
0.3043720475,0.2246211918,0.3022815176
0.5833389909,0.3972234736,0.7072077945
0.5350299188,0.8218759307,0.6855401539
0.8870110128,0.8357263286,0.8912768818
0.9612710849,0.9925103000,0.9732590767
0.5898033664,0.6271182818,0.4115038351
0.6062787947,0.3293139875,0.2460026935
0.3456322612,0.2393111285,0.1216721652
0.2899016215,0.0911256448,0.1918454946
0.7011064073,0.6627952075,0.5258779970
0.9971687803,0.9901099864,0.9924535023
0.8558107126,0.8663076736,0.7884150907
0.2261106633,0.2055225706,0.3849996970
0.7969008125,0.5523049912,0.6865540419
0.5697009303,0.6839792331,0.9041560114
0.7136049429,0.5789442224,0.4811219756
0.9244004194,0.9026729333,0.9293543357
0.7438321722,0.7729852693,0.8420567921
0.1352180706,0.1722034117,0.0483309698
0.8303518213,0.8146404675,0.8456341215
0.8803223724,0.8337674413,0.8000449917
0.3215760708,0.5639159593,0.4100666624
0.0884422724,0.1094101673,0.4625471977
0.2591002020,0.1183022364,0.1127034783
0.5083522425,0.6306405791,0.6655458343
0.1520289881,0.3427317570,0.2714093530
0.3729494315,0.4668254354,0.1907328688
0.5340146665,0.3008999347,0.2288902983
0.7215328096,0.6876991083,0.5982804209
0.9409445217,0.9803501420,0.9390105434
0.6427485638,0.5420292621,0.7079454510
0.1004946819,0.1386820150,0.1058901707
0.6650713192,0.8012919894,0.7723992384
0.8052470433,0.7516598430,0.7308272556
0.0191370916,0.0548332333,0.0499027189
0.5301792683,0.4924821671,0.3337469847
0.2128797297,0.2241552095,0.1592242089
0.2681486588,0.3068863214,0.4606676532
0.7916649812,0.8437801980,0.8589420420
0.6912747235,0.6253297942,0.6681421026
0.6561687019,0.7368278356,0.6880721587
0.4562480616,0.6347335072,0.4075448474
0.3247871195,0.2796576894,0.3966344906
0.6067747591,0.6269492583,0.6831520971
0.3473918804,0.4561114094,0.4040448200
0.5798867067,0.4143746624,0.4468675524
0.2373943443,0.0876605783,0.1598558086
0.9897301886,0.9927272813,0.9957792791
0.3660620367,0.2163594441,0.4156781601
0.5138215105,0.3735732651,0.4994825777
0.0947196868,0.0815300117,0.1228936623
0.0283606455,0.0773745942,0.0272163492
0.9193429631,0.8022572642,0.8599923381
0.8594849117,0.8506307506,0.8424174200
0.8676022018,0.9199700406,0.8797454230
0.7727542386,0.6730383674,0.7782292568
0.8036734841,0.6844998785,0.6510531185
0.5936877058,0.5764148784,0.8127896994
0.2459827485,0.3159714253,0.3563925637
0.3495711255,0.4270186867,0.2140137888
0.2128099132,0.2600892264,0.1115934519
0.7597673020,0.8128672631,0.7689080688
0.0651632265,0.0948832149,0.0432406135
0.2748954997,0.5896021169,0.3881982643
0.1121320726,0.2126985968,0.0932370143
0.7188128824,0.7750846039,0.7180977016
0.7720876465,0.7587224401,0.8162151985
0.6092323729,0.4220869293,0.4111796369
0.9324835160,0.9504376523,0.9287239238
0.2531421444,0.1235112341,0.1640078531
0.3581754964,0.5177975743,0.4505233746
0.2387018233,0.4398534756,0.3483188299
0.4604386165,0.2591325325,0.3116210807
0.5402513892,0.4264402753,0.4420331935
0.3733889000,0.2951796555,0.1218610899
0.5326416960,0.4994687267,0.5744882578
0.2334561133,0.4886001493,0.3181770175
0.1874062965,0.5017852336,0.7458331313
0.2264612521,0.4210198029,0.4422645390
0.7400829163,0.6008335626,0.6372166388
0.0150286120,0.0529360749,0.0201019604
0.9582627731,0.9553342866,0.9437004909
0.1216124324,0.1547633027,0.1018372876
0.9551484358,0.8861500237,0.8624888683
0.7020123699,0.8327874000,0.8498310058
0.3539873140,0.5214189563,0.7519147285
0.4101024502,0.1404302826,0.2180344797
0.5452427998,0.7022374793,0.8155909869
0.3430538653,0.3332275992,0.3479268407
0.5945550588,0.7083194921,0.5790316509
0.2034362955,0.3543180319,0.1211852860
0.6992154013,0.6824336020,0.7464203044
0.0148902949,0.0136516549,0.1927305266
0.1669345375,0.2001904820,0.3978648145
0.5104545563,0.6167767724,0.4342014806
0.3566908204,0.2854009233,0.7176057448
0.8258683893,0.6620755536,0.6616979054
0.6039066567,0.4042225659,0.2642753072
0.4566918220,0.6096392548,0.1867651711
0.4159325977,0.0794453441,0.1449674669
0.6443416334,0.6600069625,0.7443353160
0.1824258932,0.5145770630,0.3195243260
0.0676906314,0.0648564666,0.1187662407
0.7085624345,0.5118855067,0.5119116609
0.9787994089,0.9770085196,0.9878034539
0.1613373898,0.1746413646,0.1248919330
0.0007920859,0.0770373281,0.3413788027
0.2733887991,0.1833333445,0.5712232324
0.5966001566,0.4262082863,0.3947114533
0.2844473533,0.2190038552,0.1632361161
0.5065491460,0.5581380280,0.4915358797
0.7631124417,0.8487029521,0.8351498741
0.8441632295,0.8535471993,0.8915709096
0.3196902692,0.2972625353,0.7045734724
0.9693895308,0.9864522138,0.9735770431
0.7093889209,0.8304368716,0.7893429146
0.0670289688,0.1196287662,0.1393708708
0.3305823052,0.2434996132,0.1966557038
0.0436423480,0.0217682160,0.0337988926
0.9578947666,0.9645169080,0.9371137859
0.0067497849,0.0119508614,0.0821759492
0.7366993182,0.6582978346,0.7041300716
0.6396814055,0.4812167791,0.4272384447
0.4868866233,0.4027342685,0.6249478473
0.6089789739,0.7800596404,0.6362663742
0.6130135851,0.5715121065,0.7637402916
0.5781580985,0.6131252343,0.7040446729
0.0922317034,0.0765388806,0.1210537527
0.6815317024,0.6366801536,0.6894415833
0.8843465728,0.8122436858,0.7893490587
0.6768700505,0.8650962067,0.7585294946
0.0128110441,0.1073802117,0.0198361788
0.5778766008,0.7661887926,0.7573806079
0.6379100254,0.7792956929,0.7674019540
0.3111790021,0.1806602644,0.2745832152
0.1528109792,0.2142482085,0.5457915327
0.0399583202,0.0200496510,0.1200075609
0.5660429903,0.8110608518,0.6185116289
0.6087110571,0.6354517266,0.4770593260
0.5669852496,0.3929176052,0.1966239131
0.6153095448,0.5938965277,0.5312391705
0.4859858165,0.5390970896,0.5888651683
0.8221773507,0.7493394205,0.8374421164
0.9709404290,0.9460499203,0.9401313758
0.9541860568,0.9442063955,0.9684496409
0.2467074754,0.1961644432,0.3145034048
0.2999176795,0.1922671121,0.1287954691
0.1069310768,0.2022101362,0.2271399074
0.9490283156,0.9637167130,0.9657109505
0.6457393864,0.5102851667,0.6448176479
0.5635944801,0.5731457011,0.7867860866
0.7422747942,0.8181797092,0.7725537657
0.1730898112,0.0619871820,0.2641541744
0.7738665645,0.9323354261,0.7867833913
0.7027084066,0.6793769641,0.7202229099
0.4109969855,0.6445134930,0.4003706824
0.7896936032,0.8905900194,0.8454460331
0.4052352578,0.3662495396,0.2444085652
0.4526816908,0.4584239276,0.5417410449
0.0557571654,0.1094480920,0.1842460104
0.7682021283,0.6809189251,0.4777477310
0.9424431918,0.9592063193,0.9426285900
0.4467925030,0.2511902207,0.7366279194
0.5776107751,0.7176755658,0.6643058754
0.9487723018,0.9607533329,0.9474448074
0.2274900255,0.2838501273,0.5308885308
0.3879067778,0.4716917881,0.2675151762
0.7847805456,0.8381474598,0.7387982013
0.9100532692,0.9323630378,0.8980556638
0.3070172390,0.4994680028,0.3125536974
0.2986135883,0.4502216517,0.2991727543
0.6032942633,0.9183426242,0.5901735037
0.4785855004,0.3038410589,0.5874237184
0.0214048312,0.0271973371,0.1687920665
0.2165953534,0.4496680459,0.2574983972
0.1524254394,0.1768100021,0.2878724024
0.0713232620,0.0133160119,0.0107265237
0.0239648236,0.1638281725,0.1680525444
0.4073211563,0.3149689796,0.5946900112
0.2385682178,0.2028023610,0.4273410183
0.2230644105,0.3435235989,0.2900525488
0.2105216598,0.2721566791,0.1020834526
0.9118702600,0.9584712448,0.9451358578
0.4012489668,0.4746799174,0.5623845487
0.6709871624,0.7916196376,0.6251851736
0.3315778224,0.3665591510,0.3669817327
0.7809749993,0.7627573318,0.5892925828
0.5633235404,0.2067866200,0.3512048080
0.5095578327,0.2284958728,0.2168995851
0.3817291179,0.2834006333,0.2651133139
0.1573767454,0.4573130918,0.1908813435
0.5282241453,0.3795167808,0.5203296751
0.8520377700,0.7943920062,0.8431559592
0.1119240071,0.2233318047,0.1382553339
0.9762851550,0.9680878886,0.9809680249
0.6982680990,0.6284225928,0.6999231205
0.0988805380,0.4236830905,0.2673601285
0.7774585321,0.7886816611,0.7384099358
0.6222637456,0.1087450031,0.0346216624
0.5815474272,0.5109680609,0.4614479844
0.8274106051,0.8579120434,0.8095485899
0.7112577026,0.4058168961,0.3348553408
0.8115660889,0.8414380582,0.8462781851
0.9184566538,0.8529793746,0.8246406446
0.0720043199,0.0511053577,0.1666644284
0.1951566567,0.3529105111,0.3790050902
0.1113673417,0.2063967135,0.1234767749
0.2629257969,0.1956717098,0.5555608552
0.2783783151,0.1986461876,0.1955968035
0.0943662764,0.0521892715,0.1428422893
0.1245777098,0.0067407596,0.0143229989
0.1028599914,0.0976129268,0.3341209139
0.9267349218,0.8511723592,0.9632169660
0.7120311759,0.7815993391,0.7571955080
0.8842808353,0.8882693487,0.8016157801
0.0167717792,0.0236305731,0.0138829733
0.9018160400,0.9440758728,0.9294436960
0.9960959618,0.9949890891,0.9964676338
0.8118671852,0.7303892010,0.6792108277
0.0619631295,0.2289073052,0.1488286294
0.4870903669,0.5756022390,0.5324923207
0.0019094754,0.0765881488,0.0228878297
0.7379889613,0.6190178184,0.5144313918
0.7364511709,0.8964379304,0.8155609902
0.1932617997,0.5158527607,0.2303270867
0.5517555603,0.5456510424,0.6198582302
0.4096512482,0.3328016457,0.8846735307
0.5499680426,0.4534485274,0.4320162698
0.7403748072,0.5959512467,0.5885176459
0.7312961406,0.5209869460,0.5434594882
0.7190741710,0.7096605960,0.7173900549
0.0048316849,0.0476629432,0.0220129615
0.8611273779,0.3544197825,0.5625336255
0.5733258370,0.6820988009,0.4941685522
0.0718822352,0.0620829361,0.2958183635
0.5971076772,0.1082538242,0.2391906944
0.6060157988,0.6603526711,0.6678302232
0.3246932137,0.3786123867,0.4114491578
0.1133962586,0.1376274687,0.2919902437
0.0085546176,0.0265850838,0.0192214478
0.0083277674,0.2410520455,0.0624552023
0.3841219034,0.3054205979,0.3672931040
0.5629656349,0.7988219794,0.4253627093
0.0565925974,0.0935946222,0.0805587170
0.2681555179,0.1472920735,0.5974122398
0.3808203495,0.2465995236,0.3890283121
0.1202834846,0.1065410425,0.3199433053
0.6854946341,0.8354424926,0.5144662101
0.2675093972,0.5034481003,0.1686741760
0.2692081671,0.2796685355,0.1949249457
0.5203516877,0.1272559058,0.5034655537
0.3062840525,0.0663874527,0.2251975607
0.8356564247,0.6949195812,0.7407055439
0.7569703980,0.6848927947,0.6301586388
0.7428080515,0.7650340515,0.8314318785
0.0069089076,0.0636422119,0.0609699569
0.7416904575,0.6015565071,0.5668107996
0.3854339921,0.7392724248,0.4597758924
0.1393107883,0.3068782732,0.3132231735
0.2831267447,0.4133315587,0.4152883023
0.4711587153,0.5998637297,0.4353914868
0.4145502934,0.6545332023,0.5533811946
0.8847090986,0.7214970056,0.6606029101
0.6191926073,0.5417044976,0.4159225282
0.0663495776,0.0774299688,0.1763245739
0.6846375212,0.8123758452,0.7524161929
0.3494047981,0.3444431267,0.3005646400
0.1003376055,0.2504801003,0.1721487009
0.5975998749,0.3523656559,0.4146726193
0.9707057258,0.9795725260,0.9757327620
0.8504419894,0.8511437369,0.8320851653
0.5875478716,0.3955039296,0.6654512389
0.5817407236,0.8366959778,0.7199194096
0.3203939136,0.2320817599,0.2144859837
0.5644249658,0.5811758985,0.5783116433
0.8904429009,0.9156306977,0.9371557837
0.3924520100,0.2477894535,0.3589686724
0.3107234983,0.2556196083,0.4905483580
0.4712441717,0.4958505870,0.6265898559
0.0993543249,0.2580241311,0.2299465700
0.4197351966,0.1210446742,0.2723715485
0.9402563884,0.9349969790,0.9383586090
0.3044559679,0.5321122011,0.5684186203
0.1126809143,0.0825554077,0.0626983174
0.3435060946,0.3772505458,0.4599837226
0.0589326569,0.0669526432,0.3880122500
0.9683732531,0.9778642398,0.9740978136
0.0775379814,0.5256114870,0.1971787694
0.7172263148,0.7216894193,0.7364846901
0.4733248336,0.5947672568,0.5824063165
0.5550052003,0.7874119733,0.6084140332
0.5345780085,0.5151188587,0.7699990001
0.0822296422,0.0590988418,0.1830355561
0.7611419163,0.8112647903,0.8622732757
0.7126415558,0.7283700357,0.8281643421
0.8421789685,0.7308651736,0.7465027016
0.9968762881,0.9956166326,0.9951466275
0.5589074521,0.3435557974,0.3028214608
0.1600122898,0.2022062593,0.3325101030
0.0737838484,0.1133744388,0.0607743566
0.3492845332,0.1527984314,0.1743573099
0.1490682806,0.3348017018,0.2084744013
0.2009780637,0.0396784007,0.0834548663
0.9283811086,0.9437893968,0.8811784491
0.1201913119,0.0771122859,0.2141641979
0.9321448700,0.9411833687,0.9714893887
0.3635324661,0.6660238169,0.5866186750
0.1631571835,0.2571113672,0.2242003198
0.1935042673,0.2247848035,0.2468472339
0.1622967807,0.1911468997,0.4342801135
0.5593004548,0.4929725239,0.2007405261
0.7458851416,0.8042259807,0.7610719302
0.2870655020,0.1859922076,0.0987764734
0.1836356979,0.1964472250,0.3067771745
0.7160471433,0.6553570002,0.7006888024
0.9562713712,0.9324807385,0.9527444466
0.9201309419,0.9067461986,0.9310751110
0.5772728456,0.3939793446,0.4138417993
0.3852334342,0.4376519502,0.5980181256
0.0169928915,0.1152239259,0.2077058013
0.4005784099,0.3504769395,0.3787110231
0.4666852712,0.2835525883,0.3475100673
0.4196969423,0.3031498197,0.4241844880
0.7806047519,0.8922925889,0.7800674417
0.0960061893,0.2856957014,0.2147597690
0.9098834839,0.9050552855,0.8830447947
0.6312165801,0.7135299512,0.5854427915
0.7194510551,0.6867510946,0.8045501832
0.6019875991,0.4219234335,0.4017231187
0.7453731314,0.5535281540,0.6368280096
0.3828886832,0.0396134376,0.0119894673
0.2716565090,0.3242016824,0.2323215046
0.5861020250,0.5585679604,0.6595693447
0.8303913947,0.1371830331,0.4396729970
0.2994231095,0.4067723466,0.6831891657
0.4789672993,0.3813756799,0.2990235854
0.1277095917,0.4088934625,0.3879645896
0.6561918919,0.7720876914,0.6660406207
0.0772902998,0.2746110948,0.1466463228
0.0742451803,0.0062511140,0.1084838211
0.4322146220,0.3794538437,0.2658257170
0.2108725666,0.2711962286,0.1765095203
0.4940151104,0.2600105083,0.6336316372
0.1666718918,0.1927946767,0.3859694808
0.1984518226,0.2095705828,0.1205561729
0.0831760570,0.1450799755,0.1632035719
0.5451135353,0.2910976669,0.0910964633
0.6543908457,0.5720368663,0.6139732581
0.2695668237,0.4008768819,0.3039146524
0.7136632742,0.5277557604,0.4109614909
0.7950441217,0.7331208256,0.7662871978
0.5757765506,0.8095401023,0.6375205270
0.5711755370,0.7393591012,0.5787617325
0.8191765918,0.8510127026,0.8184706605
0.5017925531,0.3649306539,0.4900300707
0.9226524838,0.7706898824,0.7741378287
0.9080069703,0.9384199662,0.8984433238
0.4447250435,0.1829473541,0.2142178107
0.8971296903,0.9427109714,0.9545352780
0.1956559787,0.0740282687,0.0699043311
0.8773869185,0.7884055746,0.8375408782
0.5518122237,0.4835387960,0.4972114955
0.6702421866,0.7960083402,0.7328447432
0.7350542842,0.8198367167,0.7067493138
0.3813981459,0.4125545974,0.7014122948
0.4225503212,0.7590195169,0.5975194983
0.6885592757,0.7041739654,0.7860743636
0.1374052314,0.2752957764,0.1088305185
0.0018930786,0.0377542838,0.0174786020
0.8580458367,0.8084734064,0.7724416530
0.5220942959,0.4728571708,0.4579818855
0.5054657058,0.7728486873,0.4776279413
0.2868276673,0.3146694159,0.2038904618
0.5490006631,0.6069780803,0.5968947692
0.8295544266,0.7775986212,0.8231262035
0.8824078929,0.8972874054,0.9456727615
0.0368322361,0.1199409535,0.1085990122
0.3013557701,0.1567329541,0.2351667290
0.3010155489,0.7852544999,0.5405328581
0.1372676044,0.1114255677,0.3170198332
0.2796825191,0.3116410279,0.3238461282
0.3658493270,0.2387464021,0.2662128407
0.1932525561,0.3822014009,0.2981489464
0.7322535966,0.6304552593,0.6848792603
0.2716690601,0.5799675010,0.1473273651
0.7604797077,0.6701644495,0.5137583032
0.3445552112,0.0582170096,0.0177854037
0.3282915094,0.2399890784,0.1287848489
0.4344731354,0.5608177596,0.6361535064
0.2247033967,0.2678777985,0.2132495229
0.4147906561,0.3072375685,0.2738845471
0.9902909339,0.9961564241,0.9898835609
0.0148477254,0.0257583079,0.1009216746
0.0947217619,0.1245010849,0.2655907279
0.1919225653,0.1035351282,0.2558429971
0.6030537605,0.5430817133,0.4800262754
0.0511481147,0.0611075198,0.0159776401
0.9918782811,0.9988886627,0.9926028046
0.9132253641,0.3610287518,0.3885150395
0.3203441815,0.4088939330,0.3910151983
0.4771428603,0.7297545212,0.6433230749
0.1976051248,0.1333673627,0.3452798669
0.0179629487,0.0387988030,0.0229175890
0.9076635700,0.9457276724,0.8381697966
0.9004146587,0.8666225137,0.8835913593
0.3343484770,0.3081222961,0.6530550982
0.3301332615,0.2799468474,0.2244983084
0.0641271564,0.1152101629,0.2463185754
0.7204056241,0.7298820538,0.6461373756
0.2744755883,0.6075610619,0.2720458205
0.1624597462,0.0448875965,0.0203225080
0.8642752917,0.8863406072,0.9060168628
0.2840792154,0.2253770111,0.4037119940
0.0457015790,0.2597626917,0.1140748431
0.2695585040,0.2589620801,0.2411757667
0.5885069186,0.4118751689,0.4645647435
0.5211674427,0.4454498227,0.3544923213
0.1284920976,0.0786424268,0.1453070818
0.7639607065,0.5908395543,0.6232064397
0.6752546530,0.6633482062,0.5357330452
0.8663939194,0.7672760563,0.8182349164
0.8082115348,0.7312211249,0.5947384750
0.2339671266,0.3780220002,0.3169484974
0.6370815932,0.7187012823,0.7086719846
0.6339920777,0.6857196834,0.6957114539
0.4168207198,0.3120460562,0.2371157955
0.2037192217,0.0932040427,0.1487323622
0.4158860805,0.4930825500,0.3220407666
0.7606780187,0.6685162524,0.7765829032
0.3773955951,0.3556640539,0.5822734306
0.8865974545,0.9292572015,0.8959898940
0.7776368410,0.9022917198,0.8602981241
0.7921287302,0.8421085745,0.9198367748
0.2191994069,0.4500724045,0.1757145950
0.8240074616,0.9196789729,0.9050328341
0.7178871509,0.7310068595,0.6949355395
0.8612042412,0.8721539953,0.8441139897
0.6819625080,0.6463387918,0.6068594399
0.2708456890,0.2725958680,0.3180633423
0.2236245457,0.1683225055,0.3581321556
0.6983541701,0.3791116068,0.3987582919
0.9915764925,0.9842796708,0.9877708319
0.0537550104,0.0721252364,0.0350172311
0.7747769666,0.8259998343,0.7997422357
0.0749532124,0.1812005546,0.1246594830
0.0203533052,0.0020384921,0.0054478341
0.3571367356,0.3103293779,0.5126870047
0.1869798119,0.3238021946,0.5035257993
0.1636847987,0.2642853390,0.6310876696
0.7778711392,0.8285940883,0.7724611698
0.6521471023,0.7809097619,0.8682866225
0.2248770292,0.1691276439,0.1574276496
0.4661004526,0.3670215210,0.4398826910
0.8323402740,0.7575828259,0.8083142297
0.7018096906,0.7799297352,0.8370968543
0.5001146896,0.5434055178,0.6174480777
0.0046551607,0.0924454965,0.0125619742
0.3276213698,0.2359461966,0.4694150483
0.0136971732,0.0475380213,0.1930154322
0.6940587077,0.6415643798,0.6942662438
0.7458157646,0.7964793095,0.8070099793
0.2114876355,0.3921633820,0.2720549548
0.9323028708,0.9683073326,0.9690033739
0.9188664413,0.9238709340,0.9776827663
0.3241763827,0.1434331389,0.1456777566
0.9810125181,0.9793262754,0.9830400466
0.4281788185,0.2276175880,0.2702219241
0.6129597053,0.5598296275,0.4867096197
0.9934559265,0.9966012776,0.9927978981
0.1252317202,0.0626157027,0.2267507388
0.7428984276,0.6185867665,0.7058091857
0.4498795703,0.5317391478,0.6274596739
0.5280622896,0.4842492072,0.5914104029
0.0007483624,0.0101151504,0.1617232315
0.8912391565,0.8393253305,0.8974585464
0.4993092555,0.6146694958,0.6379010757
0.5250037421,0.6689259297,0.4845754413
0.6145456428,0.2952258878,0.3529171049
0.6294148437,0.7808599422,0.3486907120
0.6490549488,0.6288749177,0.4349091776
0.1340993659,0.1418481542,0.0902522687
0.6695520287,0.6220404929,0.6947295646
0.9650678417,0.9834740421,0.9767417992
0.2097695840,0.2987344536,0.4412569075
0.4669050683,0.5164784970,0.4232600797
0.4892208170,0.4105825855,0.4844465263
0.2974828242,0.2826043427,0.4246798142
0.2172067461,0.0738049102,0.2788068292
0.6361285356,0.7377433576,0.8172659827
0.5240034226,0.2659604077,0.3766305944
0.5791471769,0.4589691668,0.6934788885
0.3394423083,0.4423767872,0.1426444820
0.9258216394,0.8539050947,0.8690134535
0.3043213851,0.2007151317,0.1090392543
0.8894902951,0.8852979639,0.8770917621
0.7491875611,0.7196173798,0.6748737985
0.9518506415,0.8907585219,0.9258606797
0.7176013430,0.6045215874,0.5607164447
0.7092176334,0.7031729095,0.7112050712
0.7543651571,0.6505647068,0.7528916993
0.6880004246,0.5834691705,0.6605981815
0.8989738731,0.9533168593,0.8309683426
0.1891336042,0.3130032529,0.2397572173
0.2791983811,0.5028607093,0.3018115466
0.8414035023,0.8329385837,0.8195319926
0.7147918662,0.2854110304,0.3353674677
0.6015533538,0.8243258721,0.7916644025
0.1838330558,0.3178513100,0.3307813905
0.5631728127,0.2773677597,0.2796549736
0.0357422285,0.1167098613,0.2565978482
0.0162567144,0.0933442718,0.0528312114
0.5897115183,0.6892394778,0.6829900460
0.4531278417,0.3580963222,0.4507877433
0.1055792188,0.1662689712,0.2025744511
0.1646028923,0.1955036176,0.0779857007
0.4568558305,0.5271349176,0.2822119191
0.7522546593,0.8691162735,0.7697321587
0.6943285767,0.5029549652,0.5644873832
0.3375461364,0.4300968619,0.2868425607
0.6438285167,0.7894768007,0.5539602788
0.3894005785,0.3870177414,0.4839293247
0.4481408678,0.7182584741,0.6182888515
0.2299474258,0.2658755664,0.5689162543
0.4210190224,0.6572466079,0.5958700585
0.3458501503,0.4110844868,0.2583570444
0.8775857283,0.8305468829,0.9073644455
0.0645786108,0.1971902874,0.0988578759
0.8297015234,0.6729002299,0.7393257526
0.7339726617,0.7742779766,0.8114908233
0.6713553446,0.5734283048,0.5299471069
0.6668885849,0.7980492659,0.6359151028
0.7066195026,0.6288536560,0.6686997795
0.7272629836,0.6137716089,0.6616205879
0.4193364357,0.5539861461,0.8630354975
0.1372271183,0.1702324902,0.2747430379
0.5024388108,0.5737305744,0.4749007835
0.4701276615,0.2284211240,0.2173796585
0.7767790442,0.7388208186,0.6692789885
0.8219721795,0.8685478878,0.8332567312
0.7652473820,0.8151553511,0.7877410655
0.2372186787,0.0966473220,0.0891538812
0.2570839469,0.1224775281,0.0372474218
0.6871361209,0.3029226593,0.3529065064
0.2028637019,0.3078761059,0.4254032155
0.5171726485,0.6868830068,0.3895763400
0.3719573293,0.3271599922,0.3567943990
0.3762970934,0.4447904792,0.3027608559
0.7507395000,0.7841912721,0.6099098968
0.3756530132,0.2912871014,0.4833538056
0.5486174982,0.6975255113,0.3907967536
0.4506496965,0.4489189108,0.4565628982
0.7208821533,0.7246604538,0.7012305084
0.2166113081,0.0938776314,0.3318295928
0.6709472495,0.5128609912,0.5105676691
0.1379316902,0.0954877179,0.2970071992
0.3133530830,0.6084511286,0.3159008529
0.0420463885,0.0296815049,0.0600812521
0.4565539529,0.3406392666,0.3708452041
0.9587351707,0.9222330446,0.9139697849
0.5703595779,0.6220151612,0.7323417795
0.4770892428,0.3245151800,0.6065231831
0.3892380268,0.1305695659,0.0832775980
0.7067528191,0.6955602699,0.7856474140
0.7467544711,0.5878397219,0.9307021618
0.6993351879,0.8403116294,0.7847063254
0.4105584856,0.3099181362,0.3343849464
0.8864613188,0.8434631678,0.9714189217
0.3254430435,0.4088733130,0.2414020344
0.4405897875,0.2408246839,0.1757500533
0.8582210546,0.9125802334,0.9039678414
0.4646728746,0.5852307244,0.6743896578
0.8017094620,0.7928462815,0.7447296943
0.3101856684,0.2193894042,0.1816931206
0.2584251462,0.2557992072,0.2528022517
0.9308633157,0.9595089337,0.9025573249
0.6884079439,0.7291217782,0.7477435454
0.0118712795,0.0231651153,0.1747785277
0.5900512746,0.6324568972,0.6991651636
0.1603201570,0.6063630173,0.0852984822
0.6659553612,0.4209970852,0.5431585254
0.8895281226,0.8987039811,0.8695306937
0.8204141861,0.6282197209,0.5957598999
0.7019142038,0.4142124946,0.7368602536
0.2690060781,0.2273280011,0.2337166322
0.6286263875,0.5387081930,0.5785412640
0.6388632698,0.6187911569,0.8209849104
0.7587356034,0.6545783874,0.6286297380
0.2909529641,0.4631567497,0.3350420438
0.9030271899,0.9222225207,0.8965638485
0.4597139707,0.6650343170,0.4679369261
0.3182336724,0.3873876108,0.2206348530
0.0386219228,0.0292132689,0.0367490991
0.3046988049,0.4532463573,0.1981460738
0.9034944498,0.8071386904,0.8798840249
0.5122554027,0.6613784447,0.7738547358
0.2214519386,0.4934913800,0.4008417755
0.6968152510,0.8140295570,0.7278917568
0.5610543452,0.4093630944,0.4720217565
0.7168076062,0.8837870906,0.7727712449
0.5436071632,0.4792770564,0.2885355528
0.7872787545,0.8309607191,0.7935854865
0.0015749448,0.0027912654,0.0104621213
0.9330310916,0.9394315426,0.9357299021
0.2246319760,0.2354755352,0.1592149495
0.4178436983,0.3050898706,0.4182095237
0.6784652588,0.6734625445,0.6941997769
0.6473390884,0.7833025311,0.7110363294
0.6978539425,0.8274963051,0.5585276221
0.3354244284,0.3360904050,0.4533637571
0.9385532213,0.9231482648,0.9011988725
0.1406567175,0.1169956858,0.2694191723
0.9057332078,0.9118757403,0.9558788698
0.6433664057,0.6328007972,0.7821084683
0.0407206766,0.1938476760,0.1424267080
0.4524011495,0.5954352836,0.4036249838
0.0398870934,0.1707033307,0.0408904716
0.0996754784,0.2825016080,0.2569353458
0.6026724355,0.5662740544,0.4196998600
0.2151844247,0.0473987342,0.0095336836
0.0250820484,0.0282963605,0.1336158567
0.7147743044,0.7453972715,0.6347853251
0.7127772709,0.8019260082,0.7553296315
0.6506785421,0.4247579128,0.2447903121
0.1675090663,0.2867134547,0.3520005501
0.4471524499,0.6234783224,0.1102487146
0.7820153491,0.6573186665,0.7509016763
0.3998087342,0.6519369468,0.4871495825
0.7010255962,0.7951805583,0.8294884453
0.2651605300,0.2362723084,0.2911053861
0.6238297660,0.7851176155,0.6561431740
0.1525388318,0.2045947790,0.1292919289
0.0042313971,0.0073698539,0.0288365229
0.6525886619,0.7759935505,0.7340952669
0.0567055355,0.0286967828,0.5665695358
0.8747786033,0.9111218972,0.8731092704
0.2963606019,0.1429814338,0.2262716804
0.2561277259,0.4412733089,0.2098061393
0.2077288056,0.2591245468,0.2380436314
0.7636416275,0.7354020491,0.6829004108
0.9155003458,0.7998503193,0.8618027576
0.1391872229,0.0871604634,0.2229326564
0.1766607252,0.1423161105,0.1527937334
0.6440414741,0.7752012179,0.7348266451
0.9335157772,0.9421609477,0.9375110668
0.3541084794,0.0306745352,0.1739238993
0.1010774371,0.0069305939,0.0179617284
0.9497817897,0.9517727637,0.9153272119
0.1877595044,0.2359501266,0.1840486854
0.9919636946,0.9941688566,0.9926130489
0.7143716214,0.4820372300,0.5865935445
0.3955839523,0.0284081706,0.0275192910
0.4810727457,0.5862883906,0.5059003563
0.2165278306,0.3735018256,0.2354666462
0.8741336682,0.9140063799,0.8738339720
0.9282294437,0.9050162685,0.9083539050
0.6467561949,0.6900444302,0.5258010254
0.2771792997,0.7085647738,0.3989198372
0.9414998136,0.8902216672,0.9305971999
0.6494254917,0.5470214916,0.3489281994
0.9027209264,0.7993051702,0.7893130695
0.8386323943,0.9172333233,0.8506930100
0.0999274098,0.1030094183,0.2042678322
0.2074932464,0.2186831027,0.7040917224
0.7591523687,0.5808156764,0.6555889198
0.5280977054,0.4412559976,0.6138304584
0.5042631520,0.4735892272,0.5212717102
0.5997816323,0.4283473066,0.4478352260
0.1399404466,0.1157291756,0.2235875110
0.4108771559,0.2109426804,0.0877188125
0.6982566451,0.5059442106,0.7404513310
0.3120778942,0.4362733230,0.3066311890
0.1404258743,0.1424003063,0.1129804271
0.9832631214,0.9834158369,0.9729568822
0.7759067495,0.6187428600,0.5761755578
0.4027361446,0.3273326101,0.3515034074
0.7915884030,0.8363817274,0.7677580264
0.6594639191,0.5683336695,0.7915293008
0.8000156481,0.7297175683,0.6531003022
0.0434098362,0.0836788273,0.0342643119
0.6685352391,0.3885664977,0.4668542488
0.4664442775,0.6454224416,0.6775755842
0.6738027530,0.7641251704,0.6953433329
0.5456777633,0.3195742496,0.4033985178
0.5671870532,0.5277255783,0.6783380889
0.7789908187,0.9639181851,0.8710610708
0.2680257553,0.2248267368,0.2928026824
0.0772480381,0.1128834184,0.0831229844
0.3502543409,0.1908500970,0.5947400974
0.0447240088,0.1127176428,0.0322631673
0.0395628174,0.1558499956,0.0871731227
0.3733891896,0.1832497250,0.3456171027
0.9217959432,0.8263076536,0.9155858544
0.7659007308,0.4498772875,0.5527348820
0.7181171599,0.4231759690,0.4787378609
0.8867217382,0.8459923979,0.8060110095
0.4172562367,0.5409520705,0.3039200710
0.1332697597,0.0918649293,0.0746755349
0.7738560814,0.8193657873,0.6268513615
0.0135909954,0.0013170494,0.0144812867
0.6184120821,0.6020960501,0.7075827944
0.1620396542,0.2614774997,0.3766780700
0.4731798063,0.5659129183,0.4398890852
0.0733800484,0.2858643864,0.1339318889
0.3811405290,0.5882361291,0.2713878033
0.6828426858,0.5756300169,0.5673242514
0.0567401008,0.0214779893,0.0043535227
0.9398762829,0.9445883767,0.9161237031
0.3150420117,0.3903508448,0.4021923024
0.1359298135,0.6501107037,0.3471437759
0.2896469514,0.4592681744,0.3866305442
0.9503342897,0.9062704454,0.8764792633
0.4256739284,0.4509521147,0.3022068991
0.5029019038,0.4804825330,0.6425621991
0.7763627100,0.8380422588,0.7998982098
0.1270566348,0.1221098115,0.1043029332
0.3767321226,0.2907762077,0.1136654322
0.5039616988,0.3090472207,0.2702747739
0.6830927304,0.6553109813,0.6696428381
0.8398776201,0.7427815326,0.7133910660
0.3039163019,0.1709677107,0.3556821940
0.1291754267,0.1776080405,0.1534382290
0.7153086300,0.7519163752,0.6958032129
0.5321486394,0.4979967297,0.4865718829
0.3896829051,0.3508300952,0.1068799075
0.9643195902,0.9645583735,0.9718925431
0.4589895752,0.3919481355,0.7136539663
0.5792307242,0.6965898303,0.5489343135
0.1112779268,0.1910493666,0.2331766099
0.2480383587,0.4519264684,0.4636413064
0.3834118537,0.4580522140,0.3855947436
0.8080318452,0.6710639971,0.7979970865
0.4247633181,0.1424593732,0.1918136726
0.9524986186,0.9322558797,0.9017433163
0.9004855707,0.9287437537,0.8317962915
0.5974372473,0.5193658111,0.2725147609
0.4948160790,0.4537445828,0.5737750488
0.2621323330,0.3350041489,0.2477299188
0.1039294679,0.0311043364,0.1102784699
0.3219329971,0.4690939571,0.2817394935
0.5776241933,0.5240379832,0.6358057789
0.0186540164,0.2155900596,0.0698662815
0.6728958817,0.6646785389,0.5583756228
0.5244321789,0.5197779551,0.5196682462
0.4636288497,0.4904121928,0.5923205532
0.1197758028,0.3107155537,0.0784327324
0.2279295857,0.0812419795,0.0226841909
0.7199066817,0.3005800106,0.4530591520
0.4196570775,0.1182721557,0.3336421420
0.3151390675,0.3483151862,0.2510282875
0.5828662729,0.4952610920,0.3608691273
0.0990505661,0.0346337046,0.0286072835
0.6431991619,0.4805904263,0.6479032683
0.8594568782,0.9508023160,0.9107016145
0.3995441902,0.3890009050,0.3405346995
0.9412187373,0.9614715583,0.9554715745
0.9231121347,0.8971278273,0.8068140153
0.4361639218,0.5082360515,0.4315744511
0.6939379828,0.7172287777,0.7111341879
0.7937943677,0.8320286182,0.8172621037
0.4488972387,0.3394623219,0.4846966479
0.4291392507,0.4051107405,0.2408340995
0.2169684012,0.3210914334,0.1183796794
0.1792418362,0.1680374913,0.3695889110
0.7432652907,0.7584977881,0.8020195215
0.5830012054,0.4773401863,0.2841720479
0.1287982891,0.0714013863,0.2565842243
0.7071587263,0.6352672028,0.6744536825
0.1064168435,0.2636288688,0.2015929052
0.0390646243,0.6188268565,0.1132849018
0.8408467911,0.8047515168,0.6985286695
0.5632061912,0.5942752186,0.4986879295
0.7416767086,0.6226055227,0.7022107470
0.8474937978,0.7461771991,0.9388751562
0.7629371702,0.8121989634,0.7513827887
0.7061750934,0.7417680032,0.6784456030
0.0846612749,0.0709944345,0.0943001041
0.5052104130,0.6951506959,0.5070767191
0.5682820982,0.6979313508,0.6583414360
0.4404682214,0.2763481731,0.5965569874
0.7520511027,0.7742161952,0.7511023867
0.8039781034,0.6973524141,0.7220096500
0.0018855402,0.0007783449,0.0037119317
0.4439528803,0.0627164293,0.0789961502
0.0401995312,0.0623232057,0.2592305194
0.8672645965,0.8729821621,0.8988824649
0.6049413192,0.5051112424,0.2646292435
0.1995698288,0.7039856992,0.3154491936
0.8437040507,0.9122309249,0.8510215121
0.5497161023,0.2504489614,0.2215294893
0.4213883568,0.3834422297,0.5939844040
0.3962906826,0.3969942391,0.7705187307
0.8583921748,0.8783613565,0.7673621839
0.8393116980,0.8155813461,0.7905501055
0.6659124422,0.7370212528,0.7360020973
0.0132982284,0.0082733028,0.1866950425
0.0510461674,0.0201721017,0.0651917194
0.6886871347,0.6932458453,0.6714798577
0.8092386905,0.7467383482,0.7661736110
0.9295551717,0.8922237789,0.8419251702
0.8713262605,0.8185749658,0.8800113024
0.8759991215,0.9410556515,0.8669035271
0.1967260665,0.2096592553,0.1967733154
0.2707157376,0.2463462907,0.2230762206
0.0746818186,0.0583415857,0.0710202282
0.4430430943,0.3444256419,0.2151714539
0.8699103279,0.8555600290,0.8878973984
0.8092534959,0.6797551212,0.6048914791
0.8382611613,0.8527251248,0.8610528479
0.4008494073,0.2153643408,0.2098539290
0.2828722902,0.1849667737,0.1522772695
0.2333534615,0.2312291954,0.3287102808
0.5813323464,0.3069664514,0.3334399370
0.9524476933,0.9026715118,0.9054236117
0.3847779569,0.5135021873,0.3659073393
0.8702854275,0.8644207645,0.7924913774
0.6879855239,0.6905859061,0.8325188370
0.1183710216,0.1808719141,0.5894561143
0.5541885543,0.4998847318,0.5828751964
0.5590123966,0.4387198207,0.4614549264
0.3476021829,0.3928747684,0.2344681534
0.2895522940,0.5160818671,0.3695071108
0.4355041861,0.4694682613,0.5602133636
0.6866669654,0.5618808867,0.7003099902
0.9959690604,0.9924914620,0.9905782502
0.7173374598,0.6619683592,0.7548786676
0.8687687786,0.8605854865,0.8441827916
0.2718310712,0.2211344423,0.2609182494
0.7624938812,0.7817545314,0.7789219845
0.2718367395,0.0902550585,0.2661801077
0.7524743142,0.6531528846,0.6765110117
0.0501656885,0.0282841808,0.0860117448
0.5480784487,0.6576107450,0.6702797952
0.6933874771,0.8092671456,0.6786204895
0.2836000998,0.4409613164,0.5698924631
0.1943258516,0.2639006830,0.1864320762
0.1117657394,0.1621336984,0.0794685636
0.7713727337,0.4337457097,0.4413648237
0.7512291763,0.7360777396,0.8628042006
0.8044443799,0.8619128439,0.8188175483
0.6988742635,0.7819276293,0.7456935713
0.2331953467,0.2621626487,0.4364319361
0.2655917176,0.2495922871,0.2688289053
0.8229123206,0.9249168280,0.8412199697
0.0046379993,0.0233007248,0.0850329097
0.2381212038,0.2477030830,0.1516191831
0.0402637429,0.1937572255,0.0829603002
0.5515561448,0.5847844341,0.5532875209
0.2836518771,0.3218522175,0.1873854721
0.4445825875,0.4420974798,0.2573718074
0.4542434062,0.5739135902,0.4571567135
0.6686397650,0.7615357500,0.6966632609
0.5098845712,0.1965916960,0.4351535056
0.2257777788,0.1947717349,0.3761522720
0.8991069932,0.9786657395,0.8545821789
0.2663282745,0.5654628753,0.5815958377
0.2269889388,0.2120388566,0.2309568062
0.5887825648,0.3907756303,0.7761341252
0.2430618922,0.4071239822,0.6455645386
0.7118020075,0.7241031415,0.5794778772
0.0315320990,0.0294802668,0.1053639960
0.5516687806,0.3406127121,0.3391893044
0.4890267504,0.5793535107,0.5949264412
0.7504160210,0.7213659247,0.7112198872
0.8216515381,0.9038042861,0.8774846355
0.3376239084,0.3905465417,0.2777838160
0.7801393827,0.6522480444,0.5660177570
0.7008809373,0.7524841384,0.8025210748
0.7622547229,0.7197455585,0.7835747637
0.1082798167,0.2321414546,0.2103244334
0.8450308777,0.8341804244,0.7582736006
0.9273646391,0.9568795015,0.9181744445
0.9062160352,0.8348130205,0.8989474661
0.0175772241,0.0384548175,0.0196397727
0.9615503126,0.8773751588,0.9178553164
0.4803127022,0.5171330864,0.7417449378
0.9498787733,0.9211402316,0.8950951621
0.6912590377,0.5345800149,0.7365560452
0.6833412189,0.5793249657,0.6158365146
0.1226152442,0.1340099556,0.3120295619
0.6137488618,0.6222154486,0.6443189240
0.5971240007,0.4038035759,0.5766489077
0.1760343105,0.1793382110,0.0932725106
0.3203847864,0.3941537003,0.2714291403
0.0428460862,0.0876582406,0.0590306540
0.1997109138,0.2311331781,0.1485593637
0.9637968008,0.9151289776,0.9267932387
0.9901904504,0.9816788754,0.9791006384
0.0266313487,0.0239547402,0.0669653896
0.0572235112,0.2343491840,0.1411562586
0.8574192606,0.8798629200,0.7198739565
0.5665956154,0.5405676963,0.7741502669
0.9024224208,0.8780013887,0.9101004918
0.4030601128,0.3654511052,0.2311958720
0.5359703711,0.4093695661,0.2856322534
0.9477272634,0.9500852903,0.9550833276
0.1227208033,0.2072168696,0.1027494536
0.2576112412,0.3322036883,0.3208494186
0.5463760493,0.3326614100,0.4727088224
0.5315440781,0.6554175401,0.5439133689
0.0177133253,0.0250093783,0.1040980440
0.1459065441,0.4274936131,0.3386823045
0.6983214890,0.7489619782,0.5999286358
0.2787629483,0.4604617872,0.3142752228
0.8319377325,0.8955455678,0.8482533280
0.7993334070,0.8953208213,0.7390465109
0.9966513086,0.9945523821,0.9972245822
0.4637462126,0.5831752871,0.6158846788
0.7202333726,0.6232511303,0.7492251692
0.6389171179,0.5388878082,0.6300440944
0.1971819482,0.3537994470,0.3142799594
0.9443099286,0.9206788614,0.9176357540
0.4350231066,0.3585165377,0.7624384352
0.0837687163,0.4361998110,0.2220645554
0.0026563231,0.0000613644,0.0410242626
0.5429815341,0.6123877528,0.8370422359
0.1975697734,0.2979882231,0.2673057388
0.8927116695,0.8808238417,0.8730665904
0.3757942849,0.2026339704,0.2398619750
0.7001233091,0.7634822062,0.6442139626
0.2980913276,0.4663074085,0.3543229016
0.2941243594,0.1480912635,0.1454826099
0.6174176695,0.0994216655,0.3033350703
0.7316174485,0.6312370229,0.5952450655
0.0929207075,0.1740310538,0.2576142218
0.1348812113,0.4800136120,0.1847371466
0.4303842765,0.8496260798,0.5216055683
0.1111142604,0.1594318369,0.0660872531
0.6522967224,0.5805371520,0.3707897247
0.1992009989,0.3701523447,0.4793239036
0.4076649291,0.1598061718,0.2303542595
0.5137806129,0.5422057628,0.7624682173
0.2382764962,0.2710483142,0.2325493226
0.1932851269,0.2604529394,0.1789816665
0.7103209618,0.7365481202,0.8316395244
0.8376492768,0.8237887529,0.7455702600
0.7578404241,0.3891002267,0.5024101828
0.7391783960,0.8162561427,0.6361427650
0.5734414211,0.1203045844,0.1837993972
0.8791323038,0.8625002720,0.7519479969
0.0678544307,0.0364580326,0.0288485921
0.7246603804,0.8108838892,0.8010912997
0.3235906999,0.5235151229,0.4148883948
0.6706970953,0.6375800096,0.7699938488
0.4437341674,0.5251548633,0.4317012612
0.5298821574,0.5476132671,0.5344601968
0.0155839282,0.0137336622,0.0774250706
0.7674611795,0.7013362631,0.8315988755
0.0037167289,0.0200039493,0.0058909271
0.2085570580,0.1879848081,0.3011940057
0.2767841590,0.4900305889,0.3428532714
0.4937062411,0.5428440506,0.3185810954
0.1836427219,0.1338607683,0.1143903548
0.6219405347,0.6918221847,0.6006272161
0.4899863933,0.3126507044,0.2135161558
0.4876406256,0.5833432282,0.5014393178
0.3455949380,0.2352861697,0.2751327654
0.2454307595,0.2394179131,0.1528686243
0.0347460418,0.0549829391,0.0369146699
0.0541717535,0.0495729256,0.1035470624
0.0407705121,0.0521162146,0.1508155018
0.9700313551,0.9500747147,0.9546879195
0.1694028526,0.1844823588,0.5836047079
0.4197866441,0.4858906148,0.4492034441
0.9944986489,0.9951548545,0.9949508172
0.1197090578,0.2230647918,0.1474350512
0.9017679089,0.8971216646,0.9276087373
0.3584895906,0.3618587458,0.6518540942
0.6302389972,0.5270077821,0.7157983139
0.3898294308,0.6660199316,0.5890315173
0.7029810974,0.7508691049,0.6691887191
0.0949835478,0.1428103092,0.1126226970
0.2486464463,0.2031129170,0.1292221282
0.0351598750,0.0514770670,0.1206071639
0.5404837775,0.4195698032,0.5602047205
0.3184169925,0.4329208610,0.4430502473
0.7069104345,0.8366706872,0.7182140264
0.0206503022,0.0829099863,0.0237758920
0.2759689812,0.2411676710,0.4137493171
0.7709761061,0.7274173748,0.8411152453
0.7305455808,0.6491781190,0.7809772632
0.2597475620,0.1748579986,0.2118067182
0.7041545594,0.8026619381,0.8225947414
0.1330622046,0.3921283466,0.2370652051
0.9189670002,0.8974795488,0.9096952256
0.1604269822,0.1407963088,0.4470562034
0.1628295488,0.0345855534,0.1028065351
0.1987302924,0.1996107440,0.2628794143
0.5994685789,0.5549946655,0.4209714831
0.0988443128,0.1654370012,0.0513292006
0.7381951077,0.6160630544,0.6740570526
0.2432632392,0.4357042198,0.2528525838
0.3620955444,0.4771051238,0.7528460058
0.0733979340,0.2872439898,0.2329102212
0.9214375284,0.8937641762,0.9570563770
0.4951596475,0.2715423926,0.8653386016
0.9165999224,0.9157208587,0.9593040006
0.4214098419,0.4221530412,0.1825896973
0.5890237589,0.4510966678,0.5505203925
0.5567153046,0.6380199033,0.6068621901
0.2032982272,0.5023591838,0.2950551936
0.4592360649,0.5663484864,0.6347477375
0.2419709796,0.2663858269,0.2670000113
0.8236514290,0.8344330057,0.8949151125
0.7367223581,0.7347050441,0.8409291153
0.0790932333,0.3495308762,0.0086329802
0.3108115068,0.1165368182,0.1275357572
0.3351959910,0.3552885355,0.4217126635
0.4720554584,0.4914264470,0.5753464249
0.2567691663,0.1270038309,0.2965143967
0.2134506568,0.3313012070,0.2093068724
0.9097118469,0.9563235985,0.9382034572
0.1208363259,0.0323796074,0.1047898887
0.9281449123,0.9201953665,0.9511708327
0.1298306022,0.1541387698,0.0649687356
0.9680946064,0.9641754791,0.9773572830
0.6034895713,0.5816132889,0.5873176161
0.5524198689,0.4266889168,0.5571057237
0.4244016564,0.5727847293,0.4642536867
0.7335643899,0.6582039782,0.8652808478
0.1653208850,0.3318887802,0.3472028885
0.5860715614,0.7518163321,0.7953313148
0.2629334681,0.4285244785,0.3869265892
0.3605682937,0.2604697054,0.3125382811
0.3012645513,0.3099984832,0.6214055162
0.5233863446,0.4025997713,0.3235939540
0.3213721817,0.3718799700,0.3052545456
0.2703908287,0.3711137092,0.3795421855
0.5811445134,0.6234277200,0.6336460453
0.5896857891,0.4747222796,0.5241120178
0.4113282758,0.5925901188,0.4644536541
0.3858422487,0.2157289507,0.1556764497
0.8268126185,0.8795003836,0.8964262808
0.9525799234,0.9716468369,0.9633468894
0.5632154997,0.4416972635,0.5916582016
0.1756032419,0.2168609694,0.2275327847
0.6718275629,0.5133742934,0.3645672560
0.6947738997,0.7566856884,0.7676834072
0.9628639169,0.9256100609,0.9395997820
0.7670112038,0.5903435815,0.5743940647
0.2335466596,0.2676270171,0.7379117401
0.1192563672,0.1274137372,0.1891343985
0.6355309567,0.0913280183,0.2895398507
0.7378399372,0.7246427845,0.6174351677
0.0207525325,0.0920253110,0.0136367672
0.9860383547,0.9655319199,0.9490660926
0.4445353794,0.2922806484,0.0074433636
0.0956570941,0.0714515927,0.3505962301
0.3124194784,0.3947264188,0.2555407473
0.9370902914,0.9663336533,0.9722128845
0.5868611462,0.6069157259,0.5369105178
0.2401928377,0.0583508363,0.0294970633
0.3638966659,0.2049422512,0.1705386175
0.1686014010,0.1217655089,0.2038040993
0.5427013633,0.6459979773,0.7157043882
0.9965829979,0.9970565853,0.9946070872
0.5571220008,0.4296477007,0.3903832120
0.6650474905,0.6503172864,0.5859854001
0.0357732177,0.0933668963,0.0301300876
0.9443619976,0.8057627862,0.7337412402
0.1702460683,0.2935277688,0.2079388482
0.0142446585,0.0738203785,0.6643717297
0.5535893916,0.5636258429,0.6099490237
0.8059129753,0.6442175453,0.7355262260
0.6838320784,0.6422057873,0.4649475103
0.3298236823,0.3737159306,0.4492735149
0.0122065060,0.0185109019,0.0115538218
0.5496653567,0.3116767022,0.5316052636
0.3837630673,0.3789381518,0.3328204799
0.1776669497,0.0855148801,0.1762739874
0.9223529615,0.9462889468,0.9272305098
0.9282389955,0.9210759672,0.9236754863
0.7736653846,0.6948762033,0.8030201413
0.6917855210,0.7232127388,0.7915444452
0.3397688668,0.3393430367,0.2913427709
0.4008782335,0.5886327972,0.9200793889
0.7137305998,0.6222849643,0.6476946467
0.5359568365,0.5518155955,0.3605252373
0.7613635300,0.8206170374,0.9231746862
0.3984711578,0.1856811880,0.4607789936
0.4845915955,0.4828331007,0.3680727956
0.2091401582,0.1591548171,0.3125083873
0.7440267191,0.7125949101,0.9056232499
0.5081557345,0.2567236825,0.1789813595
0.1149810204,0.0316014089,0.4510253758
0.2415254286,0.2150948186,0.2006953630
0.6087021401,0.6223804944,0.4350200923
0.8564003672,0.8933224307,0.8673901460
0.0151817762,0.0130227229,0.2900319234
0.8651090007,0.8637671483,0.7991939738
0.1880374269,0.3764506681,0.3752915983
0.7274331524,0.8112615035,0.8597446928
0.7539196697,0.7770256694,0.8362727798
0.8210163123,0.8844279342,0.7409723470
0.6234337975,0.7743277123,0.6958103883
0.5116990893,0.6070804082,0.6736786252
0.0728018806,0.0267400716,0.0242156165
0.5758972529,0.5666666783,0.8262757363
0.4591332657,0.3817206058,0.2901655693
0.3959330181,0.4309041350,0.4206597153
0.5188831469,0.3557866859,0.5418772541
0.6260131052,0.4184733449,0.6524833514
0.5849835679,0.7069714159,0.5995106794
0.3684083530,0.3623357175,0.5352663264
0.9067313968,0.9382551726,0.8755134401
0.9249082571,0.9249252770,0.9136891889
0.9815197115,0.9604589110,0.9596930063
0.3380271486,0.1424569629,0.2562164938
0.9318610966,0.9773489493,0.9656464853
0.4697535657,0.2669648028,0.4321713677
0.2841014449,0.2793469162,0.2243424536
0.3781946063,0.2591985455,0.3800334058
0.9854134602,0.9838153168,0.9898751580
0.2338503656,0.4583627054,0.3085745540
0.6990828400,0.5942622337,0.6167145206
0.0027873070,0.0185119916,0.0412460319
0.0770919557,0.4073467942,0.2617975348
0.9276442311,0.9460696850,0.9117809418
0.1094844133,0.3487270003,0.5617713509
0.6036054249,0.8327877132,0.7502324174
0.1392686230,0.1125147273,0.4208007314
0.2058226481,0.1787326059,0.1647683133
0.8884598413,0.8677832743,0.8387406981
0.6502855335,0.6514985478,0.7640573948
0.9781734972,0.9838166763,0.9777525987
0.8126285845,0.8206385941,0.8466662487
0.6398882965,0.5456394763,0.6589604329
0.1904856658,0.3228400378,0.3102906693
0.5047041555,0.1085865334,0.2253357450
0.0918706993,0.2372655116,0.0961058388
0.8374890196,0.7989267693,0.8699501101
0.8440401005,0.8040126114,0.8592678729
0.4141790368,0.6356976481,0.5719911769
0.5062935412,0.6153704591,0.5027289508
0.6842018672,0.7290637738,0.5963293410
0.2070774457,0.3266652286,0.3238842090
0.6513199364,0.7726572849,0.5902108810
0.8661399961,0.7327054930,0.8097752174
0.8644610912,0.8447793493,0.8135404279
0.7793249529,0.5618124512,0.5335640261
0.3233149358,0.3031296990,0.1518159009
0.6800589876,0.8271505720,0.7756619670
0.1033374961,0.1431475924,0.3534592305
0.6731286871,0.6720411891,0.8044772090
0.9700674326,0.9459687059,0.9622211965
0.4232942005,0.2160703777,0.3670909826
0.3641618187,0.3217109370,0.3271921912
0.9943714240,0.9947424541,0.9937527629
0.9945116134,0.9986257467,0.9963694686
0.2478295483,0.1530980806,0.0282448082
0.6224387477,0.1333922983,0.3114374822
0.4454855657,0.3116221127,0.3717823173
0.4765463316,0.5578820495,0.5449470720
0.0015178449,0.0090536818,0.3686520503
0.7252070946,0.8570547562,0.6476867641
0.5681515725,0.4802218014,0.2960896939
0.5220584356,0.5205350364,0.5283280430
0.2108200019,0.5205873785,0.3817575300
0.4800719820,0.3842252036,0.3012113754
0.1141332152,0.1266596651,0.1784009741
0.3908105749,0.7067043786,0.6927366855
0.2239146712,0.4992894366,0.1688660112
0.9094476159,0.9212794053,0.8973117671
0.4290059821,0.5721595487,0.4795484457
0.4735971771,0.5717512095,0.3907022717
0.6705118374,0.7513830191,0.6417662109
0.8461932285,0.8525660815,0.8393395326
0.9891187162,0.9860576044,0.9935503836
0.7641591477,0.8304264083,0.7622851723
0.8201043116,0.8327494684,0.8189371205
0.8053021292,0.4309467810,0.4072332025
0.6152463329,0.6549683567,0.9349854175
0.6989315616,0.5234813213,0.5767363401
0.9838453480,0.9865095777,0.9901350984
0.3538303221,0.1146701978,0.2562745082
0.8003025108,0.8417040445,0.8834788173
0.1969734919,0.4660400911,0.2480399752
0.7732786918,0.6712868372,0.7665047032
0.0445716512,0.0938247620,0.3001081954
0.1264261588,0.0330725504,0.1636174449
0.4958200026,0.4883096881,0.5117728857
0.4354345146,0.5364267739,0.4688899043
0.2503766576,0.2805889363,0.3348342399
0.2290311995,0.1930332656,0.3174958644
0.5333561095,0.7125880633,0.2762757415
0.0867404272,0.3125990267,0.1253246091
0.7056652661,0.6974339784,0.7522867398
0.6465747958,0.2430387880,0.5036399835
0.1641142373,0.0973238829,0.1099999086
0.0223106061,0.0660888745,0.0580422142
0.2049524555,0.4863170426,0.1355927080
0.4599316605,0.5521825466,0.4797638264
0.9503744799,0.9613714543,0.9741122632
0.1188336532,0.1481579910,0.3106469522
0.5901286442,0.3574797646,0.5591110150
0.8047470346,0.8616694455,0.8698810057
0.1397359555,0.0041589693,0.0027992998
0.8769390534,0.8035209502,0.7852105502
0.0367408524,0.0370927084,0.0798457421
0.8862272197,0.9215588666,0.9502868792
0.2586129236,0.3643704514,0.4585194047
0.7490039853,0.8289628498,0.7522202820
0.6792484827,0.7674576578,0.7181320040
0.6041970218,0.5389630247,0.3156926020
0.4823193943,0.4892126399,0.6118914294
0.9384346683,0.8406459440,0.9307821977
0.2949838173,0.2605671016,0.4329760336
0.7071458811,0.6777773818,0.4890159986
0.7581398142,0.7521862591,0.8020630824
0.5718632733,0.5310182191,0.5331107326
0.3343903085,0.1395851319,0.3147355248
0.0094043801,0.0533485182,0.1057146845
0.8032579184,0.8047883695,0.8397013163
0.2621530512,0.4434808558,0.3916747079
0.8787802171,0.8310156316,0.7051079265
0.3304314430,0.5410660770,0.5831760120
0.2004247534,0.2900331888,0.3546138632
0.2848592550,0.1598830033,0.1984150519
0.9475469706,0.9096138197,0.8945998261
0.1287326281,0.0838305540,0.1397166292
0.9748855048,0.9496274038,0.9200085835
0.6833593724,0.3992897064,0.4867524641
0.1713826950,0.1562244448,0.2627731749
0.2960630531,0.6277558565,0.2367277842
0.6823093896,0.6633620116,0.8315417142
0.5768934997,0.5138147529,0.6134795533
0.3665588569,0.4958769527,0.3638392575
0.0923130780,0.1449976672,0.2496797141
0.9374676554,0.8888184083,0.9183727594
0.8404146291,0.9072423173,0.8239949873
0.5661139414,0.4399410202,0.1909954221
0.7917070792,0.6598023068,0.5941188462
0.0199789073,0.0282058601,0.0784149961
0.8715760158,0.8741209199,0.8954817599
0.4121967843,0.6708777700,0.4387183799
0.6873947909,0.8992847129,0.7057114331
0.3345284443,0.2180136449,0.3245430969
0.0678910757,0.0291115475,0.0362573098
0.5787671457,0.7403832961,0.5512817415
0.9099740159,0.8863052753,0.9150264470
0.3673617429,0.3013614633,0.3777144900
0.0559070111,0.0426203176,0.0397277074
0.1207879944,0.0607393887,0.3226729155
0.5576670872,0.4776200058,0.3890326051
0.3330743497,0.2804216496,0.1810569269
0.4179082709,0.4932456443,0.2913851055
0.3901765224,0.3437117169,0.3749999861
0.3959977336,0.4167020224,0.4558062303
0.1936865763,0.2352906926,0.1941760973
0.2176473548,0.3832163641,0.2443106022
0.3337297594,0.2172327786,0.1154708270
0.4854613272,0.5768512630,0.4719838792
0.2800814432,0.2604740548,0.4101903144
0.7409134294,0.7314899293,0.5978586182
0.0353354266,0.0620742458,0.1279479945
0.0501105313,0.3454854483,0.0854746179
0.7383402077,0.7149965955,0.6731610012
0.0563796852,0.0353328461,0.0513072865
0.6993797397,0.7908292285,0.7599063487
0.1285900205,0.0524153910,0.3225336603
0.2466407497,0.2331671287,0.2330639217
0.6298309164,0.5161897911,0.5468632854
0.1740426956,0.3474043081,0.2263538204
0.8988292022,0.8279658859,0.8019311735
0.8290264995,0.8977008608,0.9141640110
0.1170351707,0.2746503335,0.0922775140
0.0337830429,0.0810683347,0.0111000719
0.9746548335,0.9939871169,0.9922028252
0.1095707812,0.0861359319,0.0980743975
0.6249606468,0.6044086102,0.4058981190
0.2042080305,0.1992607692,0.2303904668
0.0381197795,0.0399867710,0.0242878816
0.2101545542,0.4073349838,0.0486721250
0.7425179686,0.7993125175,0.6959913145
0.3477638038,0.3814911912,0.1169902461
0.2823229603,0.5960848505,0.6819089526
0.0779808176,0.3698582126,0.0978568701
0.8313960378,0.6701834048,0.3790974619
0.4102832244,0.5473936878,0.3771623265
0.1665082609,0.0985965783,0.2553139318
0.1996535316,0.3335967939,0.4213098331
0.2347325415,0.3448403416,0.3382705208
0.3313119535,0.2919924039,0.2126309809
0.7590677550,0.8407793996,0.8084516678
0.4966310005,0.5277947169,0.2340063134
0.7307079250,0.6887502809,0.5563987875
0.1890784798,0.4105514897,0.1984673761
0.2747319806,0.3988086404,0.3301198587
0.2069752835,0.0855494466,0.1752661882
0.2669531058,0.2830074016,0.4355306865
0.9713748130,0.9421997880,0.9490369076
0.7095979965,0.8153900430,0.7117585658
0.7121888168,0.5477153459,0.5434991697
0.8626048545,0.9124744966,0.8672922701
0.6177610533,0.5720241720,0.5497654743
0.4080679455,0.5027741217,0.5235560448
0.0055928967,0.0287028523,0.0013010218
0.2767445998,0.4947771017,0.4694669564
0.9545959500,0.9600839806,0.9486582087
0.4626070604,0.4436199670,0.3831717794
0.4192419582,0.3915593074,0.4533092080
0.5693379472,0.6233659627,0.8018747301
0.3714013691,0.4605967531,0.4138600765
0.5783684757,0.3160527954,0.4100709535
0.4770296246,0.5907997595,0.5273330698
0.0716088046,0.3047956106,0.0596510503
0.1652265282,0.1629216808,0.4136327260
0.0768644888,0.2350831045,0.1643854148
0.9622816706,0.8786877487,0.8450274602
0.5150205966,0.6298057748,0.8967205046
0.4496795195,0.6188625919,0.3298024565
0.2262208167,0.4990061491,0.6977571543
0.0658831350,0.1031055588,0.1341147506
0.3202495144,0.3804892690,0.4857505388
0.4311698970,0.4316402900,0.6232961232
0.6079779595,0.5823189782,0.4498242709
0.8215178660,0.8915726339,0.8247541820
0.8954063974,0.9083656767,0.8552496128
0.9775982319,0.9751600614,0.9711062403
0.8562968164,0.8237649136,0.8522602614
0.9443322320,0.9428134061,0.9424049449
0.8088431115,0.6682634343,0.8236167923
0.0316758836,0.1289800683,0.0373387737
0.5679248355,0.6281223437,0.7668896921
0.6385313903,0.6131584843,0.7492043186
0.1892718190,0.0640889513,0.0460305093
0.5091657092,0.6414182715,0.5590954777
0.3147623480,0.3570009515,0.2716808990
0.5795625354,0.4689869692,0.5798707592
0.6512299633,0.8549599232,0.7581278444
0.0792263454,0.0722140511,0.1982325600
0.7799068411,0.8302098227,0.7463526034
0.8648031122,0.7075346201,0.7924122171
0.6663773561,0.6100557734,0.4706145535
0.7914735971,0.6875491172,0.7013848612
0.0176930339,0.0692651075,0.0330658986
0.3726628054,0.3622948495,0.3672506911
0.2706933243,0.1854533459,0.3009517417
0.3903866942,0.6946508276,0.6571762703
0.3711442413,0.2934012359,0.2596127606
0.0713833759,0.0145201089,0.1022073773
0.0224810696,0.1747560838,0.0971014043
0.4098665849,0.2086271067,0.4434783000
0.7504059997,0.8704234374,0.8579413898
0.7582507985,0.5888698578,0.7280466802
0.8203959219,0.9176348625,0.8020667811
0.6383106500,0.6491408114,0.5634234218
0.3104420602,0.2908068388,0.2747583052
0.6611993172,0.6857862303,0.8117858287
0.8157930617,0.8652002184,0.8952771785
0.4332811252,0.3249956561,0.1121773146
0.1309330893,0.6369792888,0.0864058715
0.7058328903,0.3376118789,0.4986655833
0.8773894556,0.7905969395,0.8412391539
0.4149258982,0.4376829293,0.6016592370
0.2516249763,0.4586049394,0.6347058894
0.6167872562,0.5273474441,0.6132666873
0.4253133976,0.2668159383,0.2432442255
0.9011889259,0.9593961127,0.9013407212
0.5940741482,0.5721962452,0.6858145708
0.0051244164,0.0055688856,0.0128760095
0.6972366164,0.8110767480,0.7114295459
0.9739917859,0.9726520581,0.9791574735
0.6579393941,0.5893658071,0.6132787514
0.3098267767,0.1190539710,0.0985485886
0.0858386464,0.0800928774,0.0340925927
0.4264363014,0.5069576306,0.5580754319
0.8337847574,0.9175403117,0.7987355459
0.8343418737,0.6946226141,0.8144725853
0.9852010800,0.9864130653,0.9880744863
0.5970782911,0.5965826838,0.4476416784
0.8666792089,0.5935053727,0.6947183392
0.4946258212,0.6876554064,0.9108119555
0.3859189908,0.4878591151,0.4196663830
0.2921618020,0.4097287815,0.3599877078
0.6904659793,0.7194947716,0.7149365929
0.5505396327,0.8320682274,0.7489085806
0.2300096592,0.3473235244,0.4960607171
0.6818378369,0.7957525957,0.6676886222
0.7477739016,0.6339091810,0.7995172605
0.1232670371,0.1990805362,0.1581546049
0.3100850684,0.0606282334,0.0519196621
0.3058629293,0.3117272715,0.3399663609
0.4343101788,0.3521058826,0.3434242433
0.8739492969,0.7242856419,0.7262015274
0.9323820840,0.9414468693,0.9090520072
0.8042639287,0.8671586197,0.7711221285
0.7521141067,0.7027819138,0.6974707496
0.2811530356,0.1873291437,0.3019965247
0.9789111580,0.9524208431,0.9719659625
0.1408088284,0.3558222791,0.3970188925
0.6029292337,0.3687856686,0.4935121925
0.2784444388,0.3291008489,0.5327773823
0.7747943239,0.8400890112,0.7959402467
0.4483300755,0.5884090674,0.5041629659
0.1765102831,0.1595512630,0.4846321299
0.9863886711,0.9975937937,0.9987012047
0.8039599071,0.8253783489,0.7959460130
0.3670200863,0.3373952325,0.5030185648
0.2741471263,0.1710475028,0.3428984265
0.5613086108,0.5726533404,0.4560020596
0.5084096317,0.4542583490,0.4182975802
0.5464416315,0.1775321637,0.2064182726
0.0178540616,0.0695006063,0.0301288164
0.6011421949,0.7046500294,0.6174812787
0.9637320623,0.9772705689,0.9729140924
0.4648916011,0.5568177646,0.5294841360
0.7458413275,0.6944424253,0.7710298146
0.2489746154,0.0968124148,0.2038586068
0.8859195958,0.9409013713,0.8831996267
0.7612205311,0.8772125511,0.8242865853
0.5469679135,0.4021253954,0.4394819997
0.7822756346,0.8226710128,0.8423018274
0.9041353665,0.7744992288,0.7697290671
0.6227396454,0.5816955418,0.5328826221
0.3990325759,0.5067469467,0.5874575884
0.4015660547,0.1426773262,0.4466436930
0.0525535565,0.0883481848,0.0189825570
0.9736517600,0.9529423657,0.9785325792
0.5004263724,0.4046571945,0.3027940287
0.0773188061,0.0293815746,0.1017411409
0.8391740134,0.9092569374,0.8124543964
0.5409179280,0.3869719053,0.5113113674
0.9600460012,0.9595216000,0.9431548076
0.7690403485,0.8654851652,0.8162783431
0.5539710090,0.4635717607,0.3232796337
0.4937518522,0.6084588417,0.5586857616
0.1570051248,0.2563853339,0.3254575012
0.9386906930,0.8357743323,0.8474710015
0.1024780094,0.1671998569,0.1321948321
0.4013532335,0.2169319203,0.4027730647
0.0861528573,0.0499657203,0.0244754231
0.9197841265,0.9333075141,0.9218432800
0.0095477412,0.0043355900,0.0202431450
0.8187843977,0.8697798038,0.8149772149
0.5042642794,0.5340870318,0.6572703737
0.1811697314,0.3167492200,0.2265988911
0.1577276355,0.2274237579,0.4066911630
0.3990967896,0.4980485933,0.7050437034
0.3193294856,0.2541497471,0.1202507500
0.1824395632,0.2635946123,0.2356387164
0.0443039395,0.1284150798,0.5253334982
0.1387921652,0.2135245917,0.1959162905
0.3051628199,0.1774087390,0.2864417660
0.5365667326,0.7230005969,0.8777946658
0.6955277281,0.7684923420,0.8203545110
0.7075263977,0.4257109424,0.3230677027
0.7555931412,0.7644329010,0.7347310261
0.1529291790,0.2500469162,0.3747585438
0.1520803341,0.2971418821,0.2941576090
0.2052151040,0.0860088189,0.0514697127
0.5836489612,0.5075859859,0.4772160051
0.1379244395,0.1087057142,0.0569704269
0.3277758092,0.6173410534,0.4629908289
0.8047428029,0.5633535601,0.6998318160
0.5110224061,0.1902219095,0.3636892176
0.6440998945,0.3604183465,0.3314650791
0.0020728359,0.0076337066,0.0335937157
0.8109580768,0.7978070010,0.7896925134
0.2765212541,0.2942635517,0.2532048782
0.1833977980,0.1396842641,0.4222117212
0.1350186715,0.1462788724,0.1908838649
0.3615064083,0.5481180040,0.2798188782
0.5316214038,0.6384994982,0.5341476289
0.1212028502,0.0394149861,0.0485469129
0.6239551325,0.4940191856,0.7185143506
0.5405598337,0.5389822502,0.6708493111
0.5626761644,0.4908161884,0.6344412004
0.0652954761,0.0738274127,0.0200440239
0.0758015248,0.0161349544,0.0527851063
0.1815571357,0.0786999655,0.2224422198
0.2864527386,0.1510917250,0.4142053877
0.6237682358,0.6932150823,0.5357200252
0.4438059003,0.6162925910,0.5466115784
0.0541539014,0.0507267668,0.1137341282
0.0687661785,0.0121193533,0.1697937955
0.8468909678,0.8837657830,0.8766489965
0.3698793333,0.1062740662,0.2870257199
0.3618326445,0.5488523184,0.3685267335
0.2854723212,0.5300438363,0.3273394203
0.7891700313,0.7580119632,0.4985020408
0.9944255147,0.9927971435,0.9932399195
0.8942701338,0.8910481291,0.9540762598
0.0915260865,0.0122199131,0.0473892659
0.1491894888,0.3064473097,0.2310569697
0.8189531027,0.7383049404,0.7085511591
0.2204640560,0.1738736386,0.2226163577
0.0386438612,0.2516304407,0.1041010302
0.6848796390,0.6095954295,0.6403267508
0.7778838537,0.9121351888,0.8330470513
0.9291826558,0.9153060796,0.9364662554
0.0920449771,0.1345189873,0.0662261798
0.4285272409,0.6054006551,0.4914122753
0.6915357128,0.6626777662,0.6534688962
0.9005551860,0.9351760369,0.9071894663
0.2075078655,0.3033761448,0.3033374141
0.7515814317,0.8875471735,0.8264262413
0.8146958452,0.8512518715,0.9177968940
0.8931805266,0.9085234650,0.7684509288
0.3516283923,0.3029683346,0.2788508873
0.0152634895,0.0857951379,0.1109641663
0.3037155303,0.1792660571,0.2926522055
0.0794086613,0.0357891156,0.0097905880
0.5743459105,0.5801791756,0.6659424357
0.9100342882,0.9412890537,0.8843411470
0.8291497685,0.7670503609,0.8269900544
0.0037302686,0.0148103726,0.0122401976
0.4650541370,0.7775131445,0.4871889546
0.5499091352,0.7262460711,0.5000393777
0.6084846812,0.3003736101,0.2828228260
0.7003716655,0.6496991601,0.7123697449
0.3771483905,0.4293163476,0.3928416089
0.0158229131,0.0105209856,0.0205331815
0.7509512070,0.5812477590,0.5819559161
0.9770962663,0.9750611697,0.9790538784
0.9483440218,0.9137836843,0.9117089260
0.0856278382,0.0767861351,0.0420226058
0.0086923719,0.0053234613,0.0388537094
0.3207627244,0.5816842233,0.7406057143
0.1296204270,0.1353543487,0.1285855031
0.5996688771,0.7063441981,0.6620883466
0.3264221692,0.4349127712,0.7450170811
0.5907913733,0.8400157951,0.6667368173
0.8402933043,0.8342841244,0.9125763904
0.8483016641,0.8576198192,0.9506239997
0.0707103637,0.2211377195,0.1927975706
0.7958631021,0.7329183216,0.6508514515
0.8544967590,0.8393289427,0.9223033960
0.6686400072,0.2520927860,0.2840413359
0.0100128429,0.0549179155,0.0427690032
0.1036673084,0.1692756725,0.1283746085
0.0763375757,0.0763292350,0.0838200997
0.2410200316,0.3677845240,0.4226132244
0.1410023041,0.4736427763,0.3044412433
0.5477898278,0.4838947473,0.2496776873
0.6146506961,0.8173079330,0.4981615817
0.4786639463,0.7264678527,0.3247345703
0.4929597082,0.4595091599,0.2657549964
0.4004297211,0.4903158815,0.4219648047
0.0409368235,0.0598240197,0.0613633999
0.4777619568,0.5247712143,0.6991917271
0.2479886708,0.7466081383,0.2652665623
0.1380643294,0.1768751307,0.1462887877
0.3811390626,0.3763156351,0.6486105240
0.6607109318,0.6608041874,0.7869318109
0.4777351165,0.5414734529,0.2652542162
0.3231032831,0.2697636727,0.2310076465
0.0341747331,0.0693744773,0.0532900395
0.3497357221,0.3643076987,0.2608910681
0.5673307007,0.6068057698,0.6575544849
0.6787213451,0.2560148166,0.2090239473
0.7093663887,0.7994114704,0.7456885464
0.7290945718,0.8120382718,0.7418521395
0.2883750591,0.6698520044,0.2839011347
0.8973607980,0.8888368282,0.9279893715
0.3479238274,0.5566267313,0.5943661981
0.5936571635,0.6662290452,0.5723313945
0.0035071333,0.0726372473,0.0029458161
0.6195413388,0.3854396124,0.3227487678
0.0275960485,0.1955115100,0.1759239697
0.9920684827,0.9872460046,0.9858319834
0.0915577997,0.0432937758,0.0091382012
0.7806672594,0.7687628926,0.7413456199
0.8753650369,0.8809690484,0.9713039730
0.3985564928,0.2451121772,0.4643590277
0.6788874564,0.7485581073,0.7470613904
0.6441014065,0.6803319217,0.4827104051
0.3770519634,0.5069634003,0.5667589936
0.4345093325,0.3793479812,0.5677735875
0.7018793748,0.5846906827,0.8917398624
0.9351036396,0.9360368330,0.9853730963
0.0009532193,0.0020724664,0.0292736541
0.3037508933,0.2760822903,0.2879720180
0.8507922074,0.8371718144,0.8659363422
0.9223722194,0.9197467283,0.9554479695
0.7209846409,0.6995938302,0.4775258852
0.6240115247,0.4935621074,0.3808766236
0.0859297394,0.5565664351,0.0370447199
0.5381781182,0.5893105451,0.4473799290
0.0590472312,0.1889368408,0.1148357047
0.4277403393,0.2755725609,0.2080640426
0.7311832618,0.7285699825,0.6588861112
0.0632332308,0.0659907524,0.0507512477
0.3011012781,0.2860635750,0.4245922422
0.3718705428,0.1857971415,0.3363431721
0.9787164936,0.9793925676,0.9863281194
0.5576255132,0.2205849528,0.5910021513
0.1048367078,0.0619220172,0.1642913560
0.1618233717,0.3588381821,0.2817622106
0.2313036271,0.5197566663,0.3463640569
0.1951332528,0.1107444865,0.1638095879
0.8012947360,0.6869688666,0.7872923619
0.5215636652,0.6845758756,0.7160051509
0.2447252469,0.2661392485,0.3282889217
0.2925186387,0.2847931108,0.3327199163
0.1069153506,0.4277945413,0.1807819525
0.0775272258,0.2307820748,0.1138063283
0.4648551646,0.2764174223,0.3482410255
0.6896313673,0.7854168082,0.6520399306
0.7338012552,0.8122722867,0.7279360518
0.4055437196,0.2951280470,0.5433914881
0.0536780007,0.1626547637,0.3280399081
0.7353094860,0.5838294271,0.6636728836
0.3280897239,0.2718361844,0.3965713303
0.4458032016,0.5822233879,0.8212686439
0.6269857914,0.6662678555,0.7348306416
0.7798154750,0.8223284119,0.8473476133
0.2884893708,0.3601613082,0.3466303082
0.3754582952,0.3987518159,0.4257804086
0.9357401775,0.9599229119,0.9601100119
0.0315862479,0.0773165322,0.0977835901
0.5904790369,0.5713888173,0.5448875001
0.0706751564,0.0634783397,0.0627688289
0.6391746897,0.8539649189,0.7119604479
0.5098309730,0.3867979099,0.4777799693
0.0799220155,0.1675061539,0.2884391187
0.0629539683,0.1808462333,0.1199314066
0.0550975449,0.0338598139,0.0904433603
0.4564996468,0.3370197964,0.6555039939
0.8431595594,0.8632781381,0.7311577565
0.8461615266,0.8510827733,0.7932970015
0.0500509591,0.0106042601,0.0258364871
0.4242118555,0.6386289882,0.4389627537
0.8955915397,0.6470635087,0.6674517957
0.0776435016,0.0846572385,0.4317504991
0.6611249274,0.5017351823,0.8159079654
0.5735700304,0.1629273337,0.2800947410
0.4561309666,0.5333736014,0.4735781707
0.5106530015,0.2897354920,0.3539235096
0.8953345134,0.9401685322,0.8698881869
0.4849206614,0.8894748356,0.4028527100
0.8174001196,0.3908444388,0.8155555097
0.3695129303,0.4326203055,0.4384019800
0.7434732335,0.7788471176,0.7719731201
0.0475177359,0.0100114477,0.0010837840
0.6922709453,0.6724170056,0.7068150270
0.2844130226,0.6081335384,0.5431575481
0.2855295318,0.4060797971,0.1940782323
0.0598967148,0.0533151922,0.0190097093
0.8385873621,0.9146649657,0.8512333035
0.2412330780,0.3692809815,0.3181461277
0.5657648547,0.5439921418,0.5832761079
0.1920937717,0.0375843373,0.0315858043
0.0666772246,0.0161160723,0.0189054485
0.4833150116,0.2261938997,0.3027636780
0.0845600871,0.0474509158,0.0999013781
0.1193908795,0.0450007941,0.0878581297
0.1766048836,0.2755918413,0.4967836973
0.4596926392,0.1912302621,0.5573950965
0.0159422998,0.2010200651,0.0183270617
0.7932717344,0.8015264449,0.8501211689
0.7194747847,0.5062887330,0.7959524256
0.2790202012,0.4400056896,0.4117080629
0.0423049720,0.1299510266,0.2493797831
0.0866846837,0.0664775900,0.1045963570
0.7323311827,0.7981963831,0.7611687193
0.7770062980,0.7913935907,0.6508816895
0.9416621984,0.9487255254,0.9567627513
0.9601663768,0.9690367744,0.9660533572
0.7398767669,0.4931367877,0.4592834569
0.7757978146,0.6840403799,0.6765753763
0.9318613287,0.9546114480,0.9044356065
0.4831429345,0.5702179789,0.2532246647
0.1874608870,0.4104517077,0.6643079824
0.8724329965,0.6876816085,0.8112482370
0.4351387742,0.2581388767,0.3432235340
0.4283524165,0.4054545927,0.4944920111
0.7590022812,0.6674179286,0.8754020321
0.7019120519,0.8752845369,0.8061079674
0.1678166014,0.0766447087,0.0414747253
0.9524256163,0.9698267530,0.9257416390
0.5985783570,0.4937410734,0.4592979413
0.3870713801,0.4012204744,0.4970509576
0.2675175531,0.3281773070,0.3683881261
0.1304919744,0.0479079232,0.0210633147
0.6410415639,0.2871568631,0.4581244737
0.8608304365,0.8137812356,0.7138812918
0.3291392636,0.4395286929,0.3455488062
0.6041636902,0.6538503674,0.5765844382
0.0095177374,0.0133332303,0.0138130934
0.4427629418,0.3828544941,0.3394804893
0.6564304250,0.7929707062,0.6678787489
0.0304023788,0.0438272519,0.3594439434
0.0012042212,0.0084285980,0.2904645665
0.0895219537,0.0520575319,0.0841886368
0.1819437793,0.0480831311,0.0406526562
0.4053997559,0.4858287309,0.2378988691
0.0803816120,0.4674806699,0.0456188896
0.9246631536,0.9081005302,0.9329301248
0.1815262250,0.0900496079,0.1854433153
0.2680678324,0.1646543545,0.0297008360
0.6781163813,0.6456552516,0.5617798885
0.1165382415,0.0741188423,0.1371138237
0.9856522020,0.9691418777,0.9536699320
0.4840944890,0.5415461086,0.4983736246
0.6040524143,0.5748139469,0.6227779349
0.9772237817,0.9761620320,0.9712529802
0.2439460365,0.2987847610,0.2250048244
0.8847088438,0.5788431523,0.5685352680
0.5276677288,0.5772690676,0.7502953869
0.8558708116,0.5063814302,0.4368184966
0.4452798269,0.5293532916,0.4175287174
0.0143974653,0.0097517572,0.1025503837
0.6083358469,0.1996437813,0.1936557875
0.8290909403,0.8692238908,0.7937394916
0.4815616045,0.4156893166,0.4716757561
0.5319772967,0.5431996361,0.4861802917
0.3829464850,0.7327415789,0.5122173040
0.5621047938,0.5852251278,0.5575531062
0.3077592074,0.3601562212,0.3933617847
0.0447024259,0.2597157700,0.2064342307
0.7387425149,0.5992109501,0.6746425149
0.9123060168,0.9405708816,0.9250380469
0.1159252095,0.0819963278,0.0771333664
0.7745568686,0.7137168715,0.7432096136
0.6098801531,0.4925125541,0.5492185374
0.7003793534,0.7585848301,0.4861122218
0.9784273164,0.9599136119,0.9831778813
0.8641499343,0.7730444335,0.7344013777
0.9249464637,0.9175403791,0.9342348959
0.0215928537,0.0924659363,0.0070299439
0.4497072899,0.5154482382,0.5280183706
0.4556962297,0.5406335451,0.3792604468
0.9882796628,0.9945360579,0.9885935163
0.7583729179,0.7611271163,0.6623637578
0.5187937002,0.5197549111,0.5226243737
0.8824903585,0.9002577975,0.8339865838
0.9928369905,0.9954031880,0.9834097239
0.6284665163,0.5129955221,0.3551492827
0.4368918976,0.4788541797,0.4635788111
0.2929454225,0.2970768757,0.2624971562
0.5292535007,0.7655377822,0.5693852906
0.0389792843,0.0529717394,0.0342115995
0.5669524943,0.4671964671,0.5837905624
0.7524476719,0.6700798333,0.6915992024
0.4194587869,0.4305180085,0.3790429503
0.0852116904,0.1168270870,0.1263204674
0.7829634162,0.8268893972,0.8610265848
0.2838599919,0.1968658163,0.0595677834
0.8554019198,0.9360783715,0.9043472603
0.0441835494,0.0814537572,0.0338762066
0.2962486801,0.3299280546,0.3179633559
0.1853413145,0.0327529476,0.1434574471
0.1210946156,0.0067937817,0.2414163868
0.8977557235,0.9318030229,0.9252156587
0.4004581792,0.4468460391,0.7237926947
0.2244453812,0.3075442234,0.2625157959
0.3078029688,0.0997425891,0.0429165863
0.8327205599,0.7931473888,0.7455724454
0.7270770927,0.7360146266,0.7662598190
0.5790908117,0.5331619844,0.5582489018
0.8520547708,0.8377354387,0.8894533185
0.3536548890,0.6620420252,0.6210041971
0.3924096814,0.2123847309,0.1233687493
0.5085367013,0.5331930464,0.6592909384
0.1924615432,0.4180009750,0.2778730390
0.9015251603,0.8981975341,0.8115343859
0.0195477174,0.0478108829,0.1638636370
0.8935322855,0.7662563946,0.7821403859
0.5174029871,0.3545325645,0.3921816258
0.3369742970,0.0699880696,0.0400089378
0.6510746249,0.7325798107,0.7475109098
0.3750233397,0.3872871324,0.5086998731
0.2276948146,0.3491136189,0.2962056152
0.3600017677,0.5467588014,0.4597542079
0.2095614109,0.0275674967,0.2356699665
0.3552484406,0.1799727281,0.3074921116
0.0952832627,0.5160001174,0.1390128407
0.6724774748,0.4483694751,0.8050768271
0.0489459102,0.0156433420,0.0323562059
0.1277240969,0.0831509354,0.5340078940
0.0169864611,0.0488627713,0.0063785930
0.9737843917,0.9835407203,0.9761390484
0.2156185946,0.1869583285,0.1779627113
0.2866880511,0.3689835984,0.3526050368
0.2463976868,0.5002956077,0.2957804271
0.6981263279,0.6209306304,0.5707888522
0.6005442510,0.8510054103,0.7256057265
0.8519709416,0.6271123592,0.6374832550
0.4213109826,0.1582788184,0.1953142939
0.6286512113,0.7117775895,0.6798952438
0.4495593602,0.5652373367,0.3099018541
0.1868186187,0.1328592702,0.1062848038
0.4164763600,0.3475628538,0.6157476656
0.4296180130,0.1978223927,0.4508672651
0.4206338645,0.5788484552,0.5940868640
0.1476995388,0.1332764471,0.0481910116
0.0209741563,0.0207512590,0.0436221398
0.0057411774,0.0225550807,0.0005077485
0.3862138513,0.3820686806,0.5284977263
0.8008986769,0.7677976367,0.8806105719
0.8615100640,0.8439812325,0.8301906484
0.3683432865,0.4853503937,0.4247425783
0.1522409319,0.1165727179,0.1535561530
0.9177316892,0.9200911522,0.9360852310
0.6380305083,0.3614254123,0.5490529106
0.6333649521,0.6465376655,0.4469903670
0.4523623569,0.6388271372,0.5678286696
0.0029268065,0.0688967402,0.0025732381
0.1491526527,0.0872140130,0.1487565033
0.3080687815,0.6705056418,0.3941969197
0.1420128899,0.3854168138,0.1091179557
0.3672513489,0.4400605813,0.3112698885
0.7447323127,0.6605561097,0.7140299682
0.4795111130,0.5919506526,0.5333433176
0.2791276220,0.3140552039,0.2485203767
0.4558100897,0.4147556223,0.5151480364
0.6144200875,0.3828054806,0.5800518812
0.9833595461,0.9468762456,0.9666466857
0.3140224436,0.4346482665,0.3954497758
0.1591770849,0.1683617837,0.2764229758
0.8507138210,0.7971207641,0.7416924684
0.1078507758,0.2470646863,0.1214049285
0.0317296805,0.1718717202,0.0448179577
0.8102969374,0.7227294135,0.7955682878
0.8231194865,0.8340153644,0.7515097542
0.1549061615,0.2744472583,0.2137494372
0.9257495595,0.9038337018,0.9485709655
0.9464580887,0.9234168267,0.9351880440
0.8171697607,0.7823207377,0.8279716090
0.4233837472,0.3729222930,0.2572220392
0.5295864453,0.7537725408,0.4710674442
0.6633021436,0.6389606888,0.5889264156
0.6804870498,0.6106702730,0.5451042110
0.6216700687,0.7665738512,0.3954142852
0.7476291069,0.6716277509,0.7654344375
0.6271044433,0.6637401939,0.7752964009
0.7906587817,0.9349712623,0.8633305343
0.5455221535,0.4575599817,0.2059643085
0.2671707670,0.1653892678,0.4917782354
0.2567883867,0.2037645909,0.6199079817
0.0735433472,0.1215440252,0.0154226897
0.7651900212,0.8052293274,0.7905975254
0.2835182650,0.2118977203,0.2970270543
0.5484557210,0.3200922483,0.4797801447
0.5562195562,0.6981395513,0.6896674906
0.9952836010,0.9958342691,0.9962017604
0.7845162816,0.8065614577,0.7979270769
0.9456788792,0.8979938692,0.8587949694
0.3271437882,0.4407453609,0.7298940575
0.5997789706,0.5629563068,0.7986029771
0.5066270386,0.2976218892,0.8877688393
0.9910459462,0.9940541303,0.9924154927
0.6561129251,0.5838859360,0.7300810095
0.7663993293,0.7918154410,0.7158430795
0.4858262169,0.4434152418,0.6090125280
0.9118583675,0.9102836298,0.8759923495
0.5259173629,0.3696785865,0.3412611552
0.0041243140,0.0073984385,0.0043896587
0.4287703765,0.3330375974,0.3987790042
0.6745189850,0.6730726354,0.5862257352
0.5193988561,0.8652083778,0.6437544365
0.3562971715,0.5405465460,0.6072662462
0.3735080718,0.4124145600,0.6014585879
0.2923499203,0.3299989171,0.1431991118
0.8397678345,0.7341025562,0.7750874151
0.2076833619,0.2358862473,0.1122668164
0.6773364716,0.6601349230,0.8818494718
0.3905384912,0.4865598253,0.3484834743
0.8624903311,0.7676511633,0.7866143777
0.5548367790,0.2401192585,0.1384135869
0.0183504616,0.0913403641,0.0189016501
0.3649803755,0.6155640347,0.6175206340
0.5777078930,0.5194767807,0.5086323302
0.5996114791,0.7000097406,0.5974862676
0.6218779821,0.7061430386,0.6397663612
0.8736774687,0.8964804776,0.9060206254
0.9242531751,0.9034368225,0.9468995152
0.8056569797,0.6081728421,0.6114114912
0.3548707887,0.5437908374,0.5746949090
0.0628365261,0.0654587108,0.0445207655
0.8515564285,0.8875566387,0.8568459061
0.2594305229,0.3209932657,0.2904892634
0.3644923540,0.3133534062,0.1872467718
0.8677732995,0.8687989727,0.8867304561
0.9916920091,0.9943427254,0.9959956135
0.8871630219,0.7676121627,0.7665531367
0.6674623327,0.6974679860,0.6658982960
0.2406411570,0.2222641657,0.3824169473
0.3491263196,0.4462970935,0.4653934983
0.1614231939,0.4647825750,0.2358117396
0.3886392401,0.6348219295,0.4850414723
0.6013056341,0.6938163449,0.5726798779
0.0113783146,0.0018656253,0.0424478432
0.4238806024,0.3504332112,0.2016692154
0.8430978722,0.9390671799,0.7866444596
0.0158023010,0.0139039216,0.0971288851
0.5470189693,0.3386770466,0.5921236914
0.1612296625,0.0684884146,0.1313879052
0.9774505738,0.9378223046,0.9162589033
0.8246824188,0.5526417199,0.5423913372
0.8329710103,0.3331957531,0.2103085577
0.6470433784,0.3253891958,0.3731515807
0.7283896221,0.6955425223,0.8018077546
0.2257965737,0.3999090133,0.1005756287
0.0020351383,0.0303841945,0.0113153912
0.9246939487,0.8928388898,0.8843263504
0.7334784199,0.7313275227,0.5914300695
0.2450743979,0.1386446140,0.2732003623
0.8112431788,0.8601192640,0.8911430539
0.3998695352,0.2967751530,0.5219407444
0.0512876564,0.0049255590,0.0331349770
0.3707795369,0.4478845638,0.5507632452
0.2218339208,0.2241465603,0.2520894334
0.1292071252,0.2414767051,0.1117897565
0.8375813105,0.7541061643,0.5011452716
0.2025192528,0.1181311880,0.0608124608
0.9137691666,0.9310323367,0.9382164184
0.4155857221,0.3280610481,0.3711229363
0.1313360368,0.0545827374,0.1144271317
0.5725552778,0.3793815534,0.4227875069
0.6003177924,0.6462591990,0.6758687588
0.1876000422,0.3682948105,0.5233171619
0.2138329201,0.1046301511,0.0378701007
0.0916690553,0.4197987825,0.2566345224
0.2980942588,0.0694475867,0.1352757875
0.9213085529,0.9234114667,0.9057515334
0.7019495298,0.5258041152,0.3940615502
0.5497968510,0.2858824580,0.2746663725
0.2721990864,0.1404610682,0.2349403516
0.8652164805,0.8020100017,0.8028072332
0.9225278367,0.9786944714,0.9195563100
0.8429676730,0.8193036738,0.6826212175
0.0487301928,0.0452809744,0.0295914096
0.1303808271,0.1472308973,0.3863457978
0.6100410333,0.7692720304,0.6087920876
0.6821602488,0.6005800929,0.4788439815
0.3550039181,0.2667834909,0.3146800662
0.8602748294,0.8960342511,0.8268417069
0.5008401973,0.3209393744,0.1638778430
0.2398323580,0.5112088299,0.4685129612
0.0406003542,0.0411141948,0.0335925355
0.8178586235,0.7130347081,0.5997648540
0.0504853160,0.1264651211,0.0885099718
0.1585411061,0.0999173410,0.2571379032
0.6930175497,0.8706759835,0.7168460167
0.7054786525,0.7441606147,0.7878742988
0.1832027603,0.2407343250,0.3296407697
0.9583665171,0.8581097149,0.8946074520
0.8038450894,0.5073398362,0.4512584108
0.7270853138,0.7863282784,0.9065754388
0.7507505552,0.6779054058,0.7708895751
0.4524534156,0.3556293797,0.2561973808
0.2356981381,0.5334735287,0.3003422065
0.3468807740,0.4605251705,0.2985275946
0.1160159056,0.2657235342,0.1186986542
0.9410335625,0.9355585102,0.9356584959
0.4360013876,0.1531041635,0.4896775933
0.4633967599,0.4331821205,0.4482170288
0.0692132566,0.0522132323,0.1039528803
0.1929733538,0.4055582756,0.1150182114
0.8041685206,0.7915984364,0.6930248928
0.1353546230,0.0421428996,0.1354696226
0.3160290392,0.2050731039,0.1530978830
0.5250064450,0.3802534930,0.6635752714
0.6053242698,0.4615669847,0.5198826763
0.4707786296,0.4396549010,0.6184699722
0.6010414017,0.7038222268,0.8697932423
0.6498744996,0.8083252987,0.7239053755
0.9543163182,0.9634015888,0.8977970637
0.6335590619,0.5691660097,0.6861753047
0.5376707887,0.4418313992,0.5719221003
0.2597013596,0.3141303037,0.4725271125
0.9498464782,0.9450936241,0.9474584774
0.6081772295,0.5211386506,0.4110297325
0.2191757203,0.2310969469,0.1741664938
0.1255728091,0.1167572492,0.1107672178
0.8238213374,0.6075409148,0.6573307697
0.1648090759,0.1860679647,0.2782494182
0.0393177978,0.0436358076,0.2320577446
0.9776427637,0.9137240610,0.9379684880
0.0989451652,0.5142688562,0.0915636060
0.9008163257,0.8675297192,0.9160725596
0.0645279705,0.0088662227,0.4273804686
0.8192755820,0.8446553025,0.7682491944
0.9786587437,0.9794618087,0.9861733001
0.0257735191,0.0324101996,0.0266268801
0.7258309908,0.4903974587,0.6171828713
0.5741473659,0.3071312328,0.4057874890
0.4420330962,0.6570157104,0.7489394106
0.6572136268,0.7619727579,0.7289578358
0.8720321236,0.8918417598,0.8673324200
0.9306993157,0.9253437404,0.9144273998
0.2858834129,0.3178903823,0.3815274532
0.8020667727,0.8419211884,0.6950858857
0.8367235639,0.7856305592,0.8277568719
0.8688439731,0.9153774002,0.8575241898
0.8470799582,0.8103730361,0.8238085442
0.5373753591,0.5233948153,0.8514209426
0.3665188357,0.2207888444,0.2557943925
0.1644079075,0.2322935898,0.3060863580
0.1559560968,0.3119141388,0.1512054469
0.8924295993,0.8585878334,0.7988399545
0.3377693452,0.1515855336,0.3994294497
0.2551863906,0.2057536991,0.2307473121
0.9429609493,0.9534763058,0.9526237990
0.7482782774,0.6888282080,0.7897563284
0.8163768324,0.8270237808,0.7193125843
0.4350832754,0.1700230797,0.3558898917
0.9705752827,0.9595262067,0.9650470249
0.2121686545,0.1189677318,0.2280011922
0.8111156044,0.7739922520,0.9077105912
0.2806132245,0.4054443411,0.4131852910
0.1424852936,0.1871383659,0.1410308581
0.8923661705,0.9081642501,0.9290571682
0.6958078332,0.5178216407,0.5799214640
0.7018017328,0.6239738207,0.6091684609
0.3885781345,0.2666468695,0.3456679377
0.0820605870,0.1459258959,0.0549731967
0.7376551166,0.7480365759,0.8181452624
0.0181692194,0.0544796268,0.4374850053
0.9967535380,0.9963522011,0.9947682345
0.5503455764,0.4471398936,0.4879494785
0.4223996810,0.2448822127,0.4035573037
0.6472137662,0.6905946331,0.8356586990
0.9857027496,0.9842018853,0.9849093383
0.9060050452,0.9533792736,0.8737659468
0.2940013656,0.2682193192,0.2234419270
0.1141188299,0.0788662703,0.1546057178
0.4264918297,0.3096098434,0.3980313176
0.6956884198,0.9249342519,0.7513427319
0.6355728876,0.6123220326,0.6785250953
0.4344970181,0.5086282948,0.1535535756
0.6141415508,0.6082350381,0.3986242874
0.8229647116,0.7336284394,0.8070139089
0.6628287232,0.7726805477,0.6448527542
0.4230754988,0.5099208863,0.4300055008
0.9517849296,0.9613881780,0.9487502134
0.9423974307,0.8042688554,0.8420197570
0.3493708656,0.2920554039,0.3829181719
0.0115770596,0.0434527308,0.0495655438
0.4234638169,0.6772718723,0.7079255528
0.5359621524,0.6958419063,0.8900739429
0.8922854378,0.9369786732,0.8302739632
0.5626904825,0.5757817535,0.5624941080
0.2619976288,0.1373360065,0.0940952185
0.9847887808,0.9863653335,0.9858734070
0.2828005662,0.4495283883,0.4432316375
0.4451037953,0.2883680942,0.4123460435
0.7897382358,0.7419715751,0.7201254168
0.5623931859,0.6292558475,0.8888283903
0.6174836698,0.4994004324,0.6119226725
0.0817724806,0.1581823450,0.2433534098
0.0164558420,0.2170893437,0.0126401554
0.8240419138,0.8297098210,0.8745390129
0.4337974436,0.1184269503,0.1414562128
0.9605356490,0.9716187785,0.9681010657
0.5110908134,0.5816316471,0.3155451359
0.3987629994,0.5043708846,0.1967480760
0.3002575360,0.1420114397,0.2798395403
0.5963736116,0.6739197137,0.6332049791
0.8947745977,0.9035966171,0.9075462214
0.0320248342,0.0417369832,0.0828193535
0.9807435862,0.9684801445,0.9791353340
0.8282188994,0.8455318699,0.8410966265
0.6700991575,0.7303138245,0.7338667668
0.6084908351,0.6148883156,0.6180533019
0.9362547087,0.9517488797,0.9507338594
0.9599478372,0.9622476000,0.9682762736
0.9184584445,0.7949068429,0.8581406614
0.0934340936,0.0564641795,0.0456049964
0.4835048574,0.3972435790,0.3671878599
0.5275665636,0.4146729137,0.5616201530
0.0347462764,0.0948132453,0.1784815340
0.4791533106,0.3438053939,0.4507095338
0.9488368057,0.9429829306,0.9503965475
0.1249697653,0.1595425350,0.3086563645
0.4643568126,0.5344816017,0.6530262675
0.1406479953,0.1914129879,0.2219887309
0.7265998321,0.7907091417,0.5174313913
0.7180400488,0.7571675783,0.7454252320
0.1404105065,0.0657733546,0.0353498397
0.4528811429,0.4902315388,0.3563711834
0.0540655229,0.1943616223,0.1943458859
0.5562670735,0.6702032618,0.7521516912
0.4478674124,0.4767719281,0.3896079896
0.5467230787,0.6433708136,0.6945509946
0.5565841072,0.5908634152,0.4188958581
0.5494637200,0.2119728449,0.0147095100
0.6198272076,0.5847834422,0.5784000713
0.7342448123,0.4009975796,0.2518080574
0.9782905627,0.9851032974,0.9731940815
0.4222156770,0.5075434508,0.5499487670
0.4896398204,0.4683055328,0.4131363666
0.4100304517,0.2297460982,0.2798440006
0.2738627502,0.0565122117,0.0659890238
0.9552896543,0.9490350319,0.9557192735
0.9084792368,0.7146578191,0.7092854752
0.7126243212,0.6982644277,0.7889664333
0.6358343875,0.6851417943,0.5600408075
0.4257227574,0.4881788978,0.3660559328
0.0487846541,0.1151958250,0.0117698473
0.2536091454,0.0921435708,0.0785018461
0.8025971447,0.7849589924,0.8081903164
0.7384797133,0.8143258325,0.7613933629
0.6127479800,0.8955662055,0.6175842719
0.4356320826,0.2821763023,0.1792911991
0.3317599975,0.4898318066,0.2430506353
0.7159663724,0.6695328303,0.8010687327
0.1832931853,0.4717044986,0.1857046427
0.1638431724,0.1345879602,0.2011969798
0.1581565069,0.1943269407,0.2017810558
0.4703399527,0.2346695394,0.1772780961
0.0802744017,0.0016420938,0.0236292322
0.8705855684,0.8872635810,0.9038075723
0.1380414161,0.2429699668,0.2946813779
0.7675190375,0.8477510720,0.7720075504
0.0991661835,0.1360240076,0.1690763923
0.4858317966,0.6694950339,0.4155037261
0.3095059609,0.2992413851,0.2603374264
0.1329387507,0.1238600158,0.3613954035
0.9514637879,0.9761656245,0.9784010145
0.7254846422,0.6900001608,0.7651795634
0.7942591045,0.8270916037,0.9663376916
0.4872535505,0.2970666346,0.1621006174
0.5331040719,0.3219779520,0.4194875683
0.8064023829,0.8333308791,0.7638591180
0.0742201549,0.2150783690,0.2773228688
0.6648007153,0.6597538102,0.7854229477
0.9022445495,0.8394970655,0.7831736709
0.5748444301,0.7488345684,0.6240948982
0.9456636658,0.9582317410,0.9452126403
0.7399549990,0.8052410496,0.7095247000
0.1195966722,0.1080375959,0.1101267557
0.9394691596,0.9571069130,0.9491100985
0.2836302158,0.3136753104,0.3040393685
0.9737579236,0.9821526277,0.9813831444
0.5466397823,0.3952443644,0.8441028178
0.5370549863,0.4464311321,0.3518419387
0.0223202094,0.0432850003,0.0259283446
0.1189516093,0.1874350890,0.1029860349
0.8800787128,0.8290663919,0.8716283276
0.0918824206,0.1658273157,0.4223157667
0.3784554847,0.5987167511,0.2202190312
0.4404777555,0.5317502998,0.3421904537
0.3130555452,0.2700152621,0.4510915368
0.4662269524,0.3527169475,0.4449559382
0.0463665414,0.0691295462,0.1892257182
0.0577392024,0.2846623439,0.1054366391
0.4304592377,0.4829369216,0.5274705760
0.3192977673,0.6365531125,0.4207897824
0.5930803445,0.5804025060,0.5790583362
0.2223889989,0.5170340906,0.1418558015
0.5586136716,0.7848825495,0.4959556283
0.7048345656,0.5207878990,0.3497471772
0.6772094836,0.5989124232,0.6314559452
0.1429756965,0.4118628684,0.2386783804
0.4235683758,0.4165789930,0.3186927472
0.5990989195,0.6368040158,0.6358044169
0.7902599311,0.7345407027,0.7628342983
0.6679997274,0.7630691138,0.8080775145
0.5241802758,0.6760736261,0.5166505409
0.1242931624,0.1658408322,0.0800705561
0.8963434762,0.9205199137,0.8830894345
0.4685649780,0.5749781650,0.5409355946
0.8836322518,0.7089825614,0.8651942073
0.2492353794,0.2529922171,0.2603697929
0.8154374567,0.7808661638,0.8124803148
0.3721277112,0.7414210808,0.0686063323
0.5520623462,0.0672644508,0.0648089241
0.6770688893,0.6654885871,0.7399845704
0.9947117838,0.9962009115,0.9972416089
0.3732286410,0.3293867666,0.4667112965
0.3354511631,0.4467208495,0.6108026059
0.3713235211,0.3077481705,0.3609431493
0.6402861851,0.7342002244,0.8198664588
0.6784164883,0.6176062572,0.4706339375
0.7092742344,0.8166103439,0.6116596183
0.0000507120,0.0063625563,0.0089719461
0.1106268339,0.1494682735,0.0707916658
0.2681735323,0.4233794742,0.1162473264
0.3433320952,0.3538168390,0.4140528494
0.9770985788,0.9516802634,0.9304102615
0.7713741999,0.1476285677,0.2559421780
0.8166211451,0.9384760780,0.7966345500
0.3726479876,0.0979674911,0.0804486638
0.3321551474,0.1044712428,0.3469175289
0.5758042147,0.3070921061,0.5127998021
0.0130747187,0.0254021548,0.0198904411
0.7975660080,0.8643600053,0.8492241975
0.2914950065,0.5015694844,0.2396784504
0.0712946504,0.0395820889,0.1823580752
0.1174150673,0.0627999871,0.1261138083
0.1476033602,0.1002100552,0.1303941090
0.8764080163,0.7843331493,0.8645423113
0.8771431111,0.8750847969,0.9389806103
0.6078462147,0.7190415275,0.5316299502
0.9741885310,0.9586662759,0.9668862065
0.9136434441,0.7906390232,0.7969189383
0.0635340563,0.1731745697,0.1961668188
0.7484786785,0.7064999889,0.6230794901
0.2572398753,0.4593995763,0.3020053021
0.7388278910,0.7820603154,0.6043806798
0.0250953115,0.2069103505,0.0910980217
0.8068738086,0.7724643870,0.8549951404
0.1512634750,0.1192798285,0.1883152533
0.6571626518,0.8216171724,0.7363701550
0.6065748075,0.6136209439,0.5429071353
0.9821675708,0.9762128170,0.9815554330
0.0476647707,0.1301387845,0.1781257583
0.1140299501,0.0223836513,0.0343557708
0.8371051535,0.7740644887,0.7870688399
0.3334966661,0.2076329819,0.4042974254
0.3983327335,0.2896986546,0.7978214604
0.7508578648,0.3179156523,0.4596652985
0.6122618422,0.4956803559,0.4942966140
0.8223523693,0.5431583888,0.4898503024
0.2408597720,0.1038263337,0.1931604303
0.0665370301,0.1229617091,0.0245607515
0.1747689635,0.0847237816,0.4255417611
0.1783718731,0.0397320117,0.0420391259
0.9513387807,0.9698791641,0.9635359393
0.9116568117,0.5021058067,0.7031603967
0.3128122816,0.3147947658,0.2454261801
0.8844227111,0.9116940105,0.9016587052
0.5457767403,0.4513642135,0.5997266553
0.9465009316,0.9709336606,0.9654752853
0.5887060687,0.6280388702,0.5990403902
0.8545997989,0.6986188407,0.7107095747
0.2717178202,0.1697334493,0.1738441093
0.0724292480,0.2033611829,0.1048953762
0.8164296277,0.8483135024,0.7836808395
0.2126376040,0.5179666265,0.3628874582
0.9081575289,0.2403813278,0.3143029232
0.9242866274,0.8732880226,0.9368026758
0.9375747637,0.9276609232,0.9497424840
0.3065522145,0.2422774907,0.4543809514
0.5328174988,0.6077598838,0.5792162930
0.7442479634,0.7760429679,0.8125318512
0.2004318836,0.3932321232,0.4579893268
0.9193255538,0.7097919148,0.7207271130
0.1815566279,0.1191552478,0.2065845671
0.2973747169,0.1908730704,0.3469476465
0.7687817303,0.8310444231,0.8661594789
0.6532062229,0.7120817424,0.3847417888
0.8597481488,0.8323495591,0.7332806250
0.3387011176,0.2068615696,0.2222516882
0.7992429990,0.8500628380,0.7978261149
0.4969707093,0.4261807492,0.4332310871
0.0807551463,0.0435677209,0.0983833880
0.5538192649,0.5854164050,0.6370453211
0.3490857254,0.5134745828,0.3082319041
0.6500814526,0.6580617288,0.6527338507
0.4616979495,0.7074085646,0.4364467664
0.9025898630,0.8846872915,0.9134091276
0.5872022305,0.4367150281,0.4690520313
0.9958823090,0.9948021988,0.9976467865
0.6927425075,0.7689238598,0.6731251518
0.3135727118,0.2758066580,0.1806069908
0.1053091299,0.1944400864,0.0495531414
0.2817170679,0.4711793377,0.3100393711
0.1839788207,0.1637781965,0.2459679782
0.4238660326,0.4079469013,0.3702429946
0.1212272458,0.1251017443,0.1153690113
0.6406947840,0.4187834151,0.4388026845
0.8194772739,0.9083251303,0.7450150317
0.3889984701,0.2330298070,0.1515141845
0.8775856473,0.8681496890,0.9333761132
0.5936730313,0.3675592499,0.3719149604
0.0345277355,0.0079026391,0.0293128459
0.0452767870,0.0072393040,0.0546766371
0.0194474334,0.1253011860,0.0167874849
0.6144160128,0.7812249105,0.7025185630
0.3404944214,0.2983737965,0.2434118239
0.4590297691,0.3308377286,0.7456527773
0.0874621057,0.1485150624,0.0734819282
0.4492228851,0.4760343874,0.7557717910
0.8630777025,0.7932486039,0.8122558102
0.1579781596,0.3075905093,0.2198964750
0.1361093991,0.0282497474,0.0728350691
0.1555788486,0.3656447272,0.3342674733
0.2239652331,0.2967715670,0.1940819530
0.1637828487,0.3440766501,0.5630700015
0.3228045663,0.3037621634,0.1771544339
0.5087660007,0.7041073887,0.5625862480
0.5032319852,0.7228501520,0.7564509597
0.1592193428,0.2706030001,0.4623602986
0.1058155970,0.1655121699,0.1819427787
0.1033413773,0.4267346316,0.0525350323
0.8534838032,0.6626044834,0.6752776431
0.8586852927,0.9258413751,0.9600080603
0.1725381908,0.1490582123,0.1612740560
0.3491433411,0.3212979715,0.4596979985
0.4417790575,0.3051791385,0.3433059903
0.3884929197,0.2391942011,0.4000128797
0.5129726233,0.5149304545,0.5209128638
0.0122460825,0.3490238438,0.1159747280
0.0229126953,0.0758595079,0.0255238133
0.2690127375,0.2694876214,0.2564242684
0.7887535660,0.7961222032,0.6442987711
0.3908901119,0.3894762521,0.3610228951
0.7146666856,0.7321329777,0.8705495510
0.3720910611,0.4256110683,0.4130727850
0.9353742456,0.9525509140,0.9507877788
0.0821478058,0.1456954932,0.1738152282
0.3392077676,0.3818793733,0.2986152028
0.0255330262,0.4856550939,0.0104079441
0.8598349026,0.8206476399,0.7755057843
0.4522753899,0.4260511615,0.6030084272
0.3936935301,0.5930525835,0.7966338593
0.9332115031,0.9142231822,0.9226546018
0.4976658345,0.8070436516,0.6416283595
0.8896108908,0.8293611418,0.8252771352
0.3405663274,0.2220910347,0.1948316176
0.6103695658,0.6174973420,0.7805220547
0.2121536641,0.5497632686,0.2454811402
0.7995364950,0.8515837390,0.8102414070
0.1033398881,0.3369233853,0.2655708051
0.5092317277,0.3801160985,0.4103534497
0.5401559023,0.5230906198,0.5419545140
0.8426488282,0.7837162963,0.7152088618
0.7404632173,0.7211252393,0.7008174080
0.7049453665,0.8549707502,0.6405307572
0.9098909334,0.9222851015,0.9241662776
0.1333572118,0.1467392120,0.2856035428
0.8868613954,0.6820348450,0.7471005695
0.9751478661,0.9842210211,0.9671431996
0.5740058702,0.5588471819,0.5667261879
0.5902552676,0.6615971667,0.3832708074
0.6991935042,0.7234215217,0.6602079579
0.2287998337,0.1684441678,0.4203546023
0.0142222291,0.1477741586,0.0586257144
0.7803796931,0.8052236490,0.7927503154
0.1259191813,0.0644247618,0.1883319449
0.7851782843,0.8287432697,0.5680434260
0.7555972979,0.7141102446,0.7647970472
0.7993749201,0.8891466296,0.8798715519
0.7068842611,0.5808677036,0.6884261507
0.3831615562,0.0791391097,0.1035431814
0.4027552352,0.3758701589,0.4121467657
0.1147202911,0.1521861129,0.4421598457
0.3708853735,0.4698492336,0.4159567532
0.7518576355,0.5281068910,0.5147356885
0.9097173469,0.8418869808,0.9223397010
0.4061006369,0.3208890498,0.5613021629
0.5115822432,0.5877317770,0.7444040459
0.9683908177,0.7966654426,0.6685382640
0.4619326045,0.2468578754,0.1814268578
0.8950643271,0.8894127436,0.8956312780
0.5362737114,0.3176994648,0.7030421784
0.7687706133,0.7869091764,0.7925490482
0.9689815851,0.9660304673,0.9580883324
0.7465792423,0.8370843614,0.9298953576
0.6061052255,0.5750862605,0.6357440399
0.7229495864,0.8951584585,0.7874689191
0.8293563517,0.8197289227,0.8263282512
0.2480369889,0.2760293394,0.4184728319
0.2918514525,0.2718170709,0.2653720681
0.7487714513,0.4059566470,0.5159040061
0.7533761460,0.8416158848,0.8077113153
0.5532738687,0.6487239650,0.6467783296
0.7988842085,0.7952830643,0.8655233428
0.6480717525,0.2090647508,0.2937957970
0.7366184843,0.7719184343,0.7422690890
0.5395653280,0.5921469123,0.5941575243
0.9048958593,0.7781342081,0.8011806246
0.1608048915,0.3946992532,0.3069012834
0.7754349947,0.6674639927,0.7999844595
0.4473935755,0.4878934119,0.3567421284
0.7354802935,0.7628712714,0.7318054653
0.8792315036,0.8641285879,0.9435403225
0.2649288668,0.6532505419,0.3475653296
0.0763393563,0.0977316566,0.1288518814
0.8679208361,0.8742145568,0.8907799991
0.0147988164,0.0461442571,0.0442500722
0.6512006199,0.6423523999,0.8253012978
0.1800030052,0.1497884441,0.1769108446
0.4673584985,0.7068004043,0.5011767232
0.3176275254,0.4415185113,0.2951085321
0.3714777407,0.0427938932,0.1325245217
0.0960091844,0.0424981007,0.0940909492
0.1279291660,0.3900504496,0.2040202440
0.7304447075,0.7066001843,0.4635657412
0.0206201783,0.1765897103,0.0573567349
0.1130181139,0.0782797548,0.2228563742
0.9212427657,0.9030069510,0.9584119479
0.2968753924,0.3482850336,0.2338953105
0.6737966599,0.4405729575,0.5908320867
0.6456777381,0.7270375730,0.4793190301
0.7551372562,0.8092189134,0.8496522001
0.6375409705,0.6521956483,0.7517954196
0.6837628655,0.8685891328,0.7388775324
0.5427989074,0.5460907466,0.5770988525
0.5727039536,0.5896704558,0.6038760800
0.7638507867,0.6205065076,0.6191699627
0.1859332814,0.3104156810,0.1123571143
0.8989297032,0.8268250189,0.9060877600
0.6922391241,0.5546608554,0.5851844810
0.0039249264,0.0046175931,0.0165363871
0.4027765623,0.5250554303,0.5069847850
0.9087755069,0.8640606111,0.8984147617
0.8833659542,0.8021451331,0.8538312503
0.3389731419,0.3180374515,0.2001460816
0.4243052312,0.5004618986,0.3978355122
0.5617740590,0.4575398938,0.3696280260
0.4203544285,0.4453321733,0.5241901294
0.5815661184,0.1464393863,0.3260477460
0.8415315084,0.8280848827,0.8515680806
0.9815602920,0.9768831151,0.9801931109
0.9500857357,0.9610773305,0.9507660708
0.9644256323,0.9334656337,0.9448504126
0.3090366911,0.2759895150,0.1813309324
0.8520275234,0.6498333701,0.7706791540
0.1520834072,0.2419507694,0.3918364754
0.9397073795,0.9767974439,0.9580295992
0.5473429314,0.3744190240,0.3998343990
0.2321792342,0.2135419016,0.1744855662
0.6157737133,0.7031728178,0.8207435598
0.3171305184,0.3867324170,0.1441348094
0.3265494564,0.3922716158,0.4143443471
0.2648892718,0.3202590988,0.3116984193
0.6790855605,0.3256770680,0.4835560059
0.9322737656,0.8882880984,0.9035632150
0.9924549516,0.9943812047,0.9927382018
0.1573662041,0.0612280852,0.1177120009
0.5476785652,0.6284328435,0.4372042744
0.9694661905,0.9833285320,0.9767752697
0.0622057533,0.0886571499,0.1278346654
0.3971900295,0.4129617071,0.4452277091
0.3909493456,0.4191432430,0.3196211725
0.8349080287,0.8962497026,0.9265273458
0.5481979681,0.6698025885,0.4243395543
0.7535186075,0.5575871754,0.5875603608
0.5930124231,0.5613228342,0.6908698950
0.6547910998,0.5168471163,0.6982307594
0.5322226816,0.5329603743,0.7097603665
0.0862006404,0.0484189868,0.0351354201
0.3566126420,0.3012873872,0.2152334610
0.7358479439,0.8562365408,0.8841238330
0.2843854699,0.2410098317,0.1087594204
0.9380405775,0.9368617105,0.9521264301
0.6767920403,0.6464372439,0.5868512812
0.6600790670,0.6832896370,0.6945631353
0.0344328103,0.4782259063,0.0378993676
0.5942976123,0.6288377908,0.6099914592
0.2250070365,0.2180806100,0.1451454419
0.7175185044,0.7414052633,0.8219045316
0.3899429202,0.6926124425,0.5361211872
0.6949746839,0.7061592301,0.6260112729
0.2599394843,0.2472117580,0.2013728403
0.6960493316,0.5409507306,0.6937047709
0.4613828767,0.8008157507,0.3409463596
0.3703524612,0.2415100005,0.2212558903
0.1910979682,0.1895173848,0.0592572100
0.0194396802,0.0227094323,0.0434636545
0.0600061262,0.1288115216,0.1352823521
0.0340605536,0.0355394515,0.0187245355
0.5892322516,0.2572025183,0.2045621333
0.5498486227,0.5102151323,0.6615666593
0.4681008143,0.5019121206,0.4576262186
0.8475805905,0.8147215515,0.8834362402
0.1142880761,0.1266237174,0.2501581015
0.6236051909,0.7783183081,0.6712187051
0.2883089226,0.4135700663,0.3631348546
0.8541336236,0.7151086511,0.6716205685
0.9259622694,0.8714580361,0.8840451949
0.7527487982,0.8103280809,0.7377541547
0.5838165436,0.4703742314,0.4338807383
0.0243084111,0.0027977313,0.0251396490
0.0416953088,0.0336234438,0.0787932590
0.0768790904,0.0844432932,0.0195390125
0.7221788874,0.6523856947,0.8580895290
0.5087866709,0.5006462747,0.4347814753
0.1623570341,0.3037750541,0.2823401354
0.0214310808,0.0173198404,0.0051084005
0.1632718398,0.4547902104,0.2903447238
0.1384626914,0.2688123101,0.3460927307
0.9942521668,0.9982180508,0.9977041501
0.4077158454,0.2835390085,0.4239276237
0.8408473837,0.9107153881,0.9532258521
0.9767824200,0.9607391210,0.9760309005
0.0033184746,0.0082087044,0.0103371283
0.1462269038,0.2653249004,0.4841816289
0.6309053268,0.5248135261,0.8250837988
0.4663251315,0.6235763488,0.5506090010
0.3733921512,0.5953886110,0.4295414711
0.9255768246,0.9179509090,0.9364351613
0.8631314402,0.8130544912,0.8183173752
0.4395804704,0.3138491257,0.2324540090
0.9781817840,0.9675259040,0.9745101880
0.6885186433,0.6638599842,0.8184382988
0.5889162738,0.5773263421,0.3200960180
0.6386498577,0.4802081965,0.3361197111
0.5342214761,0.5537065123,0.6663088235
0.9869126017,0.9834257068,0.9793007217
0.3454730359,0.1637814659,0.2048458899
0.0421578049,0.2072615469,0.0708711084
0.8302217092,0.8178349499,0.8378220034
0.4855313155,0.4388201964,0.5112731112
0.0152943124,0.0207273929,0.0379945728
0.9699976290,0.9823136542,0.9601261209
0.8707737151,0.9028176851,0.8908178383
0.3640979050,0.2091185242,0.1729346184
0.7805226492,0.8189937553,0.8636232153
0.3232502977,0.4323625314,0.5384149476
0.5658896061,0.4499184675,0.4416137294
0.2265444825,0.3255377267,0.3292865151
0.8917784815,0.8925399982,0.9133967631
0.9224663838,0.9477544173,0.9346644843
0.2352140697,0.1013110662,0.0473962286
0.2401715748,0.6194576671,0.4696660451
0.0711521942,0.0710912470,0.0413393078
0.4998285846,0.4942030728,0.3739618086
0.4415249060,0.3720182105,0.7002770210
0.3517939838,0.4523964535,0.3684172510
0.0524527618,0.0215499817,0.0390256349
0.3530548013,0.4583073699,0.5426296083
0.3985940779,0.2251178940,0.3400305936
0.6130822867,0.5063080637,0.4515559722
0.0002786060,0.0093334412,0.0049558910
0.2422651529,0.1447299054,0.0755491716
0.5194180184,0.6597973090,0.5027558490
0.7263109610,0.7459505682,0.7355893002
0.0817497791,0.0941961861,0.0536670683
0.0705004483,0.1170847371,0.3399712316
0.2306223617,0.1949007026,0.1014126453
0.5030210921,0.1215412490,0.2095177459
0.3876286465,0.2435181761,0.3916738215
0.0482471516,0.0186831335,0.0630793924
0.8599572477,0.6721094655,0.7037352732
0.0799542847,0.4169575148,0.0935948920
0.1373034154,0.3991556133,0.2239857092
0.4134959495,0.5712522489,0.5626457885
0.1663385084,0.1757432072,0.1819454653
0.3175438133,0.3558375988,0.4086237690
0.1092388056,0.1480563178,0.1071626335
0.2611082754,0.2192473324,0.1324841857
0.7558653348,0.6168147184,0.5131210112
0.0021557411,0.0022163704,0.0011903994
0.7256093848,0.7542938636,0.8163247880
0.5002919535,0.6199712533,0.3948386513
0.9145867550,0.9387136548,0.8951576876
0.1179803489,0.0633752816,0.0542200838
0.9666299084,0.9779369621,0.9658062995
0.4697521107,0.4283483193,0.5720639475
0.2975838611,0.7360762575,0.3224870894
0.7382036931,0.8790078880,0.7045982125
0.6664496506,0.5309423301,0.4901485142
0.5404266391,0.6281673018,0.4097617979
0.6572229587,0.4472073709,0.2753572051
0.7513280446,0.8922517441,0.7430959457
0.8694506381,0.9394613141,0.8941331477
0.3907580976,0.5898212358,0.6301004397
0.8838521294,0.8039235440,0.6891685031
0.9276218496,0.8931991332,0.9016723071
0.4280691733,0.2587230692,0.5388552679
0.1014272101,0.2169572025,0.0176874375
0.8046053286,0.7468826371,0.9192397491
0.1946430823,0.1880775047,0.3876460043
0.6368427702,0.7927651371,0.6218908604
0.5745058329,0.3764261500,0.2942048182
0.7117444576,0.7392736309,0.7534335016
0.2963316263,0.5295064946,0.7063073962
0.9845440031,0.9191084267,0.9736913354
0.6117194132,0.8943663742,0.3998423696
0.0889480329,0.0811402979,0.1729838361
0.9371535703,0.9134509351,0.9600763977
0.5399688820,0.5679324709,0.7602615605
0.0442022351,0.1257950259,0.1378279158
0.2739251380,0.4272360177,0.3125471515
0.4762177324,0.3656409349,0.2822679982
0.6026870098,0.8041307953,0.6158067833
0.3445793396,0.1286839254,0.2056585978
0.3430095323,0.6611768518,0.5070371074
0.5168620033,0.4259561995,0.5880255773
0.6305336998,0.4307454726,0.5045249963
0.8531785205,0.8650941468,0.8419271795
0.6651455190,0.6904322063,0.7587812093
0.2845019059,0.4939691845,0.2986353417
0.8392925338,0.8114675216,0.8433487577
0.3822739436,0.5581675824,0.4384450567
0.4113821979,0.2086023950,0.5136563317
0.0446116864,0.0945843835,0.1855967067
0.2105682497,0.2741210337,0.4907648561
0.6150058710,0.4982707331,0.7779995553
0.6109688772,0.4856476570,0.3535008277
0.3037168210,0.3874209325,0.5881977636
0.4738648849,0.4184723899,0.4496814684
0.8049581825,0.7683641274,0.7638258105
0.0188769122,0.0163467931,0.0413245553
0.8523311359,0.6200311846,0.6045579802
0.0612276654,0.0663931309,0.0768255682
0.4845497654,0.4446760874,0.5847574244
0.9421094586,0.9631419115,0.9730974359
0.5477846778,0.6805857145,0.5811696483
0.8517826738,0.7348249831,0.8602573168
0.8566412002,0.8560065774,0.8204983831
0.9574749479,0.9048343316,0.9098153584
0.9080300866,0.8134531423,0.9620000752
0.1136742518,0.0915664196,0.2883453141
0.1041624197,0.0998452266,0.1634343329
0.5007963969,0.5341794272,0.3262359381
0.4270854277,0.5193948615,0.5188397619
0.3565322770,0.3360647537,0.7022283044
0.0707468666,0.0639436867,0.2172293449
0.7880902823,0.7910753307,0.8691377205
0.4491319035,0.4678071651,0.5202941001
0.1696763982,0.2269468125,0.2072010784
0.0758274449,0.1263457987,0.1979770546
0.1800992418,0.1610737825,0.2422072346
0.3431881300,0.3514795999,0.3181079282
0.8137022298,0.9142153646,0.9207863182
0.0226322653,0.3179404581,0.1573331311
0.2594809943,0.6058914443,0.2689589842
0.8250371292,0.8857985745,0.7026064529
0.3213382052,0.2632617822,0.3354501630
0.9741483401,0.9761105730,0.9776457152
0.6828342694,0.8652772128,0.8326471596
0.2681059787,0.3248678372,0.1065445561
0.1941351037,0.3192969657,0.3685415100
0.9140474678,0.9278862723,0.9044527989
0.5913834028,0.3372611349,0.4620257536
0.8053898723,0.8136723063,0.7372726652
0.4138424249,0.4194834433,0.2998493485
0.5265251959,0.6361722637,0.4575719208
0.8459608908,0.8755237405,0.6775925996
0.3536478499,0.3610051716,0.2682809786
0.4200512322,0.4032568195,0.1214571644
0.5035303029,0.6192343323,0.7699953483
0.5048851954,0.4988685629,0.5613002374
0.3637162068,0.5704176040,0.7039755547
0.7569384397,0.7812502307,0.8363119202
0.4026145390,0.3681702141,0.5243764862
0.2903870836,0.2479244435,0.2688313161
0.9424139798,0.9459650339,0.9527209728
0.7364908732,0.8481047362,0.8507814048
0.2420098241,0.2376201480,0.3365607182
0.1975573734,0.3514291823,0.3385567095
0.5788507081,0.7824881582,0.6500952591
0.1759150592,0.1398985311,0.1610668134
0.0604102753,0.0407204577,0.4114826547
0.2796958045,0.1248654083,0.1938510990
0.3189467144,0.2558504358,0.2482213740
0.2486739006,0.2460831762,0.4331418065
0.6923486907,0.5742494896,0.5683957095
0.5344849898,0.2729725855,0.2801867066
0.5720545328,0.3669961482,0.5219885665
0.1858327530,0.2717920107,0.1454528974
0.6884800201,0.5752420623,0.6300360321
0.5336519306,0.5905781157,0.2679113710
0.8648200893,0.9267427162,0.9071805698
0.3397361747,0.1318014864,0.1668769542
0.6265665440,0.4442496659,0.1855825886
0.3756534807,0.0798009189,0.1108903116
0.8846715984,0.8871316949,0.8721992894
0.2651579578,0.4796586527,0.1772982950
0.9904354663,0.9928255489,0.9928553283
0.9744246325,0.9803534161,0.9831956190
0.9541251660,0.9652571959,0.9381082138
0.6713783607,0.4056232324,0.4075051711
0.6136529395,0.6040938000,0.7195295347
0.1365195102,0.2065100971,0.0661548685
0.5403263807,0.3869139085,0.5891945313
0.5240850524,0.5544219097,0.7439185224
0.4746557410,0.5726541522,0.6771813798
0.9247052131,0.8902331589,0.8899189724
0.8186164210,0.7860514939,0.8719262300
0.0007649650,0.0060037401,0.0058445641
0.2559345077,0.2370907936,0.2285791406
0.1794831721,0.2754481323,0.1335505415
0.3906240825,0.1801371945,0.1307506816
0.5479996543,0.3880950051,0.3886586897
0.3271296404,0.2410491714,0.2963529675
0.7824547110,0.6725284528,0.7515270166
0.3563579643,0.3348246903,0.4199496040
0.9927437020,0.9950219848,0.9941362370
0.7827349910,0.6989639877,0.7850944092
0.2344334793,0.3441956265,0.3229942621
0.9900130702,0.9746973695,0.9773377545
0.4753391934,0.3850068342,0.4163472176
0.8554033727,0.7511820270,0.8397166163
0.4781130264,0.1010553038,0.1493530382
0.7472722342,0.7479903774,0.8951218609
0.0515531394,0.1435520992,0.0194819920
0.5824544030,0.6941957682,0.5128861636
0.7395553797,0.7107485310,0.7517278419
0.9163268885,0.7868706610,0.6451475798
0.9158333395,0.9067396346,0.9770722851
0.0686764675,0.1171015359,0.1435620053
0.0741146358,0.1148521049,0.2710888972
0.6152195893,0.4215015020,0.4683650946
0.2273598833,0.1769901311,0.1013763019
0.3474193325,0.6489351475,0.4775895642
0.4717339228,0.6636160630,0.5931766158
0.2355810356,0.3950603658,0.2567742655
0.6010365262,0.7796373224,0.8017330272
0.6961805901,0.7737507092,0.8363681240
0.1986997147,0.1128377646,0.3002532543
0.7868363926,0.7978834606,0.7198926525
0.7957709415,0.8427977557,0.8203697368
0.9213336358,0.8787045375,0.8096105562
0.8579280356,0.8527478338,0.8626617735
0.3233867932,0.1759446832,0.2305735197
0.6472820886,0.8049019973,0.6890563527
0.1784342799,0.3297432312,0.1464360578
0.9149946945,0.9093508171,0.8487900409
0.7938712707,0.8358597883,0.8257419013
0.9483352871,0.9632022368,0.9599167335
0.3326735073,0.3284399390,0.3077673889
0.4641968229,0.3669227514,0.1195357903
0.2953363834,0.1605023122,0.6035195744
0.7511370413,0.8181099490,0.8177027746
0.4890629523,0.4265655487,0.3903727051
0.1670420110,0.1250189531,0.0799034530
0.3577377252,0.4038147917,0.2523778267
0.5821034031,0.5304699347,0.5684346435
0.5291057485,0.4316068922,0.4942153121
0.9209920815,0.9797959648,0.9559767240
0.5236019175,0.7701876816,0.6535678785
0.6993431228,0.6177199827,0.7237433356
0.8735191221,0.8736246739,0.8548293479
0.3565568838,0.1042161285,0.0429686011
0.3692251304,0.3503432385,0.3488032390
0.3418042910,0.3019201921,0.2659287419
0.4305006466,0.3415346772,0.5267057411
0.4434077652,0.3068872427,0.2360003673
0.7783357589,0.6332856861,0.7504711326
0.0952174982,0.3105948472,0.3080203806
0.1497398092,0.0993676425,0.2609910298
0.7215612606,0.6928460195,0.9422805088
0.0897219120,0.0503333626,0.2634521287
0.9039161178,0.8769291006,0.9285194705
0.1593290608,0.1656917569,0.2429337020
0.1554477284,0.1623554852,0.1511009641
0.2685607219,0.2151903502,0.2507817869
0.7623318550,0.3759627890,0.4311278062
0.3694232068,0.3660642005,0.4007293208
0.7808372164,0.6637182810,0.7378368061
0.0713854585,0.0127411482,0.0978288504
0.3746734059,0.3342600445,0.4695287916
0.4611055562,0.2244680553,0.3634701073
0.3412155849,0.2957498106,0.1206702954
0.2605758194,0.3100675862,0.2369579776
0.7181847104,0.2110813001,0.1330090950
0.1846686175,0.3064036417,0.2464159852
0.2161877869,0.1440860274,0.3317080234
0.1071082283,0.0918628191,0.1544843512
0.5283075389,0.6587148134,0.6176270806
0.8374447477,0.7050265929,0.8517624486
0.4780167790,0.4971661554,0.4237521566
0.9909100886,0.9865383001,0.9853701632
0.7531664628,0.6651269648,0.6561704400
0.3708855688,0.7207863975,0.4023741615
0.1675187038,0.2156893807,0.0790745183
0.2014004628,0.4779519807,0.1418518456
0.3537924869,0.5831359950,0.3327074577
0.8759678054,0.8540539175,0.8141433879
0.4809441929,0.1917204148,0.0956429110
0.2226494855,0.4105858511,0.3066853954
0.8210427986,0.8262169607,0.8870043277
0.9804148529,0.9917030203,0.9603630971
0.2670870322,0.4409220058,0.2663956482
0.8101408841,0.8189959690,0.8395662746
0.4344406422,0.4322597718,0.2188007826
0.9919927865,0.9898705766,0.9888550662
0.6421371290,0.6714290378,0.6872008601
0.7818501375,0.7817464796,0.8813869266
0.4016789603,0.5902029078,0.2950049270
0.4336268460,0.4152616337,0.6100636704
0.1284173851,0.1935930746,0.0464463303
0.0017788598,0.0027291822,0.0046726998
0.7796434660,0.7487270831,0.8958305626
0.5378112438,0.0942300218,0.1736206996
0.3846555642,0.5638493762,0.3950351953
0.4099383919,0.0492838529,0.0837899559
0.5936803878,0.7580454780,0.3998634248
0.3859488547,0.2769263871,0.4579625519
0.0675446731,0.2035747042,0.6197866267
0.5528931895,0.6440956985,0.6140161216
0.7095917767,0.8082283805,0.8704421450
0.3459458960,0.1082423525,0.2245333353
0.5953164451,0.5329811026,0.4526086768
0.3707638354,0.3559065533,0.6375211465
0.8024963256,0.6154173782,0.3429582885
0.2017233333,0.0934446423,0.0644457057
0.5670383732,0.0571140806,0.0452301320
0.7420667475,0.8100597394,0.5121473838
0.9357451819,0.9419602736,0.9380930596
0.0777563861,0.0094941304,0.0776396942
0.2690889395,0.3087677733,0.4932080452
0.3566761272,0.2221849921,0.3283017346
0.1593651681,0.3995037245,0.1888173245
0.7184815503,0.5394896904,0.5709960479
0.6318949216,0.5320254407,0.5860103041
0.1334811965,0.1841107112,0.1171829737
0.7154560647,0.7140096034,0.8762065278
0.2645491784,0.2290093090,0.4621595478
0.1661641200,0.5330267556,0.4819719006
0.7703550139,0.6977143715,0.8146374341
0.1333565942,0.1210590488,0.2323093665
0.6057746231,0.5793413681,0.4817799901
0.8441326423,0.8195178050,0.8538578942
0.4797866546,0.5556221087,0.5698946814
0.4810660576,0.2192338425,0.2790493061
0.7937464755,0.8460977246,0.8271321409
0.9810025890,0.9758266647,0.9838848419
0.8520073949,0.8491683384,0.8459115765
0.3586494785,0.4246600811,0.3815617187
0.5483257281,0.4502462071,0.4066203640
0.5297068646,0.4862799251,0.6443603214
0.4834459897,0.4822920275,0.4601998374
0.5001505526,0.6611457121,0.4656569622
0.3821115851,0.3152458840,0.3110035817
0.9241246406,0.8892103891,0.9118554804
0.2611321942,0.5898234430,0.1460358905
0.8841707970,0.9605102365,0.9503541019
0.4245061872,0.3312394953,0.1945665545
0.7270124796,0.5517512680,0.7353890137
0.7075476513,0.6604843819,0.6448419748
0.8157718714,0.8578186558,0.7628367657
0.8838003311,0.9592413333,0.8968406804
0.0087361743,0.0007005599,0.0002347898
0.1460620672,0.0383526343,0.1074680913
0.2135520982,0.0125699246,0.1037996928
0.8303745758,0.8197072170,0.8454701344
0.6331426378,0.6173459247,0.8185277339
0.5257849736,0.6802194662,0.6626679294
0.6163701270,0.6478481281,0.6813214734
0.9226735743,0.8885932410,0.9629996181
0.4483335382,0.5470118983,0.4771362546
0.5691650211,0.6195913133,0.5219806333
0.1706097717,0.1715786446,0.1518700665
0.9099810509,0.8702426471,0.8379098528
0.9180053733,0.8591878456,0.8591499359
0.8203632566,0.7989287810,0.8912882841
0.9908840532,0.9840782043,0.9833636100
0.5311014910,0.4270636979,0.2930896720
0.4800529028,0.5440650123,0.5013164481
0.9002480943,0.8942114080,0.9404038847
0.9238926434,0.9275012277,0.8972187066
0.6743552606,0.7881488424,0.6152483288
0.4203137408,0.4903105753,0.5853774402
0.6212164707,0.6019531969,0.4105058638
0.6160185897,0.6961852037,0.6135620331
0.9860254707,0.9725079945,0.9839218170
0.1581259542,0.1453020648,0.2136454394
0.8337862520,0.9183964561,0.9008428632
0.9033430284,0.8717484430,0.8598844918
0.4723699357,0.2918244334,0.3948628319
0.2054528284,0.2378775092,0.1526276849
0.5650407190,0.6735992457,0.7837143822
0.5011006095,0.5940665453,0.4894627361
0.9057389906,0.9350248236,0.8382597799
0.1121892710,0.0207104615,0.1067535466
0.1138413588,0.3872454297,0.0627884391
0.6372957677,0.7490571393,0.6560966926
0.7307869740,0.8247832437,0.7179542939
0.4164040749,0.6165996527,0.4900755006
0.6599796494,0.7979985258,0.8345896825
0.5446656623,0.8176703048,0.4967030132
0.0050334830,0.3944070850,0.0856119934
0.6156804113,0.5235136397,0.6418282938
0.4972644775,0.4979795420,0.4037664751
0.9755120871,0.9749783582,0.9733376628
0.7122477602,0.9166757888,0.8238874433
0.5177546974,0.5464274114,0.4702041062
0.2719269286,0.3880157398,0.3586182747
0.0274158791,0.0304095501,0.0052848807
0.6354334330,0.5046919924,0.6758423630
0.6293670593,0.7023291387,0.6452545007
0.5646593472,0.6636864698,0.8284750060
0.7572349190,0.5779712988,0.3920184389
0.3867252151,0.3860067745,0.3294173571
0.1603202345,0.0886677529,0.0967721812
0.9903729553,0.9929032850,0.9898519879
0.4899776168,0.2339543838,0.3856725238
0.4059319606,0.2690984034,0.4250009755
0.4019189147,0.4069366207,0.4058847486
0.0912803457,0.1037040045,0.0781366519
0.0031014752,0.0083508377,0.0068275640
0.7617303986,0.6304983116,0.5647608560
0.8332173094,0.7879558959,0.8293760517
0.0697927134,0.2318730820,0.2778809225
0.8816898896,0.8340144027,0.8283034221
0.1500332846,0.2727578165,0.4923608822
0.4934269396,0.2422025636,0.5658342009
0.5254686793,0.4079234472,0.2669087141
0.9344176678,0.8208767163,0.9151528635
0.9618078664,0.9075589517,0.9288767601
0.0368844345,0.0785108567,0.0241138761
0.2414412244,0.2623575665,0.1366127676
0.3223878267,0.5214726930,0.1929536602
0.8163981660,0.6579208576,0.8789334853
0.6862366927,0.7535721342,0.7469713628
0.0776996779,0.1178483059,0.0417784804
0.3664552639,0.3430780907,0.3977139991
0.4181661934,0.4678378824,0.3472937598
0.3775108747,0.1851498363,0.2392050296
0.7755922372,0.8900045371,0.7788685377
0.0049363932,0.0333435634,0.0087857809
0.2438713033,0.2094546521,0.2763096648
0.1059403723,0.0713240615,0.4225498990
0.7335389830,0.4979317793,0.7770414280
0.5668853353,0.6136887291,0.2825447959
0.1618877232,0.0951166249,0.2184620350
0.0731451130,0.5312816371,0.1416352985
0.5139403799,0.5229409376,0.5375684185
0.0168578480,0.0188068110,0.1055593989
0.3373711837,0.2068407002,0.1482179672
0.5979620112,0.3399322490,0.5589167145
0.2575344276,0.1935878885,0.1977165129
0.6772574757,0.6920896422,0.6822808201
0.5599820071,0.5758468307,0.6020137369
0.8378747086,0.4900266377,0.7295881493
0.7732391133,0.6982763632,0.7608101625
0.2753873040,0.5805872756,0.1230559501
0.8003882572,0.8473530340,0.7894109853
0.7003070867,0.7690649937,0.7856674605
0.2912502209,0.2780297404,0.1249325402
0.6795255698,0.7826102180,0.6215059589
0.5754500341,0.4351174264,0.7359537951
0.7869305640,0.6383749711,0.7305481210
0.1902818877,0.0842456089,0.3230512014
0.9272036195,0.8905981272,0.9496127043
0.8242587928,0.8906772883,0.9209510314
0.6228248486,0.6333513455,0.6381095998
0.7238416432,0.8301571090,0.8235739826
0.1867860477,0.0335782066,0.0221100003
0.0998737431,0.3613104997,0.1440310233
0.4206556711,0.2505020535,0.3601752035
0.7365529762,0.6893148336,0.6751178667
0.6760215425,0.5446979356,0.4662439417
0.7895253947,0.8543621702,0.9296320771
0.6601827250,0.7781020975,0.5769342654
0.7619758889,0.8454459076,0.7297892180
0.9452256396,0.9141636385,0.8898107252
0.6102478281,0.6611827761,0.4428028848
0.5407212644,0.2890059313,0.6118282302
0.9692911199,0.9857513732,0.9777786900
0.9795240333,0.9597512433,0.9682011836
0.3700897875,0.4070614316,0.4356050514
0.6961207230,0.6513792633,0.7696223478
0.0173997626,0.0085439138,0.1095192380
0.0275573074,0.0503803455,0.0335085666
0.1480922450,0.0787447692,0.0351433884
0.5852104870,0.2179389087,0.1901074190
0.0667181117,0.1862539124,0.1854326204
0.1018335364,0.1169748484,0.0789524278
0.3360890974,0.0648510993,0.1678352315
0.5866359176,0.5191150684,0.5256897145
0.7235280130,0.7658487730,0.7347117957
0.3797702188,0.3802355760,0.5183389736
0.0042769340,0.0067711494,0.0096394922
0.0593534867,0.1823610316,0.3528799915
0.6200658571,0.6010853839,0.6768813507
0.5181275197,0.3654353492,0.2681277274
0.2259912827,0.2126147504,0.1934777457
0.0967044692,0.2578491893,0.3633504065
0.8631977036,0.9220096382,0.8173990326
0.7586262763,0.7709661575,0.7211260541
0.2421554326,0.2572544158,0.2750460697
0.5686299746,0.5072005290,0.2441463585
0.0805465631,0.1625923035,0.1872818597
0.3749412802,0.5834171490,0.3701920386
0.3393423002,0.6688518942,0.5212795662
0.4134606234,0.3768842554,0.3613766669
0.2600574789,0.3003392260,0.2133367414
0.9360409226,0.8693980623,0.9198280253
0.7789931879,0.7558739953,0.7912418125
0.5389321963,0.6150250997,0.3698065083
0.3392878236,0.2367026348,0.3234571048
0.5917240913,0.7406868402,0.4306141157
0.1789197082,0.4247766192,0.1733540862
0.8860668093,0.9052894565,0.9471538327
0.7553848841,0.6677083897,0.6484086986
0.5620505357,0.7975661510,0.6309023133
0.8662118405,0.8884771585,0.9440221360
0.4085698664,0.2992603344,0.3131688864
0.5020920977,0.5677660902,0.5128060085
0.6826827956,0.6428313106,0.4859202146
0.6431276674,0.3685184177,0.4216851255
0.9438623558,0.9150849367,0.9650687722
0.7786115621,0.4897267943,0.6334067897
0.7111138460,0.7189565650,0.6986194255
0.3969120156,0.3727382715,0.2805292443
0.8507696655,0.8475495585,0.8777836388
0.6299556818,0.3691009707,0.5730978590
0.2475459539,0.4102800227,0.4178460079
0.8915300037,0.8609818257,0.9053515814
0.2407342130,0.3633233904,0.4762958434
0.2786190167,0.2849521265,0.4964350920
0.9351953098,0.9522332833,0.9522897068
0.0737879650,0.0462514851,0.1700697169
0.7695475498,0.5646815453,0.6456462346
0.0383194260,0.0103383872,0.0039134112
0.0588878419,0.0083560984,0.0023837594
0.0505916214,0.2572567345,0.0060613821
0.3315673791,0.2609988829,0.5346615125
0.1228849738,0.0122724178,0.3158018357
0.5325477054,0.4904208332,0.4702900713
0.1182019677,0.2569031303,0.2532491346
0.3522831087,0.1491249339,0.0705992656
0.9802507296,0.9773834125,0.9899228356
0.7856592017,0.7545384302,0.8604731439
0.1852475170,0.1253858790,0.1406975258
0.5576625614,0.6486392036,0.5930106331
0.2531681687,0.0446181491,0.0923067063
0.0526463328,0.0350187566,0.2405112461
0.3730093918,0.3051990010,0.4469484097
0.6084161131,0.6363564515,0.7522031204
0.4772027295,0.6023039682,0.4052440772
0.2984695256,0.2421703196,0.1901794682
0.9104278281,0.8941396933,0.8792315938
0.0234550367,0.0502376366,0.3044991183
0.6467997430,0.6644935094,0.8864355936
0.7452211272,0.6743343874,0.7151832202
0.9390187005,0.9593219536,0.9376293776
0.9960677620,0.9954052376,0.9957852631
0.7270567898,0.6521579604,0.7397132175
0.5172649125,0.5633568375,0.6043829972
0.8497157523,0.7106026989,0.5630548704
0.4697336584,0.2822528120,0.1800970527
0.6849799762,0.8071072185,0.8343838573
0.3617527170,0.5281689942,0.4136701392
0.4599738586,0.2656993387,0.5157309411
0.4744904370,0.5783210562,0.6958206419
0.2747759000,0.2605954669,0.2082568924
0.7625612978,0.7888934916,0.7601206568
0.8343901548,0.7948843205,0.7162739986
0.9149443075,0.8861283401,0.9028835347
0.0737987066,0.0956425814,0.1453254493
0.7241338978,0.7913253007,0.5719018100
0.0854134705,0.2081149879,0.0845396887
0.8615625270,0.8649006885,0.8670097639
0.4926085692,0.2620348475,0.4981552634
0.5108033564,0.6469894074,0.5659209405
0.8826725715,0.8517771082,0.8623015256
0.3992202894,0.5574758900,0.3196661817
0.6122380154,0.5527052834,0.3231152623
0.2163889767,0.3976598008,0.1821592179
0.1251595633,0.0014577239,0.0265937392
0.1792334247,0.3237173812,0.1107856767
0.5007595132,0.2901249592,0.4190547180
0.9060839715,0.9182948247,0.9232193010
0.1704505081,0.2243880009,0.1035612496
0.1004344281,0.1213573804,0.1971364322
0.8282164830,0.7996280081,0.8441030309
0.0245187218,0.2156841178,0.4047141378
0.7486867093,0.7698191420,0.2373275850
0.6978239285,0.6346659508,0.8136208588
0.5343202694,0.6321132937,0.4262405243
0.0381668054,0.0573886715,0.1525243969
0.3092889505,0.4127633730,0.2780327935
0.7856741887,0.7378874200,0.7880133808
0.9226151133,0.8690339693,0.9086936244
0.0758347164,0.0314538047,0.1537522220
0.8178447623,0.6433126476,0.6202017716
0.3097702517,0.4118102489,0.3517955729
0.5166678392,0.6400840200,0.5396426784
0.9599057004,0.9677168664,0.9630054794
0.0364682922,0.1344422087,0.0748970160
0.8282548554,0.6608668737,0.7122563141
0.4635312757,0.5429872400,0.2501605318
0.5594767782,0.4492145393,0.7286206659
0.7381942293,0.6863758146,0.7970616185
0.1145276895,0.0520327777,0.1321578804
0.3774677097,0.4090390881,0.4841848067
0.3341721226,0.3682894890,0.3759143691
0.8582805792,0.8547388773,0.8470253927
0.5460556267,0.4703568042,0.3378342572
0.3757341444,0.3818710243,0.3132995647
0.0815416084,0.1037974830,0.0622962029
0.6117044389,0.8167770097,0.5791569288
0.9625146851,0.9380504264,0.9224685851
0.2473322759,0.2062094631,0.0863600494
0.5961842870,0.6090409260,0.5757997191
0.5391224469,0.4909126464,0.4615261342
0.1302872591,0.1334698484,0.2541288528
0.8569360710,0.7527772788,0.7165608957
0.0096203418,0.0689107414,0.0166503148
0.0346520129,0.0706255599,0.0479953862
0.8780813887,0.8144698842,0.9099407024
0.8751500558,0.8954394610,0.8418312230
0.3238525767,0.2162543868,0.3610349636
0.2440207909,0.1138923116,0.4485825942
0.9913307028,0.9939078398,0.9928470879
0.4345968743,0.5132704125,0.4102087338
0.3087158922,0.0633321051,0.2101847364
0.0095045175,0.0066969654,0.0514627645
0.6687761130,0.6828229054,0.8200966662
0.5831450731,0.7899102939,0.5324646808
0.6612419460,0.7598922684,0.7129393240
0.9378055084,0.8755959062,0.9400760878
0.7720915851,0.6613007408,0.7162363972
0.7380539937,0.5410967541,0.6033240117
0.2082872336,0.2583516723,0.3703733146
0.0274268404,0.0212505949,0.1072279157
0.1001330120,0.1239585470,0.1290429483
0.2534512912,0.0887657462,0.3734912353
0.0000254090,0.0098111522,0.0048161985
0.6393667349,0.6526664801,0.4194771896
0.6978923836,0.5574375435,0.8459731956
0.9594894523,0.9691868850,0.9726810223
0.3371300344,0.5600564606,0.5652209606
0.5881501933,0.6814800085,0.5960448244
0.6426655529,0.5356316715,0.3394977213
0.3866711423,0.2487008235,0.2085161496
0.8408099128,0.7173872084,0.8156493715
0.1970209635,0.1621637987,0.3453764366
0.5308094247,0.5049048637,0.4319121552
0.6068555081,0.1137698102,0.1070973978
0.8910554198,0.8947764050,0.8623929028
0.6535753671,0.7544773767,0.4371308849
0.7633005914,0.8631997235,0.9338848571
0.7628900615,0.6806189200,0.7498160062
0.6576058448,0.5642456486,0.8411865888
0.7067749583,0.5240134813,0.5896496868
0.6623535232,0.5317547428,0.8504565893
0.2158572810,0.1093097320,0.1182169964
0.3355081579,0.2606865248,0.2480135516
0.9868766847,0.9924291944,0.9875519801
0.6307442192,0.4925891598,0.1993974497
0.5968094387,0.4711226361,0.4380821315
0.0115682339,0.0245456706,0.0078391221
0.0573619519,0.1575264515,0.0588443432
0.7907176625,0.4940024498,0.4543177988
0.4713777346,0.2075135180,0.2608446838
0.6483250356,0.4547646844,0.7322333669
0.4079617936,0.3752422338,0.4983304575
0.8680543690,0.7770562555,0.7878108659
0.4193499989,0.3092775412,0.4047956898
0.8090111002,0.7924413382,0.7827882304
0.4069387003,0.2773733070,0.2826671528
0.0530418662,0.0162311501,0.0026581293
0.4506875699,0.3820446598,0.4964751684
0.4021033175,0.3670678664,0.8043440857
0.0743416875,0.2990927532,0.1155111593
0.1518078477,0.1439560999,0.2660951933
0.6558412670,0.7854460800,0.8959718881
0.7233938313,0.6540266494,0.8075626263
0.4361687125,0.4759134231,0.3126589095
0.6251347067,0.7332391147,0.8419479749
0.3230628654,0.1400975050,0.2050853424
0.0899372725,0.1987944642,0.3192517594
0.0629841726,0.2091491256,0.2295583016
0.9858067383,0.9784743524,0.9741639341
0.7765775606,0.8489986656,0.7366389757
0.6111426790,0.5547839143,0.3785050242
0.0266115879,0.0522760602,0.0204832311
0.8798471911,0.9215282271,0.8791169180
0.3724062857,0.5992348320,0.4792129041
0.8429494301,0.8698775752,0.7721019336
0.2395168386,0.1115242652,0.5192896769
0.1691534741,0.1397826933,0.2352057949
0.4099212125,0.1525627508,0.4137827338
0.4004139938,0.0748445038,0.0722924234
0.6596608214,0.7073963727,0.7646989257
0.0838368788,0.1922555257,0.1643083694
0.0903382398,0.0424256793,0.0386345311
0.5571412447,0.5720997197,0.5698659638
0.4216757727,0.5292664724,0.4374127322
0.2000219417,0.0398314305,0.1232455819
0.6403923493,0.5862081718,0.6987979425
0.0911364058,0.1044891788,0.0442330457
0.6054549509,0.5433844804,0.6548154736
0.8385751815,0.8290860688,0.8537756850
0.9163287814,0.8944622217,0.8670902565
0.5498733420,0.5343508307,0.5502396840
0.7138144804,0.5104449719,0.4646237606
0.6431799369,0.5978844581,0.5872664462
0.7640035269,0.5508334757,0.4463449957
0.9509081201,0.9567356154,0.9674056896
0.2417875307,0.1993428005,0.2264813053
0.6298359481,0.5726322489,0.5511575014
0.2287597539,0.1749508025,0.1636741554
0.0251519633,0.0132984552,0.0068887056
0.2547418937,0.1480031666,0.1601925460
0.3389403202,0.5008890043,0.2570623495
0.2941306107,0.3238960338,0.7321350094
0.9914576101,0.9932777889,0.9976830911
0.2396189652,0.3205089127,0.0958081279
0.0836764369,0.0141138548,0.1689610749
0.4599799416,0.1106057222,0.0945656305
0.2668772537,0.2469431853,0.3290800725
0.3419683846,0.5474925484,0.3791058914
0.2674413705,0.0990538219,0.3480106225
0.9859142835,0.9797933107,0.9843982076
0.6785025306,0.7329341127,0.7608373305
0.5914918316,0.7303609131,0.7046794502
0.4788928165,0.4281385349,0.5459773460
0.2081785910,0.2681423411,0.1504048526
0.2971293267,0.1874992516,0.2419159838
0.9255741092,0.5163501549,0.5897413683
0.2142416213,0.3420514937,0.7142017366
0.6697407917,0.7049569981,0.7009218354
0.6744827338,0.5237609889,0.5293743975
0.9167657319,0.8742936274,0.8935586232
0.3163330265,0.3770233803,0.4300658543
0.2375862621,0.2269646658,0.4016240515
0.8397649300,0.9056367274,0.8697124452
0.7380557833,0.6705441066,0.4771774100
0.3730979903,0.2706911442,0.1926852642
0.1618593951,0.0911531277,0.0964891688
0.1488427483,0.2541769997,0.1049089195
0.9673031955,0.9466721519,0.9063556191
0.0891452117,0.0462090034,0.0893102574
0.3325349017,0.1399482455,0.2856920845
0.2725160103,0.0532347596,0.0634399081
0.1939221359,0.2383789905,0.3132285758
0.5074220003,0.3911671103,0.5005550877
0.2383918792,0.3274470701,0.3479879612
0.4403972181,0.6728274463,0.4462588318
0.4979716097,0.4166642702,0.3730266216
0.0796474536,0.0714186868,0.1150193638
0.1189993451,0.1966071931,0.0515580084
0.6418540827,0.6493722284,0.8034293281
0.1474351863,0.2953896503,0.0633144618
0.7377188826,0.6476279800,0.5955129402
0.4039039156,0.3116912556,0.2699250259
0.5440023432,0.5837158877,0.7119652400
0.3504337525,0.3263091400,0.0866988087
0.7294717947,0.7268783178,0.6550114418
0.9209698977,0.9338303587,0.9559059920
0.4904980729,0.6656595229,0.5009187273
0.4472592403,0.4417848143,0.3577367221
0.6476036025,0.6809847930,0.7771531627
0.4847673021,0.5710543182,0.4102868167
0.4226370079,0.2800549563,0.3228939724
0.5366702102,0.4406700745,0.5784772283
0.9633825802,0.9752020783,0.9839275131
0.6325667927,0.6216395798,0.9433542415
0.2830653717,0.2062134906,0.2161917622
0.2714037822,0.6501007055,0.6921599688
0.8166011477,0.8618151770,0.8635920632
0.8054347733,0.7795294972,0.7795379391
0.8381599921,0.8961004616,0.8822759274
0.1253372913,0.0760754584,0.1088432315
0.3874473127,0.1997609288,0.3201843699
0.9026093382,0.8977627822,0.9364015024
0.5125157997,0.4464663831,0.4197642640
0.4767481265,0.4365561521,0.5452727953
0.4645375982,0.4315040830,0.3614496335
0.2373881899,0.2803953886,0.4714988712
0.6371505574,0.6172021426,0.7219835122
0.1922229800,0.3376714683,0.3085835868
0.3712730075,0.5090924845,0.5633176736
0.3073349636,0.4713505443,0.2692888202
0.4617961797,0.6126637361,0.6615384963
0.3649958047,0.1261471707,0.1804813175
0.6436043170,0.3548747020,0.4132079390
0.4592417025,0.5276819905,0.2012543253
0.7840041008,0.8460311397,0.8096446495
0.0166407728,0.0591339495,0.0584253476
0.6771950781,0.5776353675,0.5724167790
0.3923903117,0.3362360471,0.2663288870
0.9931058612,0.9969272692,0.9930599952
0.1319810979,0.0388137808,0.0753745335
0.7127077700,0.7995501449,0.8041686452
0.5373815103,0.4441229393,0.5118527835
0.0766788182,0.0533804255,0.0753182302
0.1854163530,0.3028420342,0.3247260829
0.5328924734,0.2156981062,0.4754420707
0.7763082014,0.8015113068,0.8125232073
0.4412307504,0.5466503048,0.7100731520
0.8814449299,0.8181607453,0.8557296590
0.7140679587,0.5453779963,0.6523779831
0.0358897150,0.0428434010,0.0131563058
0.4159153286,0.5109531896,0.4489307064
0.4739210631,0.6821124933,0.2835351406
0.7782320148,0.9232445234,0.8004793103
0.5123716280,0.4761967134,0.7081316917
0.1705557287,0.1274134434,0.0736120258
0.0728088230,0.0439515178,0.0229154355
0.1671549372,0.1555276606,0.2961529670
0.2703837563,0.2738190914,0.1286731367
0.7843959230,0.8916020491,0.8242666527
0.0220885247,0.0032635298,0.0018496513
0.1814434400,0.3149445323,0.3506580566
0.1777646850,0.1461464464,0.0691332273
0.4415377982,0.4666194287,0.7341816821
0.2316463469,0.2444533093,0.2518685264
0.9882621058,0.9674662030,0.9671244090
0.8089293482,0.7934659238,0.7852104845
0.4823359630,0.2217280541,0.1473870220
0.5819329534,0.5237109569,0.5632508593
0.1722481989,0.0590488657,0.1549195391
0.0635619685,0.0377434093,0.0697188865
0.3797358193,0.2370781708,0.2753500816
0.2858049210,0.4392145062,0.5458914182
0.9142337836,0.9237137168,0.8902164689
0.9748591976,0.9801101513,0.9732993025
0.9433208576,0.9481059763,0.9469695508
0.1583950040,0.1576464599,0.2069911106
0.3940583769,0.5519351911,0.0663816075
0.1074640225,0.0694587429,0.1922131905
0.2038866318,0.4206929843,0.3623321722
0.7337158869,0.7728487107,0.7978819637
0.3571113785,0.0279040383,0.0775718206
0.7365934535,0.7642003203,0.8680238907
0.5293714372,0.3423755593,0.4069612594
0.8999056427,0.9605381626,0.8755344736
0.0132006596,0.0112216008,0.0139070247
0.7689100599,0.7575770086,0.8556490475
0.8581896559,0.9386886074,0.9219701482
0.5074452668,0.4598539200,0.1514418011
0.6400853726,0.6078942721,0.7199677696
0.8192694824,0.6688570755,0.8474101249
0.1135341779,0.0950678307,0.1460689374
0.8591464640,0.8403976952,0.8490884124
0.5567459324,0.5026442290,0.4816633839
0.0407612792,0.0484834964,0.0675244303
0.0367209407,0.0410869431,0.0523785688
0.7128878838,0.5783709908,0.6209558810
0.0603302376,0.0907725295,0.1120262537
0.5420855173,0.7211498070,0.7197990416
0.2373286547,0.3363802654,0.3085721496
0.4464630475,0.3856198348,0.4580227861
0.9046145145,0.9324853051,0.9183480064
0.8435231384,0.8490211363,0.8066023651
0.7989604025,0.8164964155,0.9393842345
0.7036462688,0.8017984357,0.7033814429
0.7430380333,0.7435839927,0.8997603889
0.0915130828,0.2612275635,0.2685685696
0.3856782831,0.3165136317,0.5320819278
0.0066219824,0.0384516597,0.0079204525
0.3151796429,0.3033256698,0.1084392196
0.3737589137,0.3064880767,0.4112596963
0.2812521031,0.1972126322,0.2562556424
0.2318541851,0.1393216903,0.0927560520
0.5008929433,0.5772561483,0.4883485169
0.5063578136,0.5031212438,0.4666460656
0.0956732786,0.1950338466,0.1520378854
0.9263976702,0.8189963385,0.8821817207
0.4394438791,0.3339352678,0.2491196360
0.4166822062,0.2840540414,0.3675420533
0.6473078679,0.2375249408,0.3574310530
0.3869870318,0.5310360938,0.2101619614
0.8830996312,0.9093641728,0.8976959318
0.1163559263,0.2434195544,0.1053359847
0.6832718451,0.5329300867,0.7417750945
0.3848487245,0.3355749474,0.3031157817
0.4392181623,0.5119397562,0.6292963900
0.5580014507,0.3989521449,0.3878454822
0.7363961699,0.6025297759,0.6681231619
0.6962867896,0.5899796579,0.4889518919
0.6468788237,0.5234281995,0.5356275519
0.9422646804,0.9261756031,0.9051870701
0.6448473950,0.7506672854,0.6722121044
0.0288922276,0.0389016562,0.0912454526
0.3255555865,0.1859978622,0.3651505993
0.2220013186,0.2024919701,0.4656644321
0.1108107587,0.1541158230,0.0982376932
0.0246395856,0.1089685062,0.2714673174
0.4542156590,0.2456469101,0.2307142812
0.0606013367,0.0653468403,0.0608176604
0.4266994993,0.6997252927,0.6247031963
0.5331943196,0.4790916667,0.4883536248
0.2930622756,0.4346369443,0.1941704602
0.6303543043,0.6813524463,0.8043376279
0.1396477588,0.1907012537,0.1434971389
0.1581542376,0.3111478341,0.0710553770
0.9721587433,0.9326070620,0.9298969146
0.7223006505,0.7134884935,0.5820202681
0.2271669434,0.3309747890,0.5566362608
0.0391627808,0.0117893468,0.0091141421
0.1872013925,0.4353714780,0.5051259795
0.8958253774,0.7877876029,0.7913100310
0.0862459202,0.1701240520,0.2838108953
0.2458352695,0.2708165189,0.1521301022
0.9818750826,0.9487769764,0.9254693088
0.2507790720,0.3084761188,0.1291441951
0.6031911238,0.6930983406,0.5506610433
0.2560581812,0.1762649957,0.3336499800
0.9121660612,0.9141746919,0.7367600617
0.4947419138,0.4986847909,0.4484496812
0.2900102406,0.0412610921,0.0459576794
0.2881515609,0.1748143921,0.4437909925
0.6535189538,0.7938723237,0.7853505799
0.2995110818,0.4827256418,0.3148583982
0.1374550334,0.3004602335,0.2408717552
0.5292883883,0.7275596029,0.6718758249
0.3835681303,0.2597045447,0.4433723269
0.1046441603,0.0963893163,0.2036558717
0.8398914170,0.7732457691,0.6919128868
0.9097220322,0.9566055759,0.8814017718
0.5149435735,0.4545547366,0.5635232240
0.1574614546,0.1877580598,0.1002881787
0.6112402278,0.7969553617,0.8116451989
0.2014879279,0.2689742871,0.4489711609
0.3750273825,0.3226150686,0.2967005891
0.1478148401,0.0591395146,0.1363709183
0.9101806296,0.8776400959,0.8788508048
0.3153378237,0.1967584471,0.2726469442
0.2734894744,0.1883794212,0.2846674902
0.5940171310,0.5949309911,0.6449378925
0.0676300796,0.0647875030,0.0620346492
0.4708119173,0.5283356065,0.2940085954
0.6906068217,0.8326287825,0.7196004973
0.3732797792,0.3964607106,0.5426210243
0.3183527230,0.5553668397,0.7148383410
0.7257598786,0.6671661728,0.7797955116
0.4051271552,0.3663524244,0.5185432742
0.0298286776,0.0433971162,0.0560365208
0.7297115361,0.5177158889,0.8294731672
0.9690590280,0.9256544681,0.9571008964
0.9786311989,0.9857610598,0.9909049627
0.5853361698,0.2198541666,0.1536096329
0.6386589695,0.6115918522,0.5716207891
0.8459242558,0.8618389660,0.8885084828
0.2348549242,0.4068927866,0.4823153330
0.0660269550,0.0871394487,0.0156567092
0.3511058866,0.3339911830,0.1628698843
0.1219847703,0.2330215281,0.3326379451
0.0186610789,0.0171198001,0.1715940691
0.6803218650,0.6693084984,0.7657997060
0.1536090382,0.7380677188,0.2622057449
0.3701803389,0.5076016588,0.4012415793
0.4816247745,0.4651555239,0.3792835675
0.5241311094,0.5485570610,0.4861525026
0.3975863228,0.1690555237,0.2994279634
0.1642496075,0.2021871328,0.1668540755
0.1401423228,0.1976339264,0.0859670626
0.3526046359,0.3315584123,0.2824837328
0.9238969715,0.9177564979,0.9110762851
0.7622419061,0.7856031090,0.7806600019
0.5956204965,0.6352444389,0.6260656928
0.4569445068,0.3756643235,0.4921098354
0.7088656848,0.7613308994,0.8647854041
0.6413583221,0.7356597928,0.4638651951
0.5276815570,0.5460918574,0.5888892049
0.3370836312,0.5453794000,0.4323203702
0.9680588733,0.9660468292,0.9613039532
0.4925162446,0.4263303386,0.4830864078
0.0701823481,0.0834470372,0.0236007285
0.0306177470,0.0714249701,0.0459958240
0.0641835907,0.5536988402,0.2546478165
0.7168254801,0.6351368912,0.4165070627
0.1060580948,0.1002594062,0.0332679317
0.7635035242,0.8149225981,0.7271428263
0.0659899726,0.1120012688,0.0953702472
0.1454665493,0.3342073969,0.1849934229
0.4479091873,0.5054569430,0.3740180119
0.4030094982,0.2023099600,0.1112376294
0.3078609987,0.3496425566,0.3830505248
0.5034321767,0.4231030586,0.5647124987
0.9594280836,0.9513739645,0.9315139226
0.7900554758,0.7169674431,0.7076445846
0.7783352153,0.7518676990,0.7676438761
0.8870361816,0.8929774631,0.8860845885
0.6134558894,0.6428931275,0.5115404225
0.2557677463,0.0679499260,0.1093048499
0.7543102657,0.8177548023,0.8210182034
0.7147253667,0.5125112085,0.4647643854
0.4078901695,0.3865751958,0.5055064603
0.5541738216,0.7422590792,0.6353724787
0.7761578535,0.8540543092,0.7606840351
0.9953337311,0.9968825746,0.9953978512
0.9948233170,0.9972721449,0.9959583521
0.7815581186,0.7429286364,0.7560145805
0.9439413284,0.9525065353,0.9623721363
0.0841312119,0.0501815155,0.0554963336
0.8391754913,0.8512820192,0.7938484998
0.5791454784,0.7200903006,0.6278236035
0.0550677304,0.3405115288,0.0617468458
0.8331911597,0.9001244221,0.7731093847
0.3431361323,0.1556443210,0.1275812093
0.0921504700,0.2138485431,0.4938681276
0.4967456864,0.5497911537,0.5382988690
0.8303554196,0.8487754810,0.8412667133
0.8914303780,0.8282317351,0.8991504844
0.1322468907,0.2750620631,0.1582383639
0.0122234324,0.0048463780,0.0480885575
0.8861537782,0.8581393670,0.8474764876
0.6220900559,0.8019129154,0.6140167501
0.6627562775,0.8031554342,0.8732784946
0.9618433964,0.9542600030,0.9726784381
0.8822893612,0.8982110617,0.9045143491
0.2884414143,0.5566586652,0.1463994662
0.0653018030,0.0570262511,0.0213237738
0.3125874780,0.3430714792,0.3401112782
0.6565730430,0.6186153860,0.6979618136
0.1472726045,0.2093913861,0.1472497704
0.1296573006,0.2436112903,0.2030451614
0.6190674482,0.5670286179,0.5409938098
0.4548604865,0.3449859089,0.4574130672
0.4047358841,0.2253773559,0.0439706718
0.8895196209,0.7119792540,0.7196221683
0.6592873523,0.7358694187,0.6114865566
0.1181894611,0.2050462552,0.1082471092
0.5399616303,0.7441321122,0.7679993965
0.5120760521,0.6656811505,0.7147230467
0.0838375696,0.0401769002,0.0463262849
0.6045794502,0.5452248359,0.6608133899
0.1717526624,0.2314401131,0.4713899118
0.4685697918,0.3967839388,0.3488473430
0.4435023836,0.2408125745,0.2900377384
0.7935899025,0.8291814523,0.4732965437
0.4743076948,0.5186011354,0.5369715176
0.6669665289,0.5617089371,0.5954884441
0.9847172815,0.9829573835,0.9911434172
0.7097464919,0.6353113674,0.7608552605
0.5142917385,0.6729910711,0.4193366124
0.5390895925,0.3975646567,0.3088745928
0.7688657915,0.5445462735,0.5748323122
0.0602851775,0.0881509259,0.1458229629
0.7064330623,0.4943320405,0.7450340958
0.3187650439,0.0668816238,0.0982983355
0.4192249369,0.4149929806,0.4023282281
0.4446268675,0.2460142501,0.4218608449
0.9730890232,0.9653143946,0.9527671655
0.5258969562,0.3798246583,0.4630730233
0.6343915594,0.6063458509,0.7141755793
0.1988188974,0.1334893255,0.1130083059
0.2791455741,0.3164071204,0.2383873743
0.5766747888,0.5458084944,0.4943833621
0.3607882025,0.0995557128,0.4607075481
0.5811931906,0.5832488481,0.6488511185
0.8749626224,0.9273076678,0.8702809961
0.1484128138,0.1337091060,0.5944288647
0.2053205249,0.6693555934,0.1540362684
0.4481834310,0.2753760472,0.4074931212
0.4429915077,0.3457642268,0.3832996317
0.9814211098,0.9897277095,0.9590687665
0.7959267339,0.8012358424,0.4925776248
0.1120573839,0.0531017076,0.0449105143
0.4912447014,0.5775171278,0.5105090285
0.1483147897,0.3784197673,0.8873825097
0.9389489817,0.9342403698,0.9053259888
0.9732258768,0.9565100930,0.9639350506
0.0180311059,0.0172443401,0.0649746030
0.5397840409,0.4814292463,0.4861993479
0.9721107240,0.9604036076,0.9910520151
0.5832286833,0.5803710975,0.6270689200
0.5673007642,0.4255938253,0.4763935707
0.5849152206,0.4166119045,0.5383589512
0.7378515595,0.6095806550,0.7873427098
0.8243921334,0.7879300359,0.8274166672
0.4500011393,0.1936397693,0.1888930811
0.0453952169,0.0112108070,0.0706276949
0.0566067428,0.0272052784,0.0414820130
0.5699886702,0.3309522924,0.5357985108
0.0273386461,0.0430243112,0.0595620268
0.6709946255,0.7779734451,0.6659273041
0.6129791262,0.7292439773,0.6754426273
0.8635030179,0.9232664171,0.9391190291
0.8385240748,0.9518280907,0.8843593700
0.5038718635,0.7075323227,0.7049276522
0.8672026325,0.7242126592,0.7852146374
0.8078360330,0.4244949587,0.4586805741
0.5250411815,0.6153460228,0.4887758479
0.9537615462,0.9389652980,0.9643013155
0.5804397225,0.4976329633,0.5420143765
0.4066973995,0.2988397438,0.3941813396
0.4021309516,0.2500073883,0.3648241151
0.6397787080,0.8421532962,0.6829301798
0.0526428667,0.0906512023,0.0185710392
0.0570650140,0.1424387026,0.0951608745
0.2971118128,0.4305465469,0.4164695815
0.8538505688,0.6116013859,0.8103636469
0.4971550467,0.3794029602,0.4721038026
0.9094389548,0.8752962412,0.9688563995
0.9033220612,0.9162891004,0.8673399120
0.4210568322,0.4288544612,0.5264622167
0.5104344839,0.5263158109,0.3730617389
0.2863918755,0.3602896910,0.5244707508
0.0176145908,0.0088485355,0.0236524642
0.4619209738,0.2281148396,0.1959386580
0.4671976097,0.4915863348,0.6568768150
0.1108889315,0.2468517816,0.1934631531
0.2887578400,0.2407097108,0.1467520927
0.0482734651,0.0591982617,0.0471380148
0.4104088751,0.2869433887,0.4580969967
0.3572054697,0.3073086710,0.0951554377
0.0710897667,0.5678354674,0.2624141099
0.2740852297,0.1611821260,0.2155130714
0.0957209279,0.1346503002,0.3887552237
0.8730197777,0.8147742010,0.8227647721
0.7361759865,0.9293239253,0.6539275942
0.8775015796,0.8781068964,0.9006652393
0.7471837593,0.5073737326,0.5785388188
0.3577506938,0.2355610274,0.0599681219
0.3403811558,0.2777594175,0.1632509779
0.8772201255,0.8384984657,0.9088669652
0.4379631273,0.5900373435,0.7468812420
0.1678509397,0.1089548504,0.2407569059
0.4876699157,0.5271014947,0.4983429465
0.7066097040,0.2843881538,0.5110002250
0.2719544208,0.2706868809,0.6618017100
0.0506488265,0.2236403672,0.2129044897
0.5900750633,0.2374665195,0.4362740346
0.0675745745,0.0906496754,0.1375784518
0.2170089000,0.3929495862,0.3036074564
0.3012949520,0.1791040731,0.2220833438
0.1051947245,0.1082619964,0.1789019313
0.3592372097,0.2543418859,0.3827161552
0.2658808280,0.2883883631,0.3261035928
0.6626938757,0.8544336307,0.6416410196
0.6167018402,0.7007043740,0.6202363043
0.6604952348,0.7848548059,0.7399289503
0.1768815739,0.2967771190,0.5674176058
0.3677410944,0.2749340465,0.2016420691
0.1341932069,0.0292435766,0.0896691870
0.2325951157,0.1940874234,0.5022402236
0.9666554907,0.9574617078,0.9656952658
0.8693857421,0.8588276781,0.8079403913
0.7460032988,0.6732017893,0.7340470085
0.6949753256,0.8342702031,0.7620499249
0.0435024207,0.0281927413,0.0827533893
0.9500406346,0.8779574921,0.8835100510
0.2620503550,0.2461569316,0.2830034692
0.2863902333,0.4068858182,0.2967040300
0.8920001544,0.9033110283,0.9100870021
0.2916564208,0.4372324888,0.4891377490
0.4785952982,0.4105074851,0.5092689097
0.5263816469,0.4123150929,0.5795589813
0.8378180211,0.6520475391,0.7505681702
0.9193955500,0.6900244360,0.7561517317
0.6699615621,0.9700706083,0.7858380371
0.4094213989,0.5100513774,0.4075456483
0.2391716274,0.2372416255,0.1115734652
0.6836090177,0.7503631434,0.7612770960
0.8804433251,0.8130994717,0.8066428029
0.1538993646,0.2339157348,0.1625227930
0.5170419876,0.5995500900,0.5517318439
0.9951769116,0.9917453849,0.9882477397
0.9954431179,0.9936914871,0.9963070677
0.5135454547,0.6369281285,0.6086956791
0.6535863938,0.1691759634,0.1591762607
0.0618539891,0.2782884914,0.0326763186
0.4672658588,0.4365295684,0.5892567087
0.5673433191,0.6933623796,0.8236997837
0.0142550352,0.0663916938,0.0439454979
0.4798930772,0.4107354716,0.2724509722
0.9222163165,0.9539496267,0.9165874228
0.9814455022,0.9820264020,0.9840093903
0.7075388498,0.5569973933,0.6910688820
0.3985762917,0.3218647797,0.1311899737
0.7327790545,0.5227090706,0.4685217321
0.9379258278,0.9654749628,0.9726955178
0.4339615146,0.6060435150,0.3461155494
0.5762385163,0.5701478820,0.5441163903
0.2806080728,0.4392426944,0.2238580123
0.0009285968,0.0059183295,0.0299082875
0.0292699916,0.0750920401,0.0335317077
0.6950804194,0.8451749957,0.6081904126
0.5276960730,0.5171728964,0.5280567198
0.5503045055,0.5150766092,0.5518487506
0.2546352143,0.2945048441,0.2934752152
0.4088492788,0.2976347421,0.5617902813
0.7593560371,0.6603594193,0.7019952228
0.2482966505,0.0577250451,0.0517412344
0.4390321094,0.2110398350,0.3125872890
0.8320029541,0.8590120376,0.9163620148
0.8461928750,0.8523911382,0.8859330081
0.5607453618,0.5198376072,0.5053705676
0.4171254427,0.4039869328,0.4178740419
0.6590590664,0.7382744799,0.7912728126
0.6918909487,0.2607989606,0.8270137213
0.4490189191,0.4525014932,0.4891066881
0.0170648175,0.2856365547,0.0220479517
0.7371731281,0.7291361091,0.7622351776
0.2805854203,0.6677255867,0.4395533752
0.4569859848,0.4429060719,0.4734611171
0.0755652670,0.0131957878,0.0299028459
0.0413185887,0.1714925076,0.0798190197
0.9386558751,0.9395227519,0.9204570927
0.6779731517,0.5860075408,0.5616159899
0.5297520619,0.5482252858,0.6222141528
0.4100567370,0.4667403976,0.5049789080
0.5750456509,0.6980278313,0.2666172856
0.5836439314,0.6057208360,0.7847509965
0.4316830594,0.5761724523,0.5864726492
0.8128199846,0.7754586532,0.7543132828
0.4331744424,0.4876351962,0.6760655759
0.5655302435,0.6245333972,0.4637251172
0.7584834891,0.5997919758,0.5583188045
0.8909372010,0.5318444235,0.3912676949
0.5440175275,0.4978820500,0.6006043618
0.4188899868,0.2135204878,0.4149693041
0.4210311115,0.4301018922,0.5412851571
0.8922174923,0.8070865356,0.9192647795
0.2658514995,0.2874043292,0.2837274717
0.1258916800,0.0966349262,0.1835613068
0.0124261970,0.0171201821,0.0731771898
0.9937520816,0.9668790267,0.9794219762
0.1290427492,0.1468557559,0.1332899775
0.9436942530,0.8927791527,0.9034101823
0.2412043220,0.1371476880,0.1665816715
0.1054457005,0.0170608375,0.1203793949
0.0226953344,0.2323653081,0.3017125739
0.4659105434,0.7008621586,0.4903287164
0.1735719669,0.1555202465,0.0574139642
0.8955496340,0.8635805600,0.9050731119
0.4502378172,0.2274238634,0.2291301843
0.8557167633,0.8867822448,0.8698157799
0.8399551486,0.7988136588,0.8113466430
0.4375000366,0.3640704696,0.4145202731
0.0484217129,0.2530227803,0.1760500312
0.0753076368,0.0606562140,0.0715476761
0.6753275744,0.8497444574,0.7094866988
0.5886964986,0.5248050989,0.4370734009
0.0796648493,0.0285999347,0.1247946648
0.4401711820,0.4574029452,0.5612434896
0.5432046174,0.4826821168,0.5827811201
0.6400502944,0.7184111640,0.6890761606
0.8695079980,0.8675291638,0.7255131365
0.2280141329,0.3196947393,0.0235234062
0.1584762560,0.4924805384,0.1232038449
0.5206388286,0.2003017451,0.2183216232
0.1721296115,0.1328983025,0.2188086539
0.1258889372,0.2398074291,0.1843051532
0.1612749003,0.1467123821,0.4730149047
0.4899757435,0.3333884921,0.4167047239
0.1500042234,0.0799617498,0.1524286871
0.1781070005,0.2288726563,0.1787383327
0.8277963458,0.7137644251,0.7425429733
0.9939205783,0.9893728742,0.9795270874
0.6822445495,0.6856958075,0.5324824698
0.4853103131,0.4757310618,0.5659472136
0.4241897512,0.1515615275,0.3585074161
0.2298669127,0.1561134125,0.2432018507
0.3752444204,0.4256242461,0.3526322732
0.6054406911,0.7487365380,0.4820907206
0.4977695756,0.5878857326,0.5176028605
0.8029868154,0.6783177602,0.5431720533
0.6392274623,0.6140480813,0.5125564947
0.6645441371,0.8682213281,0.6028050862
0.9090498256,0.9459680254,0.8729161267
0.4202521045,0.6324977470,0.6059034244
0.7823495187,0.7192928890,0.5964286257
0.3869211432,0.3146829952,0.3410530390
0.5513999416,0.4648946822,0.3613548073
0.1455674152,0.1237350710,0.2104896379
0.9822330718,0.9799265410,0.9838098603
0.1303369222,0.1226429015,0.0182728448
0.4888006756,0.6214259939,0.4875397551
0.7410722293,0.8605729955,0.6021557306
0.8223905283,0.8665854583,0.7498603735
0.9921820582,0.9790101659,0.9775732044
0.5936875379,0.4771399812,0.5185130002
0.3074309191,0.2921896360,0.3323295471
0.1587692794,0.2184429415,0.1862733842
0.7812067139,0.5050647431,0.4120261622
0.4679349646,0.3998953373,0.3223570228
0.2576209803,0.0387540985,0.0119120053
0.1125334593,0.2144098881,0.0960941761
0.1043278319,0.1038335646,0.1999636075
0.4369380837,0.3823355778,0.4424404029
0.8631076515,0.8508051467,0.9472060039
0.0471808634,0.0586517469,0.0136201829
0.3920289595,0.2134461858,0.3390059088
0.8221898989,0.7507265843,0.8442806574
0.1837154552,0.2702433701,0.2412546943
0.1978381568,0.1650603024,0.0328239983
0.7332884728,0.7945603127,0.8296795597
0.5596156079,0.4673246202,0.3600145620
0.0935654854,0.2244192079,0.1090965869
0.6981451969,0.6524809193,0.7064732881
0.2647534377,0.2774421248,0.3564011207
0.5113466479,0.6036416133,0.6642518165
0.0890531325,0.0528761183,0.1680374351
0.9690102245,0.9650681764,0.9721981623
0.3234550699,0.2503359332,0.7763998312
0.5865205310,0.5630114384,0.7797101024
0.6828527780,0.7312580590,0.6894577938
0.6203550609,0.5190481754,0.6023777163
0.4641940511,0.3017619097,0.3784009902
0.9961388536,0.9958515913,0.9953084485
0.2894666960,0.2647793718,0.1310700507
0.3407838696,0.3634062481,0.2944242055
0.6955745726,0.6346690686,0.6637577347
0.2773626288,0.5844461177,0.4171817191
0.1715371856,0.1874637464,0.2560897579
0.0574808086,0.0561345217,0.0398530130
0.4591624401,0.5750100230,0.5421475156
0.6748888628,0.8892929604,0.8729309242
0.8692894291,0.8397456841,0.8576691678
0.8798266974,0.8964006149,0.9004810750
0.8054230513,0.7682134502,0.7784963669
0.0165267832,0.0123303075,0.0438686404
0.0074383701,0.0234645585,0.0207911409
0.0043270348,0.0268930966,0.0540157647
0.6416337527,0.4447930389,0.6376597821
0.0335535771,0.2708192624,0.0339196364
0.8981340879,0.8588943624,0.9149467838
0.1972793987,0.5267871576,0.5214045633
0.6372957308,0.3412031644,0.1665117243
0.8648796916,0.8389281596,0.8885766476
0.9551275287,0.9467483356,0.9313389143
0.1570873120,0.0459833249,0.0372926850
0.0522261325,0.0708643270,0.1649011668
0.8432062814,0.5939922078,0.5663192223
0.4637236050,0.6115803538,0.5182881055
0.6680648800,0.6978669583,0.6418320150
0.9916269993,0.9596732892,0.9649355600
0.8877364603,0.9046316256,0.9202625886
0.2147055408,0.3372109058,0.5488855175
0.9309884457,0.9407661411,0.8713587326
0.7692502216,0.8915550739,0.6908229199
0.7876503694,0.7308156701,0.7729173104
0.8355987995,0.8787613224,0.8370518493
0.3200586169,0.1936581593,0.1753141278
0.4837030499,0.2407769047,0.2431691940
0.4340366386,0.4719364059,0.3431003995
0.3408481239,0.4823279701,0.2628640478
0.8762429351,0.9443717879,0.9527964077
0.6208454466,0.4462706870,0.6559881116
0.0025976635,0.0390482643,0.0065672171
0.4337795102,0.2076201800,0.1518205333
0.8121744275,0.7328115125,0.9071932560
0.8420650022,0.6699161641,0.7283555492
0.1375706793,0.2103757815,0.1531378089
0.6231868589,0.8622792576,0.6276478830
0.6581724874,0.5855945003,0.6448055496
0.6009009875,0.5410645099,0.6238425131
0.0559690251,0.0767024418,0.1892961891
0.4316874686,0.1169994238,0.1671774140
0.6061813732,0.7280216783,0.6365052563
0.1737181915,0.3829549245,0.2106943051
0.0204880088,0.0827667263,0.0967121901
0.5153169641,0.9087378717,0.5679076714
0.3246719731,0.3900099562,0.1684569087
0.7915121487,0.6283502679,0.5749096770
0.6251542254,0.7435910420,0.7046484665
0.6386026951,0.6672895382,0.6267461106
0.5814328515,0.7680113239,0.6725381847
0.0989533269,0.0875943953,0.0853805927
0.4786350893,0.4408016068,0.4991727458
0.5757854255,0.5154857903,0.4760909932
0.4844345357,0.4495858533,0.3137647291
0.1484894795,0.1813066186,0.4749350069
0.3086190051,0.1696486113,0.2203581698
0.6454321113,0.6148462559,0.6500488291
0.3679142513,0.4616675989,0.4563907129
0.3651940445,0.3483637135,0.1961709491
0.8211092794,0.8165432959,0.7187448203
0.9241641209,0.8435584534,0.8612865080
0.6510719500,0.8113443715,0.7317112172
0.9381108565,0.9330320356,0.9282470209
0.5317523861,0.3633139551,0.4090627355
0.2823594134,0.4204508292,0.5763840795
0.9892059928,0.9863377533,0.9834873824
0.8036397774,0.7443697108,0.7481110233
0.8082697405,0.4584924314,0.6126591078
0.3719209009,0.4197670461,0.5143946376
0.0325451161,0.0906881677,0.0299803380
0.7418910900,0.4858923233,0.6393605370
0.3843743874,0.4285133070,0.3901565806
0.6218430215,0.4907586630,0.5715518365
0.2091249259,0.4128320183,0.3233855313
0.7737822338,0.7556475485,0.8482304783
0.2732972934,0.5291389828,0.4061256884
0.8776316161,0.8614840124,0.8852962431
0.2093492181,0.1823365681,0.2606139342
0.6970328213,0.7720997411,0.8122018700
0.2517757278,0.1681414959,0.2079853598
0.6850353059,0.7248718516,0.7455241365
0.6911964350,0.7545640892,0.2632491647
0.1288099851,0.1231116053,0.0880716079
0.5507896543,0.5521611564,0.2782311662
0.7439316828,0.9149576135,0.8066810802
0.0447158224,0.3697414743,0.0856090025
0.0425902082,0.0066589364,0.0560079458
0.6693187615,0.4823127482,0.4950579966
0.3092516100,0.7581849318,0.3989544145
0.0972636649,0.0777376152,0.2130175035
0.8482031182,0.9112875387,0.9392475649
0.5461993920,0.3997118540,0.6990962331
0.6986608499,0.4715744661,0.3814268715
0.3530696001,0.1961233801,0.1129156653
0.5319049843,0.3983543938,0.5759411492
0.4502650813,0.2193978487,0.4305415275
0.6198219444,0.5999071399,0.5736652652
0.8504471123,0.7125633826,0.7454166913
0.6549702512,0.3338943452,0.3658240425
0.9340439398,0.9649150522,0.9226541737
0.1483889465,0.7488137528,0.4714008832
0.7025903692,0.6272798784,0.5968537576
0.1047176529,0.1904542392,0.3643976410
0.8209008359,0.8286733879,0.7604181146
0.1715933727,0.3057351027,0.1963995957
0.0778696630,0.1492634704,0.3023343874
0.9070262649,0.9457035417,0.9533387391
0.7348668614,0.7408728902,0.8512201962
0.4802150005,0.4102418887,0.4582123573
0.4250590034,0.1938165906,0.7781020176
0.0067966134,0.0024735938,0.0021903568
0.2239624547,0.1396778073,0.1551878648
0.8806506823,0.9651957553,0.9371773774
0.6556557797,0.4112608061,0.5838226602
0.6555119504,0.7356854287,0.6797730028
0.2511441749,0.4178306045,0.0826346070
0.8690109765,0.8916811378,0.8862221853
0.1885675741,0.3571625825,0.2047042281
0.5831007087,0.4895097393,0.3960155923
0.0039053864,0.0116275383,0.0018202191
0.7933339692,0.8095754217,0.4989955029
0.9035832373,0.8846693256,0.9016793227
0.0028642940,0.0012505207,0.0096740235
0.0062867188,0.0240328400,0.0109392795
0.8974217855,0.8650063162,0.9093438676
0.8044109760,0.7282765441,0.7448547806
0.8209610267,0.9367248273,0.9175637651
0.6148030363,0.8356739013,0.6305120007
0.3345495607,0.6107935339,0.8197081766
0.9706876428,0.9412248342,0.9579964925
0.8398665849,0.8342134177,0.7815516429
0.2292622915,0.3014371265,0.4709364396
0.7611998398,0.5853288489,0.6840919475
0.2224730901,0.4071950932,0.2498695521
0.4633604411,0.6457197517,0.4173123368
0.1838297612,0.3165744150,0.0114607416
0.1063834621,0.0907154509,0.0846256091
0.2624420596,0.5315395308,0.2129877533
0.8885380296,0.7797059010,0.8138203472
0.5976441092,0.4134400594,0.7235072367
0.6976948806,0.7997715387,0.6310068768
0.6855854936,0.5618024517,0.6806997330
0.6526253423,0.5591168046,0.5298248189
0.4520348543,0.1482393353,0.0839768997
0.5565064383,0.6976786738,0.5206750031
0.2107951711,0.3959317212,0.2052080045
0.3382505923,0.5539205250,0.3857182980
0.3362343718,0.3327192925,0.3055775961
0.7328079322,0.7395554477,0.8233357906
0.8962001984,0.8728742180,0.9127799983
0.5184356073,0.5690899632,0.4747515634
0.7691836645,0.8313696045,0.7819216377
0.7782088534,0.7968093236,0.8770780466
0.2627902991,0.5551247458,0.5348719436
0.7447499060,0.8768810397,0.8401706941
0.8541986867,0.7890050746,0.7511134226
0.4469757585,0.3342568687,0.5970500468
0.2503661989,0.3588272994,0.2759423047
0.1563428289,0.3847286273,0.3374393103
0.8459857878,0.3624545983,0.3972450631
0.9756203008,0.8864727051,0.8895744792
0.5384217163,0.1244059160,0.1079178775
0.7283534778,0.8811391212,0.8289560455
0.0569738832,0.4295979612,0.1101323560
0.7329249571,0.6051539679,0.5075230283
0.9155030108,0.9473853140,0.9334859946
0.6454843516,0.5128303083,0.6125854193
0.7987663361,0.7620114679,0.8490468350
0.6579711847,0.4891501464,0.4158556558
0.0577371869,0.1105376410,0.2155548827
0.7519298110,0.7438828948,0.8396608952
0.7180094506,0.6190837320,0.5134768516
0.8690970763,0.9212806123,0.9484417207
0.1921417715,0.0008134814,0.0132522179
0.5364040559,0.5875110515,0.5175453820
0.5857371734,0.4152170807,0.5178453798
0.5801064964,0.2591399995,0.1936488356
0.6569252049,0.6616550993,0.7170174262
0.9041414201,0.8929553659,0.8529451042
0.1575984267,0.0787319786,0.4117831529
0.2591157079,0.1772879492,0.2585045960
0.5681032970,0.2341359381,0.4983226494
0.9957365936,0.9966752686,0.9951290472
0.0073371076,0.0153878892,0.0001420536
0.2571451514,0.1755895143,0.4953157178
0.2165468412,0.3940067042,0.1402872607
0.3884147571,0.2727688378,0.2521673939
0.2323246193,0.0379073131,0.1545236739
0.9181697538,0.9064337126,0.9522843651
0.6655232597,0.7079000013,0.5945288389
0.7044311800,0.8062538278,0.8198038092
0.3569674787,0.4699608922,0.3475736405
0.2839521751,0.3493190801,0.2231666533
0.0648451387,0.0106085729,0.0299320316
0.8374211134,0.7565997886,0.8489022239
0.3198487999,0.0740250177,0.1862804829
0.2635845356,0.2054492631,0.2321956308
0.0377777283,0.0225440660,0.0443095461
0.3169049118,0.0738419556,0.0304014700
0.7991268404,0.8350977225,0.8480954573
0.9098755950,0.8727841727,0.9552534970
0.5721267535,0.5115017290,0.4133914895
0.3150435886,0.4305645696,0.5726800457
0.2412494694,0.0550534608,0.2616175660
0.1894880758,0.3399230966,0.4856373575
0.0876876222,0.0495648880,0.0602936475
0.8461569282,0.9156106810,0.8799596367
0.4789090695,0.3835832414,0.3482246187
0.5147363835,0.7281871164,0.4981658524
0.0554456239,0.0698493434,0.2064896007
0.0662837310,0.0067444808,0.1448595536
0.8569179430,0.8385665572,0.9035356599
0.1299996967,0.4340720445,0.0560500180
0.6740815302,0.7070934189,0.7911652681
0.7780264589,0.7336896403,0.7403355485
0.5776835484,0.5608874599,0.7433699450
0.2801475493,0.2296405070,0.3227091927
0.2972518026,0.0234552747,0.0796565285
0.9340597615,0.9330217908,0.9445892681
0.1894147378,0.0210502901,0.0888666060
0.1055900839,0.2465653936,0.0663244685
0.6598098591,0.6495896407,0.7458290039
0.0625298294,0.0346474024,0.1531747754
0.0688825991,0.0472477743,0.0246789892
0.3239570148,0.2533145673,0.5008994485
0.0893859560,0.0513849210,0.0131717939
0.0171202010,0.0036431666,0.0003972941
0.3229679350,0.2611447071,0.2854300965
0.2806690037,0.2840421799,0.2354267699
0.2729862386,0.7763396941,0.5228267491
0.3900754138,0.2248249588,0.1981848956
0.2694538551,0.4030702163,0.3460535302
0.7749936295,0.7734623915,0.7776681534
0.4149863406,0.4127702082,0.4165831735
0.4502738299,0.6227220041,0.5217611722
0.7238466807,0.6212548736,0.7308037921
0.1915677370,0.0847514825,0.3032080524
0.3749781113,0.5172429377,0.3660056466
0.4253190326,0.3914994769,0.1405004577
0.3778972683,0.3339506726,0.3968183752
0.6488297226,0.6509244377,0.4710942203
0.9483449058,0.9354809823,0.9781255643
0.3554538693,0.1451376300,0.2119810758
0.5934584719,0.8540317068,0.3858476046
0.5453140487,0.2018723219,0.2089092771
0.3828146008,0.1766756966,0.1438101144
0.1575893714,0.0760967099,0.0577705950
0.1241452287,0.4556106696,0.3558550545
0.3945871756,0.3764467759,0.1726973631
0.4781515065,0.5809398025,0.4335893240
0.9060031974,0.9140435988,0.8516072423
0.6169256440,0.6107240741,0.5650203773
0.7169320661,0.7634923248,0.7272757538
0.8079521519,0.7874094545,0.8056499684
0.2246749214,0.0655473823,0.3666553689
0.3320467440,0.6616971514,0.6754738030
0.0167051007,0.0025759365,0.0032263364
0.2972742925,0.2194743500,0.2990539945
0.8571465841,0.8504414579,0.9087521214
0.5938957637,0.4340082518,0.3755413925
0.3149285063,0.0533111894,0.0551642107
0.6373304094,0.6212832405,0.5855855113
0.8307437457,0.7218505422,0.8632538962
0.8983001388,0.8916766284,0.9039227786
0.2344773836,0.2864650225,0.2894061426
0.1828750026,0.4145626448,0.2565021132
0.3951371355,0.3403046937,0.3305742875
0.5144842289,0.6236409871,0.5124306600
0.1111302241,0.1436156862,0.0820310654
0.3112394208,0.4677569876,0.3110753514
0.3813112135,0.3773787534,0.3060857862
0.3363529838,0.4989980241,0.4025922525
0.1099187639,0.0458508153,0.1253848014
0.3757912084,0.3517833099,0.4667421750
0.1229918451,0.4329673810,0.3473929229
0.2622635777,0.3144987867,0.6475342080
0.2527070451,0.2199979325,0.0936214411
0.1232174844,0.0637329832,0.1054832651
0.6803288781,0.8162029194,0.7481102176
0.7827715665,0.6326520702,0.4091505644
0.7378644379,0.6477473911,0.7132902657
0.9684859418,0.8909853547,0.8940212333
0.0393116190,0.1120493231,0.0997506174
0.3146456144,0.2852668490,0.3111070737
0.8450866696,0.7838702366,0.8622583328
0.1034780153,0.2018349700,0.1489901555
0.8494452322,0.7483273606,0.8077586185
0.0800696815,0.3076552789,0.2445784112
0.9119368232,0.8327432577,0.8113948894
0.3812532327,0.4312715259,0.4480221931
0.2271876227,0.3719770586,0.1539721132
0.9527511475,0.9437545816,0.9453520533
0.1973175806,0.0771342140,0.3311141435
0.7870796329,0.7349136949,0.8490765400
0.5161853699,0.8103071521,0.5147821785
0.4297973904,0.1329846556,0.1574483354
0.2110644835,0.0846385532,0.0456321113
0.0849855016,0.0997979087,0.1982448772
0.3596362210,0.5438249303,0.3115340648
0.5064128563,0.6226427716,0.8346801697
0.2893228916,0.2911067087,0.5157141891
0.7463173922,0.8777189475,0.6670743559
0.6292291969,0.6028074197,0.5900275971
0.4877115104,0.3778922445,0.6022737946
0.5916664313,0.4572989030,0.2139873508
0.4004355366,0.4121653274,0.5043441428
0.5709132812,0.3844594359,0.4954208962
0.4102342812,0.3985702078,0.5011085264
0.5625809359,0.4641920954,0.6796265126
0.0768132438,0.0968074059,0.3032940652
0.2366470590,0.1728333215,0.1407340120
0.7032454528,0.6360737653,0.6472062620
0.2514164838,0.1160521775,0.1344733043
0.1747068674,0.0777382405,0.0913162526
0.2653944289,0.3745469583,0.1625437359
0.8901539419,0.9580225746,0.9139176221
0.8578039639,0.6072831305,0.5588463939
0.6715001328,0.6063756408,0.5445108354
0.4659703420,0.5358907373,0.3312931507
0.5601136506,0.4884430967,0.6680756830
0.7516708968,0.8016828582,0.7105645809
0.8452972185,0.8116877913,0.7744467991
0.6194527763,0.4489362901,0.5112814761
0.8659907573,0.8553805940,0.8916187030
0.6819557122,0.9179156481,0.5282874479
0.8202188937,0.7676714737,0.7644105827
0.8870992389,0.8940539816,0.8809630081
0.1072467580,0.2288176467,0.3210288735
0.7524663636,0.5803169953,0.7445626541
0.4584164854,0.5857685773,0.5149595355
0.9827024618,0.9797546304,0.9860162684
0.1137580651,0.1471350045,0.1041351172
0.0710573983,0.1328306318,0.0225368884
0.9052997423,0.8637106761,0.8701151561
0.1249538723,0.2988913475,0.1139511195
0.8653324126,0.8874868449,0.9368301187
0.5201134045,0.5879974158,0.3894010785
0.3876587071,0.5574878217,0.5402634203
0.0172167615,0.0143589965,0.0409258058
0.3363227933,0.3636403251,0.2696007157
0.1966949007,0.1608234250,0.1293231811
0.7073036709,0.6388866480,0.5384455143
0.9665266036,0.9662771741,0.9630588640
0.8919412627,0.8817014619,0.8924659853
0.7415192204,0.7580023635,0.7733195581
0.8775111239,0.6777343068,0.7419321632
0.6507246134,0.6409325151,0.6658845119
0.3659346136,0.1749096834,0.4260314472
0.4939091803,0.5633537749,0.5515801341
0.5032683163,0.6608575079,0.3767297210
0.8639428898,0.8987199791,0.8829835854
0.2456626844,0.2805961208,0.4021458920
0.0677010122,0.1533150760,0.1086592136
0.4413205227,0.2270685869,0.3383932153
0.9372901384,0.8678139842,0.9293335167
0.3514016715,0.2770829933,0.1169431559
0.1671676045,0.1349605300,0.3041569725
0.3267694853,0.3823681361,0.3693653350
0.1428493981,0.2941359437,0.2921185237
0.6953714511,0.5693236505,0.5308527142
0.2681006410,0.2570557642,0.3783250760
0.5875534588,0.4952479524,0.5591524082
0.2314098980,0.1164702563,0.0794309965
0.4042793921,0.4079611636,0.6784500091
0.2912205220,0.0240462460,0.3840825149
0.8073005040,0.8108108426,0.8343469458
0.1177045793,0.3573494145,0.2318964919
0.1115386978,0.4855318002,0.1583337864
0.2700193489,0.1136815342,0.2724443777
0.7300083374,0.6774603439,0.7529195094
0.7396697944,0.7721869161,0.7174183754
0.4208643096,0.3063321934,0.1255502041
0.9706367544,0.9628688538,0.9792904531
0.0370190997,0.0821830753,0.0265215945
0.4467888163,0.4069579792,0.4922916853
0.7778832055,0.7970588890,0.9301251841
0.3767805145,0.8134499566,0.5250940636
0.1803374209,0.3491668018,0.2579851115
0.8431502125,0.8512607009,0.8881378391
0.0962123425,0.1740998294,0.1509150984
0.0262197166,0.0120700308,0.0243318829
0.2485928904,0.1813496439,0.2640263088
0.6799031144,0.7740910556,0.7743413707
0.1298082278,0.4326416810,0.1081665143
0.9405458658,0.9475715872,0.9716115388
0.3803591807,0.1580074138,0.2197057258
0.3815047755,0.1996044084,0.5197005607
0.4674169954,0.4542788524,0.5519741183
0.5013007578,0.4016309636,0.5247679922
0.8718206291,0.8028674779,0.7669894605
0.6666279852,0.5660176454,0.5738838044
0.8173057915,0.5493359052,0.7399502839
0.3222431726,0.1115305771,0.1657105342
0.4210499336,0.5754039418,0.4035636617
0.9882361292,0.9747934307,0.9645590229
0.8314078173,0.8528582427,0.9099550458
0.2856119890,0.3853479680,0.6194133643
0.1127276359,0.0236574582,0.0252266785
0.7001676521,0.6850856166,0.6656973116
0.4724615870,0.2821104785,0.1943992193
0.0271052270,0.0314600937,0.0647580281
0.8810414276,0.8919515925,0.8007451765
0.7801151180,0.4951625773,0.4231061912
0.6647628680,0.6336416810,0.7366653680
0.0797354807,0.1134239972,0.1523612177
0.0116517277,0.0106269033,0.1511990966
0.9930657356,0.9771486826,0.9810147015
0.4145235951,0.5257252405,0.3648813287
0.0914999627,0.5729494711,0.1160820763
0.5970777461,0.7083459745,0.7025046287
0.4785326655,0.3420506789,0.5888574840
0.3268642646,0.1106977088,0.1603485469
0.5780230430,0.4208288644,0.5415920193
0.0481018699,0.1151832789,0.1013588432
0.0240823129,0.1825241875,0.0373392540
0.1936376033,0.8159729935,0.1679175796
0.5629005902,0.2815734551,0.3745504973
0.4699394337,0.3881644951,0.4266339636
0.0396887440,0.0501135500,0.1444433137
0.5727400952,0.7113396977,0.6552317060
0.6161588734,0.5477491226,0.5319756132
0.2385570320,0.1396381677,0.3253388518
0.8086949069,0.8622741052,0.7058621330
0.0064911030,0.0107631140,0.0473956648
0.0352151291,0.0375956882,0.0276446110
0.6715906934,0.7401583685,0.6984940488
0.8122288929,0.9093948390,0.8010871882
0.9751918214,0.9678478631,0.9796929699
0.9616876007,0.9271211673,0.9147658848
0.7493367094,0.8215911599,0.7574803191
0.0562804030,0.3603347424,0.0559647677
0.0041806706,0.0026870940,0.0047742301
0.4022427973,0.2332587307,0.3177785847
0.8275780135,0.8313004293,0.8747268425
0.5062865882,0.6755851045,0.4145129875
0.9568398171,0.9526053136,0.9668141435
0.6070074234,0.6485397451,0.8118702932
0.1372306274,0.1915702455,0.2082261741
0.2478302887,0.1778285760,0.1946843399
0.3038418395,0.4000929046,0.3205403929
0.0190525736,0.1230802918,0.0398688227
0.5674658876,0.4094419652,0.3812773381
0.7491037636,0.8525994308,0.7380657579
0.9931604308,0.9924781362,0.9885774526
0.4269086030,0.4262402042,0.6056292708
0.1361149116,0.3938301611,0.2963645232
0.6053184747,0.6738426371,0.6223161881
0.7826055744,0.8049546896,0.7646688016
0.8737230233,0.7039334642,0.6794301628
0.5032415931,0.7490618756,0.3798366414
0.0633487403,0.0268265271,0.3196007966
0.1533250123,0.5983784669,0.5013214099
0.6839314229,0.5248180057,0.4722775019
0.4667000009,0.6137634043,0.6977896283
0.8038196283,0.6560438599,0.5735433329
0.7630266873,0.6890872764,0.7874082629
0.1848893471,0.0856298218,0.1147621468
0.1812693340,0.1875411367,0.3240088295
0.6394518353,0.6212823282,0.3918353570
0.1599864416,0.2296500894,0.2722903655
0.4362348831,0.6708504303,0.6508848459
0.7876199475,0.8641046763,0.7362736358
0.2081530897,0.7420378035,0.2734099046
0.6238685576,0.7140902175,0.8344418639
0.2479069049,0.0254152478,0.0100282898
0.1084572932,0.1964793346,0.1246341101
0.0805043521,0.1709083723,0.0358502585
0.0847039642,0.1901456032,0.1874613908
0.6927525290,0.5682409710,0.4420829874
0.6316375726,0.6670809763,0.4476574306
0.5008355228,0.3375992879,0.3309819647
0.0633499386,0.0148976082,0.2292243000
0.0617063254,0.0403860145,0.0325058596
0.8286309506,0.8624160654,0.7991605512
0.4007884237,0.1339266970,0.2860081012
0.8321001383,0.8323372507,0.8268148769
0.0946612667,0.0496537988,0.0713132680
0.3355534882,0.4491841711,0.6153521745
0.6639909527,0.8159350514,0.6151374407
0.1576767354,0.2370631704,0.1620123037
0.7206311888,0.6609309877,0.6987145969
0.7259957620,0.5994215381,0.7764942934
0.2990193057,0.1022241246,0.1255484099
0.4302700864,0.8044903438,0.3608713842
0.0548637819,0.0559333858,0.0533987786
0.5713090459,0.7223067668,0.7555217385
0.9623555418,0.9586149544,0.9510560230
0.0287125246,0.4431945877,0.0317786692
0.8047976355,0.7263505783,0.7019300013
0.0323023382,0.0815356064,0.0546548108
0.6909310166,0.6199697892,0.6501112245
0.3802992011,0.1027740768,0.1594228926
0.4726931616,0.3586752085,0.6846232922
0.1368872322,0.1872183817,0.2042326230
0.3507876451,0.4281225181,0.2978638739
0.5624856104,0.3083088446,0.4209288721
0.1119896310,0.1467272224,0.3538263110
0.4731930627,0.6721766520,0.7308845356
0.0108676335,0.0009482716,0.0026675703
0.2841206419,0.3323927137,0.5106187273
0.2630325019,0.2409102210,0.0918559878
0.2994094567,0.4890478107,0.5515547986
0.5758099783,0.7177654552,0.5542691841
0.5039212314,0.6233323576,0.2883302225
0.7869007733,0.7828100372,0.7743972212
0.2614807898,0.2088922242,0.4646115814
0.1232638449,0.2481693496,0.2485854320
0.4497419408,0.3194761424,0.3015643236
0.9725470786,0.9843808626,0.9947081437
0.9229982619,0.8682280626,0.9408068526
0.4578524817,0.6298116137,0.6468431248
0.4205375686,0.4166558206,0.4246249690
0.4229986882,0.5451604686,0.5143728120
0.0543357661,0.0876164215,0.1499339748
0.2054901711,0.5541689375,0.2532568717
0.6023141878,0.8121549754,0.5916668899
0.5560044907,0.8539253150,0.5756324008
0.3200444194,0.3828462330,0.3384435331
0.2649892779,0.1650845013,0.1026423338
0.5334558982,0.5825654173,0.4498673884
0.0432700348,0.0313686563,0.0464588392
0.0203108742,0.0064588583,0.0005848160
0.6761051732,0.7330958427,0.8255083324
0.2431448254,0.2008032956,0.2721608444
0.8000970436,0.6432945572,0.7831512377
0.0701678607,0.0933365159,0.0057826106
0.9205561665,0.9312023007,0.9517622441
0.3452069804,0.3204871489,0.4254091552
0.8351364861,0.8464758894,0.7808999572
0.0770527377,0.1610284685,0.3237609345
0.0376663335,0.1353787722,0.0287615026
0.9758190850,0.9585478640,0.9636763361
0.4314164353,0.4877300128,0.6463237877
0.6108355068,0.8556586335,0.4257817802
0.9590101854,0.9587354902,0.9425027616
0.5905133764,0.5321665593,0.5674709024
0.1141006529,0.1013596003,0.0673625673
0.6333025984,0.5200281558,0.4015998889
0.3041603764,0.2371580717,0.2877151438
0.9749420979,0.9859692050,0.9828542584
0.0362947183,0.0478566333,0.1400041176
0.3637535485,0.4242664676,0.2825236841
0.6756650351,0.6510467872,0.6802939350
0.8618204893,0.8710476641,0.9293197898
0.4544065688,0.5389716632,0.5811829722
0.3692951793,0.3852130102,0.2245695338
0.1425208774,0.0819424947,0.2150823389
0.9323768504,0.9104887392,0.8777946330
0.1073665599,0.0847172222,0.1090281181
0.0727914815,0.2260771985,0.2234700806
0.2331132026,0.0777888973,0.0625575990
0.1770570470,0.1696766730,0.2956825877
0.0675694834,0.1529204399,0.1627612390
0.7968272580,0.8201999876,0.9347332931
0.8290864212,0.9673310792,0.8782659190
0.3109432649,0.1214338333,0.0314072828
0.9105419705,0.9653964666,0.9408571302
0.8161848537,0.7874507459,0.8479684665
0.4201679680,0.5354734540,0.6009592531
0.8383333937,0.7668821979,0.6855106942
0.4748062564,0.6190854249,0.6265045571
0.2677669149,0.3795729657,0.4756821309
0.6945326310,0.5735840862,0.6582224053
0.4302377378,0.7973851657,0.3426812327
0.7261030665,0.5789812247,0.7354611687
0.5800550912,0.7283300415,0.4214535914
0.8965210818,0.8236883230,0.9163610858
0.0970449468,0.1301733039,0.0991691280
0.3539328421,0.1231010004,0.1784392990
0.5705545965,0.4533356778,0.6480409115
0.0136314756,0.0469775652,0.0083940320
0.2246150540,0.3302423663,0.2439979592
0.8107478177,0.7535092192,0.7587705637
0.1325536660,0.0381352957,0.1681126552
0.0013624124,0.3414331662,0.0299481156
0.4393094188,0.3446679785,0.3219391614
0.1224252902,0.0820183257,0.3213210409
0.9769473356,0.9739787708,0.9687134507
0.3161575467,0.1087325308,0.1199565026
0.0105980596,0.0417459631,0.0269405497
0.3247005624,0.1486256155,0.4034679216
0.1032144744,0.2259817605,0.1901556093
0.6262441525,0.6643079593,0.6264723026
0.2302042195,0.3455612762,0.3413000533
0.1055046042,0.0113110430,0.0456487509
0.7706200990,0.7369166614,0.7579996763
0.2567279935,0.2059417720,0.1195624155
0.5269435190,0.1735914922,0.1276586420
0.4773609884,0.6094851436,0.5425566991
0.8858697808,0.8764618398,0.7899228058
0.3406157608,0.4836419497,0.3137273109
0.7573690586,0.7480104344,0.7450238325
0.0148731263,0.0390879261,0.0187201241
0.9501246727,0.9462812204,0.9110061771
0.3677743681,0.4387831419,0.3050818667
0.9829555552,0.9925571292,0.9752594808
0.3327922213,0.4291879671,0.5191357900
0.8451752229,0.9033052151,0.8644888140
0.7683206861,0.7551620667,0.7870315534
0.6058941395,0.4035716140,0.7658397288
0.3279044918,0.4499225167,0.1858494790
0.4544489479,0.5715608332,0.6092376751
0.8188978053,0.7716620260,0.7575364370
0.5590856384,0.5671212412,0.4876286363
0.6496105391,0.4624068379,0.5330535190
0.8232769724,0.8375775967,0.7737150287
0.1857796887,0.0391488095,0.3735357413
0.1575232739,0.4072527134,0.5055016159
0.6645476688,0.6718352651,0.4749173915
0.1820297577,0.0830300306,0.1323764384
0.1688050330,0.1454306907,0.4731831837
0.6943789598,0.7289338104,0.7152851382
0.3405386483,0.3940199990,0.2659598568
0.6631709017,0.5074803000,0.6582450525
0.1507319416,0.1685277334,0.2702362708
0.3890185592,0.0833160015,0.0698831774
0.6964055907,0.5188390679,0.7189821172
0.0559629664,0.0206013589,0.0079934086
0.9814086655,0.9337908049,0.9442142322
0.8036808932,0.6972474274,0.7789016056
0.5263856133,0.8255430880,0.6619471840
0.5660753579,0.6815115440,0.5228344552
0.2803462786,0.5557262499,0.4491279905
0.2153533839,0.3563943834,0.2462210822
0.0993840645,0.1563778401,0.1253144032
0.9018112568,0.9186885642,0.9070240462
0.8045107110,0.7642358202,0.6917840514
0.4137879550,0.2964031359,0.3425184210
0.5395908022,0.4603424945,0.8079930212
0.9069189739,0.8413738571,0.8378616284
0.5552372822,0.7887039643,0.7035595978
0.4941821218,0.4889943599,0.6087397600
0.9330409838,0.8991112229,0.8521818038
0.3666964858,0.3234466069,0.4885748289
0.1824992813,0.1194419694,0.2854108962
0.7504365574,0.6915970584,0.8247099077
0.4383261707,0.4125662599,0.2160816618
0.8523539156,0.8334662870,0.8902718460
0.2060846347,0.3109800464,0.0873696043
0.6506453323,0.6901710534,0.7797653037
0.1946450777,0.1903594149,0.3083560434
0.4503608583,0.5139391217,0.5235687713
0.0492819614,0.2127947268,0.0144675649
0.9583186613,0.9719239260,0.9651456841
0.7132276674,0.8249656185,0.8070729504
0.8302340122,0.7288071658,0.7268643458
0.4180549822,0.2822267742,0.3021184062
0.2049219810,0.4908125513,0.4602083459
0.3167769711,0.1771235982,0.1361161213
0.7179111042,0.7555366009,0.7512776016
0.6560138775,0.5858438277,0.7690147118
0.7813463324,0.7288739046,0.7876016134
0.5371359230,0.5139272816,0.6057297314
0.0270714083,0.0703890177,0.1275773291
0.8811701197,0.9118197076,0.8499275703
0.1126287116,0.1145446044,0.3660208767
0.6188912945,0.6320223400,0.7389333866
0.6584135358,0.4433523555,0.5517700851
0.1207281629,0.1606165616,0.3891877791
0.2317384172,0.2296014886,0.1784703696
0.0868368336,0.1086591062,0.2410241713
0.5408920798,0.2578075403,0.1801727964
0.7780709210,0.9185564223,0.9067153799
0.6471570706,0.6786916603,0.6898780850
0.2901354726,0.2130023428,0.1001804619
0.9754260519,0.9805104823,0.9682241555
0.5325196843,0.4183468915,0.4114679203
0.3768283925,0.3606927722,0.2749933726
0.3159573175,0.3344894754,0.5343930631
0.0782017949,0.2043720014,0.1055466563
0.7953802825,0.8436187747,0.8154610529
0.9491086277,0.9670370537,0.9639144974
0.7011862552,0.6157436400,0.6653754136
0.7237089656,0.6812729687,0.4667493453
0.9584386060,0.8384476395,0.6741063240
0.2148093186,0.4851012469,0.7089019987
0.5037044683,0.6909299734,0.6607815089
0.4958825522,0.6057340298,0.7430800613
0.9551877621,0.9038978695,0.9464699602
0.5766919592,0.4312566942,0.5473491483
0.1360515992,0.1052701093,0.2481297540
0.8386629437,0.6111437592,0.6292914468
0.3236094462,0.5162823373,0.1980267737
0.3332180540,0.1882139801,0.0559566704
0.3085504693,0.4377817827,0.4275923753
0.3579205088,0.5890768773,0.4376497224
0.7395515868,0.6957146550,0.7990007983
0.8316290783,0.7538784534,0.8165456624
0.9889115478,0.9841784958,0.9791329617
0.4873056515,0.5226535458,0.4044516318
0.9293743285,0.9318238827,0.9072204290
0.0847115403,0.0447239636,0.1414877480
0.0746704831,0.2073060134,0.2189786136
0.5623450000,0.5027360903,0.3388046145
0.7350511424,0.6281167964,0.4419933059
0.6075861009,0.9185471188,0.7777779916
0.3970778176,0.1805973713,0.3410631227
0.5091029850,0.2029772687,0.3358663679
0.4193811739,0.5310519781,0.5126543031
0.8579698070,0.7250870897,0.8467454946
0.1937882646,0.1769509869,0.1944575780
0.4301012079,0.5083976110,0.4955677646
0.3325664757,0.1062151906,0.3318958090
0.1601661297,0.2433753930,0.4588893722
0.0851564144,0.1391569060,0.1066421659
0.7699859127,0.7904192522,0.6982649235
0.3589964990,0.2959342003,0.4163039564
0.8819700536,0.9317203468,0.9549007738
0.1856810869,0.3827677355,0.1747638808
0.2762771918,0.1717495577,0.4457378619
0.4172378455,0.1669758311,0.3513601850
0.7087054196,0.7734605181,0.7197215119
0.6264438382,0.7287162467,0.6865537365
0.2006467711,0.0560321237,0.1883130565
0.6598585424,0.2403888826,0.0793689540
0.5433141362,0.5953179318,0.4938414067
0.8041386337,0.7591453133,0.7482380545
0.7533320295,0.8556939014,0.9400816469
0.0733275357,0.1744733585,0.3063015730
0.8396825978,0.8986086523,0.9129995375
0.1274241330,0.4498180524,0.0882753253
0.9261730346,0.9339905047,0.9262173028
0.5699547818,0.6308893753,0.5969136706
0.9604822524,0.9706796150,0.9779134232
0.4752039146,0.5027014367,0.4366846170
0.2138502367,0.3096148630,0.4787353451
0.7617107049,0.6875440955,0.5592431497
0.5270813559,0.5985494528,0.5498147184
0.5225093682,0.2977720369,0.5173179451
0.6124777657,0.4868504662,0.4651710863
0.7327967897,0.7872051225,0.7357284906
0.7624066189,0.6219437395,0.7761905945
0.4387975707,0.4188181620,0.6604308588
0.0445437126,0.0824367006,0.0783471732
0.1935909082,0.3129699916,0.1854903440
0.7669498808,0.8442627985,0.8933193762
0.1796151833,0.2439165623,0.1978530582
0.4595708251,0.3677385760,0.6222759995
0.3552335262,0.3838078302,0.4441748610
0.7091600254,0.7270600783,0.6226025408
0.4015466281,0.3114972562,0.2518985820
0.6015973718,0.6478347818,0.6411947709
0.2063223237,0.1753222354,0.1959128061
0.9856707119,0.9808087288,0.9878284648
0.5322149885,0.5928505700,0.4678483374
0.6791321711,0.6663354083,0.6607045949
0.6896202951,0.7707067003,0.8009787614
0.3156086646,0.3545651906,0.2884612974
0.9758525851,0.9653809013,0.9592926511
0.2483385129,0.2364633954,0.3202387976
0.7205236402,0.7258941691,0.7769271250
0.1570767976,0.4445342447,0.2906527186
0.3812805411,0.5699552943,0.4610421955
0.4785083911,0.5592826390,0.5597053294
0.2463288892,0.1207804839,0.2487218693
0.0133693403,0.0399447731,0.0509824022
0.2246022845,0.2826632025,0.2033804862
0.0739033561,0.0345699246,0.1012214112
0.2288090790,0.4795668071,0.0600395427
0.1381935886,0.0718686463,0.0937679142
0.0064526502,0.0014575685,0.0542908533
0.1085132763,0.3557523818,0.3055839273
0.3944215184,0.4059142949,0.4198057678
0.3445199604,0.1783863440,0.2555420110
0.6093795668,0.5982092129,0.5468263937
0.3157493183,0.2646389755,0.4208927642
0.6896682614,0.7010172517,0.6324892404
0.9407260147,0.9400035427,0.9291524247
0.0259783866,0.1698010378,0.0660457287
0.0118933243,0.0089137384,0.0109908498
0.9247259736,0.8849672448,0.8951286755
0.5771990339,0.6757501264,0.6992187230
0.9830955085,0.9824546516,0.9806066989
0.4594038924,0.4544296399,0.6685479238
0.2419455746,0.0604597448,0.0733740364
0.6201883861,0.4151668649,0.3468091567
0.7841279450,0.7749543944,0.7850142455
0.7519703595,0.8064490523,0.5985797068
0.6303853024,0.5577352494,0.4399500322
0.7396898428,0.4787715252,0.5877749420
0.6966778145,0.8799749859,0.7896164451
0.8741114170,0.8514512472,0.8620793312
0.2579477508,0.4140961955,0.2803835888
0.4512855031,0.4066768672,0.4426951008
0.8370973811,0.6522880877,0.6739746322
0.1322648352,0.0810624710,0.3581747337
0.1595812669,0.1253680854,0.3207660255
0.6335565972,0.5776280851,0.7065198526
0.6629270563,0.7274963175,0.7759412029
0.4684324695,0.5791678402,0.7090005421
0.4660705603,0.5818133437,0.4591353974
0.8823202532,0.8522892352,0.8328771047
0.2285989240,0.4427205370,0.3841102519
0.0776860011,0.0970964759,0.0228334099
0.0555996160,0.1534638780,0.0679377738
0.4983985019,0.6510120766,0.6996294168
0.2323195848,0.2260938384,0.2345046407
0.4297425521,0.4857097678,0.2777505448
0.1623234548,0.1571231847,0.1247847769
0.1208017573,0.0730715115,0.1349264511
0.5544513680,0.4134426007,0.5719533656
0.4000810268,0.4347731583,0.3820609456
0.6844378643,0.7527596987,0.5210703430
0.4503835665,0.4796206780,0.5057370074
0.8518647727,0.8590768005,0.7962339891
0.4651582968,0.2756633643,0.3226354427
0.9491425447,0.9664211475,0.9519501509
0.2235333638,0.1909314485,0.6224115408
0.0519186066,0.0690455166,0.0998320830
0.4313930402,0.3516189517,0.3765934982
0.6536752278,0.5735869082,0.6970985670
0.8935094051,0.9012087845,0.9241668581
0.1334677078,0.2301045207,0.0982310172
0.2021723779,0.0245577446,0.0638692592
0.6873947628,0.5933292013,0.7107739537
0.1045356961,0.1361619260,0.1936242885
0.3040092122,0.2139807574,0.6394429275
0.4940210856,0.4140877918,0.4842245872
0.1092874550,0.2805273063,0.1126035764
0.8300584851,0.8724982852,0.8905640082
0.7521512377,0.8878052886,0.8270274003
0.1033342844,0.1485213452,0.3218000069
0.5327342928,0.4005220011,0.6520906659
0.9086167103,0.9126344756,0.9186749736
0.0861050821,0.1032450499,0.0755987869
0.7843255407,0.7755564072,0.8863631931
0.3387041279,0.1897280908,0.6075163195
0.3196281530,0.6179884372,0.3383172104
0.1670952955,0.1622638659,0.3171410820
0.3955435369,0.8699584876,0.4323395509
0.9370227449,0.9657792328,0.9195624538
0.7888747246,0.8071373931,0.7693851694
0.9465272723,0.9307588132,0.9541701877
0.5524202579,0.6231138891,0.4300976199
0.1142677594,0.2465037952,0.0611650366
0.8772523727,0.7333253466,0.7163829956
0.3144891490,0.3555921124,0.5207755281
0.5117004880,0.5195039422,0.6096761778
0.9726874726,0.9810083229,0.9757359961
0.9331360771,0.8331336449,0.8400833911
0.8662277254,0.8839865631,0.9135754028
0.5916958880,0.6137447889,0.8802645064
0.8172677724,0.7077601255,0.6239428151
0.2626725524,0.3002740911,0.2171267127
0.3414150057,0.2025881950,0.3191441984
0.1685019975,0.2125659627,0.2992412802
0.7375188902,0.8578154616,0.8716985002
0.7118482544,0.3127541983,0.2801615145
0.2612652711,0.1965426360,0.1001028323
0.9785675028,0.9902708062,0.9855215020
0.5849310335,0.4473956939,0.2922506966
0.2125621282,0.2259390404,0.4247063568
0.5198601155,0.7496897044,0.6710965074
0.7022978159,0.6179040363,0.6150781234
0.6257358133,0.5414340360,0.7221676889
0.9210423175,0.8321904974,0.9032809298
0.5147048481,0.4998559967,0.3132927752
0.7972173715,0.7655311080,0.8976235476
0.0882426502,0.1669299414,0.3919778974
0.1476669464,0.6344284154,0.4975796603
0.7603599259,0.5147600059,0.7116324187
0.1640052281,0.2526545542,0.4902721041
0.1505171205,0.1796734510,0.0309798094
0.8664135826,0.8484748234,0.7593370217
0.6464274408,0.3146862003,0.3058161999
0.3860905820,0.5592358214,0.3786139459
0.5046341951,0.5586140794,0.7206171300
0.0036041493,0.0004601910,0.0188883196
0.6201237743,0.7945713901,0.6722337433
0.3101807360,0.2806083894,0.3639020180
0.0831274498,0.0483112839,0.0125182563
0.0674027283,0.2013258426,0.2973076215
0.9228970660,0.9121763799,0.9198415286
0.0580406196,0.0587215125,0.2739400996
0.6170854116,0.5848299517,0.5830262062
0.9636255245,0.9586666224,0.9756380824
0.3375829737,0.6636186706,0.4845373777
0.3095834974,0.8419960612,0.4644313115
0.6689385254,0.5895458180,0.6316407710
0.7031796906,0.6924018261,0.7961424643
0.9716320714,0.9650017536,0.9500373773
0.0714122068,0.2640702964,0.2207679270
0.1846665072,0.6168958508,0.4420782821
0.3538738800,0.2604075650,0.2790870504
0.9802682646,0.9632348461,0.9765307890
0.5670745247,0.4649254909,0.5243363543
0.5459084720,0.2655579277,0.3188396922
0.7124577391,0.6524397204,0.7340761474
0.6579258608,0.5125700964,0.5729449092
0.9007111053,0.8960213002,0.8211961728
0.8585573979,0.7646324401,0.8562866691
0.9705401669,0.9574548445,0.9639330407
0.0770144260,0.0691467930,0.0629007983
0.8642546648,0.9073021223,0.8633986263
0.9686907446,0.9537132984,0.9759886154
0.8991811269,0.8752201789,0.8657706301
0.8365523624,0.7242749522,0.7323957932
0.5188751946,0.4093991178,0.3906670421
0.4639806762,0.5363145444,0.4496560717
0.6507740538,0.3504042905,0.4034479125
0.2559599444,0.3298614754,0.3095510196
0.3006408337,0.3696209459,0.1752821745
0.5929064579,0.5952161184,0.7019639814
0.2054040754,0.0739484572,0.0159621453
0.7445318499,0.8007228474,0.8497135291
0.1233365144,0.1424921685,0.0504246499
0.7681561802,0.7881316481,0.7896437308
0.1040237416,0.0441450866,0.0898189031
0.6865541510,0.7322025841,0.6558556254
0.5793292291,0.8781644069,0.6160870083
0.3416636329,0.4019587543,0.3894747816
0.0756363899,0.0211964786,0.0926369329
0.7559761830,0.7288696909,0.8072946308
0.5472531428,0.4566744864,0.3640664138
0.5553250689,0.4751793722,0.5834349368
0.9965470239,0.9964443790,0.9947998495
0.2330410452,0.2008509820,0.3928537064
0.5131416241,0.6937576872,0.7137014708
0.7738531165,0.8859306094,0.7720688643
0.8707978419,0.8763381260,0.9537025289
0.5701030918,0.4717189640,0.4429843564
0.0976169673,0.3367159566,0.0429699523
0.9967877812,0.9929651386,0.9898976973
0.6797674947,0.7274796383,0.6372829833
0.8063516447,0.4560682519,0.3924103720
0.0028316789,0.0102171237,0.2325098483
0.0817150522,0.1588652643,0.2603214062
0.0731455578,0.5973400312,0.1458420831
0.0333656884,0.3611600797,0.1807554660
0.0193409294,0.0304181769,0.0055555975
0.1156497558,0.2159330752,0.2585430987
0.3472946594,0.4165614507,0.2806576821
0.1775060439,0.2296978135,0.2312731675
0.1217934817,0.1404078625,0.0962561092
0.9669021565,0.9879261758,0.9638220604
0.1469757401,0.3057393606,0.2823444631
0.2406240787,0.4145284828,0.3785215289
0.9824817814,0.9841450577,0.9812770339
0.2233280975,0.2554539708,0.5950953804
0.2604265296,0.2081234781,0.4135461990
0.7045368925,0.8252565921,0.5967003933
0.0416468564,0.0580831506,0.0729006785
0.4245772120,0.6182991936,0.3375158010
0.8801402091,0.7360834571,0.7380162429
0.3320917419,0.1436468329,0.2210308225
0.4330221228,0.2737765287,0.3801370496
0.7298392413,0.7800909098,0.7276366060
0.9432909283,0.9442991673,0.9026597433
0.1127394604,0.0359676753,0.0168363356
0.2447350064,0.2762741375,0.2106344282
0.4088414872,0.4138414519,0.4987948784
0.1062687820,0.0763540992,0.0600431305
0.8256236302,0.8124973759,0.8409825787
0.5375033718,0.5644669634,0.4954997160
0.6793627699,0.6623938149,0.7801012443
0.7364412490,0.8237532421,0.7882967205
0.7246277998,0.6734792048,0.5446913714
0.0178055952,0.0318310324,0.0722635979
0.7730156379,0.8372198648,0.8234981140
0.6341821719,0.6152919899,0.5053026265
0.8930142959,0.8969414644,0.9138750745
0.7385011201,0.6606811075,0.8367740513
0.8163013580,0.7456909884,0.8471118819
0.0667742283,0.0211203973,0.1589799415
0.4427377292,0.1334176038,0.1187932723
0.0549002181,0.1641103448,0.1197091711
0.7651075349,0.7941602568,0.7964248557
0.0495540938,0.2252887816,0.1661948312
0.1272173026,0.1667113735,0.3674130192
0.9690478241,0.9651156197,0.9821563394
0.5733917335,0.4996881626,0.5077980684
0.9728400296,0.9822273090,0.9651565405
0.8812303032,0.8553161421,0.7857488337
0.1716499331,0.3578161481,0.2171928362
0.4764529490,0.4732773464,0.3476617182
0.6624627681,0.5408258481,0.4935855556
0.9133240911,0.9158187894,0.9424529287
0.1741904620,0.2659305000,0.4449641876
0.0275726853,0.0434483976,0.3143090036
0.3538378647,0.5087759346,0.2385314501
0.7923962374,0.8319443050,0.8891041038
0.1896247775,0.0804272319,0.2165279827
0.0179820872,0.0175700119,0.0469150190
0.7607887924,0.9134317890,0.8273008263
0.9246442119,0.9033156881,0.9552187647
0.8567527531,0.7705482448,0.9034716785
0.5010344368,0.6568857020,0.5493341944
0.5395561278,0.2688896905,0.4568768066
0.0112241342,0.0119311020,0.0004333094
0.0808163904,0.0393402729,0.1281244608
0.7651397952,0.7941808675,0.8098801560
0.1987868285,0.0885407479,0.2142727027
0.8733756599,0.9128619970,0.8904501138
0.8409751723,0.6480053210,0.7396805788
0.7260351121,0.5722540024,0.5060074672
0.4342211139,0.4892920990,0.4595889209
0.8114717611,0.8851194679,0.7267395281
0.1134867552,0.3886781106,0.4502929330
0.8297824438,0.6786462543,0.7837563873
0.5009736891,0.3816903484,0.3000136738
0.0589878036,0.1614237048,0.2389714025
0.9303617167,0.8848375959,0.9146899136
0.2280399207,0.1963137718,0.0972807958
0.9751985713,0.9760425025,0.9837119764
0.5246071078,0.2860843160,0.2506564987
0.0427382617,0.0232109097,0.0789392141
0.9190083622,0.9088856888,0.9466273058
0.9096535310,0.9500045249,0.9534597129
0.6406308028,0.5446237120,0.7360566532
0.3654662713,0.3680683179,0.4083541304
0.6823727616,0.7632360390,0.5900850609
0.3531479199,0.5308020002,0.5916144730
0.3819329902,0.3338187528,0.2914785006
0.8608591126,0.4698033848,0.5766256342
0.2652288676,0.1587410790,0.0690269657
0.1163753551,0.0190709539,0.1779274131
0.6514044008,0.8993244709,0.7784749542
0.3053016837,0.1675599163,0.3206655004
0.6860935559,0.7846122252,0.6381755296
0.2007710904,0.1741617011,0.3478215634
0.5964682134,0.4829977416,0.6500300359
0.0136779652,0.0818710254,0.0124477820
0.7045389545,0.6575582165,0.7582680493
0.9416294613,0.8780873642,0.8916452830
0.0876597629,0.0539341083,0.0047171354
0.9836155914,0.9772019396,0.9805223297
0.5394612958,0.4863373238,0.6817638549
0.5941237347,0.4021443117,0.5138655115
0.3787774397,0.6967372052,0.3180755661
0.5812881495,0.6928153339,0.6524089950
0.1584998133,0.1122831112,0.0844103440
0.8584084846,0.9167315056,0.8689348077
0.2679715083,0.3789155537,0.4558096516
0.0564163042,0.3164438546,0.1821778553
0.9710661332,0.9076394142,0.9090896539
0.9582122835,0.9788239252,0.9687999731
0.2229092288,0.1626903074,0.3264497962
0.4876512782,0.3825736927,0.4483896792
0.2865744892,0.2428587891,0.3125444339
0.2577784088,0.2172025891,0.2184982237
0.1917679152,0.4073455147,0.0057696823
0.6969619576,0.8039473831,0.8115004617
0.8937563597,0.6927234363,0.5082688477
0.7628303494,0.7900872131,0.8087042565
0.2535529899,0.1160927701,0.5190460613
0.3021409318,0.4010063384,0.3433395150
0.5935493396,0.6444483430,0.8143094958
0.6477619550,0.5712021186,0.6890012524
0.7110577986,0.5410635816,0.7806994333
0.1548632872,0.3454839421,0.3747019091
0.2389595196,0.4847237309,0.3563396252
0.3122442796,0.4015417904,0.4966520099
0.6347467166,0.7459329497,0.6573084966
0.8235369497,0.8440911183,0.9304055168
0.0588484574,0.1491590849,0.1690796186
0.2327834085,0.2721527420,0.2484345962
0.4885853309,0.4271673122,0.3955928571
0.3631830187,0.3418470408,0.2895111150
0.9827430988,0.9664775216,0.9584806389
0.9311461356,0.9467864270,0.9548223532
0.3758820553,0.5212013633,0.5309452648
0.1748793917,0.2392603338,0.6215886061
0.8699255133,0.9564378892,0.8699287751
0.0128476784,0.0833093396,0.0309100957
0.3491178527,0.2437568883,0.2707391069
0.9934157637,0.9815785021,0.9912388201
0.8967232542,0.7476228788,0.8636567981
0.5594506958,0.3681232992,0.5695634754
0.6019074395,0.6122215069,0.5523994947
0.9024056009,0.9305500980,0.8984610785
0.4104068673,0.2357079728,0.0704326294
0.5291290653,0.6198826345,0.8532572499
0.4475548501,0.3648525568,0.4163544435
0.7994884387,0.8115893011,0.8970879968
0.0324282412,0.0513934493,0.0245466565
0.5348337494,0.8670472004,0.6471347822
0.6198528258,0.4581843991,0.4873234961
0.3533374036,0.1076120730,0.1187576750
0.6561311140,0.6688639146,0.5797676934
0.8436577217,0.7982948014,0.8117856643
0.7906520437,0.8390786188,0.9030252236
0.2872361701,0.1693265027,0.1027116348
0.8598365933,0.9382168422,0.9685347442
0.6722893005,0.7225812832,0.6609604591
0.5482993470,0.6623235086,0.7085182046
0.1445319605,0.1065518779,0.2029030734
0.8664316592,0.8892391287,0.9099775784
0.9531244483,0.9577501442,0.9499995830
0.2911265321,0.2945006604,0.4126868807
0.7525615985,0.7079809436,0.8399185259
0.0926277341,0.0840961893,0.1815224490
0.6522536244,0.4255266266,0.6336555100
0.6189612816,0.4940280138,0.7901443108
0.3762631251,0.2639041610,0.2174175001
0.2156450736,0.1723710559,0.0985654072
0.9805025156,0.9728329479,0.9940921136
0.1445576765,0.0948305219,0.1200162837
0.6328291792,0.9237790588,0.6970455138
0.9953039064,0.9984073004,0.9951441282
0.4535425736,0.3057158551,0.4812910589
0.5318679229,0.6551548811,0.8182691359
0.7512284120,0.6184694762,0.7213161880
0.2413064644,0.4869093520,0.3228012589
0.7126999097,0.8604739140,0.7219489790
0.1886692690,0.1739534575,0.4717231876
0.6863555226,0.6691339315,0.6681260878
0.3035219612,0.3776656930,0.6726762033
0.2140768702,0.4534084688,0.1821357919
0.9020765239,0.9517767013,0.9412569471
0.6015064855,0.4859498620,0.6103996518
0.7475132349,0.7767698173,0.4415417036
0.1489702125,0.0048540981,0.0853728196
0.5346824982,0.5085294457,0.5909203551
0.4266654258,0.5170400105,0.4621461904
0.6265050872,0.7318913517,0.5249055325
0.1977030972,0.3665824998,0.3503476396
0.4987110508,0.6501371241,0.5831754002
0.7911316257,0.8715102073,0.8123071382
0.6679838484,0.7712614516,0.5730662607
0.9961315181,0.9934462295,0.9921116385
0.7785376331,0.7400548920,0.7524671429
0.6474767118,0.5038522454,0.7804180597
0.9204863824,0.9332519217,0.9556848224
0.9171937426,0.8272019627,0.8955112494
0.1326122669,0.2082025052,0.2031471823
0.2939698976,0.5184900805,0.5048386754
0.9485232313,0.9379220795,0.9164296651
0.4061031937,0.4330126155,0.2702550110
0.1629096776,0.1644654859,0.1467132986
0.6674424739,0.6527620523,0.7047776328
0.3927507822,0.2477109020,0.3255324416
0.8562178086,0.8968024724,0.9415652852
0.2836261580,0.3412733359,0.4621721126
0.1987787000,0.1153948401,0.1700173652
0.1348907656,0.0263255403,0.2214620404
0.1037700630,0.4054652390,0.3699985192
0.3832286431,0.4058789725,0.4349104254
0.5829185729,0.6309689980,0.5654852863
0.3539109679,0.4805272692,0.4654245810
0.2134077776,0.2693710587,0.3842524126
0.4188822579,0.4544508528,0.6107956262
0.8533888116,0.8906899353,0.8296371000
0.3694351450,0.2823987383,0.2439022305
0.5067009865,0.6163170002,0.5312767828
0.4108584124,0.3822381677,0.2653739304
0.7297381065,0.6429403147,0.7247142717
0.9318769524,0.9500415223,0.9252354129
0.4985382129,0.3975616436,0.3882264139
0.8905681582,0.8400234129,0.9509846719
0.5846782092,0.7283088038,0.7394383510
0.4875107474,0.4202295051,0.2846575136
0.6026362633,0.6526286461,0.7588590825
0.5117341689,0.3904078269,0.5886814312
0.3352063728,0.5913679925,0.4328566787
0.4977191891,0.4282266764,0.5000566169
0.2287822657,0.5466833424,0.2337509783
0.5654696641,0.4102980307,0.6083420225
0.3448946663,0.4330062454,0.3452917634
0.5932811031,0.5724305532,0.2330916691
0.2448586410,0.5030874975,0.2740987258
0.6335095694,0.5540956610,0.4376927846
0.8249429812,0.8234484501,0.8799063782
0.5761706373,0.5906154249,0.4449786051
0.1220293782,0.2807933609,0.1843684018
0.6842718287,0.6113958152,0.4902457755
0.1284959001,0.2070810301,0.1391041708
0.5450566957,0.5484346095,0.5318761138
0.3709534176,0.5146462244,0.3820285829
0.7623657337,0.7059191178,0.6672281042
0.1419654039,0.3005320257,0.4132078861
0.2560215842,0.1786633786,0.6308104269
0.1349181587,0.0348187737,0.1051722394
0.8804281471,0.9435195987,0.8848149995
0.3007571973,0.2259807954,0.3266746102
0.5109187124,0.3842385211,0.6217515913
0.1784431939,0.1693358043,0.1821050347
0.7563410742,0.7578514930,0.7163675721
0.9791561670,0.9827673189,0.9881417051
0.3241605927,0.2643954189,0.1259637295
0.3617649252,0.1883121909,0.4226217333
0.4005592566,0.4764053143,0.4565143206
0.9327536960,0.9741400187,0.9541619181
0.2661906779,0.4320393349,0.2271783091
0.8941820243,0.9296588200,0.8928594336
0.2375780852,0.4143915539,0.1739616997
0.3601037175,0.1470276739,0.0262919027
0.9424380479,0.8977339489,0.9441027294
0.3855345353,0.5385436925,0.5919121351
0.8710665343,0.8586378466,0.7793412653
0.2821880011,0.5581066291,0.5720385896
0.9860413721,0.9797326637,0.9798063940
0.0997401184,0.0235502309,0.1014338368
0.0581008859,0.0089824325,0.0171388528
0.0196610664,0.0347576212,0.1085482530
0.4292028571,0.4142464800,0.2613436085
0.1400053746,0.1444223306,0.1011131322
0.5770587270,0.6177421302,0.4338050503
0.7600245412,0.7396492164,0.5991633604
0.7194303655,0.6414739442,0.6610386308
0.6771908026,0.7382374120,0.6010258319
0.3497151121,0.3137680872,0.3039871981
0.4049457530,0.2513228677,0.3139571888
0.5668119838,0.3969516124,0.5036888480
0.7369963715,0.6480859303,0.7291643549
0.9759489164,0.9781409260,0.9805874510
0.4475026777,0.5344358133,0.4789962272
0.0799087529,0.2045329970,0.2166809538
0.9732090841,0.9493400086,0.9246854932
0.5644469516,0.4714266418,0.6436531485
0.4252209265,0.1440251219,0.3990459504
0.2711145181,0.3279155767,0.4723378779
0.5750303498,0.6103263296,0.5421287838
0.9873807929,0.9937481258,0.9867669749
0.7631585173,0.8437336764,0.8533532186
0.1602187578,0.3307331044,0.1910601375
0.9486239019,0.9453835099,0.9055854341
0.2161595710,0.2765506404,0.3662314691
0.5464986470,0.5942137622,0.5787877424
0.7069130854,0.4962062028,0.4471023124
0.1193669129,0.1617349657,0.2049721289
0.6559267863,0.7188668556,0.6420732851
0.0702415603,0.1135374092,0.0726405095
0.1264475813,0.1735053767,0.2303861380
0.9069841217,0.9336845615,0.9327100663
0.1641699709,0.1241756922,0.1185130977
0.5949636154,0.5050706956,0.6066729451
0.9792817948,0.9395430798,0.9453056969
0.2655003861,0.1909704541,0.2134114644
0.8335289406,0.6101890776,0.6278972013
0.4830418774,0.4156372426,0.3038481348
0.7866228806,0.7391651428,0.8686332801
0.4010236016,0.4115994923,0.4702027756
0.7510869047,0.6818656830,0.6888749046
0.0079584198,0.0838416390,0.0608756246
0.2571747258,0.2279644702,0.2177833214
0.6474209066,0.4489716002,0.4195711403
0.1863467671,0.2425306396,0.2679226056
0.5078643844,0.1525105254,0.0918401881
0.4818173485,0.3677002608,0.4782486826
0.7516440403,0.8637031068,0.8046217474
0.4151451589,0.4318202070,0.4492775312
0.8647499045,0.9191563913,0.9465016956
0.0481150399,0.0707123806,0.2172015258
0.2930384929,0.2045262624,0.1999656629
0.0805855001,0.1821546482,0.3081445085
0.7158349856,0.6710236341,0.4908372659
0.5365737066,0.4772987753,0.3835938305
0.8511820930,0.9250399210,0.9115267516
0.1201978260,0.1077231499,0.0315020682
0.1522759517,0.2057897331,0.0677577407
0.3889560726,0.0930411628,0.0560804957
0.5149457043,0.7037291733,0.6438213848
0.0845694442,0.0861319175,0.1671183772
0.7331936270,0.5748984394,0.6356351491
0.7200993496,0.7455622899,0.8764380053
0.3018374509,0.1063537226,0.3286783653
0.8030994558,0.9237742190,0.7789657894
0.8966776511,0.9048869003,0.7668189492
0.3785409324,0.4655710147,0.3311294603
0.8046801206,0.8430798820,0.8454333669
0.3486067295,0.4393851390,0.3885397097
0.3952535669,0.0483159147,0.0276744179
0.3747866819,0.2931875968,0.5854458282
0.3814602886,0.3860476344,0.1716159358
0.2223436228,0.1557373739,0.1687424615
0.2706546854,0.1623735903,0.1251304717
0.8160217519,0.5731500462,0.4370113672
0.9787969856,0.9648262123,0.9723858463
0.9242167534,0.9038703004,0.9001274201
0.3283159872,0.1962965512,0.4079161063
0.5594577164,0.4840938514,0.5195748675
0.7037780384,0.7173016483,0.7470775194
0.6262394446,0.7493915032,0.5964284145
0.6508038575,0.6547213024,0.6575780685
0.2127045339,0.3895136869,0.4978294179
0.4075909519,0.2897904199,0.2097361369
0.2822232334,0.2895773712,0.3140625400
0.9672341855,0.8512805816,0.8823255585
0.4269742096,0.4629149503,0.4377238607
0.6355142217,0.5862829773,0.7008110053
0.6008210217,0.6758964074,0.4859339872
0.2894920803,0.6737057700,0.1910206430
0.3387523121,0.4908535379,0.3553652995
0.4441463989,0.3730811802,0.3111904365
0.8425232240,0.7616698772,0.8478480122
0.6024444906,0.4544260993,0.4200547386
0.8539519810,0.8685500083,0.8820153559
0.2548636796,0.3495222407,0.3692584112
0.3992507533,0.5892076035,0.4063659015
0.7037685799,0.7160974885,0.7442988949
0.4353976387,0.3707745841,0.2611563848
0.6698293115,0.6989028513,0.6516224366
0.3261900969,0.3819229926,0.2957959336
0.9704797482,0.9563365776,0.9370901577
0.5220526825,0.5300732963,0.3476054902
0.8179693699,0.7873326085,0.7939324932
0.5755503193,0.4028444062,0.4860553743
0.4428335270,0.3152303645,0.1773220311
0.0716865757,0.2634205609,0.3704384270
0.7201089065,0.7063561188,0.6289516032
0.5550400789,0.7370695915,0.7185307557
0.3268222575,0.2540677555,0.3763397059
0.1630428034,0.4753074179,0.0875815947
0.8976501378,0.8368799065,0.8645332923
0.7142693328,0.5898647546,0.6734531275
0.5962592761,0.4852989704,0.4779024095
0.1150313437,0.2676564557,0.2323847359
0.5550833058,0.7515343210,0.5728545776
0.6383784518,0.7021860972,0.6235137180
0.4810838710,0.3985874680,0.4988298466
0.4562261956,0.1569620363,0.3694010653
0.2385336480,0.1994525309,0.3541461420
0.9140970136,0.9284500336,0.9293043806
0.0695126140,0.0092326635,0.0066918399
0.9954302427,0.9967134142,0.9953688449
0.1994622820,0.2967785161,0.2490547915
0.0799013247,0.0494548692,0.2411888695
0.9127961370,0.8767393612,0.8814253803
0.9777444513,0.9662083976,0.9596572898
0.5577018820,0.4543473937,0.4432225863
0.6587470753,0.6666468552,0.7562681748
0.0201979099,0.2566467779,0.0115629914
0.1905575256,0.2842331491,0.2685089500
0.7335476980,0.3568719908,0.3375342742
0.0783132420,0.2507548546,0.3869395201
0.0593449797,0.1444229323,0.1960209509
0.0018187099,0.0582964022,0.0008042817
0.6054189821,0.6144983150,0.5553586565
0.4676111136,0.6948499701,0.6355274323
0.9821751141,0.9790584234,0.9731370192
0.2913106302,0.3741807807,0.2611243530
0.3040854545,0.4712312045,0.2539536431
0.2097114792,0.1028884416,0.3171967838
0.5845814140,0.7511417505,0.5837748120
0.5804995634,0.5079435104,0.7991490741
0.2803264655,0.3741619297,0.4634578541
0.4165076142,0.5252618076,0.5842106621
0.6859125768,0.8560676049,0.7861121914
0.7203776299,0.8179269706,0.6817260478
0.1320137697,0.1825638644,0.0768107128
0.4913517331,0.3350992130,0.4386095886
0.9594576401,0.9678322025,0.9708882612
0.6842762211,0.2652485556,0.3745621592
0.8468567931,0.7773793938,0.7615982001
0.2242188438,0.3827708202,0.8025804058
0.5906709062,0.6712604835,0.5856742727
0.7606533122,0.8039881185,0.6898994037
0.9888535728,0.9783939141,0.9779076826
0.4197680009,0.5541886558,0.3971737856
0.7600452945,0.7103646878,0.7057047638
0.1081583419,0.0891983437,0.0364960154
0.0278105476,0.0733634079,0.0697453604
0.5348352933,0.7952984264,0.5657053778
0.5762277832,0.7272327063,0.8029531984
0.2825811075,0.3267317201,0.2533998802
0.2599329025,0.3429530354,0.2026984510
0.5678625585,0.3943172228,0.5206451742
0.0186799247,0.0263686925,0.0042569811
0.9573951812,0.9491804943,0.9662452376
0.8032148549,0.7873164844,0.8035725111
0.8745127093,0.9622961331,0.9240586222
0.0513934573,0.0633158211,0.0619583312
0.7356277100,0.6446840056,0.6658441700
0.8435913795,0.7962370578,0.7420096488
0.5589408382,0.2429477815,0.3443505740
0.6073285770,0.7041350396,0.8023709824
0.6179719473,0.4436199198,0.4966397674
0.2519074882,0.2257321437,0.2647897910
0.4243064132,0.1876280736,0.4503536268
0.0340654591,0.0559248848,0.0615123289
0.5161703715,0.6444726753,0.6968597677
0.3607361644,0.7227842596,0.3484567270
0.9675985154,0.9755480277,0.9590356285
0.4261558050,0.6812575493,0.3498384364
0.6635616493,0.6905382168,0.5822285607
0.2939451388,0.4160821106,0.6550400227
0.1743243761,0.5644708299,0.2077013728
0.9709841965,0.9664616818,0.9807913526
0.7526564877,0.6237032216,0.2616812072
0.7459421510,0.6593669579,0.5045795157
0.1120963770,0.4437788349,0.2810846350
0.7785704111,0.6367827473,0.6434943711
0.6737715275,0.6308241115,0.6054792769
0.6898363155,0.6356628714,0.7250358104
0.4814441520,0.3497545170,0.5016164661
0.9370492548,0.9161454304,0.9319756332
0.7065310995,0.6558081654,0.7472593120
0.3149973888,0.2539015025,0.5032694390
0.4813601860,0.2349054942,0.7809773222
0.3743624391,0.5261075161,0.7148783666
0.0375874782,0.4067494718,0.0889670532
0.4309351767,0.5705805856,0.6171028497
0.1667088008,0.1054837515,0.2673263071
0.3337022460,0.0654691810,0.0373270765
0.8702227779,0.8332714251,0.8385515404
0.0222963168,0.0186871662,0.0050771683
0.1184694817,0.1038982951,0.1253459952
0.4544591446,0.4303516524,0.3900696197
0.4887820653,0.2978674816,0.3169353600
0.9784287893,0.9874789047,0.9909379313
0.7219249454,0.7931457726,0.7530134658
0.0803714031,0.1156376692,0.1202058837
0.1784335551,0.1365214564,0.2002464114
0.2631957594,0.2873287609,0.1472448005
0.6931799299,0.7168822279,0.6609196607
0.9930620270,0.9924355491,0.9855543884
0.4444287704,0.6776240138,0.5963873714
0.9141630535,0.9185354483,0.9371178627
0.6648640080,0.6866338238,0.6672722883
0.0322691691,0.0809516576,0.1332050371
0.8129044666,0.8430688570,0.8853150842
0.7141180958,0.6391892215,0.8225830819
0.5930752313,0.5634045302,0.5049111247
0.7382514955,0.5489230626,0.5819724490
0.5144603811,0.7068436094,0.6566483927
0.5437562616,0.7471044900,0.6914660000
0.8767376865,0.8340673805,0.8594424680
0.2985949636,0.3763298735,0.3202399393
0.4790843479,0.1772990146,0.0892877440
0.0277603227,0.0282616874,0.0833142049
0.6357653402,0.6489009363,0.7226542033
0.7810471213,0.6015345212,0.8493912515
0.8554739843,0.8632606870,0.8450526114
0.8462077686,0.6342327325,0.7420969475
0.8093255919,0.6809338737,0.6973822865
0.1829412717,0.1171980360,0.2556477184
0.1394519712,0.1050771292,0.3531348451
0.6147520623,0.5893983177,0.7542220476
0.9067388248,0.9208213845,0.9122062523
0.1916001964,0.0286330660,0.2514521867
0.1148973004,0.0697303736,0.1027296685
0.0578256892,0.1269713175,0.1821298359
0.5284969189,0.6816993395,0.6484822723
0.7257294238,0.7042876388,0.7053643712
0.7034442452,0.6998323920,0.7829132515
0.1431952500,0.1792356393,0.1601569575
0.1049346878,0.4654843611,0.2467407328
0.4415464756,0.5100960028,0.5434060006
0.1738678204,0.0965224542,0.0815716529
0.8340212676,0.9091695522,0.9203385298
0.6443912759,0.6579213908,0.6549075847
0.7956007237,0.7756335893,0.8014872090
0.8862235516,0.9401218881,0.9280275505
0.3387928159,0.4076589180,0.3307063646
0.4670535951,0.3526781263,0.4430487966
0.9009693166,0.9117404065,0.9207392410
0.0571609352,0.0538628685,0.1060513031
0.2345557948,0.3214340574,0.3560870885
0.8585875487,0.8914895265,0.8797657980
0.4788186318,0.3853243432,0.3206240740
0.0567418450,0.1098264074,0.0542385536
0.4094277146,0.4451565188,0.5190925459
0.7742408039,0.8126902182,0.8304206738
0.5760465923,0.4120082133,0.3742700835
0.2139624888,0.5975624462,0.7635642512
0.0464363925,0.0238518327,0.0325203089
0.1558190713,0.1569981256,0.0549739514
0.3557181448,0.1393257427,0.4297283415
0.2595961099,0.4247549666,0.4257395652
0.1382242976,0.0231450798,0.1450488117
0.4710483930,0.8602985322,0.6733868023
0.3309798039,0.4305530579,0.3831608180
0.7272621872,0.9106343127,0.7613509613
0.3043518227,0.4897880929,0.3611844354
0.5447094595,0.2994452362,0.1713394227
0.1120771897,0.1668009586,0.0982639374
0.3188970506,0.3270012816,0.3017253743
0.7459201498,0.6761572002,0.7435071493
0.8699381317,0.7830176157,0.7732731089
0.5272875402,0.0346520542,0.0476679034
0.8721076716,0.7844059266,0.8483959487
0.0139746190,0.0156784005,0.0244737551
0.9831250587,0.9905896132,0.9730172836
0.1148157725,0.2093094339,0.2131108187
0.9860121630,0.9947756857,0.9905457648
0.2674283563,0.3349296021,0.3866595341
0.8095921929,0.4614323357,0.4619873737
0.0961975127,0.0295859080,0.2486717271
0.5866659721,0.6782760117,0.5808714938
0.8068595683,0.7401880549,0.5851081777
0.6643537991,0.6301950216,0.5130825066
0.8441816179,0.8990676426,0.9093820087
0.3885409604,0.4495596627,0.5524951264
0.5256806519,0.5119003198,0.1592986292
0.6931096988,0.7155196384,0.7275654545
0.9212708180,0.9236821196,0.8789069233
0.0333152151,0.0857201391,0.0358045510
0.0911101456,0.4880705793,0.4987730733
0.5093578590,0.4607072807,0.3900281725
0.4293855464,0.3639695837,0.3374616792
0.7213188138,0.7572606145,0.6024021258
0.0099841908,0.0527536819,0.0100263055
0.9260169899,0.8663858673,0.8632382655
0.5142761199,0.1359940718,0.5180529000
0.1116196223,0.4349806444,0.3269006005
0.0728726201,0.0557224544,0.1597935920
0.9297031537,0.9556272548,0.9323712939
0.4186640399,0.7269168776,0.7385252446
0.6578759086,0.4517271673,0.4030020824
0.6390887604,0.5640963100,0.3207627826
0.0791552818,0.0240106762,0.1958798286
0.2246773544,0.0973042996,0.3489792960
0.8189799522,0.8108853795,0.8559883205
0.0451082310,0.0606793589,0.0534454233
0.2283277539,0.2325952162,0.4944050949
0.7432561524,0.7934007353,0.8680198839
0.5971389900,0.4519364917,0.3974688081
0.8959417395,0.9231894853,0.9375132406
0.0854770443,0.1885800509,0.0843971150
0.6136651091,0.7394311936,0.6085018983
0.1064526084,0.2785272188,0.2044635424
0.9507736203,0.9848634526,0.9795608177
0.4244226438,0.3507689620,0.2952386663
0.7517705036,0.7189714563,0.7663499065
0.4564277593,0.5446511757,0.2429861210
0.6921766366,0.6382732118,0.8183503943
0.9066319992,0.9416731457,0.8993201937
0.9300973790,0.8351352299,0.8976802234
0.8739263568,0.8983962543,0.9275578448
0.0143812902,0.0350709578,0.0859340828
0.5607705644,0.3354581580,0.5422420717
0.0489578339,0.0165843878,0.0790869622
0.5453593449,0.6704532083,0.5559135376
0.8959077613,0.7960502716,0.8009184722
0.0293990616,0.1149446686,0.0817728858
0.3004356201,0.4812652927,0.3859819926
0.0970727493,0.0219693504,0.0103935075
0.0065863057,0.0500331745,0.0221583449
0.8811115648,0.7992533580,0.9039770423
0.2580873904,0.5206645122,0.7941972641
0.5572554927,0.7550228815,0.7715271830
0.1642077965,0.2231944100,0.1908548869
0.3667207515,0.2264524207,0.2614056095
0.4196305249,0.3463710563,0.3380283355
0.1639990463,0.2740984423,0.2465831270
0.2751749853,0.1463562327,0.4636542605
0.1686955902,0.1654299727,0.1775248185
0.5711552468,0.3817046030,0.6573001840
0.3228565284,0.6660395123,0.3660193413
0.2069369330,0.1038824252,0.2511260873
0.1054231335,0.1978051177,0.0170167067
0.1342519160,0.1368035606,0.1293209585
0.3214990739,0.3130350312,0.2211234807
0.2253578097,0.2925456164,0.2000300963
0.8144035020,0.8760053470,0.7844606858
0.7324146764,0.6542807621,0.6699530933
0.1060926387,0.1413125785,0.2117330615
0.9709819826,0.9879592677,0.9818733169
0.3819352772,0.2956536692,0.2065784367
0.5814698270,0.4550449603,0.4733449374
0.6168076569,0.6021486886,0.4437988483
0.4184270362,0.3753099052,0.5855228474
0.4777861147,0.5414989892,0.3398674890
0.0312631618,0.0267799983,0.0756811786
0.3295023585,0.6594601044,0.1173657305
0.5370805553,0.4069043637,0.5814222993
0.3806127567,0.6191603963,0.3403159914
0.6182116231,0.8164500038,0.7301579323
0.6119115498,0.5168594696,0.4366948570
0.3534018210,0.2694456847,0.3168243659
0.0679686751,0.0769042513,0.2160359782
0.1625825364,0.4781988584,0.2368991171
0.1887618121,0.2773011873,0.2308500304
0.2389423622,0.3831023842,0.3283157521
0.5004844544,0.2442803373,0.2706242072
0.0776648942,0.2598387007,0.1190433481
0.8204532169,0.8483483331,0.9406082778
0.2092977669,0.3481971299,0.1843994967
0.8148283802,0.7701651025,0.8223907508
0.1623113728,0.1705777402,0.1365478481
0.2851105764,0.2642912440,0.2939505767
0.9913003128,0.9701242706,0.9776703535
0.7444907441,0.5601966670,0.7276480726
0.5355166890,0.3275176201,0.3895061283
0.6839952564,0.6650244861,0.8603267814
0.7739047323,0.8261226461,0.6371353397
0.8147414412,0.8600717211,0.7370572396
0.4017519448,0.6795190901,0.4892900540
0.8574676337,0.8708406726,0.8907668214
0.7490085397,0.5864267271,0.8015420406
0.0576529317,0.0090509946,0.0087027845
0.7807680014,0.8284480111,0.8059449278
0.8438058435,0.8574057762,0.8590353013
0.8126010822,0.7872424769,0.7490611375
0.0096788849,0.0060888291,0.0025324781
0.4417408418,0.6768505205,0.4118830674
0.0143899976,0.0297733645,0.0362137164
0.8866125381,0.7628928219,0.8759405860
0.3772714535,0.4274784164,0.4720007938
0.8383930072,0.7996480225,0.6822404454
0.0873245880,0.3291200814,0.3800034748
0.9239974298,0.9266432145,0.9284311866
0.5562720361,0.7258384001,0.7276587087
0.7973465587,0.1957114236,0.0890195230
0.4210289228,0.1566908700,0.3124131112
0.9507838552,0.9123389013,0.9502841818
0.2165464099,0.2921361988,0.2295973358
0.2320290349,0.4100647337,0.2494302854
0.5553647837,0.2566837534,0.2654748675
0.2119477511,0.0690026088,0.0989625714
0.3629381591,0.4715204548,0.5695243487
0.1100603150,0.0763331576,0.1517563941
0.1280089556,0.0730157741,0.5267239073
0.6376800421,0.5421878852,0.7298242836
0.2162116841,0.3662820031,0.0980467008
0.8811648327,0.9371290649,0.9516892700
0.6681532510,0.4646192080,0.6366659959
0.7378040359,0.6627312264,0.8204094943
0.0544336928,0.1133917590,0.0529402444
0.4523182036,0.7107017231,0.5354989158
0.3344415886,0.3796957371,0.3598250411
0.1385228027,0.3419644183,0.3381204293
0.7298951320,0.5441887989,0.5446375980
0.1762180932,0.3519149618,0.1458637536
0.0471785730,0.0833476056,0.0392595919
0.2319579909,0.4121808384,0.3477081689
0.8848514295,0.8063307712,0.8493790238
0.6604923116,0.6188274193,0.8252357171
0.2632875161,0.2250683721,0.2801389348
0.2013149841,0.2541192991,0.4644607843
0.2439416030,0.1993256355,0.1741485023
0.2590812931,0.3806058520,0.4005043604
0.6865359808,0.1991362348,0.2125976109
0.2875827541,0.3167861543,0.5833084228
0.3300021804,0.3878049800,0.5352214394
0.0861129834,0.1077393165,0.0752027449
0.9131762518,0.9469618819,0.9257293084
0.3179141536,0.4574519774,0.1352203808
0.5642215255,0.6014755692,0.3769520134
0.0400985919,0.0005628123,0.0226611176
0.2338488287,0.0944761402,0.2322972402
0.6208873864,0.4333568293,0.4922959704
0.7745889875,0.5566403644,0.5301589944
0.7265790264,0.7216381040,0.6635799491
0.3619311766,0.1951707540,0.0697607410
0.0399184374,0.0489822593,0.1428102859
0.4931364689,0.4840379348,0.4785691857
0.8372065834,0.8427017729,0.6572191838
0.4027895606,0.5613604902,0.5259189525
0.5193863260,0.6598589910,0.5948274003
0.2285393712,0.0536613926,0.1623387382
0.1515110141,0.2383812424,0.4877062074
0.7452670016,0.8448470872,0.9109277898
0.8279481262,0.6878211828,0.5669500424
0.2640596260,0.1671569035,0.1724923814
0.9569706056,0.9754345399,0.9407777468
0.0904213456,0.0618179548,0.0723174166
0.8813361815,0.8965081969,0.9235141767
0.1201946293,0.3744946070,0.3886294869
0.3763613588,0.3435926789,0.1753367382
0.6876157019,0.8840898011,0.7105833226
0.9251266560,0.9397940265,0.9527665621
0.6826299818,0.5894264736,0.7172059564
0.7546776621,0.6964300359,0.7807978269
0.3589736218,0.7705398677,0.4093795601
0.1921404016,0.2758989947,0.2638804055
0.6489877276,0.3151475618,0.4904581278
0.5905906444,0.5780695933,0.5498239414
0.0577291736,0.1504338312,0.0963321623
0.5053914882,0.5295147558,0.5958377879
0.0072236808,0.0302442552,0.0172661791
0.2574219849,0.1880220049,0.1970901971
0.9762038595,0.9754811793,0.9643629645
0.8128958385,0.7180269504,0.7028094091
0.7596947305,0.6314526627,0.6048859181
0.2726337093,0.1126299693,0.3649731880
0.2131003638,0.4934561824,0.2162740868
0.1490858227,0.1183819805,0.1622933265
0.6373524581,0.7068400396,0.6466476469
0.1689511529,0.2228133169,0.4112402544
0.7722619196,0.7980569313,0.8783517789
0.9856085202,0.9867957661,0.9589659461
0.4384233412,0.3940399028,0.3648456809
0.8313224305,0.8101860187,0.8654333756
0.2062700089,0.2192740364,0.2531521849
0.0013751873,0.0530421393,0.0502631619
0.6052631985,0.6768707458,0.6338302901
0.1739577400,0.2719191780,0.3100584425
0.7408935949,0.7203169631,0.6658650346
0.6798022272,0.6525861240,0.5281661942
0.7153368004,0.7805996671,0.7419056350
0.2394611584,0.3289219626,0.4174958719
0.1580616828,0.2496605790,0.1833536318
0.7046778733,0.7651398575,0.6809119868
0.7262985718,0.7014995866,0.5252119896
0.1523174576,0.0496255126,0.0281183441
0.4373682124,0.5687859924,0.3836288475
0.7375258748,0.4720251445,0.6729745199
0.5148783939,0.5586779486,0.4766096366
0.7905351361,0.5429101311,0.5565398142
0.7432996058,0.3866295360,0.6910020909
0.7755212739,0.8554406796,0.7770630156
0.2508648405,0.3279596787,0.3191842836
0.1470537052,0.2019385814,0.4739867106
0.8312930233,0.9114964476,0.8754173345
0.2564198939,0.2134570761,0.3315302880
0.9363963623,0.9421768009,0.9354279523
0.0991292504,0.1254904854,0.1606940827
0.3803588091,0.3337193863,0.3262773026
0.6189387660,0.5309251494,0.3867375233
0.6336555427,0.5636882789,0.4344322946
0.2087981223,0.2051563503,0.2588278790
0.2022946974,0.4640038917,0.7173022024
0.7211324673,0.8679329905,0.8495557178
0.2238210306,0.2434537041,0.4718898562
0.0302265375,0.0692132170,0.1469959043
0.8903326419,0.9189840901,0.9519775571
0.3993828593,0.3687266254,0.5943141153
0.1939922036,0.1715710218,0.2690732614
0.7506422587,0.4110229519,0.5877003058
0.5668632459,0.1591862189,0.2787690247
0.0000936787,0.0009561149,0.0106675880
0.8990708734,0.9194015960,0.8785568128
0.3931721854,0.5051641681,0.4509064129
0.7217269914,0.6998969441,0.6408330902
0.4053420822,0.3043845904,0.5714881229
0.7292919566,0.6829407383,0.6699272555
0.1084145031,0.4716141853,0.5225597051
0.0950280965,0.1466643559,0.0226310404
0.7994501995,0.5774853679,0.6688814207
0.9776121380,0.9535727581,0.9773216134
0.8281996819,0.7779710765,0.6355735586
0.8285088565,0.8832521869,0.8097200551
0.7972712754,0.8529481620,0.7981231703
0.3078860053,0.3664982558,0.2049603484
0.4920919107,0.2041816155,0.2072495325
0.1303777682,0.1316462989,0.2677732949
0.8651713490,0.8188699963,0.9303610254
0.8412030555,0.8363351010,0.8469590386
0.1218832243,0.0603735489,0.0882456687
0.0963253311,0.1041872293,0.1819976907
0.5186443595,0.5709646550,0.7633130539
0.0571661046,0.0190343791,0.0116799625
0.8052652374,0.5086627566,0.5337994291
0.6987887246,0.7167983769,0.8297040365
0.0547524871,0.1144951802,0.1032687978
0.4956133430,0.4308795592,0.5212179865
0.3963209267,0.5113160740,0.3993162482
0.8721527285,0.8764959911,0.8906870674
0.2710992246,0.5620290170,0.4984929276
0.1492266694,0.0979343079,0.0887292334
0.4914448797,0.5744677712,0.3721042894
0.6262901388,0.7479721673,0.7941731110
0.5246516866,0.1906245959,0.2946658104
0.2761951063,0.3496830278,0.6322721792
0.7675651778,0.9454891348,0.8806666562
0.8196388830,0.7855738503,0.9148699357
0.3974792397,0.2174052947,0.2774068624
0.8141394010,0.6463286972,0.4889965989
0.8193332279,0.8263010085,0.9086750324
0.9648564348,0.9704403827,0.9357357372
0.0016458257,0.0446242498,0.0096333917
0.6176250958,0.7433130995,0.5932703046
0.1076058373,0.0793314028,0.2459051853
0.1065535774,0.0726008123,0.0721423537
0.6000304505,0.4965866820,0.7331872535
0.2653017726,0.3361545299,0.1658954991
0.9062114666,0.9133399295,0.8577587522
0.0259951360,0.0616750794,0.0355135376
0.3334758283,0.2044593540,0.3955154212
0.1033753490,0.0363883623,0.0452149448
0.9382754467,0.9713814605,0.9487002316
0.3485143809,0.5763088006,0.3982564786
0.4342533132,0.4524061446,0.3963441179
0.5105829843,0.5222348944,0.5843001045
0.0130202470,0.0574927248,0.1307328719
0.7097498434,0.3414648208,0.4978752094
0.3292329720,0.6142852934,0.4727299504
0.5657463980,0.1550453724,0.2459957075
0.6698226862,0.7652443143,0.7615169553
0.3396071346,0.7196385151,0.3879062452
0.0931704275,0.0399365720,0.1122301078
0.4047031158,0.3764488354,0.2824597215
0.0497405302,0.0772072854,0.1163441756
0.8638418493,0.8720923662,0.8201183800
0.0295272518,0.2178354240,0.0690934885
0.2371803377,0.2471816705,0.4779386251
0.4258374908,0.6102342373,0.2800617700
0.5847773710,0.3712389926,0.2240388811
0.7332497599,0.6400047399,0.7436097224
0.9922243514,0.9719778785,0.9720015871
0.9730758625,0.9663480185,0.9639500661
0.0203621269,0.0120675826,0.0042520002
0.7486784978,0.7298073870,0.7947678893
0.8975138212,0.8405004258,0.9044940404
0.5420640075,0.5934588234,0.3213712806
0.4901092647,0.2821134452,0.6131483384
0.6983216429,0.7671087088,0.6241929643
0.0910975771,0.0345209801,0.0151589895
0.7704931257,0.7305346688,0.7277819171
0.6019190121,0.4341612580,0.4164044931
0.2995593792,0.5755146953,0.1963314447
0.6325353609,0.4167176244,0.4114964030
0.7509198657,0.7712883064,0.8201177159
0.4801335018,0.6193296905,0.5098742796
0.5834817425,0.5851471730,0.5336549194
0.4515574587,0.5808586469,0.6470235933
0.9838082257,0.9820430095,0.9762166222
0.6368197985,0.6719421191,0.5003128714
0.0048346919,0.0097976959,0.0299956569
0.2783845612,0.1376502082,0.2337791147
0.7462850304,0.7187225131,0.7920160776
0.0655912580,0.1338708256,0.0562849815
0.0497783057,0.0367709088,0.0072706570
0.1837586330,0.0565248617,0.1878161405
0.7683821204,0.7701069788,0.8900831397
0.5492258788,0.5561132811,0.6770862117
0.0582259113,0.1818108540,0.0541606731
0.2796279009,0.1594135139,0.3051619457
0.4303393980,0.4057815263,0.2602353288
0.6865834932,0.8543156808,0.8087529178
0.9493845481,0.9682218931,0.9269252010
0.8708254931,0.8212900387,0.8618679644
0.3699161153,0.2400450616,0.4152635751
0.5905600223,0.5637109206,0.5646062691
0.5019360123,0.4890686969,0.4656933712
0.1893813544,0.1821409770,0.2149998455
0.9514232124,0.9316342354,0.9607399758
0.3345767560,0.7229777246,0.4991489800
0.1533271887,0.2843633692,0.1244871704
0.8426502179,0.4146651404,0.5805370385
0.3604024668,0.1620450469,0.1942794232
0.9356164795,0.9058776228,0.8998083742
0.7660468825,0.5019839997,0.6935226359
0.4103421067,0.5207334250,0.3307206370
0.6466075831,0.7190526591,0.8395866872
0.9664723873,0.9731645782,0.9692165371
0.4984929049,0.5407474740,0.4162560392
0.1883921128,0.3131918898,0.2822101323
0.9128752727,0.9296758295,0.9368851286
0.3805184012,0.3408284801,0.4276124834
0.7585447241,0.7784247654,0.7524462968
0.4712218717,0.5165499283,0.5489781903
0.5999888842,0.5263239104,0.6256474569
0.8659907636,0.8460155933,0.9328739127
0.0591591184,0.0904108678,0.0927003295
0.2959012498,0.2813119417,0.4379691688
0.1061795007,0.0596860468,0.0303374488
0.6726620016,0.6293923731,0.8066517894
0.6864371433,0.5334485607,0.6429010755
0.6799998699,0.7848689511,0.5618753173
0.6005507430,0.5950495606,0.7726217358
0.6390723881,0.4683585008,0.7217381476
0.2453484549,0.3426676808,0.3945848167
0.6290215572,0.7869987640,0.6072718437
0.3094429958,0.3590784844,0.1969323840
0.3629429736,0.4831257212,0.3621945077
0.7617147207,0.7132528043,0.7410124099
0.7214764791,0.7754531879,0.8358784719
0.5157892712,0.2441889732,0.1512399189
0.1947834456,0.1543204404,0.2882811038
0.8506227373,0.8253672336,0.8329454190
0.3009912602,0.3265932489,0.3591462919
0.5614840398,0.4074162944,0.6374685263
0.8930756263,0.6300041802,0.6256124563
0.8283546414,0.8576649177,0.7857518027
0.0875231476,0.1180167362,0.2675511220
0.5458862239,0.5755411690,0.5099751502
0.6206642190,0.5038469892,0.8848242653
0.2532221124,0.1117178122,0.2461635915
0.7892983485,0.8125398011,0.6553893239
0.0890390568,0.3721403998,0.0367372203
0.6932695379,0.6274162148,0.4033551306
0.0852520253,0.2781214782,0.2561672303
0.1165770768,0.2585732662,0.1528310344
0.4470615269,0.2182922620,0.2327263033
0.8450682270,0.7189346966,0.7336420264
0.2337559344,0.4735472900,0.3393202082
0.3273971769,0.4940267178,0.3791290871
0.9769824022,0.9540930118,0.9647595546
0.2626992359,0.3327386293,0.3307584735
0.5561982232,0.5651012003,0.4734919795
0.8054563991,0.5598079236,0.6888558345
0.6964241657,0.7167165807,0.7075240795
0.8421065557,0.4799765861,0.5184317025
0.4317236557,0.1872613200,0.2569699348
0.0522844119,0.0272615307,0.0437128146
0.9935518120,0.9967655496,0.9919644145
0.5874310937,0.3791414254,0.5142334357
0.0013977809,0.0090829301,0.0127023544
0.1375447042,0.1434515878,0.0954157328
0.6236034376,0.4962493844,0.5903861843
0.9954965105,0.9952468531,0.9968720914
0.1602571229,0.3777421280,0.3326099759
0.8693963848,0.9073915593,0.8909105122
0.4879848040,0.2961774737,0.1289043351
0.8325707027,0.8034741954,0.8711957469
0.9827218466,0.9770014392,0.9736626244
0.5619272129,0.6105635952,0.6025069312
0.0718964570,0.1472586377,0.0668261627
0.1098461713,0.3443950805,0.4415108035
0.1805382987,0.4472457752,0.2078836937
0.5372868848,0.6157893226,0.4517341280
0.7627618094,0.6715113921,0.4708415927
0.7100878566,0.6396004152,0.4531588657
0.1019593651,0.0158154692,0.0136707291
0.6351175249,0.5755107701,0.5114878681
0.7496174828,0.5714235513,0.6289329990
0.0880309909,0.1542764628,0.0638576207
0.6956201664,0.5623927486,0.6200771586
0.5355204069,0.4573093960,0.3373569481
0.5792896557,0.5597554810,0.5526171493
0.1720366786,0.2639860400,0.1983893934
0.1640310379,0.3121621376,0.0994194512
0.4137144213,0.3019573037,0.5997775775
0.7382530662,0.7117666819,0.5630734490
0.5884965999,0.8085325366,0.6768439527
0.6055408305,0.5668868511,0.6211353528
0.9519227735,0.9669349679,0.9671991951
0.9713576723,0.9431038103,0.9293228640
0.6512600083,0.3440295172,0.2493548382
0.6943446674,0.7372639547,0.8589654332
0.9449655668,0.9571643989,0.9429299287
0.9865634794,0.9711673191,0.9705380107
0.0448764388,0.1649755022,0.4891392525
0.2005452593,0.2045462053,0.3177510674
0.4210349968,0.6367186923,0.4657329233
0.5182275796,0.3914186306,0.5474132064
0.4864327386,0.6921501470,0.5901211455
0.8763218129,0.8610305368,0.9055997649
0.5386627889,0.6409321021,0.5321125013
0.1032812723,0.1797859794,0.4674312207
0.6512569831,0.7367317313,0.7373658400
0.9534042907,0.9250077213,0.9231207175
0.0968158322,0.0062785830,0.0652065939
0.5149171463,0.5364394138,0.4039535248
0.9092301043,0.8681106891,0.9102988239
0.3109366985,0.3596661235,0.3240727996
0.5517511163,0.5396188762,0.6433804123
0.3841241732,0.4952359319,0.2211437200
0.4121782190,0.5549892878,0.3715849670
0.1439293833,0.0256693248,0.0800686899
0.7999697782,0.8296807163,0.9370699185
0.0936067593,0.0547596701,0.3042340645
0.2637740774,0.1750545616,0.1988056061
0.0576567161,0.0005054998,0.0028904809
0.0433467654,0.0396112541,0.0280384803
0.7574396293,0.7110615975,0.8195238485
0.1502707539,0.0885968166,0.0498494384
0.1908542208,0.4877216339,0.3738089287
0.3211792018,0.6213086056,0.2604111862
0.5781993175,0.6548699146,0.4284489244
0.0262291799,0.0253272496,0.0341308498
0.4628265649,0.3770291919,0.5245808426
0.6881702778,0.7853510713,0.6776360749
0.8872170493,0.9462957209,0.9154423049
0.5382728676,0.7604165541,0.7016424486
0.3117108621,0.4898583021,0.2566205949
0.4764105879,0.7626546993,0.4303057096
0.2479149965,0.2115434493,0.3564432105
0.4595559696,0.3701140427,0.5190284621
0.9640803744,0.9458842680,0.9303858425
0.7271514012,0.6631365409,0.6859333538
0.0771442908,0.1015657615,0.0852021824
0.6020141015,0.4395949276,0.5271176416
0.7534455540,0.5392622756,0.6282776363
0.0552482379,0.2749788307,0.2383641224
0.3568732750,0.3900538122,0.6467436853
0.5853356920,0.7310273182,0.7710739914
0.4938868214,0.2351893593,0.2898132956
0.8092975422,0.8874568415,0.8789943577
0.7876124285,0.8151168386,0.9005955651
0.8579181829,0.8666368707,0.9040251145
0.1892956793,0.2785835338,0.4303738094
0.9300193994,0.8573728444,0.9362277991
0.1814924794,0.2114050570,0.3519608099
0.5194897314,0.5857128030,0.5516863007
0.8077980943,0.8614488166,0.7843735346
0.7094530788,0.8133187248,0.8468832313
0.8654154904,0.8546900675,0.8134642029
0.7363615991,0.7520207486,0.7723661357
0.2570709905,0.6020820265,0.1807663425
0.2907939939,0.5641243992,0.3966516911
0.2902361514,0.5826806510,0.3856647543
0.8361672017,0.9240990846,0.8948552257
0.5046636706,0.4242158316,0.6780649568
0.6176336639,0.8264353496,0.8136551405
0.9935316632,0.9912045335,0.9893458774
0.5918501059,0.6061455939,0.4635497706
0.6929245460,0.8847097760,0.8242851795
0.5879574757,0.5310166065,0.5847543028
0.3098364993,0.1761223580,0.2156480029
0.3417003095,0.0678454218,0.1146436469
0.7038087565,0.7515378605,0.6985554447
0.9917876830,0.9960375952,0.9965292649
0.0840745451,0.0605761649,0.0855116969
0.6973815005,0.8355720586,0.7330440966
0.1142317697,0.3081826503,0.1595215004
0.4498719303,0.3622878775,0.2613106248
0.4712420776,0.4227468636,0.4828571203
0.4823113985,0.2747103626,0.4190974126
0.5208896849,0.4430960979,0.5423387061
0.8583820842,0.8612144336,0.8680062529
0.4195005610,0.2699245289,0.5786352496
0.6569295213,0.8944413544,0.8300164514
0.7414500314,0.4671281025,0.5585689270
0.6099881365,0.5962762909,0.3853490773
0.0798810411,0.1932637783,0.1215072426
0.4432434245,0.2455355344,0.2432300973
0.9661461372,0.9639937126,0.9317721118
0.3200359218,0.5419190363,0.2106674307
0.7629316106,0.8053393384,0.8005980774
0.1366860605,0.4442430265,0.0560695701
0.6850854000,0.8978033163,0.3328765710
0.5721894099,0.5343625009,0.6513464324
0.8249465918,0.7680942322,0.7678046715
0.0724488769,0.0383228600,0.0474108975
0.0704110956,0.1106229368,0.1291508299
0.1944819650,0.2526873602,0.0849933112
0.8342701359,0.7773137969,0.8629293645
0.5932047946,0.5254821007,0.6306533841
0.0094595607,0.0051427028,0.0065338787
0.7758865887,0.8408051423,0.7201463498
0.3403110331,0.8583980700,0.5390478888
0.1529994680,0.0397281113,0.1260855046
0.2965337876,0.2296985479,0.5780091618
0.0780211225,0.1069823883,0.1215727350
0.9217214640,0.9715400006,0.9433780661
0.5744049862,0.6692992711,0.5838540617
0.6076734233,0.5038351286,0.5398359230
0.2286152337,0.5374729510,0.3563728115
0.5680631593,0.6106364422,0.5721497889
0.9881265811,0.9278014449,0.9242984630
0.0934487264,0.0920613786,0.0192926424
0.7789418634,0.7778755348,0.7364473121
0.6387784286,0.5237700891,0.6388319989
0.8618447914,0.8432278996,0.9079974083
0.8944882567,0.8995834731,0.9437332398
0.9081841706,0.8518148391,0.7619212531
0.7930744488,0.6843157356,0.8958982877
0.1730915696,0.1113071182,0.4673772278
0.3916328840,0.5470463736,0.6611834184
0.6436702391,0.6037164570,0.5439133851
0.4511822562,0.4028130851,0.2749346932
0.8760598109,0.7717661050,0.7785547565
0.9691691164,0.9610286030,0.9768531252
0.7460352444,0.8652748970,0.6782929717
0.6053375972,0.7198338678,0.5480872654
0.0198916591,0.0170617482,0.1327640826
0.6168743626,0.6098525836,0.7626065950
0.9902913670,0.9910479729,0.9853903242
0.9179667847,0.8926976246,0.8764651217
0.6697137061,0.8429259154,0.8617948121
0.4448661259,0.3127043877,0.1866550902
0.5702976037,0.7143761496,0.4775765199
0.1154341637,0.1440692112,0.1730960396
0.8808130571,0.8841743022,0.9015479417
0.3733914225,0.3383331014,0.2781352694
0.3403349938,0.2573808776,0.1127619946
0.1128985735,0.1378917256,0.3363548763
0.6579067077,0.2062940774,0.2268797983
0.4792073535,0.1951348855,0.0747058314
0.5352490347,0.7114028861,0.7858534863
0.8443271798,0.4876816759,0.5550710276
0.7351457323,0.7842287923,0.7980564778
0.0510034276,0.0098656960,0.1260226411
0.2990395635,0.3529520972,0.1722880892
0.5937550513,0.3945592531,0.2339612535
0.3564655467,0.6059656378,0.3161233278
0.1366090329,0.2084362441,0.1290286813
0.3984646155,0.3467857731,0.2953832222
0.2153224965,0.4172872077,0.3339877479
0.0258982265,0.0939436511,0.0709800648
0.4519047935,0.2393820943,0.1265389485
0.9074937068,0.4401358604,0.7501697000
0.4841752769,0.6686284824,0.6249877092
0.0947410426,0.0447177376,0.0599211851
0.3564290979,0.1442721165,0.2717371132
0.7952346568,0.0771377767,0.0944523251
0.4446962212,0.4607329225,0.3724825589
0.5326463175,0.5901759643,0.6347161486
0.5805258833,0.6252541176,0.6984113510
0.8501408715,0.7448283589,0.8602569559
0.9739845659,0.9695424115,0.9821237737
0.5850568521,0.3748670327,0.5445662198
0.1235465054,0.1000964628,0.2247788392
0.7214945731,0.5638143372,0.4984957749
0.4808297756,0.4633977760,0.7228644926
0.9897347070,0.9941100200,0.9900708777
0.8316366971,0.8363173116,0.7741481166
0.5945067249,0.6855002803,0.7337156881
0.9898032117,0.9914787101,0.9919710952
0.4654007302,0.4949771001,0.4906417021
0.2530473548,0.4905282734,0.3392493311
0.6387389736,0.8045026650,0.5385665205
0.3766743462,0.5473034754,0.4746965902
0.7409260407,0.7540631750,0.8223373487
0.2763958350,0.1427624700,0.4819096158
0.7965887848,0.8825739070,0.7487635219
0.6456069585,0.7030432381,0.7165096954
0.8966301938,0.8417788343,0.8600902451
0.0385458975,0.1014733783,0.2991137765
0.3886003017,0.4258677100,0.5200460726
0.5209245296,0.4896909647,0.5639996128
0.0882572907,0.3578947792,0.0688946948
0.0787217443,0.1112021517,0.2881383466
0.1709828261,0.3455108261,0.2762207103
0.0987087502,0.0198994117,0.4828118376
0.0422503807,0.1481125195,0.0388730973
0.2814124290,0.2926849028,0.3792057444
0.6331850383,0.3304105713,0.2035671753
0.2815566177,0.3517805221,0.1944293614
0.1566697386,0.1056792134,0.0883200967
0.5171163007,0.4766548854,0.5221623758
0.3149511023,0.4052038217,0.5201091076
0.1878582841,0.1328418864,0.0740703897
0.7419740097,0.6363946519,0.6975579512
0.2711724104,0.2467836026,0.4262832590
0.6577384440,0.4404270992,0.8245523774
0.5858220745,0.6811458502,0.8343756956
0.1319562609,0.2175587673,0.1678776657
0.5523999391,0.6545583686,0.8041152738
0.2097405432,0.3010309349,0.4196768702
0.2324587789,0.0723531748,0.0521012515
0.8325162589,0.9037610209,0.8057449587
0.2715607850,0.0679758936,0.0439973914
0.5007099001,0.2643186752,0.3926685508
0.2154041842,0.3895060577,0.3818720720
0.4569876746,0.5984203177,0.2699197885
0.2859005104,0.5426106006,0.7200804999
0.1225671670,0.0623705300,0.0822047680
0.9538770241,0.9566006200,0.9607460013
0.3371913435,0.1968488281,0.1491892968
0.4177540176,0.3329834403,0.3672811323
0.4939387456,0.4376900494,0.5102157824
0.8707523938,0.7475587281,0.8045362591
0.2662776147,0.4944856544,0.3267645927
0.0827389429,0.0118442363,0.0069549971
0.6926024235,0.6402050806,0.5631870067
0.6544002677,0.3617585678,0.3748928501
0.6563525637,0.7375397337,0.7321782869
0.5802376212,0.5538201896,0.5981300125
0.0129511083,0.0142710165,0.0258971392
0.2392998717,0.4326573290,0.2523615085
0.1341653189,0.0970175503,0.1039926285
0.1648410044,0.2088346736,0.1062610544
0.8356205201,0.8885957595,0.8808536128
0.5602216846,0.5483074476,0.5679881489
0.4954642693,0.7440235849,0.6503115899
0.2045842246,0.3114965948,0.3184887717
0.7327418504,0.8314780019,0.7155579582
0.6623152272,0.3232449649,0.3475170828
0.3547069217,0.3650417062,0.3588344820
0.6724536788,0.5549497372,0.6376872213
0.5861942703,0.7635116232,0.5740813206
0.3234004781,0.1244159264,0.1481214071
0.8670607650,0.9538723169,0.8389434734
0.5745225876,0.7274706012,0.6814767987
0.3367114373,0.6792099435,0.4223847274
0.3859264011,0.1699752044,0.0770567411
0.9192720859,0.7685859463,0.7046124935
0.6894622324,0.5018220842,0.5870659294
0.8628383524,0.8312446009,0.7782906234
0.0790600572,0.1369181704,0.1238839239
0.3972258336,0.5638016075,0.6414092649
0.1216273681,0.1614979936,0.0877670781
0.2885283758,0.5021102231,0.3752968417
0.0909112878,0.2463111581,0.2457144254
0.0323134462,0.0754960388,0.0848754667
0.1989729812,0.2862243422,0.2772030032
0.5821022126,0.4531785967,0.4190664134
0.3349735256,0.3341632316,0.3659607169
0.7027239660,0.5594998302,0.6285826529
0.3633293841,0.3814880040,0.3410193366
0.8304358959,0.6681018139,0.6246669543
0.2894145559,0.4081426972,0.3888059050
0.2936208002,0.2318883793,0.1015224025
0.3507405769,0.6277901759,0.4311963852
0.4642804424,0.5636411627,0.2880737855
0.1920546611,0.1643460492,0.1231386788
0.0493957131,0.0430593151,0.0941321946
0.4802362231,0.4737385645,0.4309334220
0.0782595595,0.0855376148,0.0846455864
0.8494178533,0.8697353782,0.8853190035
0.3173229470,0.1999988243,0.4369274486
0.4553717881,0.2370160804,0.4139109110
0.8408408623,0.7342451373,0.8032482861
0.4568839884,0.4579034991,0.4931062328
0.8141857850,0.6488836652,0.6512929640
0.0175288195,0.0050204560,0.0193787567
0.0414952838,0.0953473684,0.1534774947
0.1524612893,0.1350831696,0.0535454600
0.1684277628,0.1698704690,0.2400002723
0.9886918308,0.9886467696,0.9934106904
0.9868471391,0.9847591860,0.9934260765
0.0875413848,0.1896464283,0.0264755264
0.3789876059,0.2993645855,0.3717892923
0.6781766646,0.6724526583,0.6374356864
0.1069825643,0.1495949484,0.3288853655
0.7655831912,0.8781510751,0.7684121971
0.6063845588,0.4436752830,0.4544732991
0.0217707000,0.1506606564,0.0060999355
0.5032510388,0.3929436078,0.3570599393
0.3446947571,0.2112098851,0.4513064283
0.7053533792,0.8252071379,0.7590832727
0.6027469842,0.6159837087,0.6791170540
0.9756241858,0.9690216317,0.9589134847
0.5227765236,0.6241456549,0.5803813922
0.0188300810,0.0975186741,0.1259155420
0.0509573550,0.1827560922,0.0543663603
0.7297672770,0.8169263468,0.8209175035
0.1177600121,0.3629179075,0.1015709110
0.4270999805,0.3976004023,0.5292428295
0.9371575724,0.9454946901,0.9843045747
0.0590712498,0.0629813081,0.0571495157
0.7074607348,0.7613754554,0.7301262518
0.2651510183,0.3895772752,0.3241049819
0.5037195661,0.4972510318,0.3820302471
0.0908395681,0.1007817593,0.1699588411
0.4050598241,0.4364738796,0.5250140002
0.0154258893,0.0492872811,0.0673097991
0.0650126287,0.1079161737,0.0547360564
0.7101911839,0.6112332060,0.5119590242
0.8277706940,0.5842275508,0.3858302680
0.3520728399,0.1783838315,0.7729603881
0.9410870030,0.9185707242,0.9235951155
0.2823873458,0.1237072918,0.3471604687
0.5412773197,0.6821353541,0.7399371405
0.9386437105,0.8215064906,0.8638974457
0.1693976552,0.3477686151,0.2748045488
0.3214376156,0.2999909542,0.6880990245
0.4344410218,0.5485962868,0.4025911606
0.8109424662,0.7243415192,0.8338786541
0.3057668267,0.2873955380,0.2859157313
0.9862134927,0.9842491528,0.9773206336
0.7863569002,0.5914317578,0.5769644792
0.4587866564,0.6887965947,0.2752334247
0.9963840743,0.9948488850,0.9964795820
0.7473670288,0.7572329942,0.8510485634
0.0126574883,0.0370371068,0.2277661654
0.4791005138,0.7915076882,0.6907498020
0.3780739938,0.6601897402,0.4563977325
0.4806274392,0.5349084822,0.6921486958
0.4324692726,0.6811671525,0.5422527705
0.7321006975,0.7236517973,0.7898686810
0.3649730113,0.1931562181,0.1868418253
0.9812337384,0.9541649004,0.9656550586
0.6007683659,0.7180055589,0.5184046387
0.8006211859,0.7835643689,0.7479750914
0.4602244707,0.3693291919,0.2557013548
0.9978918600,0.9943029823,0.9974541327
0.6782379209,0.6649111601,0.6787488860
0.5884023891,0.3005987609,0.4692306248
0.4652261095,0.7193391619,0.3643356581
0.9027811409,0.9183809947,0.9232969173
0.5448711379,0.3609414371,0.3301243130
0.4358387076,0.5328266312,0.5655583587
0.7540059719,0.7193963345,0.7792975196
0.2874985027,0.3107834528,0.3001577872
0.3248027239,0.1693362395,0.4784497474
0.4919434530,0.4245394950,0.3116411104
0.7390624033,0.5050024486,0.4861402545
0.5608797231,0.4720431027,0.5203673441
0.0488625615,0.2602659411,0.1289582681
0.2665331141,0.0621532688,0.0936283796
0.8725262786,0.8842205924,0.9362413807
0.5811826155,0.5354882948,0.4644504202
0.3982659696,0.5829855681,0.3176172449
0.9863716158,0.9895801357,0.9710404170
0.7716313199,0.6217056146,0.6046632978
0.9303060594,0.8555394928,0.9175694357
0.3551900093,0.2346143794,0.3703543976
0.8725551688,0.8821125697,0.8409305266
0.7910808488,0.8092522063,0.6636663070
0.8219578619,0.8160572475,0.7661616363
0.6765200053,0.7425291301,0.6761356280
0.0036158565,0.0796205725,0.0127756910
0.0606218619,0.1845581554,0.1370665801
0.0967397882,0.1056994876,0.3811167428
0.8654721450,0.3981432455,0.5635672617
0.3339693304,0.6061958106,0.5185149449
0.5854620043,0.6583528375,0.5706131695
0.8926015643,0.7568774221,0.7798366677
0.3619055785,0.4483189744,0.6436904894
0.2013713305,0.2658058981,0.2133258152
0.4886746647,0.2185526546,0.2059669289
0.6329295243,0.3845163574,0.5358084753
0.4626040655,0.5244021341,0.4176394405
0.7136811107,0.5794338997,0.4530036082
0.9393881291,0.9049149081,0.8882579382
0.3906812894,0.3530646800,0.6024053417
0.6085650533,0.7169624334,0.6365225573
0.5074600225,0.0781064164,0.1065515203
0.1612194950,0.2628042217,0.2836596107
0.1056141970,0.0056574577,0.0370909340
0.3524896961,0.3850472611,0.5411997598
0.6170137814,0.4868635619,0.4549739417
0.8649381298,0.8488683053,0.8603622404
0.6126810320,0.7975208575,0.6035862405
0.6491393507,0.7138507754,0.7499234424
0.9367786857,0.8943679923,0.9212527477
0.6196356154,0.5137844686,0.3122377863
0.0115764733,0.1500054681,0.0575983112
0.0948941255,0.3389290751,0.0179862482
0.5141228282,0.2400521106,0.1966676787
0.3022905390,0.3270745593,0.4167546588
0.5391044219,0.5790581127,0.4574211144
0.1758208329,0.1309790871,0.1787734368
0.1362481840,0.3732449508,0.1019955035
0.3296702156,0.3896506008,0.2182227277
0.7671012199,0.7308062660,0.6743676095
0.7669274044,0.5543056858,0.4796595143
0.7965036761,0.7618330767,0.9104812269
0.6246192475,0.7244398368,0.5743729033
0.9901085231,0.9877252793,0.9755858116
0.9011970029,0.8684240177,0.9606978274
0.7250717808,0.7461471168,0.5689405744
0.6513401657,0.7218653459,0.5685914004
0.6782895124,0.5911336406,0.7790344579
0.1004434576,0.2631767747,0.6899035283
0.9250226965,0.9435501244,0.9524796503
0.9939026043,0.9946701697,0.9906045892
0.1862385564,0.0436445146,0.2215837428
0.1104575093,0.3717010217,0.1645351871
0.4462649164,0.6641318028,0.5074319060
0.1552616559,0.6021155175,0.1903538018
0.0634277810,0.0137000184,0.0012328799
0.1268672066,0.1268958069,0.1303336387
0.3266134170,0.4074965533,0.3909914993
0.8492238084,0.7303563229,0.6066443717
0.9335590168,0.9363183290,0.9054137197
0.1284003463,0.0034402975,0.0095810043
0.3234997231,0.0636031277,0.2182517287
0.4469102098,0.1790117594,0.3314311952
0.8059949478,0.8605114040,0.7963757976
0.2409979779,0.1264904264,0.1442166655
0.4326164135,0.4415112039,0.2897018712
0.8849694206,0.8172836456,0.9319804045
0.5505740877,0.5020065363,0.6988965343
0.1495819913,0.2228581566,0.1869980503
0.7658841479,0.9273857644,0.8727258170
0.7568596241,0.4582702332,0.4410420454
0.2086334495,0.0489198877,0.1897140183
0.0928000654,0.5035155508,0.1292877914
0.4148812478,0.1197551672,0.3719950082
0.3284073900,0.0565931985,0.0833242647
0.4839514712,0.3425591439,0.4816068067
0.4678607228,0.7426972433,0.5557131370
0.8023690379,0.8634103509,0.8182338490
0.3876458651,0.3126090818,0.4025751662
0.5351067161,0.5825601007,0.7831887034
0.2088523588,0.1285660201,0.0575345626
0.3316712230,0.2524907127,0.2809719489
0.0310832293,0.0479224093,0.0752894563
0.3379696912,0.3830677013,0.0191194205
0.7677187456,0.8526545153,0.8462767293
0.4189359932,0.2909558378,0.3112231251
0.4898028457,0.5324325946,0.4917782556
0.4235776256,0.4023369930,0.1454411076
0.6469900207,0.8363773404,0.4939405575
0.6726847168,0.7127664831,0.7387552029
0.8902248495,0.9373599376,0.9220438365
0.8120685524,0.8751489471,0.8017124567
0.9175124159,0.9650864448,0.9200163899
0.3328415593,0.2840603444,0.3358300273
0.3355200963,0.2814089861,0.3338920203
0.3959209519,0.3634870043,0.3422823379
0.6190834107,0.6915286684,0.5963366426
0.1373872154,0.0535077836,0.1061159666
0.4984914359,0.4723336478,0.6117750374
0.8604337320,0.8008011296,0.8648971332
0.1889683413,0.3489916735,0.3783305936
0.5772950080,0.3785387587,0.1533079313
0.9050915137,0.9215216271,0.9424410654
0.0990928541,0.0789048161,0.1787409852
0.3595495059,0.4017044521,0.3599925862
0.2163207130,0.2311570767,0.2708850796
0.1926868804,0.1513774731,0.0592954239
0.1473795598,0.1341123193,0.1156170164
0.6182172268,0.6921985341,0.6255483273
0.3333991320,0.5048781478,0.2995258478
0.0336825051,0.2827998240,0.0299898052
0.5579436124,0.7748636568,0.3738011733
0.5853474266,0.5204475201,0.5877137066
0.8631844982,0.9385522943,0.8319407020
0.7160707672,0.7306635586,0.6455159489
0.8909180689,0.8229861339,0.8202249871
0.2995295427,0.2058990176,0.2807290882
0.7692607559,0.4360576622,0.6092702373
0.0495824855,0.0117096654,0.0209101543
0.7389056175,0.6373125291,0.6361612066
0.7049699751,0.6858418489,0.5804564690
0.1634576664,0.4778498809,0.0608525715
0.2439272591,0.1303347056,0.1203907099
0.0526419007,0.0722172113,0.0220588581
0.7156953351,0.7863711438,0.8547592446
0.0166328921,0.0948296568,0.0075361885
0.8836756514,0.8265768449,0.7934012973
0.2356124407,0.2480698284,0.3026830989
0.4458506877,0.4998613017,0.3779839770
0.8853185311,0.8892166486,0.9094412643
0.1775992147,0.0883635555,0.1198957010
0.5004955867,0.5496943079,0.9118005194
0.0390791441,0.0096333330,0.0155764624
0.6233765564,0.5093542245,0.5990791493
0.7350735359,0.2410846619,0.1855004802
0.2638404818,0.3973921704,0.3697483708
0.3992709525,0.4921862002,0.3884911665
0.0770305480,0.0655749442,0.0908198220
0.7512880828,0.8417203427,0.7325684377
0.7859517789,0.7389411764,0.5703296204
0.5517852110,0.4182989561,0.3736058216
0.5994188074,0.4571889339,0.3563344230
0.9100621468,0.9260104729,0.9164884196
0.6775327071,0.8410338796,0.7659816579
0.0038206856,0.0099917407,0.0280042865
0.6866537467,0.7513070221,0.6769713103
0.2199506924,0.1097350575,0.0974140514
0.9366438682,0.9397426309,0.9582947634
0.3083395373,0.2795412462,0.3052764117
0.6971801315,0.7556736092,0.7903996954
0.5890822356,0.5644315333,0.5121394430
0.5083012671,0.2284315649,0.4302707337
0.8368319180,0.9146048299,0.8540667236
0.2600489373,0.0325923343,0.3170135670
0.8698160880,0.9296104802,0.9059452295
0.4533436868,0.2412580843,0.3857296016
0.8713700647,0.9291470857,0.9270252412
0.4938082931,0.2988548415,0.3303281868
0.0179905745,0.0034082524,0.0085735802
0.3002295837,0.1563569934,0.4223845183
0.6851148942,0.6228006038,0.8490153208
0.3340623829,0.0536240105,0.2516719583
0.7571024448,0.8558416638,0.8437914223
0.4887820921,0.7047842548,0.4627301324
0.0685165698,0.0664348035,0.0380721972
0.8551840599,0.9255430787,0.8595315573
0.3293851739,0.3248533970,0.4779169784
0.9003121428,0.8718802532,0.8877259084
0.4084700694,0.2740066404,0.2318471542
0.8322358552,0.9160148575,0.8204571410
0.8125513527,0.8038159407,0.9258934284
0.1818526478,0.1863583641,0.2128845745
0.0568841764,0.1114101161,0.3317553422
0.7559708605,0.6702305097,0.5596138679
0.8895384928,0.8082173975,0.8674625707
0.9837508411,0.9861119517,0.9879777052
0.7185414575,0.5667705771,0.5276427678
0.5232252520,0.3979956131,0.6616407752
0.7360398411,0.8387346068,0.7521090453
0.7954070581,0.7513512728,0.8491948774
0.9820524730,0.9834436878,0.9865243938
0.3089115956,0.2997715802,0.2542204609
0.4071454497,0.4038254629,0.5574328484
0.7385867858,0.5549856802,0.6116621236
0.1174693919,0.0755177556,0.2004938539
0.7490783827,0.4314222687,0.3898268193
0.9076727905,0.8817957044,0.9025223321
0.2491076415,0.3405421950,0.1866131373
0.7324309083,0.8014640438,0.7458979790
0.3719439634,0.3112957736,0.6543396145
0.1780462875,0.2155077660,0.1763674017
0.4693008994,0.5778175348,0.5491369249
0.9615135721,0.9927222301,0.9577650296
0.5955720403,0.6174745567,0.6924685854
0.0890083074,0.1549784991,0.2393469190
0.4178372244,0.6085195251,0.3918459006
0.2296428714,0.2918052040,0.2906295115
0.5264014005,0.6645308355,0.5634710548
0.0648935712,0.3159231243,0.1434387731
0.5838279511,0.5106112518,0.6683964166
0.5244746950,0.5407707793,0.7729131546
0.0788996423,0.0645689562,0.0730062710
0.0164392736,0.0091605663,0.0969573410
0.1130157563,0.2218437355,0.0250322900
0.5381308598,0.3849369469,0.2726925269
0.1049011339,0.0470739773,0.0493053801
0.6632218687,0.6625135016,0.5412477394
0.4340799095,0.4188567495,0.4246232749
0.1359295473,0.1946927760,0.1368178149
0.5005782869,0.4504382262,0.8477436169
0.5794683199,0.5879496945,0.5700284363
0.7101083466,0.7610500234,0.6200175221
0.4099435890,0.3867837695,0.4278484378
0.9773809214,0.9402536596,0.9695350538
0.4252578299,0.6257795727,0.4854849564
0.4440403497,0.4327700333,0.2846534286
0.4312571238,0.5875503755,0.5941677179
0.3925337967,0.4016206013,0.2709678432
0.8998873932,0.7227143506,0.7927099651
0.1107962587,0.2046818202,0.1035335031
0.8175168169,0.8552206506,0.9048970215
0.8560766548,0.8040589297,0.8425377848
0.6460712797,0.6563198583,0.6047151160
0.3803921443,0.3075444609,0.3051307217
0.2643988187,0.3674738230,0.1015759001
0.2934445902,0.2044085841,0.2331149709
0.0415941096,0.0696004402,0.1105465895
0.1454749878,0.2309994722,0.2706274045
0.5998656189,0.4885128248,0.5418964686
0.9869773071,0.9950867784,0.9925683917
0.5750254791,0.7293574966,0.7145945225
0.7157483530,0.5983855940,0.7208448770
0.2546037543,0.1973945050,0.4948551173
0.9221308954,0.9175935992,0.9351722994
0.8284145416,0.8287121209,0.7898452372
0.7927297618,0.9229936631,0.9432321751
0.6887839740,0.6001739859,0.5868096899
0.5945061968,0.6701608130,0.7321327990
0.7189603382,0.6664138811,0.6125664875
0.7019671886,0.6252538665,0.8102005798
0.4852511513,0.4553789767,0.5115712315
0.9404494462,0.9465050424,0.9270368372
0.9615522263,0.9586059958,0.9558511598
0.2291715495,0.1774032841,0.4328551844
0.7556058300,0.5348229402,0.5298175421
0.6758793721,0.5578055851,0.5606816982
0.8256816613,0.6417605423,0.6081104868
0.5420962468,0.3766311006,0.5629540453
0.5592423417,0.3066537638,0.2853269138
0.7242862687,0.6611180948,0.5881612839
0.1578590978,0.2560623717,0.0916677612
0.2186761994,0.3898129210,0.3237599984
0.3817618972,0.5518485611,0.4680331123
0.9849214161,0.9778534879,0.9815001791
0.0752109292,0.1120541703,0.1996495355
0.5709771284,0.6063541672,0.5405444336
0.0155613871,0.0982999491,0.1226866750
0.8977901593,0.8235240034,0.8620295906
0.9679895246,0.9834594684,0.9750251142
0.3357617977,0.3818046143,0.5282068159
0.5073586886,0.6551423158,0.5645534700
0.0616776236,0.1976694104,0.0475917684
0.9080210453,0.9339888646,0.9678919114
0.9329552309,0.8436244697,0.8291748645
0.2954691985,0.3777453241,0.1354350922
0.2396483372,0.1411924162,0.0533880968
0.4777885954,0.3801192864,0.3137118383
0.8487445568,0.9122724479,0.8665312578
0.5338985588,0.3213291581,0.3063434748
0.6051044071,0.6624742637,0.6329078674
0.4929789830,0.4433819563,0.5219846560
0.8415223655,0.7930983990,0.7805761816
0.3128974342,0.4552564847,0.2554966654
0.3845037807,0.3375784679,0.4020495883
0.5613919030,0.8908960988,0.7841696084
0.1546608612,0.0253674583,0.1110047516
0.6218642271,0.6803355464,0.6721202452
0.8127755734,0.8368560533,0.7776723341
0.7501382675,0.6984514573,0.7304230962
0.2941618120,0.1793759983,0.2780895534
0.4497360940,0.4391923657,0.4403612728
0.3730763962,0.4167273177,0.3742514930
0.4548503287,0.6814091873,0.5500792025
0.1356240495,0.0545524393,0.1214326128
0.6923160952,0.8692903750,0.7658970967
0.7438962894,0.8773809804,0.7964976236
0.9889346453,0.9630877534,0.9791299630
0.0571888216,0.1081386915,0.0564308189
0.3229473937,0.2088037496,0.2271111439
0.4445554979,0.6747261101,0.3970170659
0.3725781175,0.3002862617,0.2282710068
0.3366045417,0.3290755297,0.4274138944
0.6494129715,0.6373368762,0.5844562133
0.0780747585,0.1514363294,0.0801333225
0.0932351466,0.0311294792,0.0870359601
0.0363380518,0.0554510915,0.0974871377
0.6823412349,0.4557944880,0.6730889338
0.6087173087,0.5218583847,0.4156430793
0.4440570298,0.5842022718,0.5656646532
0.5601706924,0.4856654819,0.6026351162
0.6262473592,0.6015248682,0.7339588098
0.9751971366,0.9788919576,0.9762935356
0.7580975715,0.8900119262,0.8617379575
0.0056005292,0.0228131538,0.0021807010
0.0684267493,0.0153665879,0.0840702323
0.3895110378,0.2952912411,0.2705308927
0.4696397650,0.2338237457,0.4720129616
0.7561520826,0.5114408656,0.3292612372
0.5206440225,0.5528125068,0.5083566550
0.9269507911,0.9127620044,0.8942309974
0.2637293229,0.3464546806,0.4124694689
0.0128270063,0.1332406979,0.0110728615
0.3904341811,0.5294383782,0.3040144142
0.0361447102,0.0899695384,0.0349776114
0.6218584736,0.6170210310,0.6613925252
0.8224242540,0.6223375087,0.6021503298
0.7226145419,0.5317588474,0.4135405224
0.3201519808,0.3324158106,0.0879290529
0.2132829025,0.3063478276,0.2455626681
0.2467172346,0.2610476404,0.3951072108
0.3346293444,0.1268623980,0.3222965946
0.0300664524,0.1114551268,0.0805004579
0.1233009759,0.1189941395,0.1555989507
0.4701933197,0.7819110976,0.3391653466
0.1930962451,0.0896487301,0.1183503277
0.0968787895,0.0874452811,0.0443999246
0.5424919850,0.6936284926,0.3031439719
0.7553139402,0.7202882153,0.6294846251
0.0978770905,0.0164755517,0.3470681448
0.2096989853,0.4264968301,0.4353993314
0.4257240659,0.3399797045,0.4439638786
0.9970787904,0.9979181773,0.9943612210
0.9392772952,0.9670523465,0.8739148204
0.3183319469,0.1647647922,0.3355919188
0.0552204600,0.0796861530,0.0630014267
0.9497112130,0.9593704402,0.8975964295
0.4192351359,0.0639078263,0.1850435161
0.0517065220,0.1026419361,0.0628635360
0.2370059510,0.0723320514,0.0941061624
0.8360031188,0.7725494316,0.8592927082
0.6747096343,0.7660820150,0.6782871553
0.8571169745,0.8929404098,0.8973097896
0.0566941199,0.4919853675,0.1521040167
0.8347572212,0.2132483181,0.4585562489
0.0023639912,0.0051296546,0.0165479595
0.0894638087,0.1360903565,0.1657839993
0.7819758715,0.8035319103,0.8642328864
0.3328469219,0.3699831636,0.3828470442
0.0157231802,0.0346379879,0.0183983465
0.2330701787,0.5390782792,0.3418738406
0.2511015411,0.1432731556,0.1049387911
0.4537282564,0.3550063839,0.1876518272
0.1423606521,0.1859035930,0.3027199837
0.7901432813,0.7376868891,0.7754922305
0.3420535252,0.2924682088,0.6972393647
0.6950291013,0.7176710994,0.7689708074
0.6684984305,0.4973789573,0.4244353788
0.6563356290,0.7083985706,0.6283928717
0.0241343935,0.0446086953,0.0097961428
0.1670231177,0.2265249576,0.1424735756
0.9769582521,0.9735875919,0.9779906604
0.3066743343,0.2912481017,0.1678134268
0.7574373406,0.7522678462,0.8269434402
0.0399754101,0.0487426202,0.3174186859
0.1962804308,0.3746245131,0.2000064628
0.9138991212,0.8860538932,0.9167815375
0.1199097693,0.4463050524,0.0613757742
0.6717972686,0.6891984124,0.7820087051
0.0527902324,0.3241981023,0.0690782463
0.6782755277,0.7370194118,0.8004730948
0.7591131803,0.7837092789,0.7897982790
0.0528120370,0.0987449532,0.0707741113
0.2440773079,0.3701320057,0.5422542094
0.5798528379,0.7309507323,0.6477894537
0.9002054022,0.8616167080,0.8757695626
0.7536109571,0.7661757315,0.8357609467
0.6293645951,0.6535406855,0.6849797580
0.5449107773,0.4393557319,0.3910975928
0.7202828681,0.7219689028,0.3435796514
0.4560968103,0.2527501050,0.5607375057
0.7284453407,0.8500506772,0.8417190490
0.1697636476,0.1055904595,0.2539303118
0.4449506058,0.2663735240,0.2898471934
0.9469103503,0.9493416574,0.9401198418
0.4893524951,0.2538790770,0.2608249920
0.8387483961,0.8570785037,0.8850636327
0.2688017288,0.3273680677,0.3159184417
0.7940707338,0.7763412727,0.8681797554
0.6542557826,0.3011223750,0.3906111775
0.1826311641,0.4975043947,0.3583720866
0.4653439924,0.4602403337,0.5479827668
0.2861800483,0.2125269485,0.1482109837
0.2457745323,0.2365935640,0.2866655875
0.6175231254,0.5659960952,0.6154429445
0.1441740679,0.4304747000,0.5697642148
0.0596744033,0.0382476745,0.0840729389
0.6152612221,0.4651340516,0.4268177087
0.3769652114,0.8840318806,0.4583565981
0.3609801944,0.3221704941,0.5349157060
0.4334716790,0.1253557739,0.0991557623
0.6856848606,0.7776368204,0.8038393873
0.8530442817,0.6868690665,0.8618678219
0.5185182290,0.1358472251,0.1051365657
0.7174111015,0.6650258828,0.7988501928
0.0716148254,0.0563813782,0.0290930753
0.2851335650,0.0614139140,0.1269415048
0.1349223436,0.1753884897,0.2953204563
0.8049267920,0.6337127899,0.5683726599
0.5191876415,0.5144503781,0.5110227746
0.5982084467,0.7538157220,0.4988351462
0.3767643478,0.1945965777,0.2250566241
0.5281425240,0.5538541816,0.4732110941
0.3416269069,0.3745170523,0.4867950811
0.9251710204,0.7061305981,0.6235962323
0.5516503360,0.6363540238,0.5975286029
0.4280710893,0.2852975982,0.4180258513
0.6681602479,0.6823712486,0.6354360941
0.2812263651,0.2940196487,0.1737618159
0.6476504575,0.6957663173,0.6246314127
0.4527908529,0.3874380002,0.5617463834
0.9071251017,0.9269170230,0.9241535245
0.4915861306,0.5100919849,0.6835491970
0.0768468388,0.1776697323,0.1512256971
0.3944551199,0.7020708427,0.5975591405
0.0558064807,0.0464231296,0.0959170146
0.0537708611,0.1440642006,0.0677225843
0.6095690927,0.3941140998,0.4615032550
0.1418551431,0.1512011359,0.1544890604
0.6576514013,0.4629797776,0.5252448767
0.6608720424,0.6549705800,0.7029440409
0.1353935259,0.2481832803,0.2150542311
0.5118403105,0.4508385403,0.4275695401
0.5256353728,0.5876346273,0.4819914674
0.0518609402,0.0490339946,0.0198983412
0.4402555499,0.4434684962,0.3306502528
0.2547569827,0.2734056800,0.1095937085
0.8045280672,0.8605078882,0.8770860879
0.4283194196,0.4485798606,0.2313756285
0.9770419445,0.9572627619,0.9929657579
0.7953502335,0.8270960400,0.9078466136
0.0219180897,0.0306982513,0.0637012301
0.5142609468,0.1480085316,0.2917682093
0.8149037038,0.6001731082,0.7931491565
0.6637179667,0.8142984478,0.8022579393
0.5196217268,0.3809981945,0.2444466610
0.3289589799,0.3341911506,0.3605888074
0.6842819233,0.8218965675,0.6133938730
0.1099868313,0.0455434095,0.0450121972
0.5768110851,0.3771185814,0.7776535263
0.5900175955,0.5453862075,0.6675626207
0.6063294551,0.3383491209,0.6505259613
0.7791017071,0.4292502110,0.5539907601
0.5604694855,0.5825487245,0.5142029933
0.9070450078,0.8926996451,0.8753736795
0.1211586523,0.2386897895,0.1535035086
0.6268615963,0.5831897681,0.2464084735
0.5556083038,0.3898527436,0.1747312252
0.5509377147,0.6000958293,0.6125664215
0.4641229632,0.4871113250,0.5108812056
0.1974441846,0.2443170305,0.1395987693
0.9334985255,0.8965634284,0.8902891767
0.1618446856,0.1487909030,0.2971927751
0.1318509670,0.1904588817,0.0592689775
0.8633432155,0.9250113127,0.8720795347
0.5663580836,0.5760281757,0.7734927092
0.4336902135,0.1316603074,0.2641402861
0.9797713265,0.9543589445,0.9707932702
0.8752282786,0.8100939446,0.9375788602
0.2686177419,0.1052659564,0.1779968814
0.1435076456,0.0252410351,0.2418978965
0.4183449048,0.6022368760,0.5180849711
0.7990523998,0.5875777016,0.6416986678
0.3525378829,0.6261824859,0.4000791602
0.8740443874,0.8970837955,0.9192331613
0.9136796613,0.8786180910,0.8222578595
0.2088704028,0.1807684901,0.4398703571
0.9051312152,0.9127753892,0.9447387543
0.5401757898,0.5164268562,0.7108006398
0.2409787340,0.2675043410,0.1539334062
0.4494267480,0.4229391737,0.4006593597
0.5486732244,0.3266122013,0.1596417746
0.4291028618,0.1922116377,0.2284172842
0.3802398016,0.4410977820,0.3749193791
0.0675738492,0.1047579183,0.1173702572
0.5336999853,0.4255028140,0.3266886091
0.5156427722,0.7182687310,0.5763117740
0.1721412295,0.2207496450,0.4223864709
0.1828719411,0.1316102605,0.1308527361
0.1231237867,0.4074442253,0.2427844949
0.6520374220,0.4885715233,0.4223529334
0.6296382759,0.5513501007,0.3018819937
0.8091730878,0.8040344461,0.8406438632
0.2248188451,0.0845579944,0.1106198088
0.4381436638,0.3902585495,0.2560200006
0.7727005590,0.5864142442,0.5982956287
0.0817454886,0.0815766053,0.1866990636
0.5411823616,0.8203677388,0.6392601926
0.6528306344,0.4184848585,0.4111250591
0.3174121302,0.2245746472,0.4695414996
0.6229473006,0.3319390631,0.2481464051
0.3889203932,0.5573335462,0.4378989124
0.0426766287,0.1119288021,0.2702007600
0.7627481027,0.7784128637,0.6306443240
0.8281410193,0.9296210751,0.7190882338
0.0377541889,0.1127702726,0.0750402700
0.8873267958,0.8616701852,0.7749760324
0.2698326648,0.1563600082,0.2017777010
0.8305790499,0.8813633655,0.7592078330
0.8850756867,0.8962107172,0.7706676592
0.5649554551,0.6332902492,0.8713749105
0.2295862082,0.0856917897,0.4573648302
0.9676525274,0.9537354569,0.9359050975
0.6728071506,0.5243628622,0.5777457455
0.2982754437,0.2872881284,0.2685651742
0.1516334342,0.2770629626,0.3807772353
0.9250404492,0.9315949652,0.9145933310
0.1519647951,0.2305426514,0.3822370925
0.3797209151,0.4228112158,0.4519223191
0.5622748662,0.6553576906,0.4746367049
0.5240221906,0.6246593656,0.5408669385
0.1609985082,0.0646011493,0.0169266782
0.0817296227,0.0590161213,0.0625996152
0.1806241532,0.1476305488,0.1824983361
0.8109736525,0.5804139176,0.8065788464
0.6918647088,0.7924832507,0.5639394034
0.1775532007,0.2761518239,0.0864318010
0.7123193313,0.5627701217,0.6086140495
0.0135736075,0.0180649749,0.0059539768
0.5224842825,0.6322163257,0.7142461694
0.4763112006,0.5741207352,0.5797880179
0.5907934278,0.5515929176,0.5164854448
0.5987707947,0.5430461274,0.5542791473
0.0823326217,0.1885728323,0.1225405237
0.1279070697,0.1956430560,0.3843638506
0.0409379819,0.1180813808,0.1441727048
0.3829320598,0.3459761404,0.2882424356
0.0593197114,0.0558102048,0.4941609328
0.8186645847,0.7214674848,0.6885257129
0.2787862933,0.6365981973,0.2832612327
0.1152612443,0.0741549904,0.1004959366
0.9565235356,0.8815452398,0.9240646883
0.1820199988,0.4200307289,0.2182700406
0.5081299002,0.3794383281,0.6870857040
0.6034729247,0.6205933206,0.3696397840
0.1456223016,0.1149687338,0.6288999261
0.2141641428,0.3476015889,0.2624094538
0.0907098728,0.3242084234,0.1894373442
0.6948278455,0.7150491577,0.7788425242
0.8669518923,0.9097012757,0.8097287533
0.8414465615,0.9377310338,0.7610516111
0.1259540328,0.1446430871,0.1436720891
0.1866034787,0.1374782577,0.1431503248
0.3402883800,0.3869368131,0.3498934830
0.5639863547,0.3942785129,0.5398078259
0.9838621372,0.9163820971,0.9261970870
0.2339813075,0.1413910736,0.4875624300
0.5588628938,0.4161316019,0.5521056464
0.2167389966,0.3367451676,0.1471284438
0.2896623010,0.3413131820,0.5384809574
0.3827746821,0.4317376401,0.4500144336
0.7252457114,0.4044774365,0.5145949531
0.7989911983,0.7516067850,0.8109292642
0.7596735530,0.6472008860,0.7505684732
0.3836323279,0.3843507617,0.2061169714
0.0368141996,0.0693470834,0.0717216647
0.7815042694,0.6694526853,0.6565816052
0.5924200138,0.2670244409,0.5007511275
0.4152494784,0.2294433423,0.2105985626
0.7656525580,0.7386412890,0.7612457348
0.9664021689,0.9760915305,0.9824730555
0.8021563409,0.8311995737,0.7096128368
0.7266181559,0.7921897753,0.8217692654
0.7789345605,0.7790633793,0.5948496762
0.6391233025,0.7258913102,0.7762616638
0.8771691883,0.8717028946,0.8762290266
0.4234056067,0.3895018386,0.1889114010
0.5220922662,0.6828997894,0.7189510288
0.5162710514,0.4214417247,0.3473974092
0.7189274985,0.7517933336,0.7673893834
0.2399193703,0.4656655445,0.4367650073
0.9754307111,0.9517865991,0.9909902637
0.7535050295,0.7503458588,0.9015503629
0.1027145678,0.1032627773,0.1507009680
0.0348312252,0.1749706415,0.1460286409
0.3810461002,0.2852011987,0.5855352793
0.7855790020,0.6980408572,0.6905909803
0.0217275870,0.0065500528,0.0765984170
0.2047494046,0.3683193122,0.1817307469
0.7415470263,0.8360743728,0.7947802338
0.3348386955,0.2844940060,0.3669683085
0.3207667951,0.1761205857,0.2976797316
0.9219063388,0.8374467428,0.8950377448
0.6829398840,0.7131734724,0.7529573928
0.6168633795,0.8891637441,0.6984793485
0.9959145196,0.9957056102,0.9955887679
0.0449290171,0.0321032646,0.1041881107
0.2550694691,0.2905617564,0.3196446941
0.9951543698,0.9979104080,0.9953412276
0.2731202462,0.2844559346,0.3148652432
0.8116095129,0.7052127898,0.7508056203
0.0086015070,0.0004383559,0.0164737129
0.2484177793,0.1053651627,0.4183417891
0.8825304118,0.8649792505,0.8651741871
0.5536346551,0.6055199572,0.5426256618
0.4577104534,0.4995295443,0.5368873403
0.9033963639,0.8196893608,0.8725779539
0.3260610049,0.0354294854,0.1784025228
0.0810492574,0.1533056495,0.0754561372
0.4090649705,0.2149870383,0.1313489405
0.9883724991,0.9762543808,0.9770198633
0.0613578948,0.2122967871,0.4120807926
0.9424720863,0.9603329869,0.9709113916
0.6115044025,0.5886903431,0.5883701291
0.1280484009,0.1246975193,0.1036229748
0.5907113641,0.2566903471,0.2943488153
0.9280146520,0.9227834242,0.9462687029
0.0818763323,0.1201630360,0.0399986097
0.0205784195,0.0564404228,0.0336543160
0.0525506672,0.0372908632,0.1389007500
0.2172304399,0.2961004022,0.4293936619
0.6931123602,0.7230360575,0.6138349132
0.3662545440,0.6808229108,0.4641660474
0.7835719100,0.7149976645,0.6219999555
0.8750812548,0.7858107138,0.7731561670
0.3294019097,0.3976512227,0.4596464235
0.0094028588,0.0107038803,0.0103011453
0.2257944198,0.2146932819,0.4093253842
0.9314273614,0.9412794160,0.9174682596
0.9746252938,0.9447283213,0.9164225196
0.4595396591,0.6319516920,0.4791020651
0.0250521643,0.4507108204,0.0510083935
0.9440888024,0.9671750883,0.9346443211
0.8515571274,0.8845157703,0.8654198286
0.8157681143,0.8111213931,0.9748611206
0.8036035455,0.6990331395,0.8319622715
0.4912837480,0.4003171675,0.3856505000
0.1835584774,0.0105303715,0.0040828733
0.1655983632,0.2218350671,0.0228615145
0.6531872572,0.5190511644,0.5971886058
0.6117065902,0.5474175031,0.6635315640
0.0659994594,0.1456437477,0.0311903502
0.0911843045,0.1303735558,0.2648678808
0.0502631833,0.2354238256,0.2615180467
0.3605015388,0.4243315944,0.5074506518
0.8052715927,0.7426749558,0.2320639688
0.3891545959,0.6168698278,0.6004280597
0.7319338303,0.6292661048,0.4888241258
0.7170650530,0.6818267642,0.7421998408
0.5547855489,0.5776987971,0.5147343444
0.5125506239,0.6768380529,0.4265743828
0.4857859148,0.6231413648,0.6457726205
0.4942894654,0.6676761694,0.7119870875
0.6527331012,0.5513812555,0.5789607211
0.9658709255,0.9444325401,0.9605056797
0.0719887454,0.0256794671,0.0895676088
0.6213574339,0.4806701397,0.4840263810
0.0349645667,0.0856637294,0.0361830645
0.3288853361,0.4165639709,0.4657796448
0.4409911197,0.7765751364,0.6708483163
0.0078686983,0.0587420700,0.0845638491
0.4061283216,0.6918677080,0.6042116408
0.6810008765,0.6482096050,0.6717764897
0.4823050248,0.3928907076,0.4588710495
0.8961963979,0.7727474975,0.7856881354
0.0574629502,0.2647490317,0.3888905642
0.4028977728,0.4592347770,0.4620031377
0.4710226764,0.4003291286,0.3485560968
0.4034741433,0.5119261176,0.3884690865
0.3047123300,0.2164319525,0.2187994318
0.3208878453,0.5200453120,0.3013656408
0.2661210173,0.3547550903,0.4830531763
0.6211800269,0.4396207155,0.4567139420
0.4090051057,0.3492547065,0.3071844418
0.5787514068,0.4018118616,0.3710570556
0.7768229036,0.5765960465,0.6265659860
0.5806095707,0.7427025355,0.5814017797
0.1597509084,0.2909394491,0.1163991134
0.2970241053,0.2916412503,0.2635206736
0.2285266671,0.2477561447,0.2493136853
0.5206499727,0.2544781216,0.7381827665
0.4215570916,0.2080356993,0.0957319527
0.5135128499,0.5883504151,0.5907247070
0.8481442527,0.8216935344,0.9143357790
0.3016268469,0.1966952405,0.3166934847
0.8144509186,0.8379137418,0.8147658925
0.3730269497,0.5140022244,0.5245547289
0.1511779777,0.1415818707,0.1778520343
0.2861206548,0.1680479636,0.4595187935
0.9468497104,0.7757553906,0.7749618878
0.9590500047,0.9579150648,0.9574191598
0.5272988770,0.5961134378,0.3668098733
0.3724008837,0.5871334028,0.1085477113
0.1582705527,0.2050844064,0.3027914120
0.4057631951,0.2879436673,0.2242326268
0.5480640322,0.2101920915,0.4444564960
0.5533136923,0.4503424580,0.5545526511
0.3085656442,0.2408197660,0.5249231476
0.4502335804,0.8232682034,0.6490409237
0.4946109409,0.3942454965,0.5855144304
0.3557686744,0.4285217917,0.4643629413
0.8444714282,0.6293810133,0.5813680194
0.4024135745,0.3789063840,0.2599511048
0.7125453154,0.6702661471,0.6648613616
0.0827668641,0.2680850343,0.1402792151
0.2644398324,0.2193856016,0.1145913351
0.4802460528,0.5010314950,0.8425650712
0.6350776570,0.7866723467,0.7271371741
0.7230518747,0.8166721745,0.5406607462
0.0252262837,0.0582645284,0.0797202477
0.2633022872,0.1414849093,0.1520193667
0.5935836593,0.5216586563,0.5226475649
0.9267685619,0.9209004712,0.9605628998
0.9319074204,0.9300434534,0.8912027053
0.8818303153,0.9208969908,0.9157586490
0.2753917185,0.6524717804,0.4292987182
0.0234653044,0.0940428077,0.1060711290
0.8789815841,0.8402533772,0.7565184609
0.4326131829,0.3457713335,0.6047607057
0.7913271639,0.5939427564,0.3902296643
0.0880999985,0.1435852189,0.0372183545
0.1482125682,0.0685197319,0.0516898948
0.7312059721,0.8853352414,0.8382726821
0.2440907943,0.3423031786,0.3033160560
0.7951145515,0.7889733586,0.8323784785
0.8413093363,0.8400706957,0.8204714077
0.4724035281,0.4518945779,0.6691265994
0.9744406508,0.9449448695,0.9646605477
0.1321824847,0.0969540652,0.5111862995
0.0909057504,0.0852015464,0.4562216109
0.5114219232,0.5923437268,0.5788527758
0.6877228612,0.4919132373,0.4957603641
0.7630370864,0.7863539446,0.7259234464
0.7773040564,0.4469315018,0.4022589490
0.1849657749,0.3473185994,0.1309952096
0.2826860698,0.1010011267,0.2051942068
0.9901163185,0.9912803597,0.9893010665
0.0410678626,0.1089616929,0.1320880942
0.2530979917,0.2741720302,0.3835140240
0.1473781145,0.2116595497,0.1489393873
0.7142775615,0.8222724450,0.7352064245
0.1779521979,0.0265991391,0.0370792959
0.7087702501,0.5652498428,0.6218852727
0.6367091711,0.6594252301,0.6484129665
0.5037674549,0.2820667586,0.4742015966
0.1622042526,0.1159438052,0.6406537984
0.3248997664,0.5335027405,0.4208457956
0.1246633855,0.0520740335,0.0235431402
0.7784323607,0.8178071156,0.7655871423
0.1773230745,0.3254291664,0.2853187098
0.6383075319,0.5546983308,0.7272688632
0.8036936719,0.6818020020,0.7494773119
0.5666771528,0.8294559703,0.7177660285
0.4884139194,0.5410687954,0.6117496605
0.8623314605,0.8116707215,0.9010805949
0.7532900124,0.8637775527,0.7817609377
0.1404599537,0.3432589464,0.4167117989
0.3330731625,0.5333482259,0.3346076085
0.5587994019,0.3944492098,0.7552216045
0.0285384741,0.0387117852,0.1380450120
0.9098499235,0.9161548822,0.9172587957
0.4243208026,0.4747114695,0.3809227389
0.8593803063,0.8604482860,0.9185420623
0.4291646794,0.4839105355,0.2964596306
0.1129522576,0.0696539022,0.1475402299
0.9354383746,0.9274442910,0.9525697166
0.0674925262,0.0279837161,0.0118599665
0.1440243305,0.2830410880,0.3576505597
0.6964305343,0.5042987503,0.5392937991
0.7531560333,0.8802042753,0.7575229420
0.9541241083,0.8949717649,0.9359624854
0.4573583390,0.4220205688,0.5196367371
0.0868278659,0.0662513014,0.0783251696
0.6894657994,0.5296836516,0.5966821210
0.6372580148,0.6791812158,0.7490929212
0.9704422749,0.9741706343,0.9530500907
0.1825801840,0.1801118282,0.1526240715
0.0807889919,0.0626589396,0.0147293890
0.6953695043,0.7587390555,0.6265480613
0.3977551002,0.4378260616,0.1584409406
0.3949435392,0.2536580030,0.4129623226
0.4248392988,0.3383535345,0.3104444314
0.4986055400,0.6826669202,0.4649179441
0.1835085389,0.4278875401,0.4433726893
0.0274499799,0.0562057207,0.0199726123
0.7704305270,0.4905953446,0.4604284954
0.7933812768,0.7057296548,0.6598438295
0.3763471174,0.1797549052,0.2097052506
0.1503661128,0.2789098061,0.3624737708
0.2127921695,0.5301233034,0.2083432284
0.5532200864,0.7546722793,0.7039276572
0.4526770497,0.4431231387,0.4317931613
0.4143229916,0.2530442983,0.1854689179
0.5625274848,0.6131328849,0.6376942691
0.7665760783,0.8940511645,0.8081276169
0.4254162100,0.2379945493,0.2627657802
0.9019183128,0.9072362085,0.9121588124
0.0964795006,0.0354954852,0.0280523482
0.3312214194,0.2567809116,0.3392642540
0.4868203005,0.4029421637,0.3667246449
0.4449329912,0.1760592163,0.1429835526
0.0651605461,0.0720018869,0.0216510501
0.6386459191,0.2102970549,0.1045066183
0.4282215874,0.5725760174,0.7315448034
0.7239133572,0.8426730492,0.7043199234
0.8250246862,0.7430589497,0.6175187742
0.2957827172,0.1582040424,0.0808790441
0.8347338255,0.8287537161,0.7943033197
0.9333636459,0.9388600863,0.9300183198
0.2031340453,0.4424759475,0.1475774700
0.9223233827,0.8874861044,0.9389805272
0.6135425998,0.6098898883,0.7581427760
0.4330727263,0.2697976728,0.4167974374
0.6277254816,0.7634501620,0.5779597667
0.2023983443,0.1702346824,0.2457820982
0.6747243475,0.6793128728,0.6996455670
0.6972669314,0.7164129245,0.6827389008
0.1429684435,0.1163972337,0.0951593326
0.1575362949,0.1211904508,0.1169509100
0.8575332807,0.8644244789,0.9211357228
0.9108192371,0.8851873341,0.8665484031
0.7476756867,0.8216143787,0.7020186088
0.7319277806,0.5705022669,0.6641493407
0.9724556741,0.9670389185,0.9655519571
0.7183478882,0.5745639543,0.8348586587
0.4979015239,0.5698975047,0.6829759443
0.8936082499,0.8716175810,0.9045864336
0.1458667798,0.2648208663,0.4723986110
0.9156679777,0.8876909988,0.9318417502
0.9573011819,0.9674939223,0.9642720887
0.9239224760,0.9532193588,0.9360745645
0.8516946438,0.8858477476,0.8643190698
0.5161025805,0.6074148315,0.5529922630
0.3802614374,0.4941040066,0.7639720511
0.5763218821,0.3599718047,0.0983992850
0.8326163944,0.8566722375,0.8570962367
0.5748583389,0.5661318985,0.6364053527
0.1746819394,0.2900674588,0.3079458426
0.7550237576,0.8468899261,0.8322602477
0.5092838692,0.6031779218,0.4844282322
0.2120397945,0.0572208780,0.1621688951
0.9941613786,0.9878587927,0.9894566197
0.4947101532,0.7323454821,0.8076870335
0.8128681512,0.7719414781,0.7865614458
0.5331460528,0.4434305841,0.4314579021
0.4106350761,0.4557470791,0.6151337403
0.6370414286,0.6835542740,0.7599658152
0.6227659728,0.5960228638,0.6764253361
0.7725328673,0.8346180399,0.8522712490
0.7987544647,0.5835777307,0.6952589845
0.6637131380,0.7409045650,0.6443430404
0.6637880507,0.6155007465,0.8734661769
0.5155676692,0.3420021566,0.3497354704
0.1414218732,0.2045850072,0.3074867253
0.0816273731,0.0234473791,0.0234733754
0.0912594731,0.0430430571,0.0229401549
0.2143396628,0.2008986682,0.3092252080
0.5187006052,0.5196841980,0.5889300231
0.5751904649,0.5685276949,0.5681887290
0.3491022013,0.2973316458,0.3856731900
0.8757935773,0.8463036171,0.8198248897
0.9708301337,0.9715504672,0.9802750356
0.9909837314,0.9818866169,0.9821535104
0.7499822964,0.7450258685,0.6020211210
0.1969759145,0.2349018080,0.1611956116
0.2118830781,0.1100829966,0.2144202245
0.1931243715,0.1408286118,0.1103821009
0.1362209495,0.3783686380,0.0453474632
0.9948078032,0.9960706819,0.9970772234
0.4007721474,0.4724723447,0.5470981663
0.8769809469,0.8598275009,0.9105002846
0.6255637927,0.7578405313,0.8426793615
0.2793154419,0.5068282734,0.6221710330
0.6575612510,0.5824936480,0.6704102673
0.5522645410,0.2667183072,0.5338548942
0.8485111068,0.8891098581,0.8541985556
0.1810941550,0.3390792594,0.6379120829
0.9202651043,0.9157229946,0.9003702922
0.3755254273,0.3942462136,0.6091785511
0.8556372025,0.8683404774,0.8916608451
0.6527071212,0.7107448961,0.5811789866
0.8059821045,0.7913384826,0.8402107733
0.7401709434,0.6076530102,0.5673619400
0.5601756914,0.3271022882,0.3705503257
0.6502620298,0.4476514199,0.5995511600
0.7518745658,0.6599300767,0.8033459718
0.5353386409,0.2249240273,0.1408909003
0.9643070842,0.8962868972,0.9016087251
0.6838528732,0.7100351114,0.7830196456
0.2083261475,0.1130012808,0.5149553597
0.0635995240,0.1057479350,0.1441980569
0.9132891570,0.9308092247,0.8219283457
0.4149299986,0.4959343024,0.3873154925
0.0129053388,0.0137793076,0.0437367274
0.8984706707,0.9021915574,0.9196596179
0.3645160051,0.3795561356,0.1442047185
0.2790378496,0.2139165797,0.5142282271
0.6181704595,0.7687362787,0.5605637446
0.9447580683,0.9166452038,0.8981629572
0.9603834442,0.9550970648,0.9513141099
0.0600741196,0.2989245397,0.1752736672
0.2679801010,0.2621041187,0.2302157171
0.0407817875,0.1097124951,0.0104027690
0.1440937925,0.1473879554,0.1907285656
0.8152525751,0.8138311514,0.6947437719
0.2710393413,0.1540358385,0.1932678394
0.5603246498,0.6446455062,0.6416718025
0.8223348083,0.8164067007,0.6860168409
0.2937634869,0.2236556268,0.4288663257
0.9557516614,0.8670356076,0.8713470276
0.9408901001,0.9689853472,0.8672746649
0.3403719176,0.1362622816,0.1907982295
0.3510122084,0.6487416491,0.4406738469
0.6088587180,0.5464345766,0.4025363452
0.4727403582,0.4954708595,0.3566627396
0.4747193922,0.6029887171,0.4536598664
0.9859631304,0.9784278190,0.9930417934
0.4902985599,0.4558968135,0.5384770874
0.8455483806,0.8368034874,0.8876742387
0.3462738671,0.2086082196,0.1895327135
0.7288407027,0.7951722035,0.8921795265
0.0513805266,0.2803817889,0.0916525439
0.8236846141,0.8614863401,0.7585877413
0.1250878418,0.2285511233,0.1818407480
0.2747305234,0.1703541217,0.1534357917
0.5768759792,0.4419789709,0.6631471400
0.0033922226,0.0092844725,0.0223450388
0.1693274946,0.2655313169,0.1682659085
0.1640260519,0.1473303817,0.2690929304
0.8135979424,0.8070034475,0.8456034827
0.9444328543,0.8963000678,0.9017828816
0.9708401838,0.9722649687,0.9527737743
0.0180080146,0.0217413441,0.0412869811
0.4274432002,0.3619637497,0.2265489120
0.0285323065,0.0439531259,0.0136184695
0.7962635189,0.6587943161,0.7315365462
0.9412515628,0.9343776591,0.9131369840
0.6368869785,0.8387449984,0.6286347738
0.8216643516,0.8691966274,0.7530093009
0.2976559871,0.4498773520,0.4706136821
0.0953472635,0.1623074335,0.6006990718
0.4761476003,0.3644735097,0.2910124647
0.4090610887,0.4827106414,0.4189113853
0.2768058271,0.4143079448,0.2753829514
0.6265494497,0.5179774960,0.5648246167
0.0743439227,0.1412964715,0.0519603505
0.5862941272,0.5511506407,0.6665543586
0.5265828378,0.6975736280,0.4955401530
0.2789911998,0.3465829027,0.5872474696
0.6577617475,0.6420853860,0.6795434042
0.5556990826,0.5198843736,0.5603324060
0.9284529732,0.8952075972,0.8628964224
0.9226093420,0.7748248512,0.7875683541
0.2787125760,0.4923952437,0.3406828325
0.3565708538,0.2706009386,0.1823732302
0.2436945275,0.1031528009,0.1064878777
0.1779906179,0.3182008328,0.3699230705
0.9781915413,0.9604716880,0.9762838430
0.8077645283,0.7347523020,0.8493240024
0.0185891521,0.0373494624,0.1876797223
0.1243764222,0.1205222182,0.0928873068
0.8735745381,0.8626066547,0.9039388796
0.6830608312,0.6724599298,0.6850189853
0.4122305626,0.1992316890,0.1532472872
0.4933275150,0.2400593673,0.2749571874
0.2218313185,0.5636080126,0.3997451242
0.4449985670,0.2979809864,0.2777016560
0.1083707384,0.3028495955,0.1664906767
0.3325450292,0.1445504423,0.1157450205
0.8072793542,0.7809038407,0.7228736382
0.8326127169,0.8925559465,0.8724206580
0.0737688923,0.2033190592,0.1148160650
0.7297586991,0.6109958745,0.6176052640
0.2072586337,0.1250727374,0.1415590816
0.0256495389,0.0131401620,0.0132777974
0.3541427876,0.2469388361,0.2643016619
0.7654520143,0.7926200364,0.8170892564
0.4282520555,0.2870568604,0.4280730370
0.8841262779,0.8692791882,0.8828652494
0.9851059284,0.9813576574,0.9812105231
0.1617045892,0.2683766662,0.6163835476
0.4959402716,0.2942118129,0.2952688608
0.7006607156,0.4471067240,0.3996367236
0.0381258975,0.0360134652,0.1136813288
0.8283588379,0.8833328328,0.7151618403
0.2955360145,0.6326897716,0.2902924055
0.2101743878,0.3586366072,0.2302817682
0.4310309229,0.6395839726,0.6137934887
0.5024193146,0.6264195785,0.5073479685
0.6587790420,0.4681786877,0.6304744619
0.2783941574,0.3946727283,0.2909322862
0.1653846861,0.1555349489,0.1172937615
0.5158177168,0.7251671847,0.5150288859
0.8419751675,0.8133127845,0.9014646905
0.9509906847,0.9242104424,0.9283057721
0.8598483433,0.8520497256,0.8742658108
0.6574824050,0.6525645197,0.7432580917
0.4276785682,0.2858364829,0.5138833664
0.7057468506,0.4385571158,0.5099292280
0.3150959079,0.2094691332,0.1936965521
0.6841673875,0.6001011853,0.7559121824
0.4775526714,0.5326797422,0.4721768980
0.4339603834,0.4548393727,0.5165654966
0.6903058092,0.6110069458,0.9132640918
0.7011510048,0.5074642657,0.7119663508
0.6634035192,0.6443839451,0.7631236481
0.6936674541,0.4570068791,0.4823358694
0.4946184644,0.3872511356,0.6116865198
0.2042420831,0.4375315742,0.3281644947
0.1049338593,0.2258737140,0.2420807276
0.4609092586,0.2535985589,0.3916212340
0.9291903127,0.8874938754,0.9715914533
0.2341284080,0.5932794192,0.1757980961
0.1775605853,0.1659424082,0.1969142502
0.3853978372,0.2393695827,0.2141018199
0.7412244536,0.5627406941,0.6309788551
0.9246455250,0.8150588281,0.8228900147
0.9286677733,0.9268440268,0.8867292119
0.5899453479,0.6391116013,0.6675317935
0.5825633905,0.5295566854,0.7706882003
0.1205266136,0.5962043459,0.2484478610
0.9279223370,0.8626322575,0.9100215541
0.1792652840,0.3235410556,0.2130766549
0.4721912744,0.5187322106,0.5575087107
0.1978783298,0.4172961980,0.2983773251
0.8744972107,0.8071573363,0.7846547720
0.9948917511,0.9956959436,0.9978254968
0.1879345779,0.3708571354,0.2504694839
0.6427809345,0.4611982973,0.5620646089
0.5540319473,0.4018753640,0.4138982416
0.0545088732,0.0963112796,0.0148919099
0.6442100725,0.2129660308,0.2924104886
0.9629255644,0.8758413365,0.9102739408
0.3413038248,0.1830066773,0.0956271379
0.5818904967,0.6803919337,0.6300682356
0.9479620274,0.9396181338,0.8752902829
0.2439897520,0.2107113643,0.3373243971
0.1585437649,0.2230728223,0.1056662978
0.2435007827,0.1001312199,0.4503044460
0.3288420980,0.0883066592,0.4960399997
0.1576390231,0.2610968653,0.1722424856
0.2685356397,0.6195129261,0.3907297149
0.4385491933,0.6335473868,0.5819537959
0.2025553598,0.0876462035,0.1745384865
0.5499031804,0.3966334725,0.5299318947
0.5404775423,0.5700720538,0.4614906311
0.6714209091,0.6970178607,0.7581308216
0.0894029354,0.0521147129,0.0690187849
0.0539594478,0.0880584005,0.1519769504
0.8487517075,0.8823715084,0.8927841283
0.8861417737,0.8447946329,0.9018725346
0.7993208880,0.7877993394,0.8665152708
0.3594325768,0.4219412504,0.4231053369
0.1471124082,0.0802694193,0.1408287961
0.6236020677,0.5915472995,0.6605541075
0.7559747322,0.9095549784,0.7096334555
0.3370672914,0.2903227583,0.3009243965
0.4619917998,0.3426187483,0.4090818332
0.8690157476,0.8486699277,0.8024564946
0.2980401534,0.2908645882,0.3146389038
0.5325796137,0.3335563332,0.3247802295
0.7250366289,0.0945222586,0.2527447279
0.8949389813,0.8251164294,0.9140996325
0.1953199651,0.1709666493,0.1257844603
0.1914516435,0.2115728831,0.1409374882
0.9086042146,0.9368141259,0.8960452232
0.7401613328,0.7362988116,0.6074343346
0.2392049709,0.3910698521,0.4089913925
0.9049444580,0.8433894489,0.8369176822
0.2286083563,0.2901345963,0.4822271305
0.4926037783,0.6256391365,0.7770506952
0.3647496507,0.7323972777,0.2741151959
0.4022982330,0.4371619750,0.4843355980
0.4669573659,0.5138123151,0.3166328744
0.2053811016,0.1573053417,0.1866018348
0.8012586262,0.7461520541,0.6360246513
0.0089025213,0.0081180919,0.0082699228
0.4235513521,0.4304630749,0.5702477351
0.4889467962,0.4712969043,0.6659940661
0.8908999184,0.8654468752,0.7964891575
0.7929210459,0.9117103564,0.8132383853
0.4935129179,0.5174214105,0.2832499467
0.0020835492,0.0946959277,0.0164330760
0.0541269086,0.0457254062,0.0975612832
0.3117340624,0.3665523286,0.6268696417
0.1462454082,0.2166300164,0.1900572173
0.4619643283,0.4020046697,0.1107153947
0.2808374601,0.3253745789,0.2658865073
0.7122458299,0.5874958507,0.6994679328
0.6820721192,0.5940860659,0.4601621475
0.6552593330,0.5392140596,0.5580122975
0.2855110110,0.3814899388,0.3314796141
0.2853901192,0.2836502857,0.3648731118
0.9064517752,0.8367629761,0.8026292485
0.4729732610,0.5557893140,0.4260787612
0.1694427103,0.0358460528,0.1299389542
0.0840231064,0.0468623344,0.0179351342
0.9376778118,0.9772179819,0.9526039240
0.9590326243,0.9653376759,0.9582279108
0.8040668735,0.8003435473,0.7693374786
0.1325719062,0.0324334106,0.0219136930
0.1475917699,0.1005796229,0.0624063388
0.2313809761,0.3038753763,0.3717533588
0.5401868059,0.3688407992,0.5228393819
0.5915319641,0.6848504958,0.5577711112
0.7303796380,0.7678583872,0.7600010431
0.9737781516,0.9589731999,0.9744281712
0.3841547607,0.4226146824,0.3534473210
0.0226775493,0.0281420398,0.0035075196
0.0975435361,0.0465974960,0.1400331998
0.4249326515,0.6505671601,0.5776007181
0.0651527711,0.1070787012,0.1656073242
0.1538387941,0.5689676585,0.3138409070
0.8476827126,0.7880247755,0.7439763089
0.2120686576,0.4832424911,0.3778575228
0.3131304677,0.0821694232,0.0349760766
0.9694627178,0.9602051060,0.9693075458
0.5337325430,0.1871505311,0.2020174675
0.5892409536,0.4699954391,0.6093997318
0.0035308577,0.0011457503,0.0002724878
0.0119781334,0.0776683113,0.0247423047
0.5454056891,0.6846937406,0.4474686542
0.1169195444,0.1029578108,0.0817244236
0.4577031571,0.4178657519,0.4676313225
0.3344148329,0.3952410198,0.4868013364
0.4262452400,0.4983333207,0.4772692529
0.8490326428,0.8279963338,0.7743157672
0.3674253244,0.2598961768,0.2267876814
0.9648318227,0.9796487321,0.9401432387
0.3245188967,0.0669621850,0.1658058641
0.6635442281,0.5455805526,0.6989007032
0.7805305317,0.8062071511,0.7926609817
0.4412285874,0.3952363854,0.2685773442
0.4019598493,0.4101782834,0.3464142025
0.5385114294,0.3706334047,0.3739033247
0.4005255248,0.5183106217,0.3580133242
0.0331966287,0.3274170168,0.0549848612
0.1248023276,0.0815751151,0.0682585772
0.7830204017,0.7267220081,0.5332256778
0.9222331419,0.9635354183,0.9591470659
0.6991653726,0.7430768939,0.6330310520
0.6056904183,0.3840073976,0.2363120300
0.5493966968,0.5809300969,0.4920466368
0.4843930517,0.6627325687,0.5365693242
0.1915391890,0.2113222680,0.1395262219
0.8858316361,0.8733143014,0.9062912311
0.2744689285,0.4232901388,0.1667044822
0.5659806546,0.6144809871,0.3752880946
0.4633739329,0.5782844957,0.5554759119
0.9759754094,0.9713702282,0.9645310014
0.7293489260,0.6911441316,0.6544086976
0.1670481947,0.1215174963,0.0273108616
0.3260119860,0.1582653612,0.1962947716
0.3778387252,0.2195007611,0.3767097268
0.2641295648,0.0862498425,0.0034193635
0.5528991364,0.5586917699,0.4674317453
0.4314173417,0.0954050230,0.6205621721
0.6238552715,0.7629959969,0.5826879703
0.4888119032,0.3964257526,0.2770401279
0.6253781294,0.6125110666,0.5441440180
0.5965358434,0.6393056461,0.6244495379
0.8846930263,0.9282469541,0.8022721619
0.2796132494,0.1399076153,0.1817411872
0.1627115594,0.2088934093,0.2996324887
0.7757192773,0.7939700026,0.8088075907
0.3010384815,0.0566812135,0.0492660982
0.3954323728,0.4418888134,0.4978466535
0.6464467400,0.7087605539,0.7669257359
0.0993289467,0.1500318457,0.0549914277
0.0562834466,0.0917233309,0.1472852312
0.3283118473,0.2869734158,0.2523028906
0.5955136517,0.5505211741,0.5417785705
0.0161804486,0.0042397587,0.0077610060
0.6953158640,0.7638023523,0.8207538878
0.5706416980,0.3341059595,0.2814103845
0.8419052698,0.9470156363,0.8636379305
0.1475876461,0.0586890233,0.2613237579
0.4205855622,0.4872589991,0.4965598185
0.5252480883,0.5059981395,0.6574734628
0.6114023255,0.5731269629,0.6056739647
0.4740464324,0.3800259570,0.4746905710
0.0274321520,0.0520684854,0.0330307673
0.6884916470,0.6110454286,0.5346820383
0.0970187947,0.0532271780,0.0832280323
0.0228962045,0.1268002643,0.2062167599
0.3286212817,0.1886521825,0.1448811902
0.0463036851,0.0442459727,0.0253735321
0.0796116333,0.0528434372,0.0760325639
0.8400211687,0.6435652148,0.7885349753
0.5772275044,0.3134321922,0.2304364379
0.6328707596,0.5719027574,0.4766639891
0.5982841274,0.6692764486,0.6770898175
0.3476764048,0.8078209356,0.2384077268
0.7596010135,0.7650562672,0.7802691899
0.0034172797,0.0536754918,0.0287129474
0.5580799435,0.5040615164,0.4027997956
0.6810321213,0.8118498087,0.8604162786
0.9880920612,0.9879229586,0.9917361921
0.5175687584,0.4947114554,0.5048219880
0.2994159940,0.4702349110,0.3527491316
0.1856433985,0.0547720161,0.1069277096
0.0160770391,0.1384002965,0.0223624936
0.9244862304,0.8847381116,0.9096990521
0.1336360155,0.2285704148,0.1020374424
0.8480911736,0.9330582501,0.8229095721
0.3613927835,0.0675245146,0.1301179699
0.8728206061,0.7435305038,0.7847646927
0.6554793006,0.5516294431,0.3717652269
0.9801212675,0.9744243133,0.9824526074
0.0207346187,0.3898966523,0.1933426418
0.7312014385,0.6162326634,0.5803040595
0.5379206238,0.6398786481,0.6529510948
0.8399273179,0.7645264178,0.7046134173
0.0242271553,0.0161861621,0.0674438761
0.5573934287,0.3938160794,0.3316828751
0.3980014923,0.6255004067,0.3065892112
0.2973840497,0.5216970241,0.4943974294
0.5413815642,0.6535975239,0.6647887944
0.8203730510,0.8932930633,0.8461051761
0.2471423535,0.4544122701,0.7134913544
0.1799673471,0.2984357103,0.5460178230
0.5925684629,0.2772032629,0.3615387836
0.5331549468,0.5302858710,0.5006523805
0.6794704120,0.6489489051,0.6385315213
0.8479241061,0.8235125291,0.7914717112
0.0299689010,0.0518938497,0.0377045640
0.7926611572,0.5345452296,0.6450610853
0.7105745237,0.7588593413,0.8544258861
0.5747786014,0.3759289089,0.2820515680
0.8821866682,0.9105342311,0.9336090670
0.8245422996,0.8315234033,0.8752035407
0.1032795101,0.0055448097,0.2379978522
0.1676078796,0.2660659457,0.3312936299
0.6626220093,0.8757281911,0.3697625503
0.5556487252,0.5840870137,0.6301601735
0.4610245092,0.3755974312,0.3278325022
0.5489000873,0.2156883686,0.5200620763
0.0708401651,0.1688683645,0.0737257639
0.2873410834,0.0876878975,0.3444823951
0.6146873332,0.7062264692,0.4832057302
0.2293824207,0.3304398638,0.5552077021
0.9325613916,0.9426877107,0.8798195904
0.8854060884,0.6692631142,0.8543580611
0.7672260033,0.8483231555,0.9263600023
0.1306461464,0.2184133811,0.3115039683
0.5448712400,0.4408178106,0.3865459822
0.4141974933,0.4042519923,0.3496714223
0.6469045195,0.4881742404,0.6422753548
0.6492301377,0.5298527080,0.5424218341
0.1017219810,0.1379146231,0.2566906024
0.8478834490,0.9043423800,0.8823860672
0.0638437235,0.1109099149,0.0976353728
0.4848525604,0.4073154456,0.4325301295
0.4140766715,0.4386812444,0.8451153753
0.2438667209,0.1147138471,0.1286425600
0.9695292106,0.9678919114,0.9405720485
0.5445304532,0.5750052968,0.6495531844
0.1292419575,0.1328403063,0.2442232096
0.3692884587,0.1408157345,0.2983350168
0.7636624183,0.5655345697,0.5547975824
0.8251101707,0.8010965018,0.8756869798
0.7439470273,0.6511751337,0.6754554482
0.4838674622,0.6146911421,0.6369166815
0.6828392244,0.6763243698,0.7970627965
0.4417118659,0.4788478496,0.7155051576
0.9170829016,0.8382541994,0.8996252830
0.2778210503,0.2635662856,0.2293373140
0.9190165159,0.9565516644,0.8618690770
0.5945187031,0.4060388766,0.6634650646
0.3309474550,0.4999126488,0.3817615761
0.0525506197,0.0649428274,0.2308466134
0.1788865803,0.1593337565,0.1324436038
0.7228425630,0.8138502043,0.7948524457
0.2925488554,0.1244836635,0.3648669506
0.8615488387,0.8589976378,0.8782478728
0.3390120382,0.2742115272,0.3655403180
0.9420252834,0.7995954998,0.8147596741
0.5528682893,0.5334945487,0.5610518530
0.0895965398,0.0823166214,0.1762460931
0.0875982843,0.2432508376,0.1057937811
0.3487180570,0.0829260923,0.0461829476
0.9715585552,0.9271638885,0.9243816608
0.7983065842,0.7254053000,0.7875014464
0.9691428027,0.9002204964,0.9461524572
0.7542739822,0.9040229593,0.7794119833
0.3648355844,0.3296072367,0.4339627510
0.8194183737,0.9059411118,0.8684387773
0.7089615902,0.8307489803,0.6515988728
0.7188913818,0.8502180064,0.8153935215
0.6703490768,0.4940742279,0.6444731222
0.0973962460,0.1533937178,0.0435225351
0.2520843017,0.5101975044,0.5888593968
0.8639211752,0.9019425725,0.9222043164
0.4054102023,0.4003551550,0.3964033776
0.7987479774,0.6333219949,0.7412268673
0.5317899608,0.0447567941,0.1499979072
0.7387188101,0.5919374570,0.5734621398
0.8911588249,0.8138030885,0.8714695182
0.7399574556,0.5165796398,0.5507898374
0.2974263522,0.4655658686,0.1470954115
0.2918030725,0.5415531442,0.2121734027
0.7911973953,0.9397000624,0.8652516624
0.6898226220,0.7573887398,0.6939448093
0.4581548360,0.4792782581,0.3207944980
0.1153806119,0.0742664658,0.2461748779
0.4976016031,0.7434283139,0.6926254892
0.2289350214,0.1828815135,0.3012968638
0.8380234865,0.7971683326,0.8040367790
0.4472723008,0.2457921358,0.4006816184
0.6914906467,0.7405784375,0.6750384481
0.1588983786,0.2725824149,0.0482479367
0.9250781141,0.9455085156,0.9229012302
0.6840605729,0.7496396919,0.6850962480
0.9332702642,0.9038883934,0.8677649148
0.3519438800,0.2446591504,0.3070245653
0.0111628392,0.0112198193,0.0339451051
0.9481222064,0.9006304109,0.9327411949
0.5582398118,0.2967352680,0.5444126802
0.9689411477,0.9716857903,0.9748111423
0.9742695617,0.9861972799,0.9874968850
0.1205016682,0.1576745034,0.1639022716
0.8928905989,0.9052195835,0.8558634028
0.7473537947,0.9350206169,0.7642307839
0.8426185639,0.7155154839,0.8474790357
0.3291084447,0.6140901182,0.3001457792
0.6238830419,0.5783670837,0.6564832257
0.4518359807,0.5108614889,0.4901575061
0.4859847761,0.5074896499,0.3549351207
0.0893399120,0.1574432787,0.2638912081
0.5021790981,0.5302598031,0.2847548128
0.2659930082,0.4203900824,0.2352944293
0.2527603420,0.2328416627,0.4430183814
0.8138746740,0.8747003128,0.8123424848
0.9543898786,0.9614547211,0.9738812629
0.3097299330,0.2438922335,0.3303898637
0.8729517976,0.6160663628,0.7308295507
0.9555814191,0.9519974176,0.9742229012
0.8567004036,0.9480017334,0.8565366336
0.8012370809,0.7617164662,0.8105770526
0.3099215462,0.4664271031,0.8656391515
0.8543255155,0.7315286936,0.7401202756
0.3931502225,0.3345857185,0.1776580806
0.1875625788,0.1409292018,0.1810773687
0.9220852333,0.9315369271,0.9012425948
0.9343845747,0.9682651168,0.9641763977
0.0568117646,0.0556178455,0.0275606801
0.6321559324,0.4768380823,0.7753547821
0.8197981950,0.7682199740,0.8199335704
0.8037927582,0.8175220596,0.7787397665
0.2992619585,0.2050001376,0.3682724446
0.4000089628,0.6185726837,0.4406295031
0.7980402458,0.8072389899,0.7091430136
0.1851271954,0.6597723294,0.1762659753
0.5533628202,0.3496897864,0.1991594551
0.5897990515,0.7151715871,0.6978279372
0.7891045435,0.7442319928,0.8541174947
0.2319815913,0.3624653204,0.2480368754
0.8815168173,0.8856477842,0.9080955557
0.4507578373,0.5555742164,0.4477892231
0.9655194789,0.9667168739,0.9766313919
0.9385193856,0.9737348317,0.9383730576
0.3704849407,0.3697270493,0.5060501922
0.4031674928,0.3882127324,0.4924271574
0.6434860001,0.5930374173,0.6871634847
0.1429992741,0.1283318843,0.1121852445
0.7822623012,0.8177434200,0.8184650483
0.3384247372,0.2932260146,0.3914305742
0.7419550705,0.6944378047,0.6937733377
0.1232220561,0.0501032532,0.1116921650
0.9608112224,0.9192871850,0.9641037257
0.2001995166,0.5232763058,0.2949475797
0.1441272811,0.0995034580,0.1883053978
0.4693754194,0.6909235019,0.4323263428
0.1025233662,0.0019259732,0.0067672848
0.2557062007,0.0739210671,0.1139020015
0.7361484927,0.7155082649,0.7651369900
0.8743889254,0.8651872110,0.8530379772
0.4745080900,0.3258741018,0.3924640246
0.4352258758,0.4825998709,0.2260243166
0.3366743910,0.6194881035,0.5843351484
0.2892985482,0.0260318718,0.0264198981
0.6484807273,0.6972578372,0.6939164102
0.3913817208,0.5200917856,0.4329283528
0.4432368427,0.2694965266,0.3465984245
0.9506923332,0.9312733541,0.9360000281
0.8711173738,0.8340973353,0.8505142133
0.3388180128,0.6638078575,0.3072868891
0.9275932952,0.9099781729,0.9189850087
0.5248109410,0.4172786885,0.4108089566
0.9416366664,0.9612896795,0.9636639235
0.8238251882,0.8623652083,0.8342455924
0.4579475994,0.5227168290,0.6650528231
0.5057283263,0.2005334094,0.3070676844
0.4677932981,0.3874078454,0.3792912615
0.0571781772,0.2324366965,0.2094762314
0.4429052097,0.5014570376,0.5781511231
0.2807388559,0.1252102858,0.5489445035
0.1838370823,0.2932194288,0.2651892899
0.1717120822,0.2893136080,0.2076389927
0.6890953246,0.2221669854,0.2197795633
0.4614206688,0.2395434512,0.5436318926
0.6948285100,0.7832462403,0.7452813881
0.4229439341,0.5922969847,0.4351917974
0.5950818228,0.6123321353,0.7207491473
0.5767337377,0.3616431927,0.2799040892
0.3239220917,0.2983475581,0.6219995203
0.3582391544,0.6026089740,0.4773364182
0.5029826283,0.5298404667,0.4863053819
0.9266491485,0.7047147582,0.6888384427
0.7840713985,0.7814155348,0.7539403979
0.7744754919,0.7807382491,0.8105474809
0.0642597398,0.0131147083,0.2272541849
0.4452970929,0.4475863155,0.5533045138
0.2345908741,0.2723251415,0.3627463096
0.0000830810,0.0004432074,0.0009264137
0.9510732379,0.8472141598,0.8874617819
0.3448008855,0.2341947795,0.1655300633
0.2716426612,0.3890377342,0.6934057512
0.8359861087,0.7487472552,0.9238828058
0.5789770341,0.5140977863,0.3399301309
0.5997993056,0.5000600004,0.6537698645
0.0865492806,0.1156281666,0.3052865239
0.0286116047,0.0182835565,0.0188457405
0.8772544890,0.8552030282,0.8419551565
0.8841713654,0.7329383999,0.7288667246
0.1676054578,0.1235733411,0.1494148165
0.7026761904,0.8588551704,0.8593136607
0.1038853268,0.1496466785,0.1933152416
0.5586925802,0.5930050244,0.7466659735
0.7978716401,0.7668551691,0.8183383396
0.3769066409,0.2001589551,0.3090710453
0.0010004435,0.0535148088,0.1287160651
0.2154417851,0.2904342231,0.1388252026
0.3713903604,0.1983492573,0.3268230392
0.8299319983,0.7899357145,0.8110900172
0.1588065106,0.1716726629,0.0695552831
0.7541797581,0.5605848357,0.7950781547
0.9394849869,0.9517754349,0.9658459624
0.8553314949,0.8712930787,0.9479108438
0.2794761550,0.4678368025,0.3483194937
0.4981340305,0.4932494251,0.4354473262
0.6268359648,0.5779114218,0.5776965604
0.5710452403,0.5280653162,0.6700946303
0.5864530889,0.5518378731,0.7469149674
0.9022689398,0.9016093528,0.9490337682
0.7729968709,0.5396468835,0.6619501216
0.5177922372,0.7629773262,0.6220467355
0.0158581297,0.0414964203,0.0698523873
0.0767143733,0.1695653244,0.3358542549
0.7484548588,0.8273438629,0.7568269988
0.7080645819,0.8025286884,0.5500171369
0.1303231565,0.1336085699,0.2803815291
0.5837315251,0.6252202524,0.8446656128
0.6990046578,0.8077465261,0.6351707028
0.0759641615,0.0553020429,0.0519991806
0.3244044878,0.1304179415,0.0236175163
0.8540860365,0.8034064921,0.9802276876
0.9572080609,0.9430483574,0.9443492072
0.7330116294,0.7349274008,0.6244138291
0.6943783123,0.7135252222,0.7915819800
0.0796034444,0.0990678130,0.0630620027
0.8769325723,0.8761502890,0.8846158321
0.8985010525,0.9111720465,0.8966155842
0.5311643524,0.7838587911,0.3213879029
0.5478331414,0.2038029349,0.4642172112
0.7760111953,0.8022087092,0.8146244267
0.9418265081,0.8215603481,0.8812774031
0.8808182974,0.7792683645,0.7702424910
0.0181606319,0.0556413971,0.1310794979
0.5794172363,0.0986203436,0.0829342528
0.3115988911,0.1035413260,0.1836867703
0.9421586109,0.9069666562,0.8626478622
0.5599788920,0.5515157251,0.6629029209
0.6698720595,0.7324149974,0.7921259130
0.4537576862,0.3490439819,0.2891860991
0.6953288440,0.5265578796,0.7570866759
0.8060511106,0.7916483390,0.8108242644
0.4837540002,0.7035713758,0.6342765569
0.8606382209,0.8336316775,0.8397273183
0.6854529074,0.7790043313,0.6541003005
0.4555904602,0.2480331542,0.2587510937
0.6528034593,0.8586006610,0.8121588484
0.6622775205,0.7085844042,0.7946541115
0.0854914745,0.1510896817,0.2116426537
0.2262188359,0.2288674762,0.2365369082
0.6532631110,0.7256473404,0.7832774757
0.5963894410,0.8664983589,0.5448141917
0.4891196436,0.4110663885,0.3760319672
0.5483124179,0.2468558295,0.3703255211
0.6766709230,0.4829390810,0.5295974769
0.6217073790,0.7778371662,0.6179643903
0.6489268843,0.6484654549,0.6870120455
0.3466797849,0.7995310825,0.2980644738
0.3223098137,0.5124278573,0.2770424948
0.4442895665,0.3447469229,0.5353861750
0.9939782332,0.9946307409,0.9972414565
0.5504676386,0.2468128991,0.3522076492
0.7221808884,0.7084769987,0.7484250304
0.4924807711,0.3775746121,0.4496436811
0.8088396763,0.6372867833,0.7566724523
0.3486883508,0.1401428284,0.2020744671
0.4490047173,0.5070966094,0.4181432204
0.7967321805,0.7976865803,0.8214399186
0.7741073769,0.6900541841,0.7357247476
0.6378774205,0.6304806541,0.6053338154
0.7714733771,0.5220832836,0.5407366911
0.9163861680,0.9514558776,0.8920178372
0.1899199587,0.5826583641,0.3709806124
0.1380517791,0.4019799893,0.3899034539
0.2027066513,0.2449609371,0.2167758928
0.6140875810,0.4319394915,0.5468933990
0.2018487920,0.5217519002,0.6134820127
0.9160334173,0.8499293815,0.8996678745
0.9595554913,0.9338571313,0.9822111466
0.4769563748,0.2758301161,0.3444848272
0.7396419502,0.8038873386,0.6468052715
0.2162621079,0.1966871892,0.1466069050
0.7650806382,0.7452432735,0.9111924986
0.0118527292,0.0074768791,0.0121105758
0.0173298182,0.0551847708,0.1169000701
0.6669385314,0.6638609837,0.7404127989
0.7964990053,0.7282742210,0.8260461880
0.8859523696,0.9075441078,0.9319600050
0.8029521534,0.8097389839,0.7256078153
0.0447332518,0.1272054948,0.1710551570
0.2867049185,0.2694037162,0.3600829038
0.0128074679,0.0650349350,0.1792973034
0.2315850657,0.4481865767,0.3223735726
0.3679283756,0.2660191436,0.6491229253
0.4947161682,0.3622483458,0.4118650157
0.7071476536,0.8176733955,0.8833176364
0.9274705922,0.7804425280,0.7621509778
0.1881002607,0.1336395110,0.1129303953
0.6603204108,0.6696132562,0.7137833610
0.7031596095,0.8676849627,0.6514360370
0.8533751705,0.8206352012,0.8825067795
0.9687436416,0.8887375085,0.9108240874
0.8080435587,0.8697744121,0.8531788615
0.7898502666,0.8114602604,0.6693405457
0.9278083105,0.9416666814,0.8828931184
0.8891856168,0.8851740003,0.9473319312
0.8621612794,0.9102219524,0.8679634903
0.3873395349,0.4591900214,0.3607730628
0.5275524943,0.4900706656,0.5423140629
0.4130466467,0.3392332159,0.4458724947
0.7628678637,0.8248161020,0.5779966402
0.6267999466,0.4320889734,0.6891832972
0.5936974843,0.5804650671,0.5738689514
0.7077061641,0.5620910069,0.6172128236
0.0360742417,0.1379091779,0.0422113184
0.3847261167,0.7505881161,0.4685421644
0.1688022881,0.0929905772,0.1270275095
0.3313344835,0.5246369510,0.4457100755
0.1231002774,0.0598823109,0.5050102185
0.3668224819,0.5473071792,0.5315423885
0.2597881160,0.2234000696,0.5578227096
0.1342034437,0.0900480338,0.1483611396
0.9477413217,0.9602716613,0.9085232574
0.8040227878,0.8771805715,0.8154422979
0.0788761986,0.1488974916,0.0741957089
0.4880986559,0.4253721164,0.4375647114
0.9053731690,0.8908300638,0.9141185630
0.3263725844,0.0651612120,0.1263591133
0.1154551321,0.3615590769,0.2932880185
0.9510498020,0.8038989302,0.8951693308
0.8416543687,0.6484428752,0.7013711450
0.6411273906,0.4429327251,0.5412062152
0.7536286392,0.8290979646,0.7637293129
0.8696210800,0.8183665624,0.7966945661
0.6448244821,0.2365163475,0.2796339996
0.9751822642,0.9752921138,0.9804275214
0.2875286879,0.5271068218,0.3397222545
0.1316809885,0.1287904198,0.0962824107
0.1863919616,0.0815438252,0.1106813203
0.2281483898,0.0537012487,0.4113055429
0.2113429655,0.2343769379,0.1491330708
0.0270234409,0.0040659812,0.0906753008
0.9427016606,0.8784774591,0.8741845858
0.9204097914,0.9484846907,0.8864736471
0.8254051283,0.8345423276,0.8125789690
0.4565510468,0.4171519761,0.5068438193
0.1091482988,0.0377064808,0.1743229550
0.3608160520,0.2314643905,0.5464361370
0.7290191265,0.6114931208,0.4256136504
0.0823192250,0.3676426208,0.2126336456
0.5355893429,0.4607983473,0.5501592647
0.2355943015,0.1469724152,0.1179304185
0.6605326305,0.6264784939,0.6140172528
0.5038480928,0.7821425589,0.6773183582
0.7370398183,0.7140422262,0.8491329729
0.5263756400,0.7291696053,0.6831325525
0.9861560562,0.9947318407,0.9872254590
0.3946404176,0.4219782109,0.2324464625
0.5121710374,0.2165011219,0.3047860619
0.6077253066,0.4923294211,0.6459430433
0.6011653947,0.2795496413,0.2521470815
0.0810383366,0.0718104478,0.0936802159
0.1040693129,0.1498428219,0.1473992348
0.4797831311,0.4858678448,0.2250751207
0.2583866093,0.0932885510,0.0872421128
0.5152052652,0.4103183393,0.4111305209
0.5415849642,0.8276970163,0.6321500957
0.3271819204,0.2785585007,0.3220501695
0.2816932707,0.2985470463,0.2108227130
0.8682055643,0.6621457593,0.7733422011
0.6183588996,0.4212619561,0.3897463176
0.0888130415,0.1202719541,0.1180082122
0.6388193631,0.9113344901,0.6625337814
0.7162616676,0.5379302427,0.3656992098
0.0936476658,0.0531923859,0.0801597752
0.7093173293,0.6315109149,0.8123676794
0.4372151036,0.2864709421,0.1557983738
0.9064770327,0.8791435368,0.9142913486
0.7627721450,0.6797079367,0.6355636339
0.8488547318,0.8321687361,0.8410505876
0.4033130257,0.4278131760,0.4037434670
0.4051047999,0.4465010836,0.4947360036
0.8299691289,0.7739822748,0.9061541504
0.7111745906,0.7895041973,0.8600613049
0.7540794632,0.5442476582,0.5992973248
0.9705845684,0.9683539928,0.9723972835
0.5447665922,0.4518912337,0.6184435919
0.9438071686,0.8621126912,0.8109491156
0.4190648390,0.2247485608,0.1312847762
0.2043721283,0.3128065722,0.2409832162
0.2180308829,0.1552257550,0.1160623341
0.4716716907,0.5582757481,0.6097739467
0.3209753247,0.8323128496,0.2133255013
0.5176237731,0.6921902685,0.8467907676
0.5951113592,0.5570993199,0.6721930963
0.4304498819,0.3716322286,0.3792438147
0.6870967031,0.7403462768,0.7191899540
0.8261694294,0.8325983312,0.7970216916
0.7687019327,0.8837180866,0.8364139171
0.6914039320,0.7361212486,0.8102711969
0.9513858186,0.6165249415,0.4937631594
0.6024687225,0.6423265794,0.4716608337
0.8539793778,0.8588979188,0.9152562106
0.2002713020,0.4752972952,0.4967612196
0.7551393905,0.7490582573,0.7398260900
0.5183112256,0.6150739383,0.5176966531
0.1080757945,0.0456784151,0.1219813606
0.5784705458,0.5601907940,0.4483299459
0.0806983146,0.2281048745,0.1490230244
0.6002544450,0.7663063758,0.5511542526
0.1871104402,0.1883398167,0.6774031087
0.8120167278,0.8207258008,0.9328766122
0.3335666813,0.2223377945,0.4023766545
0.6303842404,0.7644226839,0.7108005826
0.9866510837,0.9836908263,0.9755912147
0.0085227039,0.2823533142,0.1569805614
0.5163206802,0.7266722360,0.5675449972
0.2518689038,0.4682656931,0.2738693820
0.2723228450,0.3104084120,0.3447477658
0.8745890167,0.9246930132,0.9378338788
0.4038768854,0.5540659747,0.5022169828
0.8911673442,0.6372979095,0.7551850470
0.4005291421,0.6344401804,0.2377201012
0.9474955038,0.8638461964,0.9215736562
0.8896730924,0.8879540052,0.8679194540
0.5048340901,0.5626382470,0.4354756255
0.4891032660,0.2164650410,0.1945445755
0.7164143165,0.6171688854,0.4574523955
0.3445581353,0.2858723752,0.4513343689
0.2754951264,0.3057871161,0.4497148394
0.9136549826,0.9090508154,0.9053615132
0.4984431889,0.6004185247,0.5634679172
0.7757204445,0.6978607232,0.8040046471
0.8020318184,0.6583098234,0.7166121535
0.6499039372,0.7242222121,0.7217674692
0.4520251803,0.3721896647,0.4094345497
0.7618324639,0.5662021304,0.5533908849
0.0078196203,0.0140109060,0.0081762173
0.3746164588,0.5819619745,0.4273673545
0.5441751466,0.4264752897,0.4483619914
0.0929594759,0.1688070466,0.0532522547
0.9466434064,0.9544916250,0.9325023400
0.7522043069,0.3001362810,0.2109418958
0.1365025865,0.2942144743,0.2223663227
0.8171100044,0.4941863448,0.4121740943
0.1031376814,0.7439288979,0.1986907687
0.5908365701,0.6496074551,0.4419221104
0.9554047720,0.9728756032,0.9719519215
0.3478039455,0.3999609654,0.4971788641
0.6154074277,0.3512487526,0.4939950357
0.5415032147,0.4093622030,0.6054302835
0.8098228279,0.8965226892,0.8525386471
0.0491843636,0.0570857550,0.0698175301
0.3435060493,0.5576995237,0.6121722083
0.6037582279,0.5599524571,0.5744595806
0.2773367785,0.3512181098,0.5841488090
0.7285943421,0.7052419807,0.6365078577
0.3932375999,0.4608897835,0.5080602102
0.8224181518,0.7021551240,0.7922277681
0.1408275454,0.1042023727,0.0599047469
0.0216910309,0.0029928209,0.1524261819
0.4249332489,0.5243857483,0.3998200685
0.8282055913,0.8934790572,0.8503525757
0.5403133078,0.3133966085,0.6781928599
0.1699199304,0.3491217776,0.2362778520
0.5685274647,0.4311194936,0.5877511312
0.5042404605,0.6223207879,0.6260691158
0.5092932198,0.6441080981,0.5987335366
0.3919828540,0.3856006537,0.2873903039
0.9384299359,0.9852401878,0.9476915224
0.8951693701,0.8970208202,0.9163015978
0.3963723528,0.7626258857,0.5343605165
0.0043055472,0.0374087749,0.0200173118
0.5782864044,0.6149854188,0.6457681408
0.7131601359,0.3718687343,0.4673797228
0.7690885558,0.5481916580,0.6016567192
0.3770556836,0.2276789257,0.2681404153
0.1399004687,0.1615964964,0.3876613285
0.6847801418,0.5646189371,0.7891636333
0.5168409682,0.6889635574,0.5717588634
0.3198230656,0.3768578212,0.5761552236
0.7787633533,0.6837000030,0.7594279759
0.1945449931,0.1532402131,0.2607039724
0.3833506742,0.1485420621,0.1337773952
0.4000562056,0.6199026365,0.5533604551
0.7333069989,0.5756133417,0.5022806522
0.0011002576,0.0021015183,0.0003538241
0.6984728267,0.8108011726,0.8637084911
0.4437513403,0.6303024563,0.3091755054
0.0951725538,0.1260222933,0.1754169074
0.4572314145,0.4061615227,0.4193223598
0.4467628857,0.4067258625,0.3242258690
0.4060316910,0.4698352737,0.4768607695
0.9958006862,0.9948683263,0.9915504987
0.0435863473,0.1383392282,0.1162465333
0.2597705342,0.1874680167,0.1707309146
0.7953472206,0.6078799440,0.5965636872
0.7870836277,0.7053760580,0.8042199883
0.3200363353,0.3908404650,0.1154290998
0.6661660610,0.4812184072,0.6466515058
0.2204419501,0.1203984210,0.4454584223
0.1741380583,0.4542720477,0.1534859131
0.9751970957,0.9627716020,0.9811458989
0.2342427752,0.3809106621,0.5211711864
0.2704368087,0.3451256474,0.4954150040
0.3824948446,0.4150011209,0.2954129843
0.4394983015,0.4455983664,0.3641931346
0.6738857924,0.6537280459,0.3891240297
0.2083702624,0.1637219190,0.1234194572
0.8519802030,0.8510095228,0.8536604063
0.4112205983,0.6724376155,0.7139793365
0.8294192354,0.8478302406,0.8054757648
0.1283230272,0.3155534277,0.3430475718
0.1683251475,0.1156367787,0.1187663668
0.8042193845,0.8077185743,0.9075814572
0.8983437099,0.8389473121,0.7964983899
0.1168762575,0.3257126094,0.2583324767
0.2472176786,0.2462169574,0.3119045449
0.9317757201,0.9254381008,0.9491577306
0.8428165531,0.8733580746,0.6908580144
0.5920613080,0.0982256094,0.0636021147
0.7639020158,0.6292795788,0.8478042261
0.3855366465,0.4616290333,0.5338285596
0.5059728235,0.5818251047,0.6687870691
0.8919997696,0.8667590449,0.8424621704
0.0933234858,0.1367008226,0.2737934554
0.9359858675,0.8878359644,0.9109262720
0.6421777210,0.5725621183,0.3672781493
0.1770739352,0.2551503926,0.2600159489
0.9697077087,0.9458736810,0.9239454035
0.8097851143,0.8758187502,0.8625828548
0.0784371809,0.1057841466,0.2484459376
0.2478947180,0.0054758186,0.0089091265
0.8141090097,0.7870712858,0.8487056935
0.0768206702,0.1436838956,0.2244675641
0.7045410468,0.7221915744,0.7567766631
0.6032156478,0.4121896392,0.5309307088
0.7714692468,0.5943447771,0.4634344462
0.6212961151,0.4854417079,0.5395131575
0.3653553477,0.0533239856,0.2221484693
0.4090187738,0.4588558801,0.6024309050
0.9219471078,0.8263343129,0.9296642046
0.9795175424,0.9846910440,0.9788114429
0.5320759566,0.5420670028,0.4668773003
0.8556954748,0.8600415724,0.8215619612
0.0510123740,0.0579615083,0.1265620606
0.1234661440,0.1051044930,0.0889582247
0.6529711654,0.8060054981,0.7010402247
0.2945235947,0.3592266952,0.2042423040
0.8231945775,0.6385513052,0.6604080150
0.4115106087,0.5348437429,0.3205830577
0.5092603710,0.5085921690,0.6816085448
0.2177866059,0.0938968468,0.0700883501
0.5089229198,0.7305253326,0.6560393937
0.9469500338,0.9466337431,0.9776039741
0.1332632414,0.1120827659,0.0625545128
0.8639731871,0.8272160548,0.8047940356
0.6105465415,0.6633280195,0.7803429285
0.9955426117,0.9978582083,0.9949948438
0.4312236260,0.3714626551,0.5209710695
0.2996517082,0.4808246588,0.3450620991
0.5490406082,0.4312072969,0.5379915152
0.7112791311,0.7833458421,0.7448788645
0.0170087877,0.0308614600,0.0129377405
0.9644754726,0.9855774144,0.9872004107
0.0662859528,0.0392024614,0.1334905259
0.1730375731,0.0288472816,0.2387116452
0.2973086989,0.4323682952,0.3273272225
0.5724627333,0.4119200854,0.5280498914
0.5272354969,0.5892613904,0.6833982335
0.5644156925,0.7142311311,0.5742880104
0.9446644721,0.8999476150,0.8869847593
0.6028757249,0.7670296153,0.6040079595
0.9611505173,0.9823519476,0.9706226063
0.9198849558,0.6918767855,0.7817344449
0.7998154446,0.7915010804,0.7439071374
0.7619931955,0.7057817973,0.8099593003
0.4037835178,0.4092964171,0.5624447612
0.2137835323,0.4441566586,0.4188885838
0.5013767068,0.4063662545,0.4770258023
0.9074174461,0.8482171109,0.8493815953
0.7877616173,0.5229175873,0.3846330173
0.6367750495,0.3968771623,0.3453565967
0.2113328346,0.1072474237,0.1962975143
0.0984655793,0.1171183159,0.0643567987
0.4352844135,0.5845038089,0.4756167493
0.7069684682,0.4855397366,0.5811631255
0.8793553114,0.9051366265,0.8386834198
0.3421420684,0.4163731083,0.6091003510
0.4012412549,0.2858667907,0.2314110656
0.5603060368,0.3176695236,0.4822124959
0.7237261121,0.8928686426,0.6691055262
0.6751041112,0.7400939893,0.6272067686
0.4841126847,0.5366837941,0.5726173111
0.4401654204,0.2586409398,0.4645858378
0.4771447736,0.5165564743,0.3854349327
0.8211246603,0.7921235366,0.8019145323
0.4621372324,0.5056791498,0.3646088480
0.1963572566,0.3339384660,0.2948615671
0.0504844050,0.1044287395,0.1249363217
0.0564525975,0.0858351037,0.1705987358
0.1826692551,0.3606177910,0.2833493835
0.1044677372,0.1423053010,0.1020031790
0.8312825744,0.8376337189,0.8419103092
0.4781774518,0.2686687928,0.0464344160
0.9925266588,0.9938346049,0.9966536122
0.7941761335,0.7154038017,0.6200087835
0.3787159720,0.5626879210,0.3260695234
0.0281573549,0.0906807175,0.1852126355
0.6345886998,0.4636059301,0.5068909824
0.8559226589,0.8638096779,0.8993685915
0.8409066019,0.8648265987,0.8640207933
0.1090886377,0.0132017716,0.0286087542
0.6588204468,0.8359419830,0.7072762663
0.9819454294,0.9635218130,0.9688863022
0.1896048942,0.3830151480,0.1157635727
0.7520028081,0.6671642791,0.7163995778
0.4472006995,0.5733045404,0.4557455553
0.3135977280,0.1720584765,0.2190080793
0.5591575165,0.4621879316,0.4507248363
0.9566195520,0.9667916199,0.9391893369
0.0502806336,0.1096853576,0.0619122487
0.3640436057,0.2371176286,0.1067128630
0.6591785871,0.5937161440,0.7434014998
0.2625917053,0.3912414941,0.1908210697
0.9620081690,0.9002634185,0.9027145149
0.2133445736,0.2801579545,0.3605212031
0.0829603333,0.0628374564,0.0396947950
0.7733619041,0.6855711625,0.9026178455
0.4848670935,0.4741660260,0.6155644869
0.4471553116,0.5455409713,0.4568691505
0.0383218884,0.1258397955,0.1099114873
0.9022572796,0.9355934651,0.9018391077
0.4786882791,0.3475079343,0.0896060292
0.2485538358,0.2813018359,0.2117914906
0.3863048513,0.1443649411,0.2052116313
0.6447114041,0.4871403579,0.6189589782
0.8042840052,0.8032280249,0.7473030413
0.4404126196,0.3945705374,0.3250901850
0.4731122129,0.1851354658,0.2062592747
0.4986798871,0.4013512607,0.4550222891
0.4195769509,0.2069658357,0.4411708645
0.3685494133,0.1108271140,0.0924861124
0.7735729559,0.7703423931,0.8609180605
0.5977443719,0.5099633564,0.3761216214
0.5101033622,0.4964175483,0.6689380383
0.4630198049,0.4150667114,0.6217232429
0.3554916469,0.1413318354,0.1552554370
0.2671340069,0.4426940505,0.0628803126
0.4340688367,0.3549754726,0.4504670746
0.0518954335,0.0136814190,0.0814205039
0.8266585036,0.8603939424,0.8895645012
0.0518198049,0.1534220674,0.0349511826
0.3338539587,0.4551647728,0.5305540768
0.3252286066,0.6444105233,0.3137581331
0.6724509718,0.5250002648,0.8127980462
0.8629549777,0.8516016037,0.9549147467
0.4985504283,0.4346701122,0.3248100491
0.0200290566,0.0077337732,0.0136749713
0.6624652600,0.5814651677,0.6358782836
0.6376360669,0.3941204039,0.7562174432
0.4722840079,0.3637074977,0.5689043916
0.6900434988,0.9155365444,0.7468324012
0.2889501357,0.2811950999,0.5952706093
0.3027677142,0.0808023638,0.0744780412
0.6057378735,0.5049115479,0.1661765512
0.3964755815,0.5376587587,0.7406394419
0.7496269141,0.8634962741,0.8077642465
0.5911818721,0.6741980081,0.5924288625
0.8441923044,0.8163594839,0.8632139154
0.4168736679,0.5361217563,0.4686689192
0.0975234553,0.1171424849,0.1609168633
0.7167747085,0.7078185507,0.8437952614
0.8765047133,0.8723344465,0.8275361271
0.2711346917,0.3139372546,0.3820858829
0.3216173051,0.6656790501,0.7868725302
0.8848453305,0.8307282907,0.8424265393
0.4087697657,0.3519669654,0.1566407212
0.2931733065,0.3225557663,0.4640791710
0.2426615499,0.3260153863,0.4565662545
0.3179843101,0.2251208473,0.3752488023
0.0117463912,0.0172588392,0.1048391908
0.1194870954,0.3017066855,0.1358351587
0.0403193703,0.0265159999,0.0249472462
0.7890735531,0.7454682014,0.8622750734
0.8604715451,0.8003526416,0.9050761724
0.1358224481,0.4424528978,0.5410723182
0.1778724970,0.2046237496,0.0988885749
0.7531904389,0.6104739578,0.6879900743
0.8534572693,0.8692414931,0.8989146953
0.6454535747,0.7276861186,0.6929985356
0.8062494615,0.7876545755,0.8991994439
0.1316056265,0.2769112067,0.2400462139
0.0166704980,0.0069391712,0.2067619388
0.2369815721,0.3699306145,0.2206312510
0.2940963723,0.2532243110,0.2850056170
0.7761395936,0.6375568680,0.6117475226
0.6672021804,0.8629656909,0.7990323708
0.8980039089,0.9372117608,0.9027449891
0.3537051823,0.4393528675,0.4596041390
0.4566728436,0.4629481217,0.4435141363
0.7385755397,0.7641017531,0.7311384964
0.2140682292,0.3999903954,0.5739993281
0.1218307548,0.1217313512,0.0894080354
0.2848967983,0.3454621311,0.4389927133
0.3443655312,0.3217663756,0.6029132937
0.7792856496,0.8934557502,0.7039978070
0.5903696596,0.6171224979,0.6004053433
0.0835858346,0.1924645291,0.2738033545
0.3843661291,0.5670575289,0.2487497822
0.0749816944,0.0353128221,0.0360530629
0.9209605422,0.8617000749,0.8487997299
0.7750194846,0.7719399689,0.7426620199
0.6490111232,0.4990419402,0.6529522114
0.0889374075,0.1053109858,0.0366342652
0.0186010682,0.0419340856,0.0424471402
0.2665606113,0.3408912972,0.3502443271
0.6938373164,0.7337096620,0.7878275375
0.6007897134,0.4927395155,0.6577238636
0.1835261332,0.1998990133,0.2001172030
0.5136522121,0.1394807722,0.2047679279
0.7888549456,0.7556346788,0.8535367703
0.6037223225,0.3977840703,0.1592223947
0.4830096238,0.1735609447,0.4304904107
0.8491556507,0.8829717234,0.8748965681
0.5482239508,0.6675185350,0.7012610382
0.5628856185,0.5956154109,0.4329384303
0.1885415481,0.0775550163,0.0198570068
0.5986610080,0.2602266299,0.2227085775
0.2118632595,0.1716378530,0.2002185249
0.1292109497,0.0361744142,0.0335239426
0.9339198710,0.9650326806,0.9610225638
0.1864122831,0.3305749530,0.4355804978
0.8778475502,0.8910492267,0.8473126447
0.0021152945,0.0109394225,0.0012582595
0.7346444914,0.6906562536,0.6591132210
0.7006780143,0.4513212958,0.4105915593
0.7518211599,0.8578167084,0.8151696593
0.6176990743,0.5682129483,0.6790770822
0.9425143824,0.9739062791,0.9693670241
0.9584461850,0.9647914382,0.9651894230
0.4804972292,0.7401763029,0.6401598025
0.3421722792,0.2366565628,0.0732428921
0.5758702108,0.5662241136,0.6813178442
0.3813860818,0.1383531239,0.2664966529
0.1850001667,0.2434973996,0.1497681249
0.5380260063,0.6241894503,0.6172368467
0.6220371694,0.4078617863,0.6660776311
0.9828505910,0.9844183044,0.9842637202
0.1387951296,0.0440388845,0.0829594813
0.6452082886,0.7952266841,0.5016880991
0.4807884513,0.5988483328,0.5635107870
0.0454599565,0.0650352480,0.0937911886
0.3662146652,0.4900426758,0.5109419271
0.5884653882,0.5022658961,0.4907187168
0.3492001358,0.5413380001,0.3649711371
0.5215796101,0.4181173487,0.5130975360
0.3301481865,0.4467324181,0.3793847580
0.6689519246,0.5715285526,0.6606084620
0.9630965618,0.9756707190,0.9725502636
0.1340960335,0.2446781526,0.1563298354
0.4280682668,0.2669772075,0.3064107426
0.4682910508,0.6840365252,0.4695900656
0.6580018314,0.4833329832,0.8616710307
0.0636375384,0.1089834558,0.0640524888
0.8548604147,0.8979848544,0.8353575628
0.2380370602,0.1604571633,0.4321261489
0.1105126851,0.2267390377,0.1024860001
0.2222602318,0.1570142765,0.2917416315
0.8796330311,0.9151227987,0.8495132460
0.6585048190,0.3810447656,0.5811930301
0.6490047263,0.5827533602,0.6456879134
0.7070342908,0.2014212658,0.2008769800
0.9891056050,0.9763661260,0.9724506848
0.9103215569,0.9248281652,0.8867252896
0.8203336255,0.7088580463,0.7589936841
0.6102219258,0.4759402744,0.5830924250
0.7793607217,0.7261541920,0.7077303599
0.4524756959,0.6951561755,0.5402526209
0.0165487697,0.0252611070,0.0022306343
0.4856464438,0.4856022354,0.3391625428
0.3639740489,0.0713717669,0.2215351320
0.7111045686,0.8462623895,0.7994570816
0.7709733299,0.4240503693,0.6287916864
0.1098048384,0.0887197653,0.2518060154
0.6361719309,0.6163993565,0.6231829396
0.0887076178,0.0103242914,0.1740043348
0.8362331000,0.8403781308,0.8240312963
0.6949230780,0.6254560565,0.9211605586
0.5660896812,0.5369381129,0.6188228941
0.9477258413,0.9261725157,0.9162190810
0.7055983228,0.5342396989,0.6729171907
0.6566761159,0.8506789870,0.8164576063
0.5467581870,0.5966701027,0.5723277962
0.8842903762,0.8263799886,0.9336974192
0.2147350392,0.3387368586,0.5678612021
0.7335716329,0.5631399291,0.6625648578
0.4476496300,0.3897148538,0.2366406591
0.9690004438,0.9588977202,0.9641912098
0.3729696499,0.4073397644,0.2687353212
0.8002838862,0.5673253003,0.4562035086
0.6145108920,0.4292412503,0.6450842867
0.5518024333,0.1359401631,0.3081419213
0.4962133588,0.8634360920,0.5929208208
0.2122675404,0.3451980194,0.2121373526
0.0615915619,0.1289414295,0.0899644147
0.2451474034,0.3535604642,0.2828115998
0.0217127084,0.0163783459,0.0616166932
0.2265863308,0.0739281696,0.2268075373
0.6880579631,0.7360410026,0.8248001967
0.2244922449,0.0670158431,0.0340061103
0.8835680739,0.8955648329,0.8451890820
0.1991064574,0.0858044595,0.0799096467
0.4851804662,0.3136772211,0.8504575967
0.8736949770,0.8656969607,0.8830798731
0.4096789864,0.4962406191,0.3817876557
0.7352770905,0.8377560193,0.6347118024
0.0232170434,0.1017882516,0.0693062344
0.9303063951,0.9116281669,0.9288264623
0.3811537266,0.4090613492,0.6044790829
0.0909605602,0.0462446472,0.0474880920
0.4379687518,0.4373476571,0.3985471442
0.1840000282,0.0424373926,0.2663506029
0.5334860265,0.5024270144,0.2691358458
0.0160914846,0.0005059633,0.0081427768
0.0559587483,0.0167304932,0.0274526635
0.9058337123,0.8657540457,0.9503482328
0.5214704105,0.5475903307,0.5394048359
0.0791946231,0.0454910618,0.0437207245
0.9903875765,0.9918860599,0.9885333750
0.0835441989,0.3552741274,0.2244350612
0.3786910905,0.1950155920,0.2364649673
0.7238494093,0.7374426468,0.7781933577
0.3844793752,0.6030453670,0.3250687157
0.2129490720,0.0294690874,0.2224750737
0.5726861010,0.6030331955,0.6771021591
0.1101388381,0.3527330638,0.1434429627
0.1106548473,0.1620549116,0.2263365087
0.2217113108,0.2766453407,0.2570027990
0.3647333825,0.5629409973,0.3141798303
0.0194614883,0.4200377924,0.0270164696
0.5986380584,0.6685931183,0.4290162681
0.2080729972,0.1781927657,0.1819098791
0.3727708169,0.3739607939,0.3543180420
0.8051122425,0.6439863924,0.6011874273
0.6944272258,0.5998227064,0.5810803431
0.9772346857,0.9827576909,0.9781350749
0.1582329669,0.4751846163,0.0894217225
0.5101793242,0.5234014796,0.4749052308
0.7672701716,0.7804055351,0.7771319635
0.0156175931,0.0270355799,0.0811783467
0.7376712100,0.8332143580,0.7761887484
0.5205891408,0.5474193763,0.7083965436
0.2501048921,0.5062230403,0.2589503980
0.6598280229,0.6389656475,0.7198590528
0.6198471774,0.6715352360,0.8974870693
0.8459189433,0.8978023663,0.7851211009
0.0913421244,0.1246367176,0.1480714791
0.5981776248,0.6990707892,0.8343502015
0.8652567190,0.7902523600,0.8061926667
0.1494315987,0.0423830445,0.0140982769
0.0366079538,0.0321920385,0.1091085928
0.0664599378,0.0996206498,0.3169793614
0.9295318257,0.8879632049,0.9487984413
0.1507508633,0.0607483873,0.0866247781
0.1851290742,0.3294064078,0.1560266417
0.3360392895,0.2827171324,0.4201278724
0.3529668242,0.3960924238,0.2644483036
0.6112747044,0.7284874783,0.6138323486
0.5494781289,0.6420890926,0.3608658400
0.8194098787,0.8315384455,0.7802591488
0.6123027857,0.5308599830,0.6857574888
0.5757853462,0.6114551064,0.6167909909
0.5343435775,0.5287380449,0.6416501173
0.1792686739,0.1536989125,0.5494877088
0.2351198441,0.3255178147,0.6583063220
0.0428940920,0.0750123962,0.1098474485
0.1365853426,0.0500888496,0.1689553523
0.4834863589,0.8215699677,0.1935045992
0.5219349430,0.4540237552,0.5268507420
0.4080872589,0.2038897337,0.3562255261
0.5630789128,0.6782148890,0.7151916646
0.1691858557,0.1638714501,0.4717101062
0.6942119682,0.5764696666,0.7152795321
0.6982517864,0.4779813472,0.6857422151
0.3099178166,0.4041124968,0.3585266034
0.8636166517,0.8848124744,0.8689267631
0.8620181015,0.8697160909,0.7035646477
0.8210131761,0.9040038967,0.8859211769
0.5390429176,0.6607139788,0.5240726865
0.9170455994,0.9374162562,0.9218510523
0.0670101547,0.0465397246,0.3079588705
0.5809564484,0.3029988807,0.4856720711
0.0191485204,0.0649250018,0.0488799532
0.7687443603,0.7945424317,0.7434859779
0.4130036652,0.5338033435,0.4154572393
0.4290836164,0.7031264867,0.5002673271
0.1226255705,0.1422605635,0.1475228386
0.0926889501,0.1681183891,0.0728019673
0.4473404375,0.4769319122,0.6094154004
0.1753679159,0.2845738494,0.4733043348
0.4466278812,0.5591294325,0.5362267435
0.5320769705,0.6045349103,0.5536341952
0.5945083008,0.8542586819,0.7666715917
0.7126415399,0.3724394894,0.6086074028
0.4054717571,0.4920994945,0.3983488135
0.7514038809,0.7421370878,0.7463324480
0.6268557069,0.4213041007,0.3873702145
0.5241271320,0.2886448350,0.2889711050
0.2362655459,0.5057561258,0.6410594545
0.9870034406,0.9801945451,0.9956494819
0.4864638284,0.3728309380,0.5763986900
0.6451698316,0.2444596933,0.5159267242
0.3295379515,0.2305999943,0.3462341176
0.4151099754,0.6311357287,0.5817033925
0.3468891438,0.6970616708,0.4624575429
0.3992364782,0.4031942842,0.7753021459
0.6504328695,0.6757197918,0.7519591345
0.0900566053,0.0172940714,0.0303713222
0.5073947742,0.3594487839,0.4696082356
0.0369948871,0.0135176138,0.1313996392
0.3998550050,0.1660087401,0.0588775222
0.7376470811,0.8224699186,0.7743920938
0.3055042201,0.1878493217,0.1883353364
0.1187209884,0.1850937596,0.0500123067
0.2320979809,0.0180658867,0.2112341486
0.8991871677,0.8295361873,0.9258571966
0.5318961425,0.5913883925,0.4016878578
0.7834346740,0.7331395017,0.6682662543
0.2174774264,0.1406954855,0.0850651966
0.9500202787,0.9324069554,0.9647830445
0.7502430585,0.5615374957,0.6941813840
0.4851165546,0.6672281679,0.5332297916
0.2298706410,0.3740431328,0.4410952633
0.9631572353,0.9760512951,0.9530535975
0.2029321312,0.2184468317,0.1844077931
0.8132417313,0.6591151014,0.7396718950
0.3753494978,0.3780226597,0.4871037182
0.2799857275,0.3748492700,0.3248987704
0.0628265541,0.0756509089,0.0769926836
0.6543084095,0.5283757719,0.7281737302
0.6425211972,0.4639448448,0.6517575675
0.3847920539,0.4957142450,0.4763957574
0.9233183579,0.9483169921,0.9303152318
0.2506945859,0.1277381210,0.1271897274
0.2783523262,0.3709248392,0.2261018114
0.1150840787,0.1465468190,0.2794447209
0.5983026562,0.4664814111,0.5691446952
0.5757659352,0.4640112939,0.5127800293
0.0649205123,0.2402660152,0.1542784164
0.7424009311,0.7771536268,0.6159000974
0.9886762721,0.9881631889,0.9856650453
0.2654094635,0.3682926126,0.3842602156
0.1282617662,0.2936719210,0.1549240082
0.1511406017,0.3341360738,0.2886721058
0.1472888021,0.2539024907,0.2964846049
0.0971721048,0.1027710494,0.2399080420
0.6740780566,0.7391519155,0.5611170819
0.2124121239,0.2306486502,0.2660071330
0.4042957407,0.4241858823,0.6801010795
0.8235752703,0.7037991342,0.7196721881
0.9292017848,0.8447554473,0.8440959623
0.3776393112,0.0612924606,0.1151462947
0.4074875057,0.6767683714,0.6137367037
0.1238854638,0.4700857012,0.3824602431
0.9852649386,0.9850020908,0.9902218160
0.7435670502,0.7167742902,0.7329848740
0.7250410534,0.7487239593,0.5656480321
0.6430834506,0.6383871800,0.6321313152
0.2512578524,0.0622026826,0.0850901424
0.5881311479,0.6985923106,0.4772271792
0.3315328255,0.1928322800,0.1964517483
0.3547796831,0.3731699610,0.4112316178
0.8211947435,0.8223513987,0.5198118721
0.5399934635,0.5054946980,0.6001490553
0.8097279416,0.7796889583,0.8428419683
0.5262090327,0.5304801203,0.5988948153
0.1952263278,0.0425148889,0.0598421169
0.1505252206,0.3272919608,0.3147158063
0.8058799533,0.7826343867,0.8976548428
0.5631351582,0.1101950304,0.0823183927
0.2925735578,0.2965442882,0.2800867626
0.5056037665,0.4022660857,0.5351773909
0.3144325687,0.5195206682,0.5790323231
0.0563752557,0.0623465853,0.0354172771
0.7286302676,0.6750157914,0.7311249104
0.9089274145,0.8897040610,0.9556713364
0.3486507447,0.3914669922,0.6605612351
0.9522807935,0.9438798996,0.9579130651
0.0505195419,0.0908442092,0.0781473418
0.7150458998,0.7175132925,0.7295152451
0.9749972133,0.9833755201,0.9901487427
0.3983810120,0.1129462852,0.1633997774
0.4192405422,0.5411365331,0.4330037844
0.2699267171,0.0874953197,0.1824297057
0.5590834060,0.6037926703,0.5808651250
0.8162548005,0.8084689558,0.7229355133
0.3192847280,0.2504777190,0.6710441934
0.9210739106,0.8349929396,0.7768652901
0.9223385061,0.9444686820,0.8988897494
0.6820347142,0.3467630210,0.4630107053
0.7601984703,0.4467724828,0.7235804173
0.8198882582,0.9369279459,0.8073485988
0.2951693027,0.4580617378,0.3594950995
0.9038334899,0.8615056551,0.8346754128
0.8820684338,0.8975143474,0.9019521277
0.9911856258,0.9912380018,0.9952056134
0.0134039571,0.0111168426,0.0107776086
0.9830538372,0.9766714833,0.9624223836
0.7215226669,0.2737259592,0.3707390961
0.4397144973,0.5307467569,0.9040647161
0.5138280311,0.4136635690,0.2828384373
0.4988507209,0.2676330051,0.4972544207
0.4618093391,0.3245084484,0.5825259161
0.4826032501,0.5493443662,0.6956540196
0.0177346568,0.0969921112,0.0007298729
0.2011194832,0.3365174444,0.5118264879
0.4960050070,0.3963572675,0.5230006234
0.2715423664,0.2447902170,0.5387784135
0.2589977419,0.7039841569,0.4064679306
0.4251713664,0.4107467906,0.4118461106
0.1261254983,0.0687149487,0.1724560572
0.4822378746,0.5569637387,0.5279558719
0.7011010029,0.7641045419,0.6928269952
0.9837904300,0.9518692723,0.9546338510
0.8388544154,0.9101651685,0.8092277367
0.8589651577,0.8064830691,0.8117217275
0.9876076000,0.9867720371,0.9837997435
0.5972593805,0.6444661837,0.5603412382
0.1725639463,0.1614314526,0.2349981579
0.7740786042,0.7334055972,0.8409181097
0.8667024777,0.8283247713,0.9021114212
0.0474297883,0.1332907459,0.5452435875
0.4596283375,0.2290175057,0.1665055462
0.9617676269,0.9243775211,0.9234314840
0.4161703668,0.4299990345,0.4770963451
0.9418883344,0.9586944973,0.9253709383
0.0193200014,0.0187481580,0.0046379453
0.1611530814,0.2532927639,0.1274930267
0.6707383822,0.7156442238,0.6228018099
0.4657021321,0.4437802537,0.1877648128
0.5787475162,0.4743635794,0.4106363906
0.9431707721,0.7507002224,0.9354159404
0.7717555113,0.6486113421,0.5623929172
0.0132402282,0.0882758230,0.3490858714
0.0376407139,0.0133406014,0.0385354373
0.1616709683,0.1276117786,0.0419424940
0.4763128924,0.5273809863,0.4844790831
0.0751125289,0.0724334296,0.0258785448
0.3299720471,0.2542420035,0.1384799877
0.0323100069,0.0111585532,0.0060553782
0.2005510675,0.1319573375,0.1502139821
0.1949801519,0.1786765818,0.3944614188
0.4910891774,0.4927101098,0.5004421902
0.1539600982,0.4583441158,0.2520506467
0.8466833803,0.8685423460,0.8411616971
0.4064577571,0.4901090234,0.3831297151
0.3510347625,0.2806014589,0.3946662198
0.5997657719,0.5361090755,0.5332663692
0.9358729401,0.9456502429,0.9307929507
0.0341658625,0.0675429117,0.0358598444
0.7555258430,0.6471481382,0.6796990035
0.3211179838,0.5058573828,0.3622552100
0.0234181369,0.0032228028,0.0198352753
0.5562012021,0.6091882338,0.5485896459
0.8331170334,0.8705791365,0.7223063884
0.6049644264,0.7780895466,0.5987003139
0.9607160170,0.9658481254,0.9727228641
0.2110952663,0.2978937510,0.5690055581
0.0829760735,0.1663959112,0.1591300915
0.0551366637,0.0085581953,0.0170156392
0.8035017072,0.8316544912,0.7397585847
0.3606256321,0.4108023676,0.5048989446
0.6269807424,0.6034326794,0.6417248805
0.1858100687,0.4176104274,0.1111387949
0.4279282687,0.4635573743,0.4035461570
0.4813959191,0.6331978997,0.4916288473
0.1880486115,0.4698553681,0.7702335193
0.0720143367,0.0488608968,0.0632805840
0.3624778500,0.3589323364,0.5375774406
0.1339573359,0.2718351846,0.3396905099
0.5102962312,0.3732095708,0.4017738743
0.8118432991,0.7234396674,0.7704287790
0.9822649780,0.9972130306,0.9841917268
0.3493909332,0.1265583081,0.2510293334
0.4224853492,0.5814177630,0.5976794707
0.0918313608,0.3898634427,0.2938668560
0.0968303121,0.4656530118,0.4110711054
0.4486285867,0.3779352248,0.4863408950
0.2376796885,0.3832828789,0.3836069823
0.0994312581,0.0237825107,0.0910671427
0.2586569968,0.5969905487,0.5180184190
0.7381328739,0.9133438049,0.7163956191
0.9712228157,0.9840751852,0.9804748541
0.4079814665,0.3267230575,0.1832088025
0.2273991553,0.1666886937,0.0257185703
0.9536608582,0.9509259825,0.9476056197
0.8945030851,0.7300148900,0.6683727677
0.1979272478,0.2698416794,0.3608944379
0.2319996648,0.2010515479,0.2915042218
0.2424088409,0.2889802783,0.0769900028
0.9076191899,0.9189038794,0.6887101518
0.0665125054,0.0796859113,0.1410134021
0.5585519212,0.3450456921,0.4400181999
0.0367896722,0.0932277733,0.0288338425
0.2093830977,0.5309412259,0.2093614642
0.6159525045,0.6033278673,0.7020838294
0.1933190483,0.1040242464,0.2455113724
0.9881411130,0.9866323703,0.9849934270
0.5254245896,0.6539348258,0.8803399249
0.1352450667,0.0408899246,0.0164474096
0.1395166724,0.3643905638,0.0876126516
0.8287393792,0.7802693682,0.6452816873
0.5384907171,0.3846931554,0.1729403664
0.9457734171,0.7962556269,0.8796243958
0.8420671154,0.8429302883,0.8330888993
0.6698996472,0.7233633024,0.4769453816
0.8497206252,0.8317604000,0.8759817457
0.1389225856,0.1774264094,0.1056016654
0.5434311069,0.5523897538,0.5102203911
0.8644351380,0.8712740938,0.9069793884
0.7258988945,0.7334101897,0.4732401838
0.6511380875,0.5647075164,0.6726195856
0.7650656869,0.6678799824,0.6356660238
0.7645707382,0.6892620836,0.7882615284
0.6564414801,0.4290233912,0.6421890790
0.1865009070,0.0673989080,0.0932178385
0.6673015490,0.5865912811,0.5928674987
0.3213901311,0.2811312395,0.6437387805
0.2224581584,0.1106215014,0.0916745500
0.7178881405,0.7091713203,0.6808392999
0.3750293907,0.2600044923,0.3491084034
0.6711396186,0.8729719432,0.5978998406
0.0477275267,0.2155397303,0.0730096803
0.2987635044,0.3766822815,0.4714916094
0.2693301609,0.1271346219,0.1176131764
0.4678008783,0.5497486713,0.4574018068
0.9647841533,0.9579058105,0.9584166202
0.5343178041,0.8411963333,0.3389765520
0.6024035593,0.4876774763,0.5627308122
0.0686382420,0.0564970729,0.0139021469
0.2752359206,0.2116487867,0.2670544174
0.8709721744,0.6880482661,0.8467813431
0.3435099589,0.3535209396,0.6172510876
0.2144116306,0.0873641866,0.1133477270
0.5572482299,0.5641923782,0.5804384846
0.3130487538,0.4099940112,0.6300043735
0.4573147662,0.2827455318,0.2296563391
0.6725524067,0.7516509765,0.4525487318
0.9530697329,0.9795292606,0.9756154674
0.9427205092,0.9811405499,0.9893130533
0.6064691345,0.3977832913,0.6330441717
0.7574485903,0.8254907110,0.7173369874
0.5007710048,0.6089823315,0.4555519652
0.4944737025,0.2696506608,0.1336124912
0.3714823175,0.2266263258,0.3997995009
0.8467734838,0.7677275510,0.8898953188
0.8576177932,0.8251132936,0.8606525176
0.9683030546,0.9637186157,0.9695281740
0.2132025529,0.2981729067,0.2885122092
0.3545549792,0.3003432870,0.2716384438
0.8354324076,0.5446997575,0.6269484819
0.0664620408,0.4217269313,0.3275512295
0.6624703587,0.6436413188,0.7034400848
0.7318254258,0.7900878323,0.7961123738
0.0654108250,0.0936229870,0.4217763441
0.4300922606,0.5377852420,0.2931870153
0.3081077853,0.6080684453,0.2180411292
0.3460906410,0.9367832441,0.4840846554
0.0532730844,0.0419089051,0.0738655849
0.0407384248,0.0075472113,0.0292372091
0.4892794721,0.4178844140,0.6932401577
0.0266915011,0.1286926648,0.1000700307
0.3647459536,0.3902309620,0.2087144183
0.5860031883,0.5944007411,0.6079503974
0.6647630012,0.6965032113,0.8358798307
0.6614957618,0.5801547294,0.5729910815
0.3236480748,0.0686302958,0.0968671087
0.7439705362,0.8771622305,0.7437962383
0.0984306825,0.0699679348,0.0254117212
0.4919330574,0.4891498833,0.5996387642
0.1274952591,0.2672484749,0.1608076026
0.4745372061,0.3255551706,0.3473703471
0.4869508508,0.4481086348,0.5698296888
0.0308020762,0.0215649835,0.0374950210
0.6234047407,0.4896367260,0.6767290222
0.9409189901,0.9079240641,0.8926450050
0.2613537800,0.1607298530,0.1239009078
0.6692848159,0.6892428113,0.7384189552
0.6529593346,0.5293749409,0.3660532924
0.7480430846,0.9018230680,0.8658624631
0.6676573881,0.5895992495,0.6256551178
0.8687744123,0.8397238045,0.8882775062
0.3068118346,0.1308663601,0.0780511868
0.9980578520,0.9956178609,0.9949200742
0.5728797627,0.7249877312,0.8126654915
0.8858722014,0.8430145893,0.9119428050
0.9620709405,0.8764865567,0.9722641718
0.2451549011,0.2061909985,0.2535947567
0.7474145467,0.8415348611,0.8835646120
0.5852244457,0.5012503554,0.7180004539
0.5995120061,0.4492383045,0.6234765708
0.6190876745,0.5509082453,0.5295748841
0.6989196019,0.3158783393,0.5841004240
0.3410749576,0.2014670209,0.2588891848
0.5627227481,0.3503799936,0.7436100711
0.8829656861,0.8307697424,0.8562533968
0.8802744084,0.8832942054,0.9143351671
0.8426042239,0.5941443016,0.6206133065
0.2944667303,0.3079948419,0.2492411766
0.3841913923,0.6567140898,0.1458426557
0.1035489818,0.1541654281,0.0220945730
0.5733273173,0.3946131577,0.7281200607
0.1084634910,0.1615390450,0.2465675489
0.0721264108,0.0502509493,0.0594644350
0.9832932610,0.9857864499,0.9812996484
0.2847396529,0.2869071398,0.1236082215
0.4660943258,0.6110058459,0.8289587091
0.4605845247,0.8006610846,0.5871444022
0.2570887551,0.4644761872,0.5937869830
0.5957908725,0.5971965352,0.5667817828
0.6693993523,0.7674122694,0.6675396989
0.3133793420,0.2773061280,0.2440260001
0.9228150567,0.9194281186,0.9448476259
0.9946733016,0.9961492959,0.9976173460
0.0951302221,0.1054853526,0.1565103765
0.1290308915,0.1789230929,0.1140181223
0.2256038448,0.1829352403,0.1022494968
0.5250079838,0.2325760374,0.6115466237
0.0785673871,0.2123569224,0.0724241915
0.9647579782,0.9598076826,0.9575109573
0.7302695158,0.5415533188,0.6766862723
0.2122092910,0.1979135401,0.1854699919
0.5780179572,0.6756879525,0.6862574575
0.7040651908,0.7221103289,0.7883551472
0.7789420166,0.8088190793,0.8265527206
0.8154871890,0.8102730527,0.7228283281
0.9005476219,0.8340787646,0.8206388084
0.8377847027,0.8375618752,0.7959025485
0.6862885696,0.3678151396,0.5945677841
0.3510143544,0.4208254012,0.3738018336
0.2234135749,0.5165675406,0.3416689174
0.3770097625,0.2552643241,0.3651502428
0.6805747406,0.5776642122,0.6544073357
0.4539503322,0.6161207976,0.3710292156
0.4014609342,0.3760445252,0.4502842244
0.3416219368,0.3278097581,0.2667528076
0.1197466902,0.0285071438,0.2014878323
0.5928120159,0.4955426771,0.7368173949
0.2690208314,0.2241467642,0.2924790099
0.5972170197,0.7607450057,0.6506712351
0.9425716056,0.9478018531,0.9097776780
0.0230974604,0.1186463826,0.1646003034
0.5880170549,0.4987860854,0.4356105678
0.1886774019,0.0979214347,0.0703245869
0.3596768753,0.3486468317,0.1744927126
0.3827129642,0.4308184874,0.4370886035
0.8130981245,0.9430982087,0.8254251466
0.3250721487,0.4622260563,0.2714249713
0.3195798154,0.2544419852,0.1160378831
0.6041283966,0.6055616519,0.5883786927
0.6285466387,0.6130481286,0.5652800784
0.3316699685,0.5291464109,0.1977990790
0.7124718872,0.7309818391,0.8224795841
0.9037643550,0.8449948968,0.9138486512
0.3611539564,0.1723981717,0.4836560248
0.8774057951,0.4486256183,0.4779983549
0.6769713941,0.6558065771,0.7173970133
0.9018915463,0.9164650069,0.9363046442
0.0212512823,0.0362018638,0.1899301908
0.7349185027,0.6136234740,0.4251763625
0.0249000895,0.0488448624,0.0861503050
0.9616990285,0.9554975477,0.9916962031
0.2395996937,0.0814183864,0.1061899951
0.0419384514,0.0022727282,0.0095910350
0.8551494984,0.7016287045,0.7679262770
0.4853979385,0.1519859919,0.3653216461
0.9830699448,0.9944830217,0.9804300557
0.3589035222,0.3970503061,0.6257517024
0.6979805212,0.5323188019,0.7489910604
0.8009848716,0.7746506100,0.6732935922
0.8015753252,0.8752767606,0.8990807502
0.7483558550,0.5929139226,0.6693918099
0.2844877027,0.2425422437,0.7157045917
0.5883473751,0.6188539620,0.7199994362
0.7020746411,0.5144319148,0.4192373713
0.2211464599,0.6096933160,0.3075662474
0.5262481716,0.6458268852,0.7749455613
0.3061605563,0.4481478082,0.4300851463
0.5559687886,0.5464994422,0.5321608610
0.5803431895,0.3231410091,0.2872082673
0.9847738040,0.9943703528,0.9800479374
0.1739685832,0.1585040372,0.1192932977
0.8369794071,0.8950881412,0.7891973788
0.4441148535,0.2373082826,0.1835649799
0.3683758642,0.1576508114,0.3796022118
0.6747053909,0.6309886076,0.5765984708
0.9567333740,0.9197865973,0.9545367522
0.3012388009,0.1705609497,0.2013621558
0.3537462811,0.6556984866,0.4208321834
0.3710069189,0.5086118083,0.6152992896
0.9588549789,0.9651559233,0.9806812437
0.7526973198,0.4556744084,0.6623697730
0.9379598680,0.9108545105,0.9285901400
0.6674496956,0.7520093434,0.2736951431
0.7431747476,0.7051441058,0.4906014600
0.2365611518,0.2992598666,0.3751989282
0.6551296376,0.5036762721,0.6607025886
0.0518122753,0.2754859329,0.0559997915
0.9048413552,0.9023964003,0.8813186321
0.3229471166,0.3420259260,0.3152952019
0.8442201016,0.6948469424,0.8463782703
0.0912901490,0.2926004528,0.1271224296
0.7646837527,0.6681788790,0.7401041817
0.1282003763,0.0155403312,0.0192360778
0.8856569412,0.9071986675,0.9269352074
0.3208205317,0.5297278819,0.3893263586
0.0349393248,0.0465326781,0.0231274336
0.5660272814,0.5745251390,0.5167072221
0.3059947287,0.2799121260,0.3817529022
0.2195678954,0.1788381741,0.3816963927
0.8083463702,0.7209207062,0.6882306911
0.2107205945,0.2455855696,0.2166644057
0.2029818680,0.2323710466,0.1140502542
0.0084809329,0.0058951106,0.0107139858
0.4747690409,0.4563443198,0.6047413680
0.6488249237,0.6008986924,0.8028331739
0.4461228947,0.1465734000,0.2408273429
0.7317263790,0.5781893497,0.4050814384
0.9784784979,0.9839025103,0.9679119482
0.9880171631,0.9920188960,0.9896878207
0.6820724037,0.6911555436,0.5031356410
0.2758777774,0.5718479690,0.4886276108
0.8702647220,0.7456701312,0.7204868758
0.1775212070,0.3361837791,0.4054700085
0.4665037356,0.4267850250,0.5143606544
0.6111208683,0.3535480476,0.3309841332
0.9600398403,0.9405250367,0.9709004007
0.4038225857,0.5225294957,0.4728455423
0.0876447882,0.0445730448,0.1663859740
0.6229861326,0.7077485949,0.5202223108
0.6108243363,0.6006309201,0.2226999549
0.6060349757,0.3787628950,0.6422216094
0.6208468132,0.3403537104,0.5301252100
0.8793780666,0.8514682804,0.8305561733
0.0112715064,0.0787196862,0.1995099356
0.1052217340,0.1741477352,0.1233352162
0.3771386340,0.4044023603,0.5721062580
0.7781717887,0.8452104327,0.8903185349
0.8823075688,0.7946964960,0.7722161292
0.4184001223,0.1108644956,0.0356067763
0.9410193550,0.9458567578,0.9445899477
0.9519088336,0.9756949243,0.9882532594
0.7039957670,0.8117198513,0.8130667831
0.3549820077,0.5136374833,0.4803379836
0.4179677980,0.6490041639,0.4720945153
0.8061277731,0.6828986743,0.7452637492
0.8687883132,0.7540621103,0.8691052199
0.2937939104,0.2817113489,0.3141568052
0.8843624058,0.7897106861,0.7770148249
0.6474189992,0.6313374371,0.6698722168
0.7314204069,0.7018561175,0.7354467651
0.5247170083,0.6349898854,0.4976665258
0.7206111405,0.6913533572,0.6995444947
0.5758233609,0.6761756728,0.6648946547
0.0702409965,0.0091835373,0.2227307116
0.7010782347,0.7631794524,0.8509091539
0.7107595537,0.7627727265,0.7935320235
0.7136500329,0.7384764487,0.7023069297
0.7127070125,0.7092175416,0.7487521338
0.1894851015,0.3188719927,0.3418438622
0.2688823539,0.3988386720,0.6193659633
0.0176020522,0.0252852230,0.1415915689
0.5931104762,0.4442702808,0.5173392567
0.6288927040,0.5724618699,0.7648457544
0.5547112046,0.6438417068,0.6239540452
0.3433289019,0.0867686514,0.0868918658
0.3572346129,0.1675250930,0.4917099830
0.2991170155,0.1938786962,0.5215787060
0.6051084514,0.5371114458,0.6218272936
0.5058682321,0.6069293610,0.4598505356
0.1122541345,0.2350653609,0.2679869243
0.9879153245,0.9916999381,0.9733559367
0.8504105741,0.5892060941,0.5756808328
0.7148230044,0.7116282930,0.6279229179
0.2915766615,0.5277228259,0.2078260510
0.4493524729,0.1651201431,0.4027650374
0.2045134823,0.4614187355,0.2759372183
0.0712532763,0.0388250075,0.1683089138
0.9795827213,0.9781119864,0.9781380896
0.6281104726,0.4691029321,0.5072232476
0.1828190481,0.2490189984,0.1434806487
0.8888122250,0.8253207740,0.9113585327
0.9106057484,0.9842908963,0.8961292390
0.2855176254,0.2294162525,0.2933949489
0.0451022100,0.0566008031,0.1494627514
0.5044280990,0.3315124774,0.2082679761
0.3092053266,0.1104698322,0.5295580886
0.8707267629,0.8762061823,0.9139656463
0.4834171057,0.4319321288,0.3384535433
0.1668373646,0.1479059964,0.0684779960
0.5955164813,0.7319008635,0.7170279630
0.9040813981,0.9218784877,0.8999797855
0.6809738023,0.7562243946,0.7822352300
0.3408546438,0.2725850724,0.3830316528
0.2108904264,0.0341800643,0.0526760835
0.7630485520,0.5697719490,0.6768495439
0.2462014636,0.5822725080,0.4346637986
0.6702526040,0.7084872330,0.8528512398
0.1830231714,0.2747647753,0.3722282969
0.9304825782,0.9420161681,0.9200644430
0.0580016216,0.4420398033,0.6367363837
0.8194148117,0.8010800277,0.8743606824
0.2169838196,0.4480188892,0.2868366388
0.9078804653,0.8151719603,0.7690387902
0.5449991138,0.4799150111,0.6457093464
0.8859069923,0.8995186020,0.9433079341
0.6419039468,0.5219924990,0.5310081274
0.2707588110,0.5661300280,0.2921201250
0.6724201379,0.4100626516,0.5344550913
0.6054013601,0.5321555572,0.6601489234
0.2155686042,0.1416145206,0.0731037899
0.3890220334,0.6387043657,0.3423249313
0.6291359116,0.7535354300,0.7028948624
0.0879489560,0.3208539909,0.1787231639
0.4986935847,0.1340218631,0.2166507456
0.7162463125,0.8267846122,0.7477723252
0.0782611608,0.2080762915,0.0254556355
0.0206440537,0.0085382819,0.0028590193
0.2832119964,0.2095646206,0.0691902897
0.4574030509,0.6521370874,0.4325451720
0.6622848406,0.6599093812,0.6070087992
0.1194746373,0.2476784757,0.2129768555
0.6634699827,0.7159932924,0.7415601004
0.4197437181,0.6953898632,0.3042916841
0.4438051367,0.1339416518,0.0799790808
0.3721914436,0.4826596016,0.5029962620
0.2823845178,0.4525947705,0.4094306827
0.1723310095,0.1824977742,0.2774721755
0.2096544609,0.2149320080,0.3534018789
0.2730482168,0.5824034543,0.5956888932
0.6647165569,0.4680259019,0.5871430080
0.4718939223,0.6450729144,0.5813406026
0.9835151159,0.9846230661,0.9885267279
0.4960510848,0.3059896469,0.3480868571
0.4537148006,0.4093017730,0.3605969068
0.1285807852,0.2090767237,0.1192341787
0.1431971257,0.5875981027,0.3106268459
0.1305949908,0.1842093053,0.1136861445
0.4241506320,0.1674012449,0.1413185384
0.2272734761,0.0925662636,0.0678895524
0.4296335420,0.4754637080,0.4202390849
0.4375513933,0.6296518290,0.4068832115
0.9425338370,0.9477863243,0.9356700458
0.5286547487,0.7264507521,0.5203945266
0.3515973385,0.1615821271,0.2781441213
0.9535847001,0.9000163209,0.9281399681
0.8030743399,0.5342098135,0.5141015581
0.7465245586,0.6013642040,0.7486511354
0.4975478823,0.3296052183,0.2492280520
0.6197109847,0.5808839974,0.6701735545
0.9148578905,0.9171570780,0.8874614438
0.8804384809,0.8488591429,0.7512774554
0.0970499077,0.1379196370,0.2064014324
0.5923071600,0.5875266508,0.7416738239
0.3578609524,0.3403613932,0.3222253629
0.6719877917,0.6949357931,0.5302825578
0.4351426247,0.7032180096,0.6382555271
0.1616589299,0.0812578270,0.2136064061
0.8300821186,0.8257983172,0.8134134296
0.7060211058,0.7561132417,0.7633697430
0.7939218018,0.8440903755,0.8611091098
0.2133059428,0.1633007123,0.3475796484
0.8920696533,0.8807272992,0.8723352625
0.1735857741,0.1923174237,0.1891693905
0.6669503132,0.7291699500,0.5965112678
0.9303227672,0.9514054291,0.9403749280
0.6403529260,0.6255429041,0.7737862992
0.2772711294,0.0217366744,0.0173533385
0.4401708650,0.3856982318,0.4826079372
0.7574616464,0.6411966442,0.7444642899
0.4860650756,0.6138030066,0.8252386597
0.7399689597,0.7848464884,0.8693419254
0.5012442553,0.5298222279,0.7454368757
0.2150532398,0.0337008452,0.1336073916
0.7924478816,0.8041459122,0.6839234113
0.3765742405,0.6411187884,0.2889947399
0.7523927357,0.8348426872,0.7855441207
0.8651579600,0.9470731606,0.9472295313
0.0652974901,0.0444807121,0.0195324509
0.0025960743,0.0042008456,0.0050598418
0.8134247221,0.9758527545,0.8265325618
0.9628407647,0.9917541132,0.9726258329
0.8646728549,0.9022293224,0.9260547509
0.0867325010,0.0279890061,0.0534023177
0.0629249395,0.2966931468,0.0461575044
0.4720787018,0.1278958670,0.2432911990
0.5874621235,0.3401778352,0.1872819965
0.6489547509,0.7730200792,0.7283295585
0.4257751252,0.3272669169,0.4787662318
0.6381725841,0.7168070018,0.6006531315
0.6725859080,0.5248437535,0.2615285404
0.4302552009,0.5448228339,0.3071135314
0.9821588232,0.9859415668,0.9841631751
0.2356634900,0.2080060404,0.5029478671
0.4402692792,0.6844252625,0.4005081544
0.3593107806,0.5004667570,0.4172937018
0.8910574794,0.7940578232,0.9240771323
0.3765609745,0.2388560574,0.6533185334
0.9693268036,0.9767830142,0.9697530909
0.9823768970,0.9844536474,0.9800025165
0.8567041322,0.9220479535,0.8749730863
0.3775634965,0.3652998322,0.2753525070
0.9439476679,0.9235540268,0.9107249708
0.2477634191,0.2274727045,0.4744416535
0.5313133361,0.7184720644,0.5408838315
